'Time and date','Direct_1','Abdomen_1','Abdomen_2','Abdomen_3','Abdomen_4','EDF Annotations'
'hh:mm:ss.mmm dd/mm/yyyy','uV','uV','uV','uV','uV',''
'[00:00:00.000 01/01/2011]',-18.600,20.700,-23.600,-1.400,-18.500,0.688
'[00:00:00.001 01/01/2011]',-20.100,20.500,-23.500,-1.400,-18.700,0.688
'[00:00:00.002 01/01/2011]',-21.400,20.000,-23.400,-1.400,-19.000,0.688
'[00:00:00.003 01/01/2011]',-22.200,19.600,-23.300,-1.400,-19.100,0.688
'[00:00:00.004 01/01/2011]',-22.400,19.100,-23.400,-1.600,-19.200,0.688
'[00:00:00.005 01/01/2011]',-22.200,18.600,-23.500,-2.000,-19.100,0.688
'[00:00:00.006 01/01/2011]',-21.900,18.000,-23.900,-2.700,-19.200,0.688
'[00:00:00.007 01/01/2011]',-21.900,17.300,-24.600,-3.400,-19.200,0.688
'[00:00:00.008 01/01/2011]',-22.200,16.500,-25.300,-4.100,-19.200,0.688
'[00:00:00.009 01/01/2011]',-22.700,16.000,-26.000,-4.600,-18.900,0.688
'[00:00:00.010 01/01/2011]',-23.000,15.700,-26.500,-4.800,-18.200,0.578
'[00:00:00.011 01/01/2011]',-23.200,15.800,-26.700,-4.800,-17.200,0.578
'[00:00:00.012 01/01/2011]',-23.100,16.000,-26.700,-4.600,-16.300,0.578
'[00:00:00.013 01/01/2011]',-22.900,16.100,-26.600,-4.600,-15.700,0.578
'[00:00:00.014 01/01/2011]',-22.600,16.000,-26.700,-4.600,-15.500,0.578
'[00:00:00.015 01/01/2011]',-22.200,15.800,-27.100,-4.700,-15.900,0.578
'[00:00:00.016 01/01/2011]',-21.700,15.500,-27.700,-4.800,-16.500,0.578
'[00:00:00.017 01/01/2011]',-21.000,15.300,-28.400,-4.800,-17.000,0.578
'[00:00:00.018 01/01/2011]',-20.500,15.200,-29.100,-4.700,-17.300,0.578
'[00:00:00.019 01/01/2011]',-20.600,15.100,-29.700,-4.700,-17.300,0.578
'[00:00:00.020 01/01/2011]',-21.300,14.800,-30.000,-4.700,-17.000,0.668
'[00:00:00.021 01/01/2011]',-22.500,14.400,-30.100,-4.700,-16.500,0.668
'[00:00:00.022 01/01/2011]',-23.900,14.000,-30.000,-4.700,-16.000,0.668
'[00:00:00.023 01/01/2011]',-24.700,13.700,-29.900,-4.500,-15.700,0.668
'[00:00:00.024 01/01/2011]',-24.900,13.500,-30.000,-4.300,-15.500,0.668
'[00:00:00.025 01/01/2011]',-24.400,13.400,-30.400,-4.200,-15.400,0.668
'[00:00:00.026 01/01/2011]',-23.800,13.300,-31.000,-4.200,-15.300,0.668
'[00:00:00.027 01/01/2011]',-23.400,13.200,-31.600,-4.400,-15.100,0.668
'[00:00:00.028 01/01/2011]',-23.400,12.800,-32.000,-4.700,-14.800,0.668
'[00:00:00.029 01/01/2011]',-23.500,12.200,-32.100,-4.800,-14.300,0.668
'[00:00:00.030 01/01/2011]',-23.500,11.600,-31.700,-4.700,-13.700,0.680
'[00:00:00.031 01/01/2011]',-23.000,11.000,-31.100,-4.400,-13.100,0.680
'[00:00:00.032 01/01/2011]',-22.300,10.700,-30.600,-3.900,-12.500,0.680
'[00:00:00.033 01/01/2011]',-21.800,10.600,-30.200,-3.400,-11.900,0.680
'[00:00:00.034 01/01/2011]',-22.300,10.700,-30.100,-2.900,-11.500,0.680
'[00:00:00.035 01/01/2011]',-23.800,10.700,-30.300,-2.600,-11.200,0.680
'[00:00:00.036 01/01/2011]',-26.000,10.400,-30.700,-2.500,-10.900,0.680
'[00:00:00.037 01/01/2011]',-28.000,10.000,-31.300,-2.500,-10.700,0.680
'[00:00:00.038 01/01/2011]',-28.900,9.400,-31.800,-2.600,-10.500,0.680
'[00:00:00.039 01/01/2011]',-28.100,9.000,-32.200,-2.800,-10.100,0.680
'[00:00:00.040 01/01/2011]',-26.300,8.800,-32.500,-3.000,-9.600,0.708
'[00:00:00.041 01/01/2011]',-24.500,8.900,-32.600,-3.200,-9.100,0.708
'[00:00:00.042 01/01/2011]',-24.000,8.900,-32.901,-3.400,-9.100,0.708
'[00:00:00.043 01/01/2011]',-25.400,8.600,-33.301,-4.000,-9.600,0.708
'[00:00:00.044 01/01/2011]',-28.400,8.000,-34.001,-4.800,-10.700,0.708
'[00:00:00.045 01/01/2011]',-31.600,7.000,-34.901,-5.900,-12.000,0.708
'[00:00:00.046 01/01/2011]',-33.701,6.100,-35.801,-7.100,-13.000,0.708
'[00:00:00.047 01/01/2011]',-33.901,5.400,-36.501,-8.000,-13.300,0.708
'[00:00:00.048 01/01/2011]',-32.300,5.100,-36.901,-8.400,-12.700,0.708
'[00:00:00.049 01/01/2011]',-29.900,4.800,-37.101,-8.300,-11.700,0.708
'[00:00:00.050 01/01/2011]',-27.900,4.300,-37.301,-8.100,-10.900,0.579
'[00:00:00.051 01/01/2011]',-27.100,3.200,-37.701,-8.000,-10.700,0.579
'[00:00:00.052 01/01/2011]',-27.700,1.800,-38.401,-8.100,-11.200,0.579
'[00:00:00.053 01/01/2011]',-29.400,0.200,-39.501,-8.600,-12.300,0.579
'[00:00:00.054 01/01/2011]',-31.600,-1.000,-40.801,-9.300,-13.500,0.579
'[00:00:00.055 01/01/2011]',-34.101,-1.600,-42.201,-10.000,-14.300,0.579
'[00:00:00.056 01/01/2011]',-36.601,-1.700,-43.401,-10.500,-14.800,0.579
'[00:00:00.057 01/01/2011]',-38.901,-1.500,-44.501,-10.900,-14.900,0.579
'[00:00:00.058 01/01/2011]',-40.901,-1.500,-45.401,-11.200,-14.800,0.579
'[00:00:00.059 01/01/2011]',-42.101,-1.900,-46.001,-11.500,-14.800,0.579
'[00:00:00.060 01/01/2011]',-42.401,-2.500,-46.301,-11.800,-14.900,0.822
'[00:00:00.061 01/01/2011]',-42.001,-3.200,-46.301,-12.000,-15.000,0.822
'[00:00:00.062 01/01/2011]',-41.501,-3.500,-46.101,-12.200,-15.200,0.822
'[00:00:00.063 01/01/2011]',-41.401,-3.600,-45.801,-12.300,-15.200,0.822
'[00:00:00.064 01/01/2011]',-42.101,-3.600,-45.501,-12.500,-15.000,0.822
'[00:00:00.065 01/01/2011]',-43.201,-3.700,-45.201,-12.600,-14.800,0.822
'[00:00:00.066 01/01/2011]',-44.601,-4.100,-45.001,-12.700,-14.500,0.822
'[00:00:00.067 01/01/2011]',-45.801,-4.700,-44.801,-12.800,-14.400,0.822
'[00:00:00.068 01/01/2011]',-46.701,-5.400,-44.601,-12.900,-14.400,0.822
'[00:00:00.069 01/01/2011]',-47.401,-5.900,-44.401,-13.100,-14.500,0.822
'[00:00:00.070 01/01/2011]',-47.801,-6.200,-44.201,-13.500,-14.500,0.579
'[00:00:00.071 01/01/2011]',-47.901,-6.200,-44.001,-13.900,-14.200,0.579
'[00:00:00.072 01/01/2011]',-47.601,-6.200,-43.701,-14.200,-13.700,0.579
'[00:00:00.073 01/01/2011]',-46.901,-6.000,-43.201,-14.200,-13.100,0.579
'[00:00:00.074 01/01/2011]',-46.301,-5.900,-42.601,-13.800,-12.500,0.579
'[00:00:00.075 01/01/2011]',-46.201,-5.600,-42.101,-13.100,-12.100,0.579
'[00:00:00.076 01/01/2011]',-46.601,-5.300,-41.801,-12.400,-11.900,0.579
'[00:00:00.077 01/01/2011]',-47.201,-5.100,-41.901,-12.000,-11.700,0.579
'[00:00:00.078 01/01/2011]',-47.401,-5.000,-42.301,-12.000,-11.400,0.579
'[00:00:00.079 01/01/2011]',-46.901,-5.200,-42.901,-12.400,-11.100,0.579
'[00:00:00.080 01/01/2011]',-45.801,-5.600,-43.401,-12.900,-10.800,0.668
'[00:00:00.081 01/01/2011]',-44.901,-6.100,-43.401,-13.200,-10.700,0.668
'[00:00:00.082 01/01/2011]',-44.901,-6.500,-43.101,-13.200,-10.700,0.668
'[00:00:00.083 01/01/2011]',-45.701,-6.800,-42.501,-13.100,-11.000,0.668
'[00:00:00.084 01/01/2011]',-47.001,-7.000,-42.001,-13.000,-11.300,0.668
'[00:00:00.085 01/01/2011]',-47.901,-7.300,-41.801,-13.100,-11.600,0.668
'[00:00:00.086 01/01/2011]',-47.901,-7.600,-41.901,-13.200,-11.800,0.668
'[00:00:00.087 01/01/2011]',-47.101,-7.800,-42.301,-13.400,-12.100,0.668
'[00:00:00.088 01/01/2011]',-46.001,-7.900,-42.501,-13.400,-12.400,0.668
'[00:00:00.089 01/01/2011]',-45.601,-7.700,-42.401,-13.200,-12.700,0.668
'[00:00:00.090 01/01/2011]',-45.901,-7.500,-41.901,-12.800,-13.000,0.680
'[00:00:00.091 01/01/2011]',-46.801,-7.500,-41.201,-12.500,-13.200,0.680
'[00:00:00.092 01/01/2011]',-47.601,-8.100,-40.701,-12.300,-13.400,0.680
'[00:00:00.093 01/01/2011]',-47.601,-9.000,-40.501,-12.500,-13.600,0.680
'[00:00:00.094 01/01/2011]',-47.001,-9.800,-40.701,-13.000,-13.800,0.680
'[00:00:00.095 01/01/2011]',-46.301,-10.100,-41.101,-13.700,-14.100,0.680
'[00:00:00.096 01/01/2011]',-46.101,-9.800,-41.401,-14.400,-14.500,0.680
'[00:00:00.097 01/01/2011]',-46.701,-8.900,-41.301,-15.000,-14.700,0.680
'[00:00:00.098 01/01/2011]',-48.101,-8.000,-40.801,-15.500,-14.900,0.680
'[00:00:00.099 01/01/2011]',-49.501,-7.600,-40.101,-15.900,-15.100,0.680
'[00:00:00.100 01/01/2011]',-50.201,-7.900,-39.601,-16.500,-15.300,0.700
'[00:00:00.101 01/01/2011]',-50.001,-8.700,-39.401,-17.200,-15.700,0.700
'[00:00:00.102 01/01/2011]',-48.801,-9.500,-39.801,-18.000,-16.300,0.700
'[00:00:00.103 01/01/2011]',-47.301,-9.900,-40.401,-18.700,-17.000,0.700
'[00:00:00.104 01/01/2011]',-45.901,-9.800,-41.001,-19.400,-17.700,0.700
'[00:00:00.105 01/01/2011]',-45.101,-9.500,-41.301,-19.900,-18.500,0.700
'[00:00:00.106 01/01/2011]',-45.101,-9.400,-41.201,-20.300,-19.100,0.700
'[00:00:00.107 01/01/2011]',-45.601,-9.700,-40.701,-20.700,-19.600,0.700
'[00:00:00.108 01/01/2011]',-46.401,-10.400,-40.201,-21.000,-19.900,0.700
'[00:00:00.109 01/01/2011]',-47.001,-11.100,-39.801,-21.200,-20.100,0.700
'[00:00:00.110 01/01/2011]',-47.501,-11.600,-39.701,-21.400,-20.300,0.579
'[00:00:00.111 01/01/2011]',-47.701,-11.700,-39.701,-21.600,-20.500,0.579
'[00:00:00.112 01/01/2011]',-47.701,-11.400,-39.701,-22.000,-20.800,0.579
'[00:00:00.113 01/01/2011]',-47.401,-10.900,-39.601,-22.500,-21.400,0.579
'[00:00:00.114 01/01/2011]',-46.801,-10.200,-39.301,-23.000,-22.200,0.579
'[00:00:00.115 01/01/2011]',-46.001,-9.600,-38.901,-23.400,-23.000,0.579
'[00:00:00.116 01/01/2011]',-45.001,-9.100,-38.401,-23.300,-23.700,0.579
'[00:00:00.117 01/01/2011]',-44.201,-8.700,-38.101,-22.800,-24.300,0.579
'[00:00:00.118 01/01/2011]',-43.801,-8.400,-37.801,-21.900,-24.900,0.579
'[00:00:00.119 01/01/2011]',-43.801,-8.200,-37.701,-21.100,-25.600,0.579
'[00:00:00.120 01/01/2011]',-44.101,-8.000,-37.701,-20.600,-26.400,0.822
'[00:00:00.121 01/01/2011]',-44.301,-7.800,-37.701,-20.400,-27.500,0.822
'[00:00:00.122 01/01/2011]',-43.901,-7.700,-37.901,-20.600,-28.600,0.822
'[00:00:00.123 01/01/2011]',-43.001,-7.800,-38.201,-20.900,-29.700,0.822
'[00:00:00.124 01/01/2011]',-41.901,-8.000,-38.701,-21.300,-30.700,0.822
'[00:00:00.125 01/01/2011]',-41.201,-8.600,-39.401,-21.700,-31.600,0.822
'[00:00:00.126 01/01/2011]',-41.201,-9.300,-40.101,-22.200,-32.400,0.822
'[00:00:00.127 01/01/2011]',-41.901,-10.000,-40.801,-22.700,-33.301,0.822
'[00:00:00.128 01/01/2011]',-42.701,-10.500,-41.401,-23.200,-34.401,0.822
'[00:00:00.129 01/01/2011]',-43.301,-10.600,-42.001,-23.800,-35.501,0.822
'[00:00:00.130 01/01/2011]',-43.401,-10.700,-42.701,-24.400,-36.801,0.579
'[00:00:00.131 01/01/2011]',-43.301,-11.000,-43.501,-25.200,-38.001,0.579
'[00:00:00.132 01/01/2011]',-43.601,-11.500,-44.401,-26.100,-38.901,0.579
'[00:00:00.133 01/01/2011]',-44.601,-12.200,-45.101,-26.900,-39.401,0.579
'[00:00:00.134 01/01/2011]',-46.001,-12.700,-45.301,-27.300,-39.201,0.579
'[00:00:00.135 01/01/2011]',-47.101,-12.600,-44.901,-26.900,-38.601,0.579
'[00:00:00.136 01/01/2011]',-47.001,-11.800,-43.601,-25.600,-37.701,0.579
'[00:00:00.137 01/01/2011]',-45.201,-10.700,-41.901,-24.000,-36.901,0.579
'[00:00:00.138 01/01/2011]',-41.401,-9.700,-40.001,-22.500,-36.301,0.579
'[00:00:00.139 01/01/2011]',-35.701,-9.200,-38.301,-21.700,-35.901,0.579
'[00:00:00.140 01/01/2011]',-28.300,-9.100,-36.801,-21.400,-35.501,0.668
'[00:00:00.141 01/01/2011]',-19.200,-9.200,-35.501,-21.200,-34.601,0.668
'[00:00:00.142 01/01/2011]',-8.700,-9.000,-33.901,-20.500,-33.101,0.668
'[00:00:00.143 01/01/2011]',2.700,-8.500,-32.000,-19.000,-31.000,0.668
'[00:00:00.144 01/01/2011]',14.100,-7.700,-29.900,-17.000,-28.800,0.668
'[00:00:00.145 01/01/2011]',24.200,-7.100,-28.000,-15.300,-27.000,0.668
'[00:00:00.146 01/01/2011]',32.000,-6.800,-26.600,-14.300,-25.800,0.668
'[00:00:00.147 01/01/2011]',37.401,-6.800,-25.600,-14.100,-25.100,0.668
'[00:00:00.148 01/01/2011]',40.901,-6.900,-24.700,-14.300,-24.300,0.668
'[00:00:00.149 01/01/2011]',43.501,-6.700,-23.300,-14.100,-23.100,0.668
'[00:00:00.150 01/01/2011]',45.701,-6.400,-21.400,-13.300,-21.100,0.680
'[00:00:00.151 01/01/2011]',47.801,-6.000,-19.100,-11.900,-18.900,0.680
'[00:00:00.152 01/01/2011]',49.001,-5.800,-17.000,-10.400,-16.800,0.680
'[00:00:00.153 01/01/2011]',48.901,-5.700,-15.500,-9.200,-15.400,0.680
'[00:00:00.154 01/01/2011]',47.401,-5.600,-15.000,-8.700,-14.900,0.680
'[00:00:00.155 01/01/2011]',45.301,-5.100,-15.100,-8.700,-15.000,0.680
'[00:00:00.156 01/01/2011]',43.401,-4.200,-15.400,-9.000,-15.500,0.680
'[00:00:00.157 01/01/2011]',42.501,-3.200,-15.500,-9.300,-16.000,0.680
'[00:00:00.158 01/01/2011]',42.401,-2.600,-15.600,-9.700,-16.500,0.680
'[00:00:00.159 01/01/2011]',42.201,-2.700,-16.000,-10.400,-17.200,0.680
'[00:00:00.160 01/01/2011]',40.801,-3.600,-17.300,-11.800,-18.400,0.688
'[00:00:00.161 01/01/2011]',37.001,-5.000,-19.600,-13.900,-20.500,0.688
'[00:00:00.162 01/01/2011]',30.800,-6.500,-22.900,-16.600,-23.500,0.688
'[00:00:00.163 01/01/2011]',22.300,-7.700,-26.700,-19.600,-27.000,0.688
'[00:00:00.164 01/01/2011]',12.100,-8.500,-30.500,-22.500,-30.700,0.688
'[00:00:00.165 01/01/2011]',0.800,-9.000,-33.701,-24.900,-33.901,0.688
'[00:00:00.166 01/01/2011]',-10.700,-9.600,-36.301,-26.600,-36.401,0.688
'[00:00:00.167 01/01/2011]',-21.700,-10.300,-38.101,-27.400,-38.001,0.688
'[00:00:00.168 01/01/2011]',-31.000,-11.100,-39.201,-27.600,-38.801,0.688
'[00:00:00.169 01/01/2011]',-37.601,-12.000,-39.401,-27.200,-39.001,0.688
'[00:00:00.170 01/01/2011]',-41.101,-12.600,-38.901,-26.400,-38.801,0.579
'[00:00:00.171 01/01/2011]',-41.301,-12.900,-37.801,-25.600,-38.501,0.579
'[00:00:00.172 01/01/2011]',-38.801,-12.800,-36.201,-25.000,-38.101,0.579
'[00:00:00.173 01/01/2011]',-34.101,-12.600,-34.601,-24.600,-37.901,0.579
'[00:00:00.174 01/01/2011]',-27.900,-12.300,-33.301,-24.500,-37.701,0.579
'[00:00:00.175 01/01/2011]',-20.800,-12.200,-32.700,-24.400,-37.601,0.579
'[00:00:00.176 01/01/2011]',-13.700,-12.100,-32.500,-24.200,-37.401,0.579
'[00:00:00.177 01/01/2011]',-7.700,-12.000,-32.700,-23.900,-37.101,0.579
'[00:00:00.178 01/01/2011]',-3.600,-11.700,-32.901,-23.500,-36.501,0.579
'[00:00:00.179 01/01/2011]',-1.800,-11.300,-32.901,-23.200,-35.601,0.579
'[00:00:00.180 01/01/2011]',-1.800,-10.700,-32.600,-22.900,-34.601,0.822
'[00:00:00.181 01/01/2011]',-2.600,-10.200,-32.200,-22.700,-33.801,0.822
'[00:00:00.182 01/01/2011]',-3.100,-10.000,-31.800,-22.700,-33.101,0.822
'[00:00:00.183 01/01/2011]',-2.700,-10.000,-31.700,-22.800,-32.801,0.822
'[00:00:00.184 01/01/2011]',-1.500,-10.400,-31.700,-22.900,-32.700,0.822
'[00:00:00.185 01/01/2011]',0.100,-11.000,-31.800,-23.000,-32.700,0.822
'[00:00:00.186 01/01/2011]',1.500,-11.700,-31.800,-23.000,-32.801,0.822
'[00:00:00.187 01/01/2011]',2.500,-12.600,-31.600,-23.000,-32.901,0.822
'[00:00:00.188 01/01/2011]',3.200,-13.400,-31.400,-23.000,-33.201,0.822
'[00:00:00.189 01/01/2011]',4.000,-14.100,-31.100,-23.000,-33.701,0.822
'[00:00:00.190 01/01/2011]',4.900,-14.500,-30.800,-23.200,-34.201,0.579
'[00:00:00.191 01/01/2011]',5.700,-14.700,-30.700,-23.400,-34.601,0.579
'[00:00:00.192 01/01/2011]',6.300,-14.500,-30.600,-23.600,-34.801,0.579
'[00:00:00.193 01/01/2011]',6.600,-14.200,-30.600,-23.700,-34.601,0.579
'[00:00:00.194 01/01/2011]',6.400,-13.900,-30.600,-23.700,-34.201,0.579
'[00:00:00.195 01/01/2011]',6.100,-13.600,-30.500,-23.500,-33.701,0.579
'[00:00:00.196 01/01/2011]',5.800,-13.400,-30.400,-23.200,-33.301,0.579
'[00:00:00.197 01/01/2011]',5.600,-13.300,-30.300,-22.900,-33.001,0.579
'[00:00:00.198 01/01/2011]',5.600,-13.300,-30.200,-22.800,-32.901,0.579
'[00:00:00.199 01/01/2011]',5.700,-13.300,-30.300,-22.800,-33.001,0.579
'[00:00:00.200 01/01/2011]',5.900,-13.100,-30.500,-23.000,-33.101,0.668
'[00:00:00.201 01/01/2011]',6.200,-12.700,-30.800,-23.100,-33.301,0.668
'[00:00:00.202 01/01/2011]',6.400,-12.300,-31.000,-23.200,-33.501,0.668
'[00:00:00.203 01/01/2011]',6.500,-12.000,-31.200,-23.100,-33.701,0.668
'[00:00:00.204 01/01/2011]',6.600,-12.000,-31.400,-23.100,-33.801,0.668
'[00:00:00.205 01/01/2011]',6.600,-12.400,-31.500,-23.000,-33.701,0.668
'[00:00:00.206 01/01/2011]',7.000,-13.100,-31.700,-23.000,-33.301,0.668
'[00:00:00.207 01/01/2011]',7.700,-13.800,-32.000,-23.100,-32.700,0.668
'[00:00:00.208 01/01/2011]',8.800,-14.400,-32.200,-23.200,-32.200,0.668
'[00:00:00.209 01/01/2011]',9.900,-14.800,-32.200,-23.200,-31.800,0.668
'[00:00:00.210 01/01/2011]',10.600,-15.000,-32.000,-23.300,-31.700,0.680
'[00:00:00.211 01/01/2011]',10.600,-15.300,-31.600,-23.500,-31.700,0.680
'[00:00:00.212 01/01/2011]',10.000,-15.500,-31.300,-23.900,-31.900,0.680
'[00:00:00.213 01/01/2011]',9.100,-15.700,-31.000,-24.500,-32.200,0.680
'[00:00:00.214 01/01/2011]',8.300,-15.600,-31.000,-25.000,-32.500,0.680
'[00:00:00.215 01/01/2011]',7.900,-15.100,-31.000,-25.400,-32.600,0.680
'[00:00:00.216 01/01/2011]',8.000,-14.400,-30.900,-25.300,-32.500,0.680
'[00:00:00.217 01/01/2011]',8.300,-13.600,-30.600,-24.800,-32.200,0.680
'[00:00:00.218 01/01/2011]',8.700,-13.000,-30.200,-24.100,-31.500,0.680
'[00:00:00.219 01/01/2011]',9.200,-12.600,-29.800,-23.500,-30.700,0.680
'[00:00:00.220 01/01/2011]',9.700,-12.400,-29.500,-23.000,-29.900,0.723
'[00:00:00.221 01/01/2011]',10.300,-12.300,-29.400,-22.800,-29.300,0.723
'[00:00:00.222 01/01/2011]',10.700,-12.200,-29.300,-22.500,-29.000,0.723
'[00:00:00.223 01/01/2011]',10.500,-12.000,-29.100,-22.200,-29.000,0.723
'[00:00:00.224 01/01/2011]',9.600,-11.900,-28.800,-21.700,-29.100,0.723
'[00:00:00.225 01/01/2011]',8.500,-11.900,-28.400,-21.100,-29.000,0.723
'[00:00:00.226 01/01/2011]',7.800,-12.000,-28.000,-20.700,-28.600,0.723
'[00:00:00.227 01/01/2011]',8.100,-12.100,-27.700,-20.600,-28.000,0.723
'[00:00:00.228 01/01/2011]',9.400,-12.300,-27.400,-20.900,-27.300,0.723
'[00:00:00.229 01/01/2011]',11.100,-12.600,-27.200,-21.400,-26.800,0.723
'[00:00:00.230 01/01/2011]',12.300,-13.100,-27.000,-21.900,-26.800,0.579
'[00:00:00.231 01/01/2011]',12.400,-13.800,-26.800,-22.300,-27.300,0.579
'[00:00:00.232 01/01/2011]',11.500,-14.500,-26.900,-22.300,-28.100,0.579
'[00:00:00.233 01/01/2011]',10.400,-14.900,-27.200,-22.200,-29.100,0.579
'[00:00:00.234 01/01/2011]',9.600,-15.000,-27.600,-22.000,-29.900,0.579
'[00:00:00.235 01/01/2011]',9.700,-14.600,-28.100,-21.900,-30.300,0.579
'[00:00:00.236 01/01/2011]',10.200,-14.100,-28.300,-21.900,-30.300,0.579
'[00:00:00.237 01/01/2011]',10.700,-13.500,-28.100,-21.800,-29.900,0.579
'[00:00:00.238 01/01/2011]',10.800,-13.100,-27.400,-21.600,-29.300,0.579
'[00:00:00.239 01/01/2011]',10.600,-12.800,-26.700,-21.200,-28.800,0.579
'[00:00:00.240 01/01/2011]',10.300,-12.400,-26.100,-20.600,-28.500,0.822
'[00:00:00.241 01/01/2011]',10.400,-11.800,-25.800,-20.000,-28.300,0.822
'[00:00:00.242 01/01/2011]',10.800,-11.100,-25.900,-19.700,-28.000,0.822
'[00:00:00.243 01/01/2011]',11.100,-10.500,-26.100,-19.600,-27.700,0.822
'[00:00:00.244 01/01/2011]',11.000,-10.300,-26.200,-19.800,-27.100,0.822
'[00:00:00.245 01/01/2011]',10.400,-10.500,-26.200,-20.100,-26.300,0.822
'[00:00:00.246 01/01/2011]',9.700,-10.900,-26.000,-20.100,-25.500,0.822
'[00:00:00.247 01/01/2011]',9.400,-11.300,-25.800,-19.900,-24.700,0.822
'[00:00:00.248 01/01/2011]',9.900,-11.500,-25.700,-19.400,-23.900,0.822
'[00:00:00.249 01/01/2011]',11.000,-11.600,-25.700,-18.900,-23.300,0.822
'[00:00:00.250 01/01/2011]',12.300,-11.700,-25.500,-18.700,-22.900,0.579
'[00:00:00.251 01/01/2011]',13.300,-11.800,-25.200,-18.900,-22.700,0.579
'[00:00:00.252 01/01/2011]',13.800,-12.000,-24.700,-19.400,-22.900,0.579
'[00:00:00.253 01/01/2011]',13.700,-12.200,-24.400,-19.900,-23.300,0.579
'[00:00:00.254 01/01/2011]',13.100,-12.300,-24.400,-20.300,-23.600,0.579
'[00:00:00.255 01/01/2011]',12.300,-12.300,-24.700,-20.300,-23.800,0.579
'[00:00:00.256 01/01/2011]',11.500,-12.100,-25.200,-20.200,-23.900,0.579
'[00:00:00.257 01/01/2011]',10.900,-11.800,-25.700,-20.000,-23.900,0.579
'[00:00:00.258 01/01/2011]',10.500,-11.500,-25.900,-20.000,-24.000,0.579
'[00:00:00.259 01/01/2011]',10.400,-11.100,-25.700,-20.200,-24.300,0.579
'[00:00:00.260 01/01/2011]',10.400,-10.600,-25.200,-20.200,-24.700,0.668
'[00:00:00.261 01/01/2011]',10.500,-9.900,-24.500,-20.000,-24.900,0.668
'[00:00:00.262 01/01/2011]',10.600,-9.200,-23.700,-19.400,-24.700,0.668
'[00:00:00.263 01/01/2011]',10.700,-8.700,-22.800,-18.600,-24.000,0.668
'[00:00:00.264 01/01/2011]',10.900,-8.300,-22.000,-17.800,-23.000,0.668
'[00:00:00.265 01/01/2011]',11.200,-8.100,-21.400,-17.100,-22.000,0.668
'[00:00:00.266 01/01/2011]',11.400,-8.100,-21.000,-16.900,-21.500,0.668
'[00:00:00.267 01/01/2011]',11.400,-8.100,-20.900,-17.000,-21.400,0.668
'[00:00:00.268 01/01/2011]',11.100,-8.100,-21.000,-17.200,-21.700,0.668
'[00:00:00.269 01/01/2011]',10.800,-8.000,-21.000,-17.500,-21.900,0.668
'[00:00:00.270 01/01/2011]',10.700,-8.000,-20.900,-17.600,-21.900,0.680
'[00:00:00.271 01/01/2011]',11.000,-8.200,-20.500,-17.600,-21.500,0.680
'[00:00:00.272 01/01/2011]',11.700,-8.600,-19.800,-17.400,-20.900,0.680
'[00:00:00.273 01/01/2011]',12.500,-9.000,-18.900,-17.200,-20.400,0.680
'[00:00:00.274 01/01/2011]',12.800,-9.400,-18.200,-17.000,-20.200,0.680
'[00:00:00.275 01/01/2011]',12.400,-9.500,-17.600,-16.900,-20.200,0.680
'[00:00:00.276 01/01/2011]',11.100,-9.300,-17.300,-16.900,-20.400,0.680
'[00:00:00.277 01/01/2011]',9.500,-8.800,-17.200,-17.100,-20.500,0.680
'[00:00:00.278 01/01/2011]',8.000,-8.100,-17.400,-17.300,-20.500,0.680
'[00:00:00.279 01/01/2011]',7.100,-7.300,-17.600,-17.500,-20.400,0.680
'[00:00:00.280 01/01/2011]',7.000,-6.600,-17.800,-17.500,-20.500,0.716
'[00:00:00.281 01/01/2011]',7.600,-6.100,-18.000,-17.300,-20.800,0.716
'[00:00:00.282 01/01/2011]',8.500,-5.800,-18.200,-17.100,-21.300,0.716
'[00:00:00.283 01/01/2011]',9.700,-5.700,-18.400,-17.000,-21.800,0.716
'[00:00:00.284 01/01/2011]',10.700,-5.700,-18.600,-17.000,-22.000,0.716
'[00:00:00.285 01/01/2011]',11.400,-5.900,-18.800,-17.300,-21.900,0.716
'[00:00:00.286 01/01/2011]',11.400,-6.100,-18.900,-17.700,-21.500,0.716
'[00:00:00.287 01/01/2011]',10.600,-6.500,-18.900,-18.100,-21.100,0.716
'[00:00:00.288 01/01/2011]',9.300,-7.000,-18.800,-18.300,-20.900,0.716
'[00:00:00.289 01/01/2011]',7.800,-7.600,-18.600,-18.200,-21.100,0.716
'[00:00:00.290 01/01/2011]',6.700,-8.000,-18.400,-17.800,-21.600,0.579
'[00:00:00.291 01/01/2011]',6.400,-8.300,-18.100,-17.300,-22.000,0.579
'[00:00:00.292 01/01/2011]',6.900,-8.300,-17.600,-16.800,-22.000,0.579
'[00:00:00.293 01/01/2011]',7.900,-8.000,-16.900,-16.400,-21.500,0.579
'[00:00:00.294 01/01/2011]',8.800,-7.500,-16.000,-16.000,-20.500,0.579
'[00:00:00.295 01/01/2011]',9.200,-7.000,-15.100,-15.600,-19.400,0.579
'[00:00:00.296 01/01/2011]',9.200,-6.500,-14.400,-15.200,-18.700,0.579
'[00:00:00.297 01/01/2011]',8.800,-6.000,-13.900,-14.600,-18.300,0.579
'[00:00:00.298 01/01/2011]',8.400,-5.600,-13.700,-13.900,-18.300,0.579
'[00:00:00.299 01/01/2011]',8.200,-5.000,-13.600,-13.200,-18.300,0.579
'[00:00:00.300 01/01/2011]',8.300,-4.300,-13.500,-12.600,-18.100,0.822
'[00:00:00.301 01/01/2011]',8.500,-3.400,-13.100,-12.000,-17.500,0.822
'[00:00:00.302 01/01/2011]',8.600,-2.500,-12.700,-11.400,-16.800,0.822
'[00:00:00.303 01/01/2011]',8.400,-1.900,-12.300,-11.000,-16.100,0.822
'[00:00:00.304 01/01/2011]',7.900,-1.800,-12.000,-10.600,-15.500,0.822
'[00:00:00.305 01/01/2011]',7.400,-2.100,-11.900,-10.400,-15.000,0.822
'[00:00:00.306 01/01/2011]',7.200,-2.800,-11.900,-10.200,-14.600,0.822
'[00:00:00.307 01/01/2011]',7.400,-3.600,-12.000,-10.100,-14.000,0.822
'[00:00:00.308 01/01/2011]',8.000,-4.300,-12.100,-10.000,-13.400,0.822
'[00:00:00.309 01/01/2011]',8.700,-4.700,-12.200,-9.900,-12.800,0.822
'[00:00:00.310 01/01/2011]',9.100,-4.700,-12.200,-9.800,-12.600,0.579
'[00:00:00.311 01/01/2011]',8.800,-4.400,-12.400,-9.800,-12.700,0.579
'[00:00:00.312 01/01/2011]',8.000,-3.900,-12.500,-9.900,-13.100,0.579
'[00:00:00.313 01/01/2011]',7.100,-3.500,-12.600,-9.900,-13.800,0.579
'[00:00:00.314 01/01/2011]',6.800,-3.200,-12.700,-10.000,-14.400,0.579
'[00:00:00.315 01/01/2011]',7.200,-3.300,-12.700,-10.100,-14.800,0.579
'[00:00:00.316 01/01/2011]',8.100,-3.400,-12.800,-10.300,-14.900,0.579
'[00:00:00.317 01/01/2011]',9.000,-3.600,-13.000,-10.500,-14.800,0.579
'[00:00:00.318 01/01/2011]',9.200,-3.500,-13.100,-10.800,-14.600,0.579
'[00:00:00.319 01/01/2011]',8.600,-3.100,-13.100,-11.000,-14.400,0.579
'[00:00:00.320 01/01/2011]',7.600,-2.600,-13.100,-11.200,-14.300,0.668
'[00:00:00.321 01/01/2011]',6.700,-2.300,-13.000,-11.100,-14.300,0.668
'[00:00:00.322 01/01/2011]',6.500,-2.300,-12.900,-10.900,-14.300,0.668
'[00:00:00.323 01/01/2011]',7.000,-2.600,-12.700,-10.700,-14.300,0.668
'[00:00:00.324 01/01/2011]',7.700,-3.300,-12.500,-10.400,-14.100,0.668
'[00:00:00.325 01/01/2011]',8.200,-4.000,-12.200,-10.200,-13.900,0.668
'[00:00:00.326 01/01/2011]',8.200,-4.500,-12.000,-10.100,-13.600,0.668
'[00:00:00.327 01/01/2011]',8.000,-4.700,-11.800,-10.100,-13.400,0.668
'[00:00:00.328 01/01/2011]',7.800,-4.800,-11.600,-10.400,-13.200,0.668
'[00:00:00.329 01/01/2011]',7.900,-4.800,-11.500,-10.900,-13.100,0.668
'[00:00:00.330 01/01/2011]',8.400,-4.800,-11.300,-11.500,-13.000,0.680
'[00:00:00.331 01/01/2011]',9.000,-5.000,-11.100,-12.300,-13.000,0.680
'[00:00:00.332 01/01/2011]',9.300,-5.500,-10.900,-13.100,-13.200,0.680
'[00:00:00.333 01/01/2011]',9.100,-6.000,-10.900,-13.600,-13.400,0.680
'[00:00:00.334 01/01/2011]',8.600,-6.500,-11.100,-13.800,-13.500,0.680
'[00:00:00.335 01/01/2011]',7.800,-6.700,-11.500,-13.700,-13.400,0.680
'[00:00:00.336 01/01/2011]',7.000,-6.500,-11.900,-13.300,-12.900,0.680
'[00:00:00.337 01/01/2011]',6.200,-5.800,-12.100,-13.000,-12.200,0.680
'[00:00:00.338 01/01/2011]',5.600,-4.800,-11.900,-12.700,-11.700,0.680
'[00:00:00.339 01/01/2011]',5.200,-3.700,-11.500,-12.500,-11.500,0.680
'[00:00:00.340 01/01/2011]',5.100,-2.900,-10.900,-12.500,-11.700,0.704
'[00:00:00.341 01/01/2011]',5.100,-2.400,-10.300,-12.500,-12.300,0.704
'[00:00:00.342 01/01/2011]',5.100,-2.300,-9.900,-12.400,-12.800,0.704
'[00:00:00.343 01/01/2011]',5.100,-2.400,-9.700,-12.200,-12.900,0.704
'[00:00:00.344 01/01/2011]',4.800,-2.500,-9.400,-12.000,-12.600,0.704
'[00:00:00.345 01/01/2011]',4.300,-2.500,-9.000,-11.600,-11.900,0.704
'[00:00:00.346 01/01/2011]',3.800,-2.400,-8.600,-11.200,-11.000,0.704
'[00:00:00.347 01/01/2011]',3.500,-2.400,-8.000,-10.600,-10.300,0.704
'[00:00:00.348 01/01/2011]',3.600,-2.500,-7.600,-10.100,-9.800,0.704
'[00:00:00.349 01/01/2011]',3.700,-2.800,-7.300,-9.800,-9.500,0.704
'[00:00:00.350 01/01/2011]',3.600,-3.200,-7.100,-9.800,-9.400,0.579
'[00:00:00.351 01/01/2011]',3.000,-3.800,-7.000,-10.000,-9.300,0.579
'[00:00:00.352 01/01/2011]',1.600,-4.300,-7.000,-10.400,-9.200,0.579
'[00:00:00.353 01/01/2011]',0.000,-4.800,-7.000,-10.700,-9.100,0.579
'[00:00:00.354 01/01/2011]',-1.500,-5.100,-7.200,-10.800,-9.000,0.579
'[00:00:00.355 01/01/2011]',-2.100,-5.300,-7.500,-10.600,-8.800,0.579
'[00:00:00.356 01/01/2011]',-1.700,-5.200,-7.800,-10.200,-8.500,0.579
'[00:00:00.357 01/01/2011]',-0.500,-5.000,-8.000,-9.800,-8.100,0.579
'[00:00:00.358 01/01/2011]',0.800,-4.600,-8.100,-9.600,-7.800,0.579
'[00:00:00.359 01/01/2011]',1.500,-4.100,-8.000,-9.600,-7.700,0.579
'[00:00:00.360 01/01/2011]',1.200,-3.400,-7.800,-9.800,-7.900,0.822
'[00:00:00.361 01/01/2011]',0.300,-2.600,-7.600,-9.900,-8.300,0.822
'[00:00:00.362 01/01/2011]',-0.900,-1.700,-7.200,-9.800,-8.900,0.822
'[00:00:00.363 01/01/2011]',-1.600,-1.000,-6.800,-9.400,-9.400,0.822
'[00:00:00.364 01/01/2011]',-1.600,-0.700,-6.400,-8.800,-9.700,0.822
'[00:00:00.365 01/01/2011]',-1.300,-0.600,-5.900,-8.300,-9.600,0.822
'[00:00:00.366 01/01/2011]',-1.000,-0.700,-5.600,-8.000,-9.300,0.822
'[00:00:00.367 01/01/2011]',-1.300,-0.800,-5.400,-8.100,-8.800,0.822
'[00:00:00.368 01/01/2011]',-2.300,-0.900,-5.300,-8.500,-8.100,0.822
'[00:00:00.369 01/01/2011]',-3.700,-0.800,-5.200,-9.000,-7.500,0.822
'[00:00:00.370 01/01/2011]',-5.000,-0.800,-5.100,-9.400,-7.000,0.579
'[00:00:00.371 01/01/2011]',-5.700,-1.100,-4.800,-9.500,-6.600,0.579
'[00:00:00.372 01/01/2011]',-5.700,-1.700,-4.500,-9.400,-6.300,0.579
'[00:00:00.373 01/01/2011]',-5.100,-2.300,-4.100,-9.100,-6.100,0.579
'[00:00:00.374 01/01/2011]',-4.100,-2.600,-3.700,-8.800,-5.900,0.579
'[00:00:00.375 01/01/2011]',-3.400,-2.400,-3.400,-8.800,-5.700,0.579
'[00:00:00.376 01/01/2011]',-3.200,-1.900,-3.100,-8.900,-5.400,0.579
'[00:00:00.377 01/01/2011]',-3.800,-1.100,-2.900,-9.200,-5.200,0.579
'[00:00:00.378 01/01/2011]',-5.000,-0.400,-2.600,-9.400,-4.800,0.579
'[00:00:00.379 01/01/2011]',-6.500,0.000,-2.400,-9.500,-4.400,0.579
'[00:00:00.380 01/01/2011]',-7.700,0.400,-2.100,-9.300,-3.900,0.668
'[00:00:00.381 01/01/2011]',-8.400,0.700,-1.900,-8.800,-3.500,0.668
'[00:00:00.382 01/01/2011]',-8.500,1.200,-1.700,-8.300,-3.200,0.668
'[00:00:00.383 01/01/2011]',-8.500,1.700,-1.600,-7.700,-3.100,0.668
'[00:00:00.384 01/01/2011]',-8.700,2.100,-1.500,-7.200,-3.200,0.668
'[00:00:00.385 01/01/2011]',-9.600,2.300,-1.300,-6.700,-3.300,0.668
'[00:00:00.386 01/01/2011]',-11.100,2.400,-0.800,-6.100,-3.200,0.668
'[00:00:00.387 01/01/2011]',-13.100,2.600,0.100,-5.500,-2.800,0.668
'[00:00:00.388 01/01/2011]',-15.200,2.800,1.300,-4.800,-2.100,0.668
'[00:00:00.389 01/01/2011]',-16.900,3.200,2.600,-4.200,-1.200,0.668
'[00:00:00.390 01/01/2011]',-17.800,3.400,3.700,-3.700,-0.400,0.680
'[00:00:00.391 01/01/2011]',-17.900,3.200,4.300,-3.500,0.300,0.680
'[00:00:00.392 01/01/2011]',-17.200,2.800,4.400,-3.500,0.700,0.680
'[00:00:00.393 01/01/2011]',-16.400,2.400,4.200,-3.700,1.000,0.680
'[00:00:00.394 01/01/2011]',-16.100,2.400,4.100,-3.800,1.300,0.680
'[00:00:00.395 01/01/2011]',-16.600,2.900,4.300,-3.700,1.600,0.680
'[00:00:00.396 01/01/2011]',-18.200,3.800,4.900,-3.400,1.900,0.680
'[00:00:00.397 01/01/2011]',-20.400,4.700,5.700,-2.900,2.000,0.680
'[00:00:00.398 01/01/2011]',-22.500,5.100,6.300,-2.300,1.900,0.680
'[00:00:00.399 01/01/2011]',-23.900,5.200,6.500,-2.000,1.700,0.680
'[00:00:00.400 01/01/2011]',-24.400,5.100,6.600,-1.800,1.400,0.696
'[00:00:00.401 01/01/2011]',-24.300,5.300,6.600,-1.700,1.500,0.696
'[00:00:00.402 01/01/2011]',-24.100,5.900,6.700,-1.600,2.000,0.696
'[00:00:00.403 01/01/2011]',-24.500,6.900,7.200,-1.400,2.900,0.696
'[00:00:00.404 01/01/2011]',-25.600,7.700,7.900,-1.000,3.900,0.696
'[00:00:00.405 01/01/2011]',-27.100,7.900,8.600,-0.600,4.800,0.696
'[00:00:00.406 01/01/2011]',-28.600,7.500,9.400,-0.200,5.400,0.696
'[00:00:00.407 01/01/2011]',-29.600,6.900,9.900,0.000,5.600,0.696
'[00:00:00.408 01/01/2011]',-30.000,6.400,10.300,0.000,5.700,0.696
'[00:00:00.409 01/01/2011]',-30.000,6.300,10.300,-0.100,5.900,0.696
'[00:00:00.410 01/01/2011]',-30.200,6.500,10.100,-0.200,6.200,0.579
'[00:00:00.411 01/01/2011]',-30.900,6.700,9.600,-0.400,6.700,0.579
'[00:00:00.412 01/01/2011]',-32.200,6.400,9.200,-0.500,7.200,0.579
'[00:00:00.413 01/01/2011]',-33.701,5.800,9.000,-0.500,7.300,0.579
'[00:00:00.414 01/01/2011]',-34.901,5.100,9.000,-0.600,7.100,0.579
'[00:00:00.415 01/01/2011]',-35.201,4.500,9.200,-0.700,6.400,0.579
'[00:00:00.416 01/01/2011]',-35.001,4.400,9.300,-0.900,5.600,0.579
'[00:00:00.417 01/01/2011]',-34.901,4.700,9.000,-1.000,4.700,0.579
'[00:00:00.418 01/01/2011]',-35.401,5.100,8.500,-1.100,4.000,0.579
'[00:00:00.419 01/01/2011]',-37.001,5.700,7.800,-0.900,3.500,0.579
'[00:00:00.420 01/01/2011]',-39.001,6.200,7.300,-0.500,3.300,0.822
'[00:00:00.421 01/01/2011]',-40.601,6.600,7.100,-0.100,3.200,0.822
'[00:00:00.422 01/01/2011]',-41.001,7.000,7.100,0.400,3.300,0.822
'[00:00:00.423 01/01/2011]',-40.501,7.300,7.000,0.800,3.500,0.822
'[00:00:00.424 01/01/2011]',-39.701,7.300,6.700,1.100,3.900,0.822
'[00:00:00.425 01/01/2011]',-39.801,7.000,6.200,1.100,4.200,0.822
'[00:00:00.426 01/01/2011]',-41.101,6.500,5.600,0.900,4.400,0.822
'[00:00:00.427 01/01/2011]',-43.201,5.900,5.200,0.500,4.300,0.822
'[00:00:00.428 01/01/2011]',-45.101,5.300,4.900,0.000,4.100,0.822
'[00:00:00.429 01/01/2011]',-45.701,4.900,4.800,-0.600,3.800,0.822
'[00:00:00.430 01/01/2011]',-45.001,4.500,4.600,-1.000,3.700,0.579
'[00:00:00.431 01/01/2011]',-43.901,4.300,4.400,-1.200,3.900,0.579
'[00:00:00.432 01/01/2011]',-43.401,4.000,4.400,-1.000,4.300,0.579
'[00:00:00.433 01/01/2011]',-44.101,3.900,4.600,-0.500,4.800,0.579
'[00:00:00.434 01/01/2011]',-45.801,3.900,5.400,0.300,5.300,0.579
'[00:00:00.435 01/01/2011]',-47.601,4.100,6.500,1.200,5.700,0.579
'[00:00:00.436 01/01/2011]',-48.801,4.300,7.700,1.900,6.000,0.579
'[00:00:00.437 01/01/2011]',-49.001,4.500,8.400,2.400,6.300,0.579
'[00:00:00.438 01/01/2011]',-48.701,4.700,8.400,2.800,6.500,0.579
'[00:00:00.439 01/01/2011]',-48.501,4.900,7.900,3.100,6.700,0.579
'[00:00:00.440 01/01/2011]',-48.901,5.400,7.100,3.600,6.800,0.668
'[00:00:00.441 01/01/2011]',-50.001,6.000,6.700,4.200,6.700,0.668
'[00:00:00.442 01/01/2011]',-51.301,6.600,6.700,4.700,6.600,0.668
'[00:00:00.443 01/01/2011]',-52.601,7.000,7.300,5.100,6.600,0.668
'[00:00:00.444 01/01/2011]',-53.301,6.800,8.000,5.300,6.900,0.668
'[00:00:00.445 01/01/2011]',-53.401,6.300,8.500,5.200,7.400,0.668
'[00:00:00.446 01/01/2011]',-52.801,5.600,8.700,5.100,8.100,0.668
'[00:00:00.447 01/01/2011]',-51.601,5.100,8.600,4.800,8.700,0.668
'[00:00:00.448 01/01/2011]',-50.201,4.900,8.400,4.600,9.200,0.668
'[00:00:00.449 01/01/2011]',-49.201,4.900,8.300,4.500,9.600,0.668
'[00:00:00.450 01/01/2011]',-49.101,4.900,8.500,4.300,9.800,0.680
'[00:00:00.451 01/01/2011]',-50.001,4.600,9.000,4.200,10.000,0.680
'[00:00:00.452 01/01/2011]',-51.401,4.300,9.500,4.100,10.100,0.680
'[00:00:00.453 01/01/2011]',-52.801,4.000,9.900,4.100,10.000,0.680
'[00:00:00.454 01/01/2011]',-53.501,4.200,10.200,4.100,9.500,0.680
'[00:00:00.455 01/01/2011]',-53.401,4.900,10.500,4.300,8.900,0.680
'[00:00:00.456 01/01/2011]',-52.901,5.700,10.700,4.500,8.300,0.680
'[00:00:00.457 01/01/2011]',-52.401,6.200,11.000,4.600,7.900,0.680
'[00:00:00.458 01/01/2011]',-52.301,6.400,11.500,4.700,8.000,0.680
'[00:00:00.459 01/01/2011]',-52.801,6.200,12.000,4.500,8.500,0.680
'[00:00:00.460 01/01/2011]',-53.401,6.000,12.300,4.200,9.000,0.723
'[00:00:00.461 01/01/2011]',-54.001,6.200,12.400,4.000,9.300,0.723
'[00:00:00.462 01/01/2011]',-54.501,6.800,12.400,3.900,9.300,0.723
'[00:00:00.463 01/01/2011]',-54.901,7.500,12.300,4.000,9.000,0.723
'[00:00:00.464 01/01/2011]',-55.401,8.000,12.300,4.400,8.500,0.723
'[00:00:00.465 01/01/2011]',-55.801,8.100,12.500,4.900,8.000,0.723
'[00:00:00.466 01/01/2011]',-56.001,7.800,12.800,5.400,7.600,0.723
'[00:00:00.467 01/01/2011]',-56.101,7.400,13.000,5.600,7.200,0.723
'[00:00:00.468 01/01/2011]',-55.901,7.200,13.000,5.700,6.900,0.723
'[00:00:00.469 01/01/2011]',-55.801,7.000,12.600,5.600,6.600,0.723
'[00:00:00.470 01/01/2011]',-55.901,6.800,12.000,5.400,6.500,0.579
'[00:00:00.471 01/01/2011]',-56.201,6.400,11.300,5.200,6.600,0.579
'[00:00:00.472 01/01/2011]',-56.301,5.800,10.800,5.000,6.900,0.579
'[00:00:00.473 01/01/2011]',-55.901,5.300,10.600,4.800,7.300,0.579
'[00:00:00.474 01/01/2011]',-55.101,5.000,10.800,4.500,7.600,0.579
'[00:00:00.475 01/01/2011]',-54.001,5.200,11.100,4.200,8.000,0.579
'[00:00:00.476 01/01/2011]',-52.901,5.500,11.600,3.800,8.300,0.579
'[00:00:00.477 01/01/2011]',-52.201,5.800,11.900,3.300,8.600,0.579
'[00:00:00.478 01/01/2011]',-52.001,5.800,12.100,3.000,9.100,0.579
'[00:00:00.479 01/01/2011]',-52.201,5.800,12.200,2.700,9.500,0.579
'[00:00:00.480 01/01/2011]',-52.701,5.900,12.300,2.600,9.900,0.822
'[00:00:00.481 01/01/2011]',-53.201,6.400,12.500,2.600,10.000,0.822
'[00:00:00.482 01/01/2011]',-54.001,7.100,12.700,2.700,9.800,0.822
'[00:00:00.483 01/01/2011]',-54.901,7.900,13.000,2.700,9.400,0.822
'[00:00:00.484 01/01/2011]',-55.801,8.400,13.200,2.600,9.100,0.822
'[00:00:00.485 01/01/2011]',-56.401,8.400,13.300,2.600,8.900,0.822
'[00:00:00.486 01/01/2011]',-56.501,8.300,13.600,2.600,8.900,0.822
'[00:00:00.487 01/01/2011]',-55.901,8.100,14.100,2.800,8.900,0.822
'[00:00:00.488 01/01/2011]',-54.701,8.300,15.000,3.100,8.800,0.822
'[00:00:00.489 01/01/2011]',-53.601,8.800,16.400,3.700,8.400,0.822
'[00:00:00.490 01/01/2011]',-52.801,9.400,18.100,4.200,7.800,0.579
'[00:00:00.491 01/01/2011]',-52.601,9.900,20.000,4.700,7.000,0.579
'[00:00:00.492 01/01/2011]',-52.701,10.300,22.100,5.300,6.300,0.579
'[00:00:00.493 01/01/2011]',-52.801,10.900,24.500,6.000,5.900,0.579
'[00:00:00.494 01/01/2011]',-52.301,11.900,27.200,7.100,5.900,0.579
'[00:00:00.495 01/01/2011]',-51.301,13.400,30.100,8.400,6.300,0.579
'[00:00:00.496 01/01/2011]',-50.201,15.100,33.101,9.800,6.900,0.579
'[00:00:00.497 01/01/2011]',-49.501,16.700,35.801,11.200,7.900,0.579
'[00:00:00.498 01/01/2011]',-49.501,17.600,38.001,12.400,9.100,0.579
'[00:00:00.499 01/01/2011]',-50.301,17.900,39.701,13.500,10.600,0.579
'[00:00:00.500 01/01/2011]',-51.401,17.800,41.201,14.600,12.500,0.668
'[00:00:00.501 01/01/2011]',-52.201,17.800,42.801,15.900,14.900,0.668
'[00:00:00.502 01/01/2011]',-52.501,18.100,44.901,17.600,17.600,0.668
'[00:00:00.503 01/01/2011]',-52.501,18.800,47.601,19.600,20.900,0.668
'[00:00:00.504 01/01/2011]',-52.601,19.600,50.501,22.000,24.600,0.668
'[00:00:00.505 01/01/2011]',-53.101,19.900,53.401,24.400,28.900,0.668
'[00:00:00.506 01/01/2011]',-53.901,19.600,55.801,26.800,33.801,0.668
'[00:00:00.507 01/01/2011]',-54.601,18.600,57.401,29.000,39.101,0.668
'[00:00:00.508 01/01/2011]',-54.801,17.000,58.101,30.800,44.601,0.668
'[00:00:00.509 01/01/2011]',-54.601,15.300,58.001,32.300,50.101,0.668
'[00:00:00.510 01/01/2011]',-54.301,13.500,57.301,33.501,55.501,0.680
'[00:00:00.511 01/01/2011]',-54.401,11.600,56.201,34.401,60.801,0.680
'[00:00:00.512 01/01/2011]',-55.201,9.600,54.501,35.101,66.101,0.680
'[00:00:00.513 01/01/2011]',-56.601,7.100,52.401,35.401,71.301,0.680
'[00:00:00.514 01/01/2011]',-58.001,4.100,49.601,35.601,76.501,0.680
'[00:00:00.515 01/01/2011]',-58.801,0.900,46.101,35.401,81.501,0.680
'[00:00:00.516 01/01/2011]',-58.901,-2.200,42.101,35.201,86.401,0.680
'[00:00:00.517 01/01/2011]',-58.401,-4.900,37.601,35.201,91.201,0.680
'[00:00:00.518 01/01/2011]',-57.901,-7.100,33.001,35.401,96.101,0.680
'[00:00:00.519 01/01/2011]',-58.001,-8.800,28.600,35.901,100.802,0.680
'[00:00:00.520 01/01/2011]',-58.901,-10.200,24.500,36.501,105.202,0.712
'[00:00:00.521 01/01/2011]',-60.401,-11.500,20.900,36.901,108.902,0.712
'[00:00:00.522 01/01/2011]',-62.001,-12.800,17.800,36.901,111.202,0.712
'[00:00:00.523 01/01/2011]',-63.201,-13.900,15.200,36.501,112.002,0.712
'[00:00:00.524 01/01/2011]',-63.701,-14.700,13.200,35.501,111.102,0.712
'[00:00:00.525 01/01/2011]',-63.501,-15.100,11.700,34.301,108.802,0.712
'[00:00:00.526 01/01/2011]',-62.601,-15.000,10.400,32.801,105.202,0.712
'[00:00:00.527 01/01/2011]',-61.301,-14.600,9.000,30.800,100.302,0.712
'[00:00:00.528 01/01/2011]',-59.601,-14.300,6.900,28.300,94.201,0.712
'[00:00:00.529 01/01/2011]',-57.601,-14.200,3.700,24.900,87.001,0.712
'[00:00:00.530 01/01/2011]',-55.701,-14.300,-0.700,20.900,79.001,0.579
'[00:00:00.531 01/01/2011]',-54.001,-14.600,-6.000,16.400,70.501,0.579
'[00:00:00.532 01/01/2011]',-52.801,-14.900,-11.700,11.900,62.201,0.579
'[00:00:00.533 01/01/2011]',-52.001,-15.400,-17.400,7.600,54.701,0.579
'[00:00:00.534 01/01/2011]',-51.601,-15.800,-22.600,3.800,47.901,0.579
'[00:00:00.535 01/01/2011]',-51.101,-16.300,-27.400,0.300,41.601,0.579
'[00:00:00.536 01/01/2011]',-50.301,-16.700,-31.700,-3.200,35.601,0.579
'[00:00:00.537 01/01/2011]',-49.201,-17.000,-35.701,-6.600,29.500,0.579
'[00:00:00.538 01/01/2011]',-47.901,-17.000,-39.201,-9.900,23.400,0.579
'[00:00:00.539 01/01/2011]',-46.901,-16.500,-41.801,-12.700,17.500,0.579
'[00:00:00.540 01/01/2011]',-46.201,-15.600,-43.201,-14.700,12.200,0.822
'[00:00:00.541 01/01/2011]',-45.901,-14.200,-43.301,-15.700,7.900,0.822
'[00:00:00.542 01/01/2011]',-45.401,-12.500,-42.101,-15.900,4.600,0.822
'[00:00:00.543 01/01/2011]',-44.701,-10.700,-40.001,-15.600,2.100,0.822
'[00:00:00.544 01/01/2011]',-43.701,-9.100,-37.401,-14.900,0.000,0.822
'[00:00:00.545 01/01/2011]',-42.601,-7.700,-34.701,-14.200,-1.800,0.822
'[00:00:00.546 01/01/2011]',-42.101,-6.600,-31.900,-13.400,-3.300,0.822
'[00:00:00.547 01/01/2011]',-42.501,-5.800,-29.000,-12.400,-4.400,0.822
'[00:00:00.548 01/01/2011]',-44.001,-5.000,-26.000,-11.200,-4.900,0.822
'[00:00:00.549 01/01/2011]',-45.901,-3.900,-22.900,-9.800,-4.700,0.822
'[00:00:00.550 01/01/2011]',-47.601,-2.700,-19.600,-8.300,-4.000,0.579
'[00:00:00.551 01/01/2011]',-48.401,-1.300,-16.100,-6.900,-3.100,0.579
'[00:00:00.552 01/01/2011]',-48.101,-0.100,-12.700,-5.600,-2.200,0.579
'[00:00:00.553 01/01/2011]',-47.001,0.800,-9.300,-4.300,-1.400,0.579
'[00:00:00.554 01/01/2011]',-46.101,1.500,-6.100,-3.000,-0.600,0.579
'[00:00:00.555 01/01/2011]',-45.901,2.000,-3.100,-1.800,0.200,0.579
'[00:00:00.556 01/01/2011]',-46.901,2.600,-0.300,-0.800,1.100,0.579
'[00:00:00.557 01/01/2011]',-48.701,3.400,2.200,-0.200,2.200,0.579
'[00:00:00.558 01/01/2011]',-50.701,4.300,4.500,0.100,3.500,0.579
'[00:00:00.559 01/01/2011]',-52.101,5.200,6.400,0.200,4.700,0.579
'[00:00:00.560 01/01/2011]',-52.401,6.300,8.200,0.500,5.700,0.668
'[00:00:00.561 01/01/2011]',-51.601,7.400,9.800,1.300,6.400,0.668
'[00:00:00.562 01/01/2011]',-50.201,8.500,11.200,2.400,6.800,0.668
'[00:00:00.563 01/01/2011]',-48.701,9.700,12.400,3.900,7.000,0.668
'[00:00:00.564 01/01/2011]',-48.001,10.800,13.400,5.200,7.200,0.668
'[00:00:00.565 01/01/2011]',-48.101,11.500,14.100,6.100,7.300,0.668
'[00:00:00.566 01/01/2011]',-48.901,11.900,14.800,6.500,7.500,0.668
'[00:00:00.567 01/01/2011]',-49.901,12.100,15.300,6.500,7.600,0.668
'[00:00:00.568 01/01/2011]',-50.501,12.100,15.700,6.300,7.500,0.668
'[00:00:00.569 01/01/2011]',-50.501,12.100,15.800,5.900,7.100,0.668
'[00:00:00.570 01/01/2011]',-49.901,12.000,15.600,5.500,6.300,0.680
'[00:00:00.571 01/01/2011]',-48.901,11.700,14.900,4.900,5.300,0.680
'[00:00:00.572 01/01/2011]',-47.901,11.200,14.100,4.300,4.300,0.680
'[00:00:00.573 01/01/2011]',-47.001,10.600,13.300,3.600,3.600,0.680
'[00:00:00.574 01/01/2011]',-46.001,10.100,12.800,3.000,3.200,0.680
'[00:00:00.575 01/01/2011]',-45.001,9.900,12.700,2.600,3.000,0.680
'[00:00:00.576 01/01/2011]',-44.201,10.100,12.900,2.300,2.900,0.680
'[00:00:00.577 01/01/2011]',-43.901,10.500,13.100,2.300,2.800,0.680
'[00:00:00.578 01/01/2011]',-44.401,10.800,13.200,2.200,2.500,0.680
'[00:00:00.579 01/01/2011]',-45.501,10.900,13.000,2.000,2.100,0.680
'[00:00:00.580 01/01/2011]',-46.301,11.000,12.700,1.900,1.800,0.704
'[00:00:00.581 01/01/2011]',-46.201,11.000,12.500,1.900,1.700,0.704
'[00:00:00.582 01/01/2011]',-44.701,11.300,12.600,2.100,1.900,0.704
'[00:00:00.583 01/01/2011]',-42.101,11.800,12.900,2.500,2.300,0.704
'[00:00:00.584 01/01/2011]',-39.101,12.300,13.100,2.900,2.700,0.704
'[00:00:00.585 01/01/2011]',-36.901,12.600,13.200,3.300,2.900,0.704
'[00:00:00.586 01/01/2011]',-35.701,12.600,13.000,3.600,2.700,0.704
'[00:00:00.587 01/01/2011]',-35.401,12.100,12.500,3.600,2.300,0.704
'[00:00:00.588 01/01/2011]',-35.301,11.400,12.000,3.400,1.700,0.704
'[00:00:00.589 01/01/2011]',-34.501,10.800,11.700,2.900,1.100,0.704
'[00:00:00.590 01/01/2011]',-33.101,10.200,11.600,2.400,0.600,0.579
'[00:00:00.591 01/01/2011]',-31.500,9.900,11.700,1.800,0.300,0.579
'[00:00:00.592 01/01/2011]',-30.500,9.800,11.900,1.500,0.100,0.579
'[00:00:00.593 01/01/2011]',-30.400,9.700,11.800,1.300,-0.100,0.579
'[00:00:00.594 01/01/2011]',-31.100,9.600,11.500,1.300,-0.300,0.579
'[00:00:00.595 01/01/2011]',-31.800,9.400,10.900,1.200,-0.700,0.579
'[00:00:00.596 01/01/2011]',-31.800,9.100,10.200,0.800,-1.100,0.579
'[00:00:00.597 01/01/2011]',-30.600,8.800,9.600,0.200,-1.400,0.579
'[00:00:00.598 01/01/2011]',-28.500,8.500,9.300,-0.500,-1.600,0.579
'[00:00:00.599 01/01/2011]',-26.400,8.600,9.500,-0.900,-1.600,0.579
'[00:00:00.600 01/01/2011]',-24.900,9.200,9.900,-0.800,-1.400,0.822
'[00:00:00.601 01/01/2011]',-24.500,10.300,10.600,-0.100,-0.900,0.822
'[00:00:00.602 01/01/2011]',-24.900,11.600,11.300,1.000,-0.300,0.822
'[00:00:00.603 01/01/2011]',-25.500,12.800,11.900,2.200,0.300,0.822
'[00:00:00.604 01/01/2011]',-25.500,13.600,12.300,3.000,1.000,0.822
'[00:00:00.605 01/01/2011]',-24.600,13.800,12.500,3.300,1.500,0.822
'[00:00:00.606 01/01/2011]',-22.900,13.400,12.400,3.200,1.800,0.822
'[00:00:00.607 01/01/2011]',-21.100,12.800,12.100,3.000,1.800,0.822
'[00:00:00.608 01/01/2011]',-19.800,12.100,11.700,2.700,1.600,0.822
'[00:00:00.609 01/01/2011]',-19.300,11.500,11.200,2.600,1.300,0.822
'[00:00:00.610 01/01/2011]',-19.700,10.900,10.600,2.400,0.900,0.579
'[00:00:00.611 01/01/2011]',-20.500,10.200,10.000,2.100,0.500,0.579
'[00:00:00.612 01/01/2011]',-21.300,9.500,9.200,1.600,0.000,0.579
'[00:00:00.613 01/01/2011]',-22.000,9.100,8.500,1.000,-0.500,0.579
'[00:00:00.614 01/01/2011]',-22.500,9.000,7.800,0.500,-0.900,0.579
'[00:00:00.615 01/01/2011]',-23.000,9.500,7.700,0.600,-1.100,0.579
'[00:00:00.616 01/01/2011]',-23.200,10.400,8.100,1.100,-1.100,0.579
'[00:00:00.617 01/01/2011]',-22.500,11.300,9.300,2.100,-0.700,0.579
'[00:00:00.618 01/01/2011]',-20.000,11.800,10.800,3.100,-0.100,0.579
'[00:00:00.619 01/01/2011]',-15.400,11.800,12.200,3.800,0.400,0.579
'[00:00:00.620 01/01/2011]',-8.500,11.700,13.300,4.200,0.800,0.668
'[00:00:00.621 01/01/2011]',0.100,11.900,14.200,4.400,1.200,0.668
'[00:00:00.622 01/01/2011]',9.700,12.600,15.000,4.700,1.800,0.668
'[00:00:00.623 01/01/2011]',19.800,13.800,16.400,5.600,3.000,0.668
'[00:00:00.624 01/01/2011]',29.900,15.300,18.400,7.000,4.900,0.668
'[00:00:00.625 01/01/2011]',39.901,16.500,20.900,8.600,7.300,0.668
'[00:00:00.626 01/01/2011]',49.201,17.100,23.300,10.200,9.900,0.668
'[00:00:00.627 01/01/2011]',57.401,17.300,25.000,11.300,12.300,0.668
'[00:00:00.628 01/01/2011]',63.801,17.200,26.000,12.000,14.300,0.668
'[00:00:00.629 01/01/2011]',68.201,17.200,26.600,12.800,15.800,0.668
'[00:00:00.630 01/01/2011]',70.701,17.300,27.200,13.800,17.100,0.680
'[00:00:00.631 01/01/2011]',72.101,17.600,28.200,15.100,18.500,0.680
'[00:00:00.632 01/01/2011]',73.001,17.900,29.400,16.500,20.000,0.680
'[00:00:00.633 01/01/2011]',73.601,18.100,30.600,17.400,21.400,0.680
'[00:00:00.634 01/01/2011]',73.701,18.200,31.400,17.500,22.600,0.680
'[00:00:00.635 01/01/2011]',73.201,18.100,31.500,16.700,23.300,0.680
'[00:00:00.636 01/01/2011]',72.001,17.800,31.100,15.600,23.400,0.680
'[00:00:00.637 01/01/2011]',70.401,17.300,30.500,14.600,23.000,0.680
'[00:00:00.638 01/01/2011]',69.101,16.800,29.900,14.100,22.100,0.680
'[00:00:00.639 01/01/2011]',68.201,16.300,29.300,13.900,20.800,0.680
'[00:00:00.640 01/01/2011]',67.301,16.100,28.300,13.500,19.200,0.696
'[00:00:00.641 01/01/2011]',65.701,16.100,26.700,12.500,17.100,0.696
'[00:00:00.642 01/01/2011]',62.401,16.300,24.300,10.500,14.500,0.696
'[00:00:00.643 01/01/2011]',56.801,16.300,21.100,7.700,11.400,0.696
'[00:00:00.644 01/01/2011]',49.101,15.900,17.400,4.600,7.800,0.696
'[00:00:00.645 01/01/2011]',39.601,14.900,13.500,1.800,4.000,0.696
'[00:00:00.646 01/01/2011]',28.700,13.700,9.900,-0.500,0.300,0.696
'[00:00:00.647 01/01/2011]',17.100,12.600,6.900,-2.000,-2.700,0.696
'[00:00:00.648 01/01/2011]',5.300,11.900,4.900,-2.800,-4.800,0.696
'[00:00:00.649 01/01/2011]',-5.400,11.500,4.000,-3.100,-5.800,0.696
'[00:00:00.650 01/01/2011]',-13.400,11.300,3.800,-3.000,-6.000,0.579
'[00:00:00.651 01/01/2011]',-17.200,10.900,4.100,-2.600,-5.700,0.579
'[00:00:00.652 01/01/2011]',-16.000,10.300,4.600,-2.000,-5.200,0.579
'[00:00:00.653 01/01/2011]',-10.500,9.700,5.100,-1.100,-4.700,0.579
'[00:00:00.654 01/01/2011]',-2.400,9.400,5.700,-0.100,-4.100,0.579
'[00:00:00.655 01/01/2011]',5.700,9.400,6.300,0.700,-3.400,0.579
'[00:00:00.656 01/01/2011]',11.900,9.700,7.100,1.200,-2.600,0.579
'[00:00:00.657 01/01/2011]',15.100,9.900,7.900,1.300,-1.800,0.579
'[00:00:00.658 01/01/2011]',15.800,9.800,8.600,1.100,-1.100,0.579
'[00:00:00.659 01/01/2011]',15.300,9.400,8.900,0.800,-0.700,0.579
'[00:00:00.660 01/01/2011]',15.100,9.000,8.800,0.600,-0.600,0.822
'[00:00:00.661 01/01/2011]',15.800,8.800,8.400,0.700,-0.700,0.822
'[00:00:00.662 01/01/2011]',17.400,9.000,7.900,0.900,-1.000,0.822
'[00:00:00.663 01/01/2011]',19.000,9.500,7.300,1.100,-1.400,0.822
'[00:00:00.664 01/01/2011]',19.800,9.900,6.900,1.200,-1.700,0.822
'[00:00:00.665 01/01/2011]',19.500,10.100,6.800,1.000,-1.800,0.822
'[00:00:00.666 01/01/2011]',18.300,9.900,7.100,0.700,-1.600,0.822
'[00:00:00.667 01/01/2011]',17.000,9.700,7.600,0.300,-1.200,0.822
'[00:00:00.668 01/01/2011]',16.500,9.500,8.300,0.000,-0.800,0.822
'[00:00:00.669 01/01/2011]',17.000,9.600,8.900,-0.200,-0.500,0.822
'[00:00:00.670 01/01/2011]',18.200,9.600,9.300,-0.200,-0.500,0.579
'[00:00:00.671 01/01/2011]',19.300,9.500,9.500,-0.100,-0.800,0.579
'[00:00:00.672 01/01/2011]',19.500,9.100,9.400,0.000,-1.100,0.579
'[00:00:00.673 01/01/2011]',18.700,8.300,9.300,0.000,-1.200,0.579
'[00:00:00.674 01/01/2011]',17.200,7.500,9.200,0.000,-0.900,0.579
'[00:00:00.675 01/01/2011]',16.000,7.000,9.200,0.000,-0.500,0.579
'[00:00:00.676 01/01/2011]',15.700,6.800,9.200,-0.100,-0.100,0.579
'[00:00:00.677 01/01/2011]',16.300,7.200,9.100,-0.200,0.200,0.579
'[00:00:00.678 01/01/2011]',17.200,7.700,9.100,-0.200,0.400,0.579
'[00:00:00.679 01/01/2011]',17.400,8.300,9.200,-0.200,0.500,0.579
'[00:00:00.680 01/01/2011]',16.500,8.700,9.300,0.000,0.600,0.500
'[00:00:00.681 01/01/2011]',14.400,8.900,9.500,0.300,0.800,0.500
'[00:00:00.682 01/01/2011]',11.900,9.000,9.800,0.700,0.900,0.500
'[00:00:00.683 01/01/2011]',10.000,9.100,9.900,1.100,0.800,0.500
'[00:00:00.684 01/01/2011]',9.100,9.400,9.900,1.500,0.500,0.500
'[00:00:00.685 01/01/2011]',9.400,9.700,9.900,1.700,0.200,0.500
'[00:00:00.686 01/01/2011]',10.300,9.800,9.900,1.700,0.100,0.500
'[00:00:00.687 01/01/2011]',11.300,9.700,10.000,1.600,0.400,0.500
'[00:00:00.688 01/01/2011]',12.100,9.400,10.200,1.500,1.300,0.500
'[00:00:00.689 01/01/2011]',12.600,8.900,10.400,1.500,2.300,0.500
'[00:00:00.690 01/01/2011]',12.800,8.400,10.800,1.600,3.300,0.500
'[00:00:00.691 01/01/2011]',12.900,7.900,11.200,1.700,3.900,0.500
'[00:00:00.692 01/01/2011]',12.600,7.500,11.500,1.800,4.200,0.500
'[00:00:00.693 01/01/2011]',11.800,7.200,11.800,1.700,4.100,0.500
'[00:00:00.694 01/01/2011]',10.500,7.000,11.800,1.500,4.000,0.500
'[00:00:00.695 01/01/2011]',9.000,6.800,11.600,1.300,4.000,0.500
'[00:00:00.696 01/01/2011]',8.000,6.700,11.200,1.300,4.100,0.500
'[00:00:00.697 01/01/2011]',7.700,6.600,10.800,1.300,4.200,0.500
'[00:00:00.698 01/01/2011]',8.200,6.500,10.500,1.400,4.500,0.500
'[00:00:00.699 01/01/2011]',9.000,6.400,10.400,1.500,4.900,0.500
'[00:00:00.700 01/01/2011]',9.500,6.400,10.500,1.300,5.300,0.500
'[00:00:00.701 01/01/2011]',9.100,6.400,10.600,1.000,5.700,0.500
'[00:00:00.702 01/01/2011]',7.900,6.600,10.600,0.700,6.100,0.500
'[00:00:00.703 01/01/2011]',6.500,6.800,10.500,0.500,6.500,0.500
'[00:00:00.704 01/01/2011]',5.600,7.000,10.300,0.400,6.800,0.500
'[00:00:00.705 01/01/2011]',5.600,7.100,10.100,0.600,7.000,0.500
'[00:00:00.706 01/01/2011]',6.300,7.000,10.000,0.800,7.100,0.500
'[00:00:00.707 01/01/2011]',7.400,6.800,10.000,1.000,7.000,0.500
'[00:00:00.708 01/01/2011]',8.400,6.500,10.000,1.200,6.800,0.500
'[00:00:00.709 01/01/2011]',9.100,6.200,9.900,1.300,6.500,0.500
'[00:00:00.710 01/01/2011]',9.600,5.800,9.800,1.300,6.300,0.500
'[00:00:00.711 01/01/2011]',10.000,5.300,9.600,1.200,6.400,0.500
'[00:00:00.712 01/01/2011]',10.300,4.700,9.500,1.000,6.800,0.500
'[00:00:00.713 01/01/2011]',10.300,4.000,9.300,0.700,7.400,0.500
'[00:00:00.714 01/01/2011]',9.800,3.400,9.100,0.400,8.000,0.500
'[00:00:00.715 01/01/2011]',9.000,2.900,8.600,0.100,8.300,0.500
'[00:00:00.716 01/01/2011]',8.100,2.400,8.000,-0.100,8.200,0.500
'[00:00:00.717 01/01/2011]',7.500,2.000,7.300,-0.200,7.800,0.500
'[00:00:00.718 01/01/2011]',7.300,1.600,6.800,-0.300,7.400,0.500
'[00:00:00.719 01/01/2011]',7.400,1.300,6.600,-0.500,7.300,0.500
'[00:00:00.720 01/01/2011]',7.600,1.200,6.500,-0.800,7.700,0.500
'[00:00:00.721 01/01/2011]',7.800,1.500,6.600,-1.100,8.300,0.500
'[00:00:00.722 01/01/2011]',8.200,2.000,6.700,-1.300,9.000,0.500
'[00:00:00.723 01/01/2011]',9.000,2.500,6.700,-1.200,9.500,0.500
'[00:00:00.724 01/01/2011]',10.000,2.800,6.700,-1.000,9.700,0.500
'[00:00:00.725 01/01/2011]',10.900,2.900,6.700,-0.600,9.900,0.500
'[00:00:00.726 01/01/2011]',11.200,2.900,6.800,0.000,10.200,0.500
'[00:00:00.727 01/01/2011]',10.900,3.000,7.000,0.600,10.600,0.500
'[00:00:00.728 01/01/2011]',10.000,3.300,7.200,1.300,11.100,0.500
'[00:00:00.729 01/01/2011]',9.300,3.700,7.500,2.000,11.600,0.500
'[00:00:00.730 01/01/2011]',9.000,4.000,7.800,2.500,12.100,0.500
'[00:00:00.731 01/01/2011]',9.100,3.900,8.200,2.800,12.600,0.500
'[00:00:00.732 01/01/2011]',9.200,3.400,8.600,2.900,13.200,0.500
'[00:00:00.733 01/01/2011]',9.000,2.800,9.000,2.800,13.900,0.500
'[00:00:00.734 01/01/2011]',8.200,2.300,9.300,2.700,14.600,0.500
'[00:00:00.735 01/01/2011]',7.200,2.100,9.400,2.800,15.100,0.500
'[00:00:00.736 01/01/2011]',6.300,2.300,9.500,3.000,15.500,0.500
'[00:00:00.737 01/01/2011]',6.000,2.700,9.500,3.500,15.800,0.500
'[00:00:00.738 01/01/2011]',6.100,2.900,9.400,4.000,16.200,0.500
'[00:00:00.739 01/01/2011]',6.400,3.000,9.300,4.400,16.700,0.500
'[00:00:00.740 01/01/2011]',6.800,2.800,9.100,4.700,17.400,0.500
'[00:00:00.741 01/01/2011]',7.000,2.600,8.700,4.800,18.100,0.500
'[00:00:00.742 01/01/2011]',7.200,2.500,8.100,4.800,18.600,0.500
'[00:00:00.743 01/01/2011]',7.300,2.600,7.600,4.900,18.900,0.500
'[00:00:00.744 01/01/2011]',7.200,2.800,7.400,4.900,18.900,0.500
'[00:00:00.745 01/01/2011]',6.700,2.900,7.400,5.000,18.800,0.500
'[00:00:00.746 01/01/2011]',6.100,2.700,7.700,5.000,18.600,0.500
'[00:00:00.747 01/01/2011]',5.700,2.400,7.800,4.800,18.600,0.500
'[00:00:00.748 01/01/2011]',5.800,2.100,7.800,4.500,18.800,0.500
'[00:00:00.749 01/01/2011]',6.400,2.100,7.600,4.200,19.100,0.500
'[00:00:00.750 01/01/2011]',7.300,2.300,7.100,3.900,19.500,0.500
'[00:00:00.751 01/01/2011]',8.100,2.700,6.700,3.700,19.900,0.500
'[00:00:00.752 01/01/2011]',8.400,2.800,6.300,3.600,20.200,0.500
'[00:00:00.753 01/01/2011]',8.500,2.300,6.000,3.500,20.200,0.500
'[00:00:00.754 01/01/2011]',8.700,1.200,5.700,3.400,19.900,0.500
'[00:00:00.755 01/01/2011]',9.300,0.000,5.300,3.400,19.700,0.500
'[00:00:00.756 01/01/2011]',10.100,-1.200,5.000,3.400,19.600,0.500
'[00:00:00.757 01/01/2011]',10.800,-1.800,4.700,3.600,19.900,0.500
'[00:00:00.758 01/01/2011]',10.900,-1.900,4.600,3.800,20.400,0.500
'[00:00:00.759 01/01/2011]',10.500,-1.600,4.700,4.000,21.100,0.500
'[00:00:00.760 01/01/2011]',10.100,-1.000,4.800,4.200,21.700,0.500
'[00:00:00.761 01/01/2011]',10.300,-0.500,4.900,4.400,22.100,0.500
'[00:00:00.762 01/01/2011]',10.900,0.000,5.100,4.600,22.300,0.500
'[00:00:00.763 01/01/2011]',11.500,0.400,5.300,4.900,22.600,0.500
'[00:00:00.764 01/01/2011]',11.400,0.700,5.500,5.200,23.100,0.500
'[00:00:00.765 01/01/2011]',10.200,1.000,5.800,5.400,23.900,0.500
'[00:00:00.766 01/01/2011]',8.400,1.100,6.000,5.600,24.800,0.500
'[00:00:00.767 01/01/2011]',6.900,1.000,6.000,5.800,25.500,0.500
'[00:00:00.768 01/01/2011]',6.300,0.700,5.800,6.000,26.000,0.500
'[00:00:00.769 01/01/2011]',7.000,0.400,5.600,6.300,26.100,0.500
'[00:00:00.770 01/01/2011]',8.400,0.300,5.500,6.500,26.000,0.500
'[00:00:00.771 01/01/2011]',9.800,0.200,5.700,6.600,25.800,0.500
'[00:00:00.772 01/01/2011]',10.500,0.200,6.200,6.500,25.800,0.500
'[00:00:00.773 01/01/2011]',10.500,0.100,6.800,6.000,25.800,0.500
'[00:00:00.774 01/01/2011]',10.100,0.000,7.400,5.400,25.800,0.500
'[00:00:00.775 01/01/2011]',9.700,-0.100,7.600,4.900,25.800,0.500
'[00:00:00.776 01/01/2011]',9.400,-0.100,7.600,4.700,25.800,0.500
'[00:00:00.777 01/01/2011]',9.000,0.100,7.500,4.900,26.000,0.500
'[00:00:00.778 01/01/2011]',8.500,0.400,7.400,5.500,26.300,0.500
'[00:00:00.779 01/01/2011]',7.800,0.800,7.600,6.300,26.800,0.500
'[00:00:00.780 01/01/2011]',7.200,1.000,7.900,7.100,27.300,0.500
'[00:00:00.781 01/01/2011]',6.900,1.300,8.400,7.800,27.900,0.500
'[00:00:00.782 01/01/2011]',6.800,1.500,8.800,8.400,28.400,0.500
'[00:00:00.783 01/01/2011]',6.500,1.900,9.000,8.700,28.700,0.500
'[00:00:00.784 01/01/2011]',5.800,2.400,9.100,8.900,28.800,0.500
'[00:00:00.785 01/01/2011]',4.800,3.000,9.000,8.900,28.800,0.500
'[00:00:00.786 01/01/2011]',3.700,3.600,8.800,8.800,28.600,0.500
'[00:00:00.787 01/01/2011]',3.100,4.200,8.800,8.900,28.400,0.500
'[00:00:00.788 01/01/2011]',3.200,4.400,8.900,9.100,28.400,0.500
'[00:00:00.789 01/01/2011]',3.800,4.400,9.200,9.400,28.500,0.500
'[00:00:00.790 01/01/2011]',4.500,3.900,9.500,9.700,28.800,0.500
'[00:00:00.791 01/01/2011]',4.900,3.300,9.800,10.000,29.300,0.500
'[00:00:00.792 01/01/2011]',4.700,2.600,9.900,10.000,29.600,0.500
'[00:00:00.793 01/01/2011]',3.800,2.000,9.700,9.800,29.600,0.500
'[00:00:00.794 01/01/2011]',2.500,1.700,9.300,9.400,29.200,0.500
'[00:00:00.795 01/01/2011]',1.000,1.700,8.900,8.900,28.600,0.500
'[00:00:00.796 01/01/2011]',-0.300,1.900,8.700,8.500,28.000,0.500
'[00:00:00.797 01/01/2011]',-1.000,2.200,8.800,8.200,27.700,0.500
'[00:00:00.798 01/01/2011]',-0.900,2.400,9.200,8.100,27.600,0.500
'[00:00:00.799 01/01/2011]',0.000,2.500,9.700,8.100,27.700,0.500
'[00:00:00.800 01/01/2011]',1.200,2.500,10.100,8.200,27.700,0.500
'[00:00:00.801 01/01/2011]',2.300,2.500,10.200,8.300,27.500,0.500
'[00:00:00.802 01/01/2011]',2.500,2.600,10.000,8.300,27.000,0.500
'[00:00:00.803 01/01/2011]',1.700,2.700,9.800,8.400,26.500,0.500
'[00:00:00.804 01/01/2011]',0.300,2.900,9.800,8.300,26.100,0.500
'[00:00:00.805 01/01/2011]',-1.200,3.100,9.900,8.300,26.000,0.500
'[00:00:00.806 01/01/2011]',-2.100,3.300,10.200,8.200,26.100,0.500
'[00:00:00.807 01/01/2011]',-2.100,3.400,10.600,8.000,26.000,0.500
'[00:00:00.808 01/01/2011]',-1.500,3.500,10.800,7.500,25.400,0.500
'[00:00:00.809 01/01/2011]',-0.900,3.600,10.800,6.700,24.300,0.500
'[00:00:00.810 01/01/2011]',-0.700,3.600,10.600,5.800,22.800,0.500
'[00:00:00.811 01/01/2011]',-1.100,3.400,10.400,4.700,21.200,0.500
'[00:00:00.812 01/01/2011]',-2.300,3.000,10.100,3.800,20.000,0.500
'[00:00:00.813 01/01/2011]',-3.700,2.500,9.800,3.100,19.300,0.500
'[00:00:00.814 01/01/2011]',-5.100,2.100,9.600,2.600,18.900,0.500
'[00:00:00.815 01/01/2011]',-6.200,2.000,9.400,2.200,18.700,0.500
'[00:00:00.816 01/01/2011]',-6.700,2.200,9.300,1.900,18.300,0.500
'[00:00:00.817 01/01/2011]',-6.800,2.400,9.400,1.700,17.800,0.500
'[00:00:00.818 01/01/2011]',-6.600,2.500,9.400,1.500,17.100,0.500
'[00:00:00.819 01/01/2011]',-6.200,2.500,9.300,1.400,16.400,0.500
'[00:00:00.820 01/01/2011]',-5.800,2.500,9.000,1.500,15.900,0.500
'[00:00:00.821 01/01/2011]',-5.600,2.700,8.500,1.700,15.600,0.500
'[00:00:00.822 01/01/2011]',-5.700,3.300,8.000,1.900,15.300,0.500
'[00:00:00.823 01/01/2011]',-6.100,4.200,7.800,2.200,15.000,0.500
'[00:00:00.824 01/01/2011]',-6.600,5.000,8.100,2.400,14.500,0.500
'[00:00:00.825 01/01/2011]',-7.300,5.600,8.700,2.700,13.800,0.500
'[00:00:00.826 01/01/2011]',-8.100,5.700,9.400,3.100,12.900,0.500
'[00:00:00.827 01/01/2011]',-8.800,5.600,9.800,3.500,12.100,0.500
'[00:00:00.828 01/01/2011]',-9.500,5.500,9.900,3.900,11.400,0.500
'[00:00:00.829 01/01/2011]',-10.000,5.400,9.700,4.100,10.900,0.500
'[00:00:00.830 01/01/2011]',-10.200,5.300,9.300,4.100,10.600,0.500
'[00:00:00.831 01/01/2011]',-10.400,5.200,9.100,3.800,10.500,0.500
'[00:00:00.832 01/01/2011]',-10.800,5.000,9.300,3.400,10.500,0.500
'[00:00:00.833 01/01/2011]',-11.700,4.600,9.700,3.100,10.400,0.500
'[00:00:00.834 01/01/2011]',-13.200,4.400,10.200,2.800,10.300,0.500
'[00:00:00.835 01/01/2011]',-15.200,4.400,10.600,2.700,10.200,0.500
'[00:00:00.836 01/01/2011]',-17.200,4.600,10.700,2.800,10.100,0.500
'[00:00:00.837 01/01/2011]',-18.700,4.900,10.700,3.000,10.100,0.500
'[00:00:00.838 01/01/2011]',-19.000,5.300,10.600,3.200,10.100,0.500
'[00:00:00.839 01/01/2011]',-18.400,5.600,10.800,3.400,10.000,0.500
'[00:00:00.840 01/01/2011]',-17.300,6.100,11.100,3.500,9.800,0.500
'[00:00:00.841 01/01/2011]',-16.400,6.700,11.800,3.800,9.500,0.500
'[00:00:00.842 01/01/2011]',-16.100,7.600,12.400,4.100,9.300,0.500
'[00:00:00.843 01/01/2011]',-16.600,8.600,13.100,4.400,9.200,0.500
'[00:00:00.844 01/01/2011]',-17.700,9.200,13.500,4.800,9.300,0.500
'[00:00:00.845 01/01/2011]',-18.500,9.500,13.600,4.900,9.200,0.500
'[00:00:00.846 01/01/2011]',-18.800,9.300,13.600,4.900,8.900,0.500
'[00:00:00.847 01/01/2011]',-18.400,9.000,13.300,4.700,8.200,0.500
'[00:00:00.848 01/01/2011]',-17.900,8.800,12.900,4.500,7.400,0.500
'[00:00:00.849 01/01/2011]',-17.900,8.800,12.600,4.400,6.600,0.500
'[00:00:00.850 01/01/2011]',-18.900,8.800,12.400,4.400,6.000,0.500
'[00:00:00.851 01/01/2011]',-20.900,8.800,12.200,4.500,5.700,0.500
'[00:00:00.852 01/01/2011]',-23.100,8.300,12.100,4.500,5.800,0.500
'[00:00:00.853 01/01/2011]',-24.700,7.600,12.100,4.400,5.900,0.500
'[00:00:00.854 01/01/2011]',-24.900,6.900,12.100,4.100,6.000,0.500
'[00:00:00.855 01/01/2011]',-23.700,6.500,12.200,3.600,6.000,0.500
'[00:00:00.856 01/01/2011]',-21.600,6.700,12.400,3.300,5.900,0.500
'[00:00:00.857 01/01/2011]',-19.900,7.300,12.700,3.100,5.800,0.500
'[00:00:00.858 01/01/2011]',-19.400,8.100,12.900,3.300,5.700,0.500
'[00:00:00.859 01/01/2011]',-20.700,8.700,13.000,3.700,5.800,0.500
'[00:00:00.860 01/01/2011]',-23.100,9.100,13.000,3.900,5.800,0.500
'[00:00:00.861 01/01/2011]',-25.500,9.400,13.000,4.000,5.800,0.500
'[00:00:00.862 01/01/2011]',-26.700,9.900,13.100,3.800,5.800,0.500
'[00:00:00.863 01/01/2011]',-26.200,10.600,13.200,3.600,5.700,0.500
'[00:00:00.864 01/01/2011]',-24.300,11.400,13.400,3.500,5.500,0.500
'[00:00:00.865 01/01/2011]',-22.100,12.000,13.600,3.700,5.200,0.500
'[00:00:00.866 01/01/2011]',-21.000,12.200,13.700,3.900,4.800,0.500
'[00:00:00.867 01/01/2011]',-21.600,12.000,13.600,4.100,4.300,0.500
'[00:00:00.868 01/01/2011]',-23.700,11.500,13.200,4.000,3.700,0.500
'[00:00:00.869 01/01/2011]',-26.400,11.100,12.700,3.400,3.200,0.500
'[00:00:00.870 01/01/2011]',-28.600,10.800,12.200,2.500,2.900,0.500
'[00:00:00.871 01/01/2011]',-29.700,10.700,11.900,1.700,2.900,0.500
'[00:00:00.872 01/01/2011]',-29.800,10.600,11.600,1.200,3.000,0.500
'[00:00:00.873 01/01/2011]',-29.400,10.500,11.400,1.100,3.100,0.500
'[00:00:00.874 01/01/2011]',-29.200,10.300,11.200,1.300,3.200,0.500
'[00:00:00.875 01/01/2011]',-29.500,9.900,11.000,1.600,3.200,0.500
'[00:00:00.876 01/01/2011]',-29.900,9.600,10.800,1.700,3.100,0.500
'[00:00:00.877 01/01/2011]',-30.500,9.200,10.600,1.400,3.000,0.500
'[00:00:00.878 01/01/2011]',-30.900,8.900,10.300,0.900,2.800,0.500
'[00:00:00.879 01/01/2011]',-31.500,8.700,10.100,0.200,2.600,0.500
'[00:00:00.880 01/01/2011]',-32.400,8.700,9.700,-0.500,2.200,0.500
'[00:00:00.881 01/01/2011]',-33.601,8.700,9.300,-1.100,1.600,0.500
'[00:00:00.882 01/01/2011]',-34.501,8.800,8.600,-1.600,0.800,0.500
'[00:00:00.883 01/01/2011]',-34.601,8.900,7.900,-2.000,-0.100,0.500
'[00:00:00.884 01/01/2011]',-33.901,8.900,7.100,-2.200,-0.900,0.500
'[00:00:00.885 01/01/2011]',-33.001,8.900,6.500,-2.200,-1.600,0.500
'[00:00:00.886 01/01/2011]',-32.500,9.000,6.200,-2.000,-2.000,0.500
'[00:00:00.887 01/01/2011]',-33.301,9.200,6.100,-1.800,-2.200,0.500
'[00:00:00.888 01/01/2011]',-35.401,9.600,6.100,-1.800,-2.400,0.500
'[00:00:00.889 01/01/2011]',-37.801,9.800,6.000,-1.900,-2.500,0.500
'[00:00:00.890 01/01/2011]',-39.601,9.700,5.700,-2.200,-2.700,0.500
'[00:00:00.891 01/01/2011]',-40.101,9.200,5.500,-2.500,-2.900,0.500
'[00:00:00.892 01/01/2011]',-39.401,8.500,5.400,-2.500,-3.000,0.500
'[00:00:00.893 01/01/2011]',-38.201,7.700,5.500,-2.300,-3.100,0.500
'[00:00:00.894 01/01/2011]',-37.401,7.100,5.700,-2.000,-3.100,0.500
'[00:00:00.895 01/01/2011]',-37.501,6.700,5.700,-1.800,-3.300,0.500
'[00:00:00.896 01/01/2011]',-38.301,6.600,5.300,-1.900,-3.700,0.500
'[00:00:00.897 01/01/2011]',-39.401,6.500,4.600,-2.300,-4.200,0.500
'[00:00:00.898 01/01/2011]',-40.101,6.300,3.700,-2.600,-4.700,0.500
'[00:00:00.899 01/01/2011]',-40.301,6.000,3.000,-2.700,-5.200,0.500
'[00:00:00.900 01/01/2011]',-40.101,5.800,2.800,-2.500,-5.500,0.500
'[00:00:00.901 01/01/2011]',-40.001,5.800,3.000,-2.200,-5.600,0.500
'[00:00:00.902 01/01/2011]',-40.201,6.200,3.400,-2.000,-5.500,0.500
'[00:00:00.903 01/01/2011]',-40.601,6.600,3.700,-1.900,-5.400,0.500
'[00:00:00.904 01/01/2011]',-40.901,7.000,3.600,-1.900,-5.100,0.500
'[00:00:00.905 01/01/2011]',-40.901,7.300,3.400,-2.000,-4.700,0.500
'[00:00:00.906 01/01/2011]',-40.401,7.500,3.200,-1.800,-4.300,0.500
'[00:00:00.907 01/01/2011]',-39.801,7.700,3.300,-1.400,-3.900,0.500
'[00:00:00.908 01/01/2011]',-39.401,8.000,3.800,-1.000,-3.500,0.500
'[00:00:00.909 01/01/2011]',-39.301,8.300,4.300,-0.600,-3.400,0.500
'[00:00:00.910 01/01/2011]',-39.601,8.400,4.600,-0.600,-3.500,0.500
'[00:00:00.911 01/01/2011]',-39.901,8.300,4.500,-0.700,-3.700,0.500
'[00:00:00.912 01/01/2011]',-40.101,7.900,4.100,-0.900,-3.900,0.500
'[00:00:00.913 01/01/2011]',-39.901,7.300,3.700,-1.100,-4.100,0.500
'[00:00:00.914 01/01/2011]',-39.701,6.600,3.500,-1.100,-4.300,0.500
'[00:00:00.915 01/01/2011]',-39.601,6.200,3.600,-1.300,-4.500,0.500
'[00:00:00.916 01/01/2011]',-39.801,5.900,3.800,-1.500,-4.900,0.500
'[00:00:00.917 01/01/2011]',-40.301,5.800,4.000,-2.000,-5.300,0.500
'[00:00:00.918 01/01/2011]',-41.101,5.600,3.900,-2.700,-5.700,0.500
'[00:00:00.919 01/01/2011]',-41.701,5.300,3.500,-3.200,-6.100,0.500
'[00:00:00.920 01/01/2011]',-42.001,5.000,3.100,-3.600,-6.400,0.500
'[00:00:00.921 01/01/2011]',-41.901,4.900,2.700,-3.800,-6.600,0.500
'[00:00:00.922 01/01/2011]',-41.501,5.000,2.500,-3.800,-7.000,0.500
'[00:00:00.923 01/01/2011]',-40.801,5.400,2.300,-3.900,-7.600,0.500
'[00:00:00.924 01/01/2011]',-39.901,5.800,2.100,-4.300,-8.300,0.500
'[00:00:00.925 01/01/2011]',-38.901,6.200,1.900,-5.000,-9.000,0.500
'[00:00:00.926 01/01/2011]',-37.901,6.300,1.600,-5.800,-9.500,0.500
'[00:00:00.927 01/01/2011]',-37.201,6.200,1.400,-6.500,-9.500,0.500
'[00:00:00.928 01/01/2011]',-36.901,5.900,1.500,-6.700,-9.000,0.500
'[00:00:00.929 01/01/2011]',-37.101,5.600,1.900,-6.500,-8.300,0.500
'[00:00:00.930 01/01/2011]',-37.701,5.300,2.500,-5.900,-7.400,0.500
'[00:00:00.931 01/01/2011]',-38.501,5.000,3.000,-5.100,-6.500,0.500
'[00:00:00.932 01/01/2011]',-39.101,4.600,3.400,-4.500,-5.800,0.500
'[00:00:00.933 01/01/2011]',-39.401,4.100,3.500,-4.000,-5.400,0.500
'[00:00:00.934 01/01/2011]',-39.101,3.800,3.400,-3.700,-5.200,0.500
'[00:00:00.935 01/01/2011]',-38.201,3.700,3.200,-3.500,-5.200,0.500
'[00:00:00.936 01/01/2011]',-37.001,4.000,3.000,-3.400,-5.300,0.500
'[00:00:00.937 01/01/2011]',-35.801,4.400,3.000,-3.300,-5.500,0.500
'[00:00:00.938 01/01/2011]',-34.901,4.700,3.100,-3.300,-5.800,0.500
'[00:00:00.939 01/01/2011]',-34.801,5.000,3.300,-3.500,-6.200,0.500
'[00:00:00.940 01/01/2011]',-35.701,5.000,3.400,-3.900,-6.700,0.500
'[00:00:00.941 01/01/2011]',-37.301,5.000,3.500,-4.300,-7.200,0.500
'[00:00:00.942 01/01/2011]',-38.901,4.900,3.400,-4.900,-7.700,0.500
'[00:00:00.943 01/01/2011]',-39.701,4.800,3.100,-5.500,-8.400,0.500
'[00:00:00.944 01/01/2011]',-39.301,4.700,2.700,-6.000,-9.000,0.500
'[00:00:00.945 01/01/2011]',-37.601,4.500,2.200,-6.500,-9.500,0.500
'[00:00:00.946 01/01/2011]',-35.401,4.400,1.700,-6.700,-9.600,0.500
'[00:00:00.947 01/01/2011]',-33.501,4.500,1.400,-6.600,-9.300,0.500
'[00:00:00.948 01/01/2011]',-32.400,4.700,1.400,-6.200,-8.600,0.500
'[00:00:00.949 01/01/2011]',-32.200,5.000,1.700,-5.700,-7.900,0.500
'[00:00:00.950 01/01/2011]',-32.500,5.000,2.200,-5.400,-7.300,0.500
'[00:00:00.951 01/01/2011]',-32.500,4.800,2.700,-5.300,-7.100,0.500
'[00:00:00.952 01/01/2011]',-32.200,4.200,2.900,-5.600,-7.100,0.500
'[00:00:00.953 01/01/2011]',-31.600,3.600,2.800,-6.100,-7.300,0.500
'[00:00:00.954 01/01/2011]',-31.400,3.200,2.400,-6.500,-7.400,0.500
'[00:00:00.955 01/01/2011]',-31.900,3.100,1.800,-6.700,-7.400,0.500
'[00:00:00.956 01/01/2011]',-32.801,3.100,1.100,-6.700,-7.400,0.500
'[00:00:00.957 01/01/2011]',-33.601,3.100,0.600,-6.700,-7.500,0.500
'[00:00:00.958 01/01/2011]',-33.901,2.700,0.200,-6.600,-7.700,0.500
'[00:00:00.959 01/01/2011]',-33.601,2.100,0.000,-6.600,-8.000,0.500
'[00:00:00.960 01/01/2011]',-33.001,1.400,0.000,-6.700,-8.200,0.500
'[00:00:00.961 01/01/2011]',-32.600,1.200,0.100,-6.800,-8.200,0.500
'[00:00:00.962 01/01/2011]',-32.801,1.600,0.300,-6.800,-8.000,0.500
'[00:00:00.963 01/01/2011]',-33.101,2.500,0.500,-6.800,-7.800,0.500
'[00:00:00.964 01/01/2011]',-33.101,3.400,0.800,-6.800,-7.600,0.500
'[00:00:00.965 01/01/2011]',-32.300,4.200,1.100,-6.800,-7.500,0.500
'[00:00:00.966 01/01/2011]',-30.800,4.700,1.400,-6.700,-7.500,0.500
'[00:00:00.967 01/01/2011]',-29.200,4.800,1.700,-6.700,-7.500,0.500
'[00:00:00.968 01/01/2011]',-28.400,4.700,2.000,-6.600,-7.500,0.500
'[00:00:00.969 01/01/2011]',-28.500,4.300,2.000,-6.500,-7.500,0.500
'[00:00:00.970 01/01/2011]',-29.100,3.700,1.900,-6.600,-7.700,0.500
'[00:00:00.971 01/01/2011]',-29.200,2.700,1.700,-6.700,-8.200,0.500
'[00:00:00.972 01/01/2011]',-28.000,1.600,1.300,-7.000,-8.700,0.500
'[00:00:00.973 01/01/2011]',-25.500,0.500,0.800,-7.500,-9.300,0.500
'[00:00:00.974 01/01/2011]',-22.600,-0.300,0.300,-8.000,-9.800,0.500
'[00:00:00.975 01/01/2011]',-20.400,-0.500,-0.100,-8.600,-10.100,0.500
'[00:00:00.976 01/01/2011]',-19.700,-0.400,-0.400,-9.100,-10.300,0.500
'[00:00:00.977 01/01/2011]',-20.300,0.000,-0.600,-9.400,-10.500,0.500
'[00:00:00.978 01/01/2011]',-21.200,0.300,-0.700,-9.600,-10.600,0.500
'[00:00:00.979 01/01/2011]',-21.500,0.500,-0.700,-9.500,-10.700,0.500
'[00:00:00.980 01/01/2011]',-20.900,0.700,-0.600,-9.300,-10.600,0.500
'[00:00:00.981 01/01/2011]',-19.900,0.900,-0.500,-9.100,-10.400,0.500
'[00:00:00.982 01/01/2011]',-19.300,1.400,-0.300,-8.800,-10.000,0.500
'[00:00:00.983 01/01/2011]',-19.600,2.000,-0.200,-8.400,-9.600,0.500
'[00:00:00.984 01/01/2011]',-20.500,2.600,0.000,-7.700,-9.200,0.500
'[00:00:00.985 01/01/2011]',-21.000,3.200,0.300,-6.700,-8.800,0.500
'[00:00:00.986 01/01/2011]',-20.300,3.800,0.800,-5.600,-8.500,0.500
'[00:00:00.987 01/01/2011]',-18.400,4.300,1.500,-4.700,-8.200,0.500
'[00:00:00.988 01/01/2011]',-15.900,4.600,2.200,-4.200,-7.900,0.500
'[00:00:00.989 01/01/2011]',-14.100,4.600,2.700,-4.400,-7.600,0.500
'[00:00:00.990 01/01/2011]',-13.700,4.400,3.000,-4.900,-7.300,0.500
'[00:00:00.991 01/01/2011]',-14.600,4.000,2.900,-5.500,-7.200,0.500
'[00:00:00.992 01/01/2011]',-15.900,3.300,2.700,-5.900,-7.200,0.500
'[00:00:00.993 01/01/2011]',-16.400,2.700,2.300,-5.900,-7.500,0.500
'[00:00:00.994 01/01/2011]',-15.800,2.300,1.900,-5.600,-7.800,0.500
'[00:00:00.995 01/01/2011]',-14.400,2.000,1.500,-5.500,-8.100,0.500
'[00:00:00.996 01/01/2011]',-13.000,1.900,1.400,-5.600,-8.300,0.500
'[00:00:00.997 01/01/2011]',-12.400,1.800,1.400,-6.000,-8.300,0.500
'[00:00:00.998 01/01/2011]',-12.700,1.700,1.600,-6.600,-8.300,0.500
'[00:00:00.999 01/01/2011]',-13.300,1.700,1.900,-7.300,-8.500,0.500
'[00:00:01.000 01/01/2011]',-13.800,1.600,2.000,-7.800,-9.000,0.500
'[00:00:01.001 01/01/2011]',-13.800,1.600,1.900,-8.200,-9.500,0.500
'[00:00:01.002 01/01/2011]',-13.400,1.800,1.300,-8.500,-10.000,0.500
'[00:00:01.003 01/01/2011]',-13.100,2.000,0.600,-8.600,-10.100,0.500
'[00:00:01.004 01/01/2011]',-13.200,2.300,0.100,-8.500,-9.800,0.500
'[00:00:01.005 01/01/2011]',-13.900,2.500,0.100,-8.100,-9.100,0.500
'[00:00:01.006 01/01/2011]',-14.500,2.800,0.700,-7.400,-8.400,0.500
'[00:00:01.007 01/01/2011]',-14.800,3.100,1.700,-6.700,-7.900,0.500
'[00:00:01.008 01/01/2011]',-14.400,3.400,2.500,-6.100,-7.800,0.500
'[00:00:01.009 01/01/2011]',-13.400,3.600,2.800,-5.900,-8.200,0.500
'[00:00:01.010 01/01/2011]',-12.500,3.800,2.300,-6.000,-8.800,0.500
'[00:00:01.011 01/01/2011]',-12.100,3.800,1.200,-6.400,-9.400,0.500
'[00:00:01.012 01/01/2011]',-12.600,3.600,0.100,-6.800,-9.800,0.500
'[00:00:01.013 01/01/2011]',-14.000,3.000,-0.900,-7.000,-9.900,0.500
'[00:00:01.014 01/01/2011]',-16.000,2.300,-1.400,-7.200,-9.900,0.500
'[00:00:01.015 01/01/2011]',-18.200,1.600,-1.700,-7.400,-9.900,0.500
'[00:00:01.016 01/01/2011]',-20.200,1.000,-1.900,-7.600,-10.000,0.500
'[00:00:01.017 01/01/2011]',-21.800,0.700,-2.200,-7.900,-10.200,0.500
'[00:00:01.018 01/01/2011]',-22.800,0.600,-2.600,-8.300,-10.600,0.500
'[00:00:01.019 01/01/2011]',-23.100,0.600,-3.100,-8.600,-10.900,0.500
'[00:00:01.020 01/01/2011]',-23.000,0.700,-3.400,-8.700,-11.300,0.500
'[00:00:01.021 01/01/2011]',-22.900,0.900,-3.600,-8.700,-11.600,0.500
'[00:00:01.022 01/01/2011]',-23.200,1.400,-3.600,-8.700,-12.000,0.500
'[00:00:01.023 01/01/2011]',-24.100,2.100,-3.500,-8.700,-12.300,0.500
'[00:00:01.024 01/01/2011]',-25.400,2.800,-3.500,-8.900,-12.500,0.500
'[00:00:01.025 01/01/2011]',-26.800,3.400,-3.600,-9.200,-12.700,0.500
'[00:00:01.026 01/01/2011]',-27.800,3.400,-3.900,-9.500,-12.900,0.500
'[00:00:01.027 01/01/2011]',-27.900,3.000,-4.300,-9.700,-13.100,0.500
'[00:00:01.028 01/01/2011]',-27.400,2.200,-4.800,-9.800,-13.500,0.500
'[00:00:01.029 01/01/2011]',-26.600,1.300,-5.400,-9.700,-13.900,0.500
'[00:00:01.030 01/01/2011]',-26.000,0.600,-5.800,-9.700,-14.200,0.500
'[00:00:01.031 01/01/2011]',-25.700,0.200,-6.100,-9.800,-14.400,0.500
'[00:00:01.032 01/01/2011]',-25.700,0.000,-6.100,-9.900,-14.200,0.500
'[00:00:01.033 01/01/2011]',-25.700,0.000,-5.800,-10.000,-13.800,0.500
'[00:00:01.034 01/01/2011]',-25.500,0.000,-5.400,-9.800,-13.300,0.500
'[00:00:01.035 01/01/2011]',-25.300,0.000,-5.000,-9.300,-12.900,0.500
'[00:00:01.036 01/01/2011]',-25.300,0.000,-4.800,-8.600,-12.500,0.500
'[00:00:01.037 01/01/2011]',-25.700,0.000,-4.700,-7.900,-12.300,0.500
'[00:00:01.038 01/01/2011]',-26.400,0.100,-4.700,-7.300,-12.200,0.500
'[00:00:01.039 01/01/2011]',-27.100,0.300,-4.800,-7.100,-11.900,0.500
'[00:00:01.040 01/01/2011]',-27.300,0.700,-4.900,-7.200,-11.600,0.500
'[00:00:01.041 01/01/2011]',-26.600,1.100,-5.000,-7.600,-11.200,0.500
'[00:00:01.042 01/01/2011]',-25.300,1.600,-5.200,-8.100,-10.900,0.500
'[00:00:01.043 01/01/2011]',-23.700,1.900,-5.600,-8.600,-10.800,0.500
'[00:00:01.044 01/01/2011]',-22.400,2.000,-6.000,-9.100,-10.900,0.500
'[00:00:01.045 01/01/2011]',-21.700,2.000,-6.300,-9.400,-11.200,0.500
'[00:00:01.046 01/01/2011]',-21.700,1.900,-6.400,-9.500,-11.600,0.500
'[00:00:01.047 01/01/2011]',-22.100,1.900,-6.300,-9.300,-12.100,0.500
'[00:00:01.048 01/01/2011]',-22.300,2.000,-5.900,-9.200,-12.500,0.500
'[00:00:01.049 01/01/2011]',-21.900,2.100,-5.600,-9.100,-12.700,0.500
'[00:00:01.050 01/01/2011]',-20.800,2.100,-5.400,-9.100,-12.600,0.500
'[00:00:01.051 01/01/2011]',-19.200,1.900,-5.300,-9.400,-12.100,0.500
'[00:00:01.052 01/01/2011]',-17.400,1.500,-5.400,-9.500,-11.300,0.500
'[00:00:01.053 01/01/2011]',-15.800,1.000,-5.400,-9.500,-10.200,0.500
'[00:00:01.054 01/01/2011]',-14.800,0.700,-5.200,-9.300,-9.300,0.500
'[00:00:01.055 01/01/2011]',-14.400,0.600,-4.900,-8.900,-8.700,0.500
'[00:00:01.056 01/01/2011]',-14.300,0.600,-4.600,-8.500,-8.600,0.500
'[00:00:01.057 01/01/2011]',-14.200,0.700,-4.300,-8.200,-8.900,0.500
'[00:00:01.058 01/01/2011]',-13.900,0.600,-4.100,-8.200,-9.100,0.500
'[00:00:01.059 01/01/2011]',-13.400,0.500,-3.900,-8.300,-9.000,0.500
'[00:00:01.060 01/01/2011]',-13.100,0.400,-3.900,-8.200,-8.700,0.500
'[00:00:01.061 01/01/2011]',-13.200,0.400,-3.900,-8.000,-8.200,0.500
'[00:00:01.062 01/01/2011]',-13.800,0.800,-4.100,-7.600,-7.800,0.500
'[00:00:01.063 01/01/2011]',-14.700,1.400,-4.300,-7.200,-7.600,0.500
'[00:00:01.064 01/01/2011]',-15.300,2.000,-4.500,-7.000,-7.700,0.500
'[00:00:01.065 01/01/2011]',-15.000,2.400,-4.600,-7.000,-7.800,0.500
'[00:00:01.066 01/01/2011]',-13.800,2.300,-4.400,-7.300,-7.800,0.500
'[00:00:01.067 01/01/2011]',-11.900,1.800,-4.200,-7.700,-7.600,0.500
'[00:00:01.068 01/01/2011]',-10.000,1.100,-4.000,-8.100,-7.400,0.500
'[00:00:01.069 01/01/2011]',-8.700,0.400,-4.000,-8.300,-7.200,0.500
'[00:00:01.070 01/01/2011]',-8.200,-0.100,-4.200,-8.400,-7.100,0.500
'[00:00:01.071 01/01/2011]',-8.400,-0.400,-4.500,-8.500,-7.100,0.500
'[00:00:01.072 01/01/2011]',-8.500,-0.600,-4.800,-8.700,-7.200,0.500
'[00:00:01.073 01/01/2011]',-8.100,-1.000,-5.000,-9.000,-7.200,0.500
'[00:00:01.074 01/01/2011]',-7.100,-1.500,-5.000,-9.400,-7.200,0.500
'[00:00:01.075 01/01/2011]',-5.800,-2.000,-4.900,-9.700,-7.100,0.500
'[00:00:01.076 01/01/2011]',-4.700,-2.300,-4.800,-9.900,-6.900,0.500
'[00:00:01.077 01/01/2011]',-4.000,-2.300,-4.800,-10.000,-6.800,0.500
'[00:00:01.078 01/01/2011]',-3.500,-2.200,-4.700,-10.100,-6.700,0.500
'[00:00:01.079 01/01/2011]',-3.000,-1.900,-4.600,-10.100,-6.700,0.500
'[00:00:01.080 01/01/2011]',-2.200,-1.700,-4.400,-10.000,-6.800,0.500
'[00:00:01.081 01/01/2011]',-1.000,-1.500,-4.100,-9.800,-7.000,0.500
'[00:00:01.082 01/01/2011]',0.100,-1.300,-3.600,-9.500,-7.100,0.500
'[00:00:01.083 01/01/2011]',0.800,-1.000,-3.200,-9.000,-7.100,0.500
'[00:00:01.084 01/01/2011]',1.200,-0.500,-3.000,-8.600,-7.000,0.500
'[00:00:01.085 01/01/2011]',1.300,-0.200,-3.200,-8.600,-7.000,0.500
'[00:00:01.086 01/01/2011]',1.700,-0.100,-3.600,-9.100,-7.100,0.500
'[00:00:01.087 01/01/2011]',2.300,-0.400,-4.400,-10.200,-7.700,0.500
'[00:00:01.088 01/01/2011]',2.900,-0.900,-5.400,-11.800,-8.600,0.500
'[00:00:01.089 01/01/2011]',3.100,-1.600,-6.500,-13.600,-9.900,0.500
'[00:00:01.090 01/01/2011]',2.500,-2.400,-7.600,-15.300,-11.300,0.500
'[00:00:01.091 01/01/2011]',1.100,-3.200,-8.800,-16.700,-12.600,0.500
'[00:00:01.092 01/01/2011]',-0.500,-3.800,-9.900,-17.500,-13.700,0.500
'[00:00:01.093 01/01/2011]',-1.900,-4.400,-10.500,-17.800,-14.200,0.500
'[00:00:01.094 01/01/2011]',-2.400,-4.700,-10.600,-17.600,-14.100,0.500
'[00:00:01.095 01/01/2011]',-1.600,-4.900,-10.000,-16.900,-13.400,0.500
'[00:00:01.096 01/01/2011]',0.600,-4.800,-8.600,-16.100,-12.300,0.500
'[00:00:01.097 01/01/2011]',4.100,-4.500,-7.000,-15.200,-11.000,0.500
'[00:00:01.098 01/01/2011]',9.000,-4.200,-5.300,-14.500,-9.800,0.500
'[00:00:01.099 01/01/2011]',15.400,-3.800,-3.900,-13.900,-8.900,0.500
'[00:00:01.100 01/01/2011]',23.300,-3.400,-2.600,-13.200,-8.100,0.500
'[00:00:01.101 01/01/2011]',32.600,-3.000,-1.100,-12.200,-7.100,0.500
'[00:00:01.102 01/01/2011]',42.901,-2.400,0.900,-10.700,-5.600,0.500
'[00:00:01.103 01/01/2011]',53.401,-1.700,3.300,-9.000,-3.600,0.500
'[00:00:01.104 01/01/2011]',63.501,-0.900,5.800,-7.300,-1.300,0.500
'[00:00:01.105 01/01/2011]',72.301,-0.200,8.000,-5.900,1.100,0.500
'[00:00:01.106 01/01/2011]',79.401,0.300,9.500,-5.000,3.100,0.500
'[00:00:01.107 01/01/2011]',84.801,0.600,10.400,-4.500,4.800,0.500
'[00:00:01.108 01/01/2011]',88.801,0.700,11.300,-4.000,6.300,0.500
'[00:00:01.109 01/01/2011]',92.001,0.700,12.400,-3.400,7.800,0.500
'[00:00:01.110 01/01/2011]',94.401,0.600,13.900,-2.600,9.400,0.500
'[00:00:01.111 01/01/2011]',95.801,0.600,15.300,-1.700,10.900,0.500
'[00:00:01.112 01/01/2011]',95.701,0.500,16.300,-0.900,12.000,0.500
'[00:00:01.113 01/01/2011]',93.901,0.400,16.500,-0.300,12.500,0.500
'[00:00:01.114 01/01/2011]',90.701,0.100,16.100,-0.100,12.400,0.500
'[00:00:01.115 01/01/2011]',87.101,-0.300,15.300,-0.100,11.900,0.500
'[00:00:01.116 01/01/2011]',84.001,-0.800,14.500,-0.500,11.400,0.500
'[00:00:01.117 01/01/2011]',82.301,-1.100,13.800,-1.200,10.800,0.500
'[00:00:01.118 01/01/2011]',81.801,-1.200,13.300,-2.100,10.100,0.500
'[00:00:01.119 01/01/2011]',81.701,-1.100,12.500,-3.300,9.100,0.500
'[00:00:01.120 01/01/2011]',80.601,-0.900,11.200,-4.600,7.700,0.500
'[00:00:01.121 01/01/2011]',77.001,-0.700,9.200,-6.000,5.700,0.500
'[00:00:01.122 01/01/2011]',70.301,-0.900,6.700,-7.400,3.200,0.500
'[00:00:01.123 01/01/2011]',60.701,-1.500,3.700,-9.000,0.300,0.500
'[00:00:01.124 01/01/2011]',48.901,-2.600,0.500,-10.700,-2.700,0.500
'[00:00:01.125 01/01/2011]',36.201,-3.800,-2.600,-12.400,-5.300,0.500
'[00:00:01.126 01/01/2011]',24.200,-5.000,-5.400,-13.800,-7.400,0.500
'[00:00:01.127 01/01/2011]',14.100,-5.700,-7.400,-14.500,-8.600,0.500
'[00:00:01.128 01/01/2011]',6.900,-5.800,-8.400,-14.500,-9.100,0.500
'[00:00:01.129 01/01/2011]',3.000,-5.500,-8.400,-13.900,-8.800,0.500
'[00:00:01.130 01/01/2011]',2.200,-5.000,-7.600,-12.900,-8.000,0.500
'[00:00:01.131 01/01/2011]',4.200,-4.500,-6.400,-12.000,-6.900,0.500
'[00:00:01.132 01/01/2011]',8.200,-4.200,-5.100,-11.200,-5.800,0.500
'[00:00:01.133 01/01/2011]',13.400,-4.200,-3.900,-10.800,-4.800,0.500
'[00:00:01.134 01/01/2011]',19.100,-4.100,-3.000,-10.400,-3.800,0.500
'[00:00:01.135 01/01/2011]',24.300,-4.000,-2.300,-10.100,-3.000,0.500
'[00:00:01.136 01/01/2011]',28.200,-3.800,-1.600,-9.800,-2.200,0.500
'[00:00:01.137 01/01/2011]',30.300,-3.600,-1.000,-9.500,-1.600,0.500
'[00:00:01.138 01/01/2011]',30.800,-3.600,-0.400,-9.300,-1.200,0.500
'[00:00:01.139 01/01/2011]',30.000,-4.000,-0.200,-9.200,-1.200,0.500
'[00:00:01.140 01/01/2011]',28.800,-4.600,-0.200,-9.200,-1.300,0.500
'[00:00:01.141 01/01/2011]',28.000,-5.200,-0.700,-9.200,-1.700,0.500
'[00:00:01.142 01/01/2011]',27.800,-5.600,-1.200,-9.100,-2.000,0.500
'[00:00:01.143 01/01/2011]',28.200,-5.700,-1.800,-8.800,-2.100,0.500
'[00:00:01.144 01/01/2011]',29.000,-5.400,-2.100,-8.500,-1.900,0.500
'[00:00:01.145 01/01/2011]',29.700,-4.900,-2.200,-8.200,-1.500,0.500
'[00:00:01.146 01/01/2011]',30.200,-4.400,-2.000,-8.000,-0.900,0.500
'[00:00:01.147 01/01/2011]',30.300,-4.000,-1.800,-7.800,-0.300,0.500
'[00:00:01.148 01/01/2011]',30.100,-3.800,-1.400,-7.500,0.400,0.500
'[00:00:01.149 01/01/2011]',29.700,-3.700,-1.100,-7.300,1.000,0.500
'[00:00:01.150 01/01/2011]',29.300,-3.800,-0.700,-7.100,1.500,0.500
'[00:00:01.151 01/01/2011]',28.900,-4.000,-0.400,-7.000,1.700,0.500
'[00:00:01.152 01/01/2011]',28.800,-4.300,-0.100,-7.100,1.700,0.500
'[00:00:01.153 01/01/2011]',28.800,-4.800,0.000,-7.500,1.300,0.500
'[00:00:01.154 01/01/2011]',29.100,-5.300,0.100,-8.200,0.700,0.500
'[00:00:01.155 01/01/2011]',29.200,-5.500,0.100,-9.000,0.100,0.500
'[00:00:01.156 01/01/2011]',28.900,-5.500,0.100,-9.600,-0.200,0.500
'[00:00:01.157 01/01/2011]',28.300,-5.100,0.100,-9.800,-0.300,0.500
'[00:00:01.158 01/01/2011]',27.400,-4.500,0.200,-9.600,-0.100,0.500
'[00:00:01.159 01/01/2011]',26.500,-4.000,0.300,-9.100,0.100,0.500
'[00:00:01.160 01/01/2011]',25.900,-3.600,0.400,-8.600,-0.100,0.500
'[00:00:01.161 01/01/2011]',25.800,-3.600,0.400,-8.300,-0.600,0.500
'[00:00:01.162 01/01/2011]',26.200,-3.600,0.300,-8.400,-1.300,0.500
'[00:00:01.163 01/01/2011]',26.700,-3.700,0.200,-8.700,-2.000,0.500
'[00:00:01.164 01/01/2011]',27.100,-3.800,0.100,-9.000,-2.300,0.500
'[00:00:01.165 01/01/2011]',27.300,-3.800,0.100,-8.900,-2.100,0.500
'[00:00:01.166 01/01/2011]',27.200,-3.700,0.300,-8.500,-1.600,0.500
'[00:00:01.167 01/01/2011]',27.000,-3.500,0.600,-7.800,-1.200,0.500
'[00:00:01.168 01/01/2011]',26.800,-3.300,0.900,-7.400,-1.100,0.500
'[00:00:01.169 01/01/2011]',26.900,-2.800,1.100,-7.300,-1.400,0.500
'[00:00:01.170 01/01/2011]',27.400,-2.300,1.100,-7.700,-2.000,0.500
'[00:00:01.171 01/01/2011]',28.100,-1.800,0.800,-8.200,-2.500,0.500
'[00:00:01.172 01/01/2011]',28.800,-1.600,0.500,-8.700,-2.800,0.500
'[00:00:01.173 01/01/2011]',29.300,-1.700,0.300,-8.900,-2.700,0.500
'[00:00:01.174 01/01/2011]',29.400,-2.100,0.300,-8.900,-2.400,0.500
'[00:00:01.175 01/01/2011]',29.100,-2.800,0.400,-8.800,-2.000,0.500
'[00:00:01.176 01/01/2011]',28.600,-3.300,0.700,-8.800,-1.900,0.500
'[00:00:01.177 01/01/2011]',28.100,-3.500,1.000,-9.000,-1.900,0.500
'[00:00:01.178 01/01/2011]',27.900,-3.200,1.300,-9.200,-2.000,0.500
'[00:00:01.179 01/01/2011]',28.300,-2.300,1.600,-9.400,-2.000,0.500
'[00:00:01.180 01/01/2011]',29.000,-1.200,2.000,-9.200,-1.800,0.500
'[00:00:01.181 01/01/2011]',29.700,-0.100,2.500,-8.600,-1.600,0.500
'[00:00:01.182 01/01/2011]',30.100,0.600,3.100,-7.900,-1.400,0.500
'[00:00:01.183 01/01/2011]',30.100,0.900,3.600,-7.000,-1.500,0.500
'[00:00:01.184 01/01/2011]',29.600,0.900,3.900,-6.200,-1.600,0.500
'[00:00:01.185 01/01/2011]',29.100,0.800,4.000,-5.600,-1.700,0.500
'[00:00:01.186 01/01/2011]',29.000,0.900,3.900,-5.200,-1.500,0.500
'[00:00:01.187 01/01/2011]',29.500,1.200,3.800,-5.000,-1.100,0.500
'[00:00:01.188 01/01/2011]',30.600,1.600,4.000,-5.000,-0.500,0.500
'[00:00:01.189 01/01/2011]',31.700,1.800,4.500,-5.100,0.000,0.500
'[00:00:01.190 01/01/2011]',32.400,1.700,5.200,-5.200,0.300,0.500
'[00:00:01.191 01/01/2011]',32.500,1.400,6.000,-5.200,0.200,0.500
'[00:00:01.192 01/01/2011]',32.300,1.300,6.600,-5.200,-0.100,0.500
'[00:00:01.193 01/01/2011]',32.000,1.600,6.900,-5.100,-0.600,0.500
'[00:00:01.194 01/01/2011]',32.100,2.200,7.100,-5.000,-1.100,0.500
'[00:00:01.195 01/01/2011]',32.200,3.100,7.400,-5.000,-1.600,0.500
'[00:00:01.196 01/01/2011]',31.800,4.000,7.900,-4.900,-2.200,0.500
'[00:00:01.197 01/01/2011]',30.700,4.600,8.900,-4.900,-3.000,0.500
'[00:00:01.198 01/01/2011]',29.000,5.100,10.400,-4.800,-4.200,0.500
'[00:00:01.199 01/01/2011]',27.300,5.400,12.300,-4.600,-5.400,0.500
'[00:00:01.200 01/01/2011]',26.300,5.900,14.500,-4.100,-6.600,0.500
'[00:00:01.201 01/01/2011]',26.400,6.700,16.800,-3.500,-7.400,0.500
'[00:00:01.202 01/01/2011]',27.300,7.700,19.100,-2.800,-7.900,0.500
'[00:00:01.203 01/01/2011]',28.500,8.900,21.100,-2.000,-8.100,0.500
'[00:00:01.204 01/01/2011]',29.100,10.000,23.000,-1.200,-8.000,0.500
'[00:00:01.205 01/01/2011]',29.100,11.000,24.600,-0.200,-7.800,0.500
'[00:00:01.206 01/01/2011]',28.500,11.700,26.100,0.900,-7.300,0.500
'[00:00:01.207 01/01/2011]',27.800,12.200,27.800,2.000,-6.200,0.500
'[00:00:01.208 01/01/2011]',27.500,12.500,29.700,3.100,-4.200,0.500
'[00:00:01.209 01/01/2011]',27.500,12.700,31.900,4.200,-1.400,0.500
'[00:00:01.210 01/01/2011]',27.700,12.800,34.101,5.300,2.100,0.500
'[00:00:01.211 01/01/2011]',28.100,12.700,36.201,6.500,6.000,0.500
'[00:00:01.212 01/01/2011]',28.200,12.200,37.801,8.000,10.200,0.500
'[00:00:01.213 01/01/2011]',28.100,11.400,39.001,9.700,14.400,0.500
'[00:00:01.214 01/01/2011]',27.400,10.100,39.601,11.500,18.700,0.500
'[00:00:01.215 01/01/2011]',26.200,8.500,39.801,13.200,23.300,0.500
'[00:00:01.216 01/01/2011]',24.500,6.700,39.601,14.800,28.400,0.500
'[00:00:01.217 01/01/2011]',22.900,5.000,38.901,16.100,34.101,0.500
'[00:00:01.218 01/01/2011]',21.400,3.400,37.801,17.200,40.201,0.500
'[00:00:01.219 01/01/2011]',20.200,2.100,36.501,18.200,46.501,0.500
'[00:00:01.220 01/01/2011]',18.900,0.800,35.001,19.400,52.701,0.500
'[00:00:01.221 01/01/2011]',17.200,-0.500,33.201,20.600,58.501,0.500
'[00:00:01.222 01/01/2011]',14.900,-2.200,30.900,21.600,64.001,0.500
'[00:00:01.223 01/01/2011]',12.400,-4.400,27.900,22.500,69.101,0.500
'[00:00:01.224 01/01/2011]',10.400,-7.100,24.400,22.900,74.001,0.500
'[00:00:01.225 01/01/2011]',9.500,-10.100,20.400,23.200,78.801,0.500
'[00:00:01.226 01/01/2011]',9.700,-13.000,16.400,23.400,83.501,0.500
'[00:00:01.227 01/01/2011]',10.500,-15.600,12.700,23.700,88.001,0.500
'[00:00:01.228 01/01/2011]',11.000,-17.700,9.500,24.000,91.801,0.500
'[00:00:01.229 01/01/2011]',10.800,-19.300,6.800,24.000,94.701,0.500
'[00:00:01.230 01/01/2011]',10.100,-20.600,4.600,23.700,96.401,0.500
'[00:00:01.231 01/01/2011]',9.400,-21.700,2.700,22.800,96.801,0.500
'[00:00:01.232 01/01/2011]',9.200,-22.600,0.900,21.300,95.901,0.500
'[00:00:01.233 01/01/2011]',9.600,-23.300,-1.100,19.300,93.601,0.500
'[00:00:01.234 01/01/2011]',10.500,-23.800,-3.600,16.800,90.101,0.500
'[00:00:01.235 01/01/2011]',11.700,-24.100,-7.100,14.000,85.201,0.500
'[00:00:01.236 01/01/2011]',13.100,-24.400,-11.600,10.700,79.001,0.500
'[00:00:01.237 01/01/2011]',14.400,-24.900,-17.100,6.900,71.801,0.500
'[00:00:01.238 01/01/2011]',15.700,-25.500,-22.900,2.900,64.201,0.500
'[00:00:01.239 01/01/2011]',16.800,-26.100,-28.600,-1.200,56.801,0.500
'[00:00:01.240 01/01/2011]',17.600,-26.400,-33.501,-4.900,50.301,0.500
'[00:00:01.241 01/01/2011]',18.200,-26.600,-37.701,-8.200,44.701,0.500
'[00:00:01.242 01/01/2011]',18.800,-26.500,-41.301,-11.100,39.801,0.500
'[00:00:01.243 01/01/2011]',20.000,-26.200,-44.601,-13.800,34.701,0.500
'[00:00:01.244 01/01/2011]',21.600,-25.800,-47.801,-16.600,29.000,0.500
'[00:00:01.245 01/01/2011]',23.700,-25.300,-50.501,-19.500,22.500,0.500
'[00:00:01.246 01/01/2011]',25.600,-24.600,-52.501,-22.100,15.800,0.500
'[00:00:01.247 01/01/2011]',27.100,-23.700,-53.201,-24.200,9.500,0.500
'[00:00:01.248 01/01/2011]',28.200,-22.700,-52.701,-25.300,4.300,0.500
'[00:00:01.249 01/01/2011]',29.300,-21.500,-51.001,-25.600,0.300,0.500
'[00:00:01.250 01/01/2011]',30.900,-20.200,-48.601,-25.400,-2.600,0.500
'[00:00:01.251 01/01/2011]',32.901,-18.900,-45.701,-25.100,-5.000,0.500
'[00:00:01.252 01/01/2011]',34.701,-17.600,-42.701,-24.800,-7.000,0.500
'[00:00:01.253 01/01/2011]',35.401,-16.400,-39.501,-24.600,-8.600,0.500
'[00:00:01.254 01/01/2011]',34.701,-15.300,-36.101,-24.100,-9.800,0.500
'[00:00:01.255 01/01/2011]',32.700,-14.300,-32.700,-23.100,-10.400,0.500
'[00:00:01.256 01/01/2011]',30.300,-13.200,-29.200,-21.600,-10.600,0.500
'[00:00:01.257 01/01/2011]',28.400,-11.900,-25.800,-19.700,-10.500,0.500
'[00:00:01.258 01/01/2011]',27.700,-10.300,-22.500,-17.700,-10.600,0.500
'[00:00:01.259 01/01/2011]',28.300,-8.300,-19.300,-16.000,-10.800,0.500
'[00:00:01.260 01/01/2011]',29.600,-6.200,-16.100,-14.500,-11.000,0.500
'[00:00:01.261 01/01/2011]',30.600,-4.300,-12.900,-13.300,-11.000,0.500
'[00:00:01.262 01/01/2011]',30.900,-2.900,-9.800,-12.100,-10.600,0.500
'[00:00:01.263 01/01/2011]',30.400,-1.900,-7.000,-10.900,-9.800,0.500
'[00:00:01.264 01/01/2011]',29.600,-1.200,-4.700,-9.700,-8.800,0.500
'[00:00:01.265 01/01/2011]',29.100,-0.400,-2.800,-8.900,-8.000,0.500
'[00:00:01.266 01/01/2011]',29.000,0.500,-1.500,-8.500,-7.300,0.500
'[00:00:01.267 01/01/2011]',29.200,1.800,-0.400,-8.500,-7.000,0.500
'[00:00:01.268 01/01/2011]',29.400,3.000,0.600,-8.500,-6.800,0.500
'[00:00:01.269 01/01/2011]',29.200,3.900,1.400,-8.200,-6.700,0.500
'[00:00:01.270 01/01/2011]',28.600,4.100,2.200,-7.600,-6.700,0.500
'[00:00:01.271 01/01/2011]',28.000,3.600,2.700,-6.900,-6.700,0.500
'[00:00:01.272 01/01/2011]',27.900,2.900,3.100,-6.200,-6.800,0.500
'[00:00:01.273 01/01/2011]',28.200,2.300,3.100,-5.900,-7.000,0.500
'[00:00:01.274 01/01/2011]',28.800,2.400,3.000,-6.000,-7.300,0.500
'[00:00:01.275 01/01/2011]',29.300,3.000,2.900,-6.300,-7.600,0.500
'[00:00:01.276 01/01/2011]',29.400,4.100,2.800,-6.700,-7.800,0.500
'[00:00:01.277 01/01/2011]',29.300,5.200,2.900,-6.900,-8.000,0.500
'[00:00:01.278 01/01/2011]',29.300,6.100,3.000,-6.700,-8.100,0.500
'[00:00:01.279 01/01/2011]',29.400,6.700,3.200,-6.400,-8.300,0.500
'[00:00:01.280 01/01/2011]',29.700,7.100,3.400,-6.000,-8.500,0.500
'[00:00:01.281 01/01/2011]',29.600,7.500,3.500,-5.600,-9.000,0.500
'[00:00:01.282 01/01/2011]',28.900,8.000,3.400,-5.200,-9.500,0.500
'[00:00:01.283 01/01/2011]',27.800,8.600,3.200,-4.900,-10.100,0.500
'[00:00:01.284 01/01/2011]',26.700,9.100,3.000,-4.500,-10.600,0.500
'[00:00:01.285 01/01/2011]',26.300,9.500,2.900,-4.100,-10.800,0.500
'[00:00:01.286 01/01/2011]',26.800,9.800,2.900,-3.700,-10.800,0.500
'[00:00:01.287 01/01/2011]',27.900,10.000,3.200,-3.200,-10.500,0.500
'[00:00:01.288 01/01/2011]',28.800,10.300,3.600,-2.700,-10.000,0.500
'[00:00:01.289 01/01/2011]',29.000,10.600,4.000,-2.300,-9.500,0.500
'[00:00:01.290 01/01/2011]',28.200,10.800,4.400,-2.000,-9.100,0.500
'[00:00:01.291 01/01/2011]',27.000,10.900,4.500,-1.800,-8.900,0.500
'[00:00:01.292 01/01/2011]',26.100,11.000,4.600,-1.800,-8.800,0.500
'[00:00:01.293 01/01/2011]',26.100,11.200,4.500,-1.800,-8.800,0.500
'[00:00:01.294 01/01/2011]',26.900,11.600,4.400,-1.700,-8.800,0.500
'[00:00:01.295 01/01/2011]',27.900,12.000,4.400,-1.500,-8.900,0.500
'[00:00:01.296 01/01/2011]',28.600,12.200,4.400,-1.200,-9.000,0.500
'[00:00:01.297 01/01/2011]',28.400,12.100,4.300,-1.000,-9.100,0.500
'[00:00:01.298 01/01/2011]',27.600,12.000,4.300,-0.800,-9.200,0.500
'[00:00:01.299 01/01/2011]',26.700,12.000,4.200,-0.700,-9.200,0.500
'[00:00:01.300 01/01/2011]',26.200,12.400,4.100,-0.700,-9.100,0.500
'[00:00:01.301 01/01/2011]',26.300,13.100,4.100,-0.500,-8.900,0.500
'[00:00:01.302 01/01/2011]',26.700,14.100,4.000,-0.300,-8.600,0.500
'[00:00:01.303 01/01/2011]',27.100,14.900,3.900,-0.100,-8.400,0.500
'[00:00:01.304 01/01/2011]',27.100,15.500,3.700,0.100,-8.500,0.500
'[00:00:01.305 01/01/2011]',26.900,15.800,3.400,0.000,-8.700,0.500
'[00:00:01.306 01/01/2011]',26.900,16.000,3.100,-0.100,-9.000,0.500
'[00:00:01.307 01/01/2011]',27.300,16.100,2.700,-0.300,-9.200,0.500
'[00:00:01.308 01/01/2011]',28.000,16.100,2.500,-0.500,-9.200,0.500
'[00:00:01.309 01/01/2011]',28.800,16.000,2.300,-0.600,-9.100,0.500
'[00:00:01.310 01/01/2011]',29.000,15.800,2.100,-0.600,-8.800,0.500
'[00:00:01.311 01/01/2011]',28.400,15.400,2.000,-0.600,-8.600,0.500
'[00:00:01.312 01/01/2011]',27.400,15.000,1.800,-0.700,-8.500,0.500
'[00:00:01.313 01/01/2011]',26.500,14.800,1.700,-0.700,-8.500,0.500
'[00:00:01.314 01/01/2011]',26.300,14.800,1.600,-0.800,-8.700,0.500
'[00:00:01.315 01/01/2011]',26.900,14.900,1.800,-0.800,-8.900,0.500
'[00:00:01.316 01/01/2011]',27.600,15.100,2.100,-0.600,-9.200,0.500
'[00:00:01.317 01/01/2011]',27.800,15.300,2.400,-0.300,-9.400,0.500
'[00:00:01.318 01/01/2011]',27.000,15.400,2.500,0.300,-9.500,0.500
'[00:00:01.319 01/01/2011]',25.500,15.700,2.400,0.900,-9.500,0.500
'[00:00:01.320 01/01/2011]',23.800,16.200,2.000,1.400,-9.300,0.500
'[00:00:01.321 01/01/2011]',23.100,16.800,1.600,1.800,-8.900,0.500
'[00:00:01.322 01/01/2011]',23.500,17.400,1.300,2.000,-8.500,0.500
'[00:00:01.323 01/01/2011]',24.900,17.800,1.400,2.200,-8.000,0.500
'[00:00:01.324 01/01/2011]',26.400,18.000,1.800,2.400,-7.700,0.500
'[00:00:01.325 01/01/2011]',27.200,18.000,2.400,2.700,-7.500,0.500
'[00:00:01.326 01/01/2011]',26.800,18.100,2.700,3.200,-7.700,0.500
'[00:00:01.327 01/01/2011]',25.800,18.100,2.600,3.600,-7.900,0.500
'[00:00:01.328 01/01/2011]',24.700,18.100,2.200,3.800,-8.200,0.500
'[00:00:01.329 01/01/2011]',24.200,17.900,1.700,3.800,-8.300,0.500
'[00:00:01.330 01/01/2011]',24.500,17.600,1.300,3.700,-8.200,0.500
'[00:00:01.331 01/01/2011]',25.100,17.400,1.400,3.500,-7.800,0.500
'[00:00:01.332 01/01/2011]',25.500,17.300,1.900,3.700,-7.300,0.500
'[00:00:01.333 01/01/2011]',25.200,17.500,2.500,4.100,-6.800,0.500
'[00:00:01.334 01/01/2011]',24.300,17.800,3.100,4.600,-6.300,0.500
'[00:00:01.335 01/01/2011]',23.500,18.000,3.400,4.900,-6.000,0.500
'[00:00:01.336 01/01/2011]',23.200,17.800,3.400,4.900,-6.000,0.500
'[00:00:01.337 01/01/2011]',23.700,17.600,3.100,4.400,-6.200,0.500
'[00:00:01.338 01/01/2011]',24.900,17.400,2.900,3.800,-6.500,0.500
'[00:00:01.339 01/01/2011]',26.200,17.600,2.900,3.200,-6.900,0.500
'[00:00:01.340 01/01/2011]',27.000,18.200,3.000,3.000,-7.100,0.500
'[00:00:01.341 01/01/2011]',27.100,18.900,3.000,3.200,-7.100,0.500
'[00:00:01.342 01/01/2011]',26.400,19.300,3.000,3.500,-6.900,0.500
'[00:00:01.343 01/01/2011]',25.200,19.400,2.800,3.700,-6.600,0.500
'[00:00:01.344 01/01/2011]',23.600,19.300,2.400,3.700,-6.400,0.500
'[00:00:01.345 01/01/2011]',22.100,19.300,2.000,3.500,-6.200,0.500
'[00:00:01.346 01/01/2011]',20.700,19.800,1.700,3.200,-6.100,0.500
'[00:00:01.347 01/01/2011]',19.800,20.500,1.700,3.100,-6.200,0.500
'[00:00:01.348 01/01/2011]',19.400,20.900,1.800,3.200,-6.200,0.500
'[00:00:01.349 01/01/2011]',19.300,20.700,1.900,3.400,-6.300,0.500
'[00:00:01.350 01/01/2011]',19.500,19.800,1.900,3.500,-6.400,0.500
'[00:00:01.351 01/01/2011]',19.600,18.700,1.700,3.400,-6.600,0.500
'[00:00:01.352 01/01/2011]',19.400,17.800,1.300,3.100,-6.800,0.500
'[00:00:01.353 01/01/2011]',18.900,17.600,0.900,2.700,-7.100,0.500
'[00:00:01.354 01/01/2011]',18.200,17.800,0.700,2.300,-7.300,0.500
'[00:00:01.355 01/01/2011]',17.500,18.100,0.700,1.900,-7.300,0.500
'[00:00:01.356 01/01/2011]',17.000,17.900,1.000,1.700,-7.000,0.500
'[00:00:01.357 01/01/2011]',16.700,17.500,1.500,1.700,-6.400,0.500
'[00:00:01.358 01/01/2011]',16.500,17.200,2.100,2.000,-5.400,0.500
'[00:00:01.359 01/01/2011]',16.400,17.300,2.700,2.500,-4.400,0.500
'[00:00:01.360 01/01/2011]',16.200,18.100,3.300,3.300,-3.400,0.500
'[00:00:01.361 01/01/2011]',15.700,19.200,3.900,4.200,-2.700,0.500
'[00:00:01.362 01/01/2011]',14.900,20.200,4.600,5.100,-2.200,0.500
'[00:00:01.363 01/01/2011]',13.600,20.700,5.200,5.900,-2.000,0.500
'[00:00:01.364 01/01/2011]',12.100,20.800,5.600,6.400,-2.000,0.500
'[00:00:01.365 01/01/2011]',10.800,20.700,5.800,6.600,-2.000,0.500
'[00:00:01.366 01/01/2011]',10.200,20.800,5.700,6.800,-1.900,0.500
'[00:00:01.367 01/01/2011]',10.500,21.100,5.500,6.900,-1.700,0.500
'[00:00:01.368 01/01/2011]',11.500,21.300,5.200,7.100,-1.600,0.500
'[00:00:01.369 01/01/2011]',12.600,21.200,5.100,7.200,-1.500,0.500
'[00:00:01.370 01/01/2011]',13.100,20.600,5.000,7.100,-1.700,0.500
'[00:00:01.371 01/01/2011]',12.900,19.700,5.000,6.700,-2.000,0.500
'[00:00:01.372 01/01/2011]',12.100,18.700,4.900,6.200,-2.300,0.500
'[00:00:01.373 01/01/2011]',11.100,18.000,4.700,5.600,-2.600,0.500
'[00:00:01.374 01/01/2011]',10.200,17.500,4.500,5.200,-2.900,0.500
'[00:00:01.375 01/01/2011]',9.700,17.100,4.300,5.100,-2.900,0.500
'[00:00:01.376 01/01/2011]',9.300,16.700,4.400,5.300,-2.700,0.500
'[00:00:01.377 01/01/2011]',8.900,16.300,4.800,5.500,-2.400,0.500
'[00:00:01.378 01/01/2011]',8.500,16.200,5.300,5.700,-1.900,0.500
'[00:00:01.379 01/01/2011]',8.200,16.300,5.900,5.600,-1.300,0.500
'[00:00:01.380 01/01/2011]',8.200,16.800,6.100,5.400,-0.700,0.500
'[00:00:01.381 01/01/2011]',8.500,17.500,6.100,5.100,0.000,0.500
'[00:00:01.382 01/01/2011]',8.900,18.100,5.900,5.000,0.800,0.500
'[00:00:01.383 01/01/2011]',9.100,18.500,5.800,5.400,1.600,0.500
'[00:00:01.384 01/01/2011]',9.000,18.800,6.100,6.100,2.200,0.500
'[00:00:01.385 01/01/2011]',8.700,19.200,6.600,7.000,2.600,0.500
'[00:00:01.386 01/01/2011]',8.600,19.700,7.300,7.700,2.800,0.500
'[00:00:01.387 01/01/2011]',8.600,20.100,7.800,8.000,2.700,0.500
'[00:00:01.388 01/01/2011]',8.800,20.300,8.000,7.900,2.400,0.500
'[00:00:01.389 01/01/2011]',8.800,19.900,7.700,7.400,2.200,0.500
'[00:00:01.390 01/01/2011]',8.400,19.000,7.100,6.800,1.900,0.500
'[00:00:01.391 01/01/2011]',7.700,17.800,6.600,6.300,1.600,0.500
'[00:00:01.392 01/01/2011]',7.000,16.900,6.400,6.000,1.400,0.500
'[00:00:01.393 01/01/2011]',6.700,16.400,6.400,6.000,1.000,0.500
'[00:00:01.394 01/01/2011]',6.800,16.300,6.600,6.000,0.700,0.500
'[00:00:01.395 01/01/2011]',7.400,16.400,6.800,5.900,0.500,0.500
'[00:00:01.396 01/01/2011]',7.900,16.400,6.800,5.700,0.300,0.500
'[00:00:01.397 01/01/2011]',8.100,16.200,6.600,5.400,0.300,0.500
'[00:00:01.398 01/01/2011]',7.900,15.800,6.300,5.200,0.600,0.500
'[00:00:01.399 01/01/2011]',7.300,15.400,6.200,5.100,1.100,0.500
'[00:00:01.400 01/01/2011]',6.700,15.300,6.200,5.100,1.700,0.500
'[00:00:01.401 01/01/2011]',6.400,15.400,6.300,5.300,2.300,0.500
'[00:00:01.402 01/01/2011]',6.500,15.700,6.500,5.600,2.900,0.500
'[00:00:01.403 01/01/2011]',7.200,16.000,6.600,5.800,3.400,0.500
'[00:00:01.404 01/01/2011]',8.100,16.200,6.600,6.100,3.800,0.500
'[00:00:01.405 01/01/2011]',9.200,16.400,6.600,6.500,4.100,0.500
'[00:00:01.406 01/01/2011]',10.000,16.600,6.500,6.800,4.400,0.500
'[00:00:01.407 01/01/2011]',10.400,16.700,6.500,7.100,4.700,0.500
'[00:00:01.408 01/01/2011]',10.500,16.600,6.500,7.300,4.800,0.500
'[00:00:01.409 01/01/2011]',10.400,16.300,6.500,7.200,4.900,0.500
'[00:00:01.410 01/01/2011]',10.400,15.900,6.500,7.000,4.900,0.500
'[00:00:01.411 01/01/2011]',10.700,15.300,6.500,6.700,4.900,0.500
'[00:00:01.412 01/01/2011]',11.500,14.600,6.700,6.400,5.100,0.500
'[00:00:01.413 01/01/2011]',12.500,14.000,6.900,6.100,5.500,0.500
'[00:00:01.414 01/01/2011]',13.700,13.400,7.100,5.700,6.000,0.500
'[00:00:01.415 01/01/2011]',14.600,13.100,7.400,5.500,6.500,0.500
'[00:00:01.416 01/01/2011]',15.300,12.900,7.500,5.400,6.900,0.500
'[00:00:01.417 01/01/2011]',15.600,13.200,7.500,5.500,7.300,0.500
'[00:00:01.418 01/01/2011]',15.400,13.600,7.600,5.900,7.700,0.500
'[00:00:01.419 01/01/2011]',14.800,14.100,7.800,6.400,8.200,0.500
'[00:00:01.420 01/01/2011]',13.600,14.300,8.100,6.900,8.900,0.500
'[00:00:01.421 01/01/2011]',12.100,14.000,8.400,7.100,9.700,0.500
'[00:00:01.422 01/01/2011]',10.500,13.200,8.600,7.000,10.400,0.500
'[00:00:01.423 01/01/2011]',9.300,12.500,8.600,6.700,10.900,0.500
'[00:00:01.424 01/01/2011]',8.800,12.200,8.300,6.500,11.300,0.500
'[00:00:01.425 01/01/2011]',9.000,12.400,8.000,6.700,11.600,0.500
'[00:00:01.426 01/01/2011]',9.700,13.100,7.800,7.400,11.800,0.500
'[00:00:01.427 01/01/2011]',10.600,13.700,8.000,8.300,12.200,0.500
'[00:00:01.428 01/01/2011]',11.300,13.800,8.400,9.100,12.700,0.500
'[00:00:01.429 01/01/2011]',11.800,13.400,9.100,9.600,13.200,0.500
'[00:00:01.430 01/01/2011]',12.100,12.700,9.900,9.800,13.700,0.500
'[00:00:01.431 01/01/2011]',12.400,12.000,10.400,9.700,14.100,0.500
'[00:00:01.432 01/01/2011]',12.800,11.800,10.700,9.600,14.400,0.500
'[00:00:01.433 01/01/2011]',13.000,11.900,10.600,9.600,14.600,0.500
'[00:00:01.434 01/01/2011]',13.100,11.900,10.200,9.800,14.800,0.500
'[00:00:01.435 01/01/2011]',12.900,11.500,9.700,9.900,15.200,0.500
'[00:00:01.436 01/01/2011]',12.800,10.600,9.200,9.900,15.700,0.500
'[00:00:01.437 01/01/2011]',12.900,9.400,8.900,9.700,16.500,0.500
'[00:00:01.438 01/01/2011]',13.400,8.500,8.800,9.300,17.200,0.500
'[00:00:01.439 01/01/2011]',14.000,8.100,8.800,8.800,17.600,0.500
'[00:00:01.440 01/01/2011]',14.100,8.200,8.700,8.300,17.700,0.500
'[00:00:01.441 01/01/2011]',13.300,8.600,8.500,8.000,17.400,0.500
'[00:00:01.442 01/01/2011]',11.700,8.900,8.300,8.000,17.000,0.500
'[00:00:01.443 01/01/2011]',9.700,8.900,8.100,8.300,16.700,0.500
'[00:00:01.444 01/01/2011]',8.400,8.600,8.100,8.800,16.900,0.500
'[00:00:01.445 01/01/2011]',8.200,8.400,8.300,9.500,17.400,0.500
'[00:00:01.446 01/01/2011]',9.200,8.400,8.600,10.200,18.000,0.500
'[00:00:01.447 01/01/2011]',10.700,8.600,8.800,10.800,18.600,0.500
'[00:00:01.448 01/01/2011]',11.600,9.000,8.800,11.200,19.100,0.500
'[00:00:01.449 01/01/2011]',11.600,9.200,8.700,11.300,19.400,0.500
'[00:00:01.450 01/01/2011]',10.900,9.100,8.600,11.300,19.800,0.500
'[00:00:01.451 01/01/2011]',10.100,8.600,8.600,11.100,20.400,0.500
'[00:00:01.452 01/01/2011]',9.900,7.900,8.900,11.000,21.200,0.500
'[00:00:01.453 01/01/2011]',10.600,7.400,9.300,11.100,22.100,0.500
'[00:00:01.454 01/01/2011]',11.900,7.200,9.700,11.400,22.900,0.500
'[00:00:01.455 01/01/2011]',13.100,7.300,10.200,11.900,23.600,0.500
'[00:00:01.456 01/01/2011]',13.900,7.600,10.600,12.600,24.300,0.500
'[00:00:01.457 01/01/2011]',14.100,7.700,11.000,13.200,24.900,0.500
'[00:00:01.458 01/01/2011]',14.200,7.700,11.300,13.500,25.700,0.500
'[00:00:01.459 01/01/2011]',14.400,7.600,11.500,13.600,26.300,0.500
'[00:00:01.460 01/01/2011]',14.900,7.500,11.700,13.600,26.800,0.500
'[00:00:01.461 01/01/2011]',15.300,7.600,11.800,13.700,27.100,0.500
'[00:00:01.462 01/01/2011]',15.600,7.800,12.000,14.000,27.400,0.500
'[00:00:01.463 01/01/2011]',15.800,8.000,12.200,14.500,27.800,0.500
'[00:00:01.464 01/01/2011]',15.800,8.100,12.400,15.000,28.400,0.500
'[00:00:01.465 01/01/2011]',15.700,8.000,12.600,15.400,29.100,0.500
'[00:00:01.466 01/01/2011]',15.500,7.900,12.800,15.600,29.700,0.500
'[00:00:01.467 01/01/2011]',15.200,7.800,13.000,15.800,30.000,0.500
'[00:00:01.468 01/01/2011]',14.800,7.800,13.000,16.000,29.900,0.500
'[00:00:01.469 01/01/2011]',14.500,7.800,13.100,16.100,29.700,0.500
'[00:00:01.470 01/01/2011]',14.800,7.700,13.200,16.100,29.400,0.500
'[00:00:01.471 01/01/2011]',15.600,7.300,13.300,15.800,29.200,0.500
'[00:00:01.472 01/01/2011]',16.800,6.700,13.400,15.300,29.100,0.500
'[00:00:01.473 01/01/2011]',17.800,6.300,13.400,15.000,29.200,0.500
'[00:00:01.474 01/01/2011]',18.000,6.100,13.400,15.100,29.200,0.500
'[00:00:01.475 01/01/2011]',17.400,6.300,13.400,15.500,29.400,0.500
'[00:00:01.476 01/01/2011]',16.300,6.600,13.600,16.100,29.800,0.500
'[00:00:01.477 01/01/2011]',15.300,6.900,13.800,16.500,30.400,0.500
'[00:00:01.478 01/01/2011]',14.600,7.000,14.100,16.600,31.100,0.500
'[00:00:01.479 01/01/2011]',14.400,6.900,14.300,16.400,31.900,0.500
'[00:00:01.480 01/01/2011]',14.100,6.900,14.400,16.100,32.500,0.500
'[00:00:01.481 01/01/2011]',13.300,7.000,14.500,16.000,32.801,0.500
'[00:00:01.482 01/01/2011]',12.200,7.300,14.500,16.200,32.801,0.500
'[00:00:01.483 01/01/2011]',11.000,7.500,14.700,16.700,32.801,0.500
'[00:00:01.484 01/01/2011]',10.100,7.700,14.900,17.200,32.700,0.500
'[00:00:01.485 01/01/2011]',9.600,7.600,15.000,17.500,32.801,0.500
'[00:00:01.486 01/01/2011]',9.400,7.200,15.100,17.500,32.901,0.500
'[00:00:01.487 01/01/2011]',9.000,6.900,14.900,17.300,32.901,0.500
'[00:00:01.488 01/01/2011]',8.400,6.700,14.400,17.300,32.801,0.500
'[00:00:01.489 01/01/2011]',7.800,6.600,13.700,17.500,32.400,0.500
'[00:00:01.490 01/01/2011]',7.600,6.700,13.000,17.800,31.800,0.500
'[00:00:01.491 01/01/2011]',8.000,6.800,12.400,18.000,31.300,0.500
'[00:00:01.492 01/01/2011]',8.800,6.700,12.000,17.900,31.100,0.500
'[00:00:01.493 01/01/2011]',9.500,6.400,11.600,17.400,31.000,0.500
'[00:00:01.494 01/01/2011]',9.400,6.000,11.300,16.500,31.100,0.500
'[00:00:01.495 01/01/2011]',8.400,5.500,11.000,15.600,31.000,0.500
'[00:00:01.496 01/01/2011]',6.600,5.000,10.500,14.900,30.700,0.500
'[00:00:01.497 01/01/2011]',4.500,4.700,10.100,14.600,30.200,0.500
'[00:00:01.498 01/01/2011]',2.500,4.500,9.800,14.700,29.700,0.500
'[00:00:01.499 01/01/2011]',0.600,4.600,9.700,15.100,29.500,0.500
'[00:00:01.500 01/01/2011]',-1.200,4.800,9.700,15.600,29.700,0.500
'[00:00:01.501 01/01/2011]',-2.900,5.200,9.900,15.900,30.000,0.500
'[00:00:01.502 01/01/2011]',-4.200,5.600,10.000,15.900,30.200,0.500
'[00:00:01.503 01/01/2011]',-4.800,5.900,10.000,15.600,30.000,0.500
'[00:00:01.504 01/01/2011]',-4.700,6.100,9.900,15.000,29.300,0.500
'[00:00:01.505 01/01/2011]',-4.400,6.000,9.800,14.400,28.400,0.500
'[00:00:01.506 01/01/2011]',-4.600,5.800,9.800,14.100,27.400,0.500
'[00:00:01.507 01/01/2011]',-5.800,5.700,10.000,14.200,26.800,0.500
'[00:00:01.508 01/01/2011]',-7.900,6.000,10.400,14.600,26.500,0.500
'[00:00:01.509 01/01/2011]',-10.200,6.600,10.800,14.900,26.400,0.500
'[00:00:01.510 01/01/2011]',-11.800,7.200,11.200,15.000,26.300,0.500
'[00:00:01.511 01/01/2011]',-12.200,7.500,11.400,14.600,25.900,0.500
'[00:00:01.512 01/01/2011]',-11.400,7.300,11.400,13.800,25.200,0.500
'[00:00:01.513 01/01/2011]',-10.000,6.600,11.300,13.000,24.500,0.500
'[00:00:01.514 01/01/2011]',-8.900,5.600,11.200,12.500,23.800,0.500
'[00:00:01.515 01/01/2011]',-8.400,4.900,11.200,12.400,23.400,0.500
'[00:00:01.516 01/01/2011]',-8.500,4.700,11.400,12.800,23.200,0.500
'[00:00:01.517 01/01/2011]',-9.000,5.100,11.600,13.200,23.100,0.500
'[00:00:01.518 01/01/2011]',-9.300,5.700,11.700,13.400,22.900,0.500
'[00:00:01.519 01/01/2011]',-9.400,6.100,11.900,13.200,22.600,0.500
'[00:00:01.520 01/01/2011]',-9.200,6.200,11.800,12.700,22.100,0.500
'[00:00:01.521 01/01/2011]',-8.800,6.000,11.600,12.200,21.400,0.500
'[00:00:01.522 01/01/2011]',-8.500,5.900,11.300,11.900,20.700,0.500
'[00:00:01.523 01/01/2011]',-8.500,6.100,11.000,11.800,19.900,0.500
'[00:00:01.524 01/01/2011]',-8.700,6.800,10.800,11.900,19.200,0.500
'[00:00:01.525 01/01/2011]',-9.200,7.700,10.800,12.000,18.600,0.500
'[00:00:01.526 01/01/2011]',-9.700,8.400,11.000,12.000,18.100,0.500
'[00:00:01.527 01/01/2011]',-10.100,8.500,11.300,11.900,17.700,0.500
'[00:00:01.528 01/01/2011]',-10.100,8.200,11.600,11.900,17.400,0.500
'[00:00:01.529 01/01/2011]',-9.700,7.400,11.800,11.900,17.000,0.500
'[00:00:01.530 01/01/2011]',-9.200,6.600,12.000,12.000,16.500,0.500
'[00:00:01.531 01/01/2011]',-8.900,6.000,12.000,12.100,16.000,0.500
'[00:00:01.532 01/01/2011]',-9.000,5.700,11.900,12.000,15.500,0.500
'[00:00:01.533 01/01/2011]',-9.600,5.800,11.700,11.600,15.100,0.500
'[00:00:01.534 01/01/2011]',-10.100,6.300,11.500,11.000,14.800,0.500
'[00:00:01.535 01/01/2011]',-10.100,7.100,11.200,10.500,14.600,0.500
'[00:00:01.536 01/01/2011]',-9.500,7.900,10.900,10.000,14.400,0.500
'[00:00:01.537 01/01/2011]',-8.600,8.400,10.700,9.700,14.000,0.500
'[00:00:01.538 01/01/2011]',-7.900,8.500,10.400,9.400,13.400,0.500
'[00:00:01.539 01/01/2011]',-8.100,8.300,10.200,9.000,12.600,0.500
'[00:00:01.540 01/01/2011]',-9.100,8.100,10.100,8.600,11.800,0.500
'[00:00:01.541 01/01/2011]',-10.500,8.100,10.300,8.400,11.200,0.500
'[00:00:01.542 01/01/2011]',-11.500,8.600,10.800,8.500,10.900,0.500
'[00:00:01.543 01/01/2011]',-11.500,9.600,11.500,9.000,10.900,0.500
'[00:00:01.544 01/01/2011]',-10.400,10.500,12.300,9.700,11.100,0.500
'[00:00:01.545 01/01/2011]',-8.800,11.100,12.800,10.300,11.100,0.500
'[00:00:01.546 01/01/2011]',-7.400,11.200,13.000,10.500,10.900,0.500
'[00:00:01.547 01/01/2011]',-6.700,10.700,12.800,10.300,10.500,0.500
'[00:00:01.548 01/01/2011]',-6.800,10.100,12.300,9.600,10.100,0.500
'[00:00:01.549 01/01/2011]',-7.400,9.800,11.800,8.900,9.700,0.500
'[00:00:01.550 01/01/2011]',-7.800,9.900,11.500,8.300,9.400,0.500
'[00:00:01.551 01/01/2011]',-7.800,10.200,11.300,8.100,9.200,0.500
'[00:00:01.552 01/01/2011]',-7.800,10.400,11.200,8.200,8.900,0.500
'[00:00:01.553 01/01/2011]',-8.000,10.400,11.200,8.600,8.500,0.500
'[00:00:01.554 01/01/2011]',-8.600,10.200,11.000,9.000,8.100,0.500
'[00:00:01.555 01/01/2011]',-9.400,10.100,10.900,9.200,7.800,0.500
'[00:00:01.556 01/01/2011]',-9.900,10.300,10.900,9.300,7.800,0.500
'[00:00:01.557 01/01/2011]',-9.500,10.800,11.000,9.300,8.000,0.500
'[00:00:01.558 01/01/2011]',-8.300,11.400,11.200,9.200,8.200,0.500
'[00:00:01.559 01/01/2011]',-6.900,11.900,11.400,9.000,8.200,0.500
'[00:00:01.560 01/01/2011]',-6.000,12.100,11.600,8.800,7.800,0.500
'[00:00:01.561 01/01/2011]',-6.000,12.000,11.700,8.500,7.000,0.500
'[00:00:01.562 01/01/2011]',-6.700,11.800,11.700,8.100,5.900,0.500
'[00:00:01.563 01/01/2011]',-7.400,11.800,11.600,7.600,4.900,0.500
'[00:00:01.564 01/01/2011]',-7.500,12.100,11.300,7.200,4.300,0.500
'[00:00:01.565 01/01/2011]',-6.600,12.500,10.900,7.000,4.000,0.500
'[00:00:01.566 01/01/2011]',-5.100,13.000,10.600,6.900,4.000,0.500
'[00:00:01.567 01/01/2011]',-3.800,13.100,10.200,7.000,4.100,0.500
'[00:00:01.568 01/01/2011]',-3.200,12.800,9.900,7.100,4.000,0.500
'[00:00:01.569 01/01/2011]',-3.700,12.000,9.500,7.000,3.500,0.500
'[00:00:01.570 01/01/2011]',-4.800,11.000,9.100,6.600,2.600,0.500
'[00:00:01.571 01/01/2011]',-6.100,10.000,8.300,5.800,1.500,0.500
'[00:00:01.572 01/01/2011]',-7.400,9.200,7.300,4.700,0.100,0.500
'[00:00:01.573 01/01/2011]',-8.400,8.900,6.000,3.300,-1.300,0.500
'[00:00:01.574 01/01/2011]',-9.300,8.900,4.600,2.100,-2.700,0.500
'[00:00:01.575 01/01/2011]',-10.400,8.900,3.500,1.100,-3.900,0.500
'[00:00:01.576 01/01/2011]',-11.500,8.900,2.800,0.700,-4.500,0.500
'[00:00:01.577 01/01/2011]',-12.400,8.600,2.700,1.000,-4.400,0.500
'[00:00:01.578 01/01/2011]',-12.600,8.200,3.500,1.900,-3.600,0.500
'[00:00:01.579 01/01/2011]',-11.200,8.000,4.900,3.200,-2.600,0.500
'[00:00:01.580 01/01/2011]',-7.700,8.300,6.700,4.500,-1.500,0.500
'[00:00:01.581 01/01/2011]',-2.000,9.200,8.600,5.700,-0.800,0.500
'[00:00:01.582 01/01/2011]',5.600,10.400,10.200,6.500,-0.200,0.500
'[00:00:01.583 01/01/2011]',14.500,11.900,11.800,7.300,0.700,0.500
'[00:00:01.584 01/01/2011]',23.700,13.200,13.300,8.300,2.200,0.500
'[00:00:01.585 01/01/2011]',32.500,14.200,15.000,9.800,4.500,0.500
'[00:00:01.586 01/01/2011]',40.501,14.900,17.000,11.500,7.300,0.500
'[00:00:01.587 01/01/2011]',47.901,15.300,19.100,13.200,9.900,0.500
'[00:00:01.588 01/01/2011]',54.901,15.600,20.900,14.500,11.700,0.500
'[00:00:01.589 01/01/2011]',61.401,15.800,22.100,15.200,12.600,0.500
'[00:00:01.590 01/01/2011]',67.301,16.000,22.800,15.300,13.000,0.500
'[00:00:01.591 01/01/2011]',71.901,16.200,23.400,15.400,13.500,0.500
'[00:00:01.592 01/01/2011]',74.601,16.400,24.100,15.800,14.400,0.500
'[00:00:01.593 01/01/2011]',75.201,16.500,25.100,16.600,16.000,0.500
'[00:00:01.594 01/01/2011]',73.701,16.500,26.200,17.500,17.800,0.500
'[00:00:01.595 01/01/2011]',70.601,16.400,27.100,18.300,19.400,0.500
'[00:00:01.596 01/01/2011]',66.901,16.300,27.400,18.700,20.400,0.500
'[00:00:01.597 01/01/2011]',63.301,16.200,27.000,18.600,20.800,0.500
'[00:00:01.598 01/01/2011]',60.401,16.100,26.300,18.100,20.600,0.500
'[00:00:01.599 01/01/2011]',58.401,16.000,25.600,17.500,20.100,0.500
'[00:00:01.600 01/01/2011]',56.901,15.900,25.100,16.700,19.200,0.500
'[00:00:01.601 01/01/2011]',55.301,15.500,24.700,15.800,17.900,0.500
'[00:00:01.602 01/01/2011]',52.801,15.100,24.100,14.700,16.200,0.500
'[00:00:01.603 01/01/2011]',49.101,14.600,22.700,13.400,13.900,0.500
'[00:00:01.604 01/01/2011]',43.901,14.000,20.300,11.800,11.000,0.500
'[00:00:01.605 01/01/2011]',37.301,13.400,17.100,9.900,7.800,0.500
'[00:00:01.606 01/01/2011]',29.100,12.700,13.500,7.900,4.200,0.500
'[00:00:01.607 01/01/2011]',19.200,11.900,9.900,5.700,0.800,0.500
'[00:00:01.608 01/01/2011]',7.400,11.100,6.700,3.500,-2.200,0.500
'[00:00:01.609 01/01/2011]',-5.500,10.300,4.200,1.500,-4.500,0.500
'[00:00:01.610 01/01/2011]',-18.000,9.500,2.300,0.100,-6.000,0.500
'[00:00:01.611 01/01/2011]',-28.200,8.800,1.300,-0.700,-6.600,0.500
'[00:00:01.612 01/01/2011]',-34.201,8.500,0.900,-0.500,-6.500,0.500
'[00:00:01.613 01/01/2011]',-35.201,8.500,1.200,0.300,-6.100,0.500
'[00:00:01.614 01/01/2011]',-31.900,9.000,2.000,1.600,-5.300,0.500
'[00:00:01.615 01/01/2011]',-25.800,9.700,3.100,2.800,-4.600,0.500
'[00:00:01.616 01/01/2011]',-19.000,10.400,4.200,3.600,-3.800,0.500
'[00:00:01.617 01/01/2011]',-12.900,10.800,5.100,3.800,-3.200,0.500
'[00:00:01.618 01/01/2011]',-8.400,10.600,5.700,3.600,-2.700,0.500
'[00:00:01.619 01/01/2011]',-5.400,10.100,5.900,3.100,-2.600,0.500
'[00:00:01.620 01/01/2011]',-3.800,9.400,5.800,2.900,-2.500,0.500
'[00:00:01.621 01/01/2011]',-3.000,9.000,5.800,3.000,-2.600,0.500
'[00:00:01.622 01/01/2011]',-2.800,9.000,5.700,3.400,-2.500,0.500
'[00:00:01.623 01/01/2011]',-3.000,9.100,5.800,3.900,-2.300,0.500
'[00:00:01.624 01/01/2011]',-3.300,9.300,5.900,4.200,-2.000,0.500
'[00:00:01.625 01/01/2011]',-3.600,9.300,5.900,3.900,-1.600,0.500
'[00:00:01.626 01/01/2011]',-3.800,9.000,5.800,3.200,-1.500,0.500
'[00:00:01.627 01/01/2011]',-3.900,8.600,5.600,2.300,-1.500,0.500
'[00:00:01.628 01/01/2011]',-4.000,8.400,5.400,1.800,-1.900,0.500
'[00:00:01.629 01/01/2011]',-4.100,8.400,5.100,1.800,-2.300,0.500
'[00:00:01.630 01/01/2011]',-4.200,8.600,4.800,2.300,-2.800,0.500
'[00:00:01.631 01/01/2011]',-4.000,8.900,4.500,3.100,-3.100,0.500
'[00:00:01.632 01/01/2011]',-3.500,9.000,4.300,3.900,-3.200,0.500
'[00:00:01.633 01/01/2011]',-3.000,9.000,4.100,4.300,-2.900,0.500
'[00:00:01.634 01/01/2011]',-2.500,8.800,4.100,4.300,-2.300,0.500
'[00:00:01.635 01/01/2011]',-2.400,8.500,4.300,4.100,-1.500,0.500
'[00:00:01.636 01/01/2011]',-2.600,8.100,4.600,3.800,-0.700,0.500
'[00:00:01.637 01/01/2011]',-3.200,7.800,4.900,3.600,0.000,0.500
'[00:00:01.638 01/01/2011]',-3.800,7.400,5.300,3.300,0.400,0.500
'[00:00:01.639 01/01/2011]',-4.600,7.200,5.700,3.000,0.600,0.500
'[00:00:01.640 01/01/2011]',-5.500,7.200,5.900,2.800,0.500,0.500
'[00:00:01.641 01/01/2011]',-6.300,7.600,6.100,2.700,0.200,0.500
'[00:00:01.642 01/01/2011]',-6.900,8.000,6.200,2.800,-0.100,0.500
'[00:00:01.643 01/01/2011]',-7.000,8.400,6.200,3.200,-0.600,0.500
'[00:00:01.644 01/01/2011]',-6.400,8.500,6.200,3.700,-1.000,0.500
'[00:00:01.645 01/01/2011]',-5.400,8.300,6.200,4.000,-1.200,0.500
'[00:00:01.646 01/01/2011]',-4.400,8.000,6.100,4.000,-1.300,0.500
'[00:00:01.647 01/01/2011]',-3.900,7.800,5.900,3.800,-1.200,0.500
'[00:00:01.648 01/01/2011]',-4.100,8.000,5.700,3.600,-1.100,0.500
'[00:00:01.649 01/01/2011]',-4.900,8.700,5.700,3.700,-0.900,0.500
'[00:00:01.650 01/01/2011]',-5.900,9.500,5.700,3.900,-0.700,0.500
'[00:00:01.651 01/01/2011]',-6.500,9.900,6.000,4.200,-0.600,0.500
'[00:00:01.652 01/01/2011]',-6.500,9.700,6.300,4.300,-0.400,0.500
'[00:00:01.653 01/01/2011]',-6.000,9.100,6.500,4.000,-0.200,0.500
'[00:00:01.654 01/01/2011]',-5.500,8.300,6.500,3.500,-0.100,0.500
'[00:00:01.655 01/01/2011]',-5.300,8.000,6.200,3.000,-0.100,0.500
'[00:00:01.656 01/01/2011]',-5.800,8.300,5.700,2.800,-0.200,0.500
'[00:00:01.657 01/01/2011]',-7.000,9.000,5.300,2.900,-0.200,0.500
'[00:00:01.658 01/01/2011]',-8.600,9.600,5.300,3.100,-0.100,0.500
'[00:00:01.659 01/01/2011]',-10.100,9.600,5.500,3.400,0.200,0.500
'[00:00:01.660 01/01/2011]',-11.100,9.000,6.000,3.500,0.800,0.500
'[00:00:01.661 01/01/2011]',-11.400,8.200,6.300,3.500,1.600,0.500
'[00:00:01.662 01/01/2011]',-11.100,7.600,6.400,3.500,2.400,0.500
'[00:00:01.663 01/01/2011]',-10.700,7.600,6.200,3.400,3.000,0.500
'[00:00:01.664 01/01/2011]',-10.700,8.200,5.900,3.400,3.400,0.500
'[00:00:01.665 01/01/2011]',-11.200,9.000,5.700,3.200,3.400,0.500
'[00:00:01.666 01/01/2011]',-11.900,9.400,5.900,2.900,3.200,0.500
'[00:00:01.667 01/01/2011]',-12.400,9.300,6.100,2.500,2.900,0.500
'[00:00:01.668 01/01/2011]',-11.900,8.900,6.400,2.100,2.500,0.500
'[00:00:01.669 01/01/2011]',-10.200,8.500,6.300,1.800,2.100,0.500
'[00:00:01.670 01/01/2011]',-7.800,8.400,6.100,1.600,1.600,0.500
'[00:00:01.671 01/01/2011]',-5.600,8.700,5.900,1.400,1.300,0.500
'[00:00:01.672 01/01/2011]',-4.600,9.000,6.000,1.300,1.100,0.500
'[00:00:01.673 01/01/2011]',-5.300,9.100,6.400,1.200,1.200,0.500
'[00:00:01.674 01/01/2011]',-7.200,8.900,7.200,1.400,1.600,0.500
'[00:00:01.675 01/01/2011]',-9.100,8.700,8.000,2.000,2.000,0.500
'[00:00:01.676 01/01/2011]',-10.100,8.600,8.500,2.800,2.300,0.500
'[00:00:01.677 01/01/2011]',-9.700,8.900,8.700,3.700,2.200,0.500
'[00:00:01.678 01/01/2011]',-8.500,9.300,8.600,4.500,2.000,0.500
'[00:00:01.679 01/01/2011]',-7.500,9.700,8.300,4.900,1.700,0.500
'[00:00:01.680 01/01/2011]',-7.500,9.700,8.200,5.100,1.700,0.500
'[00:00:01.681 01/01/2011]',-8.700,9.600,8.300,5.100,2.100,0.500
'[00:00:01.682 01/01/2011]',-10.300,9.400,8.700,5.200,2.900,0.500
'[00:00:01.683 01/01/2011]',-11.200,9.400,9.200,5.500,3.600,0.500
'[00:00:01.684 01/01/2011]',-10.900,9.700,9.800,5.800,4.000,0.500
'[00:00:01.685 01/01/2011]',-9.700,10.100,10.300,6.200,4.100,0.500
'[00:00:01.686 01/01/2011]',-8.300,10.400,10.600,6.400,3.800,0.500
'[00:00:01.687 01/01/2011]',-7.800,10.500,10.500,6.500,3.500,0.500
'[00:00:01.688 01/01/2011]',-8.400,10.400,10.100,6.600,3.500,0.500
'[00:00:01.689 01/01/2011]',-9.600,10.200,9.600,6.800,3.700,0.500
'[00:00:01.690 01/01/2011]',-10.400,10.100,8.900,7.100,3.900,0.500
'[00:00:01.691 01/01/2011]',-10.200,10.200,8.300,7.300,4.000,0.500
'[00:00:01.692 01/01/2011]',-8.900,10.300,7.800,7.400,3.600,0.500
'[00:00:01.693 01/01/2011]',-7.500,10.400,7.300,7.100,2.800,0.500
'[00:00:01.694 01/01/2011]',-6.900,10.400,7.000,6.600,2.000,0.500
'[00:00:01.695 01/01/2011]',-7.700,10.300,6.900,6.100,1.400,0.500
'[00:00:01.696 01/01/2011]',-9.700,10.000,7.100,5.700,1.500,0.500
'[00:00:01.697 01/01/2011]',-11.900,9.700,7.500,5.700,2.100,0.500
'[00:00:01.698 01/01/2011]',-13.200,9.400,8.200,5.800,3.100,0.500
'[00:00:01.699 01/01/2011]',-13.200,9.000,8.800,5.900,3.900,0.500
'[00:00:01.700 01/01/2011]',-12.200,8.700,9.200,5.900,4.400,0.500
'[00:00:01.701 01/01/2011]',-11.000,8.700,9.400,5.800,4.300,0.500
'[00:00:01.702 01/01/2011]',-10.300,9.200,9.300,5.700,3.800,0.500
'[00:00:01.703 01/01/2011]',-10.600,9.900,9.100,5.900,3.300,0.500
'[00:00:01.704 01/01/2011]',-11.800,10.800,9.000,6.300,3.000,0.500
'[00:00:01.705 01/01/2011]',-13.300,11.500,8.900,6.800,3.100,0.500
'[00:00:01.706 01/01/2011]',-14.500,11.800,8.900,7.300,3.600,0.500
'[00:00:01.707 01/01/2011]',-14.700,11.700,8.900,7.400,4.100,0.500
'[00:00:01.708 01/01/2011]',-14.000,11.200,8.800,7.200,4.400,0.500
'[00:00:01.709 01/01/2011]',-12.500,10.600,8.600,6.900,4.500,0.500
'[00:00:01.710 01/01/2011]',-10.700,10.100,8.400,6.700,4.300,0.500
'[00:00:01.711 01/01/2011]',-9.300,9.900,8.400,7.000,4.100,0.500
'[00:00:01.712 01/01/2011]',-8.700,9.800,8.500,7.600,4.000,0.500
'[00:00:01.713 01/01/2011]',-9.000,9.800,8.700,8.200,4.200,0.500
'[00:00:01.714 01/01/2011]',-9.900,10.000,8.800,8.500,4.400,0.500
'[00:00:01.715 01/01/2011]',-10.800,10.100,8.900,8.500,4.500,0.500
'[00:00:01.716 01/01/2011]',-11.200,10.300,8.900,8.100,4.400,0.500
'[00:00:01.717 01/01/2011]',-10.800,10.500,8.800,7.600,4.100,0.500
'[00:00:01.718 01/01/2011]',-10.000,10.600,8.800,7.200,3.800,0.500
'[00:00:01.719 01/01/2011]',-9.400,10.700,8.800,7.100,3.900,0.500
'[00:00:01.720 01/01/2011]',-9.500,10.800,8.700,7.100,4.100,0.500
'[00:00:01.721 01/01/2011]',-10.200,11.000,8.600,7.100,4.500,0.500
'[00:00:01.722 01/01/2011]',-11.400,11.100,8.300,6.900,4.600,0.500
'[00:00:01.723 01/01/2011]',-12.400,11.000,8.000,6.700,4.300,0.500
'[00:00:01.724 01/01/2011]',-13.000,10.800,7.700,6.400,3.700,0.500
'[00:00:01.725 01/01/2011]',-12.900,10.400,7.700,6.300,3.100,0.500
'[00:00:01.726 01/01/2011]',-12.400,10.000,7.900,6.300,2.800,0.500
'[00:00:01.727 01/01/2011]',-11.700,10.000,8.300,6.500,2.900,0.500
'[00:00:01.728 01/01/2011]',-10.800,10.300,8.600,6.700,3.200,0.500
'[00:00:01.729 01/01/2011]',-9.800,11.000,8.600,6.700,3.500,0.500
'[00:00:01.730 01/01/2011]',-9.100,11.900,8.400,6.700,3.700,0.500
'[00:00:01.731 01/01/2011]',-8.700,12.400,8.100,6.700,3.800,0.500
'[00:00:01.732 01/01/2011]',-8.900,12.500,7.900,6.600,3.900,0.500
'[00:00:01.733 01/01/2011]',-9.500,12.200,7.900,6.700,4.200,0.500
'[00:00:01.734 01/01/2011]',-10.200,11.600,8.200,6.800,4.800,0.500
'[00:00:01.735 01/01/2011]',-10.500,11.400,8.600,7.000,5.300,0.500
'[00:00:01.736 01/01/2011]',-10.200,11.600,9.100,7.300,5.500,0.500
'[00:00:01.737 01/01/2011]',-9.700,12.200,9.400,7.600,5.500,0.500
'[00:00:01.738 01/01/2011]',-9.600,12.900,9.600,8.000,5.200,0.500
'[00:00:01.739 01/01/2011]',-10.000,13.400,9.600,8.400,4.900,0.500
'[00:00:01.740 01/01/2011]',-11.000,13.400,9.500,8.800,5.000,0.500
'[00:00:01.741 01/01/2011]',-11.800,13.000,9.400,9.000,5.300,0.500
'[00:00:01.742 01/01/2011]',-11.900,12.600,9.400,8.900,5.700,0.500
'[00:00:01.743 01/01/2011]',-11.200,12.400,9.600,8.800,6.100,0.500
'[00:00:01.744 01/01/2011]',-10.000,12.500,9.800,8.500,6.300,0.500
'[00:00:01.745 01/01/2011]',-8.900,12.700,10.100,8.300,6.200,0.500
'[00:00:01.746 01/01/2011]',-8.400,12.700,10.400,8.200,5.900,0.500
'[00:00:01.747 01/01/2011]',-8.600,12.600,10.600,8.100,5.600,0.500
'[00:00:01.748 01/01/2011]',-9.000,12.300,10.800,8.200,5.300,0.500
'[00:00:01.749 01/01/2011]',-9.100,12.200,10.800,8.300,5.100,0.500
'[00:00:01.750 01/01/2011]',-8.700,12.500,10.800,8.500,5.100,0.500
'[00:00:01.751 01/01/2011]',-8.100,13.000,10.700,8.800,5.200,0.500
'[00:00:01.752 01/01/2011]',-7.400,13.400,10.700,8.900,5.300,0.500
'[00:00:01.753 01/01/2011]',-6.900,13.300,10.600,8.800,5.300,0.500
'[00:00:01.754 01/01/2011]',-6.500,12.800,10.700,8.500,5.300,0.500
'[00:00:01.755 01/01/2011]',-5.800,12.100,10.900,8.000,5.100,0.500
'[00:00:01.756 01/01/2011]',-4.800,11.700,11.300,7.600,4.900,0.500
'[00:00:01.757 01/01/2011]',-4.000,11.800,11.700,7.500,4.800,0.500
'[00:00:01.758 01/01/2011]',-3.800,12.300,12.100,7.800,4.700,0.500
'[00:00:01.759 01/01/2011]',-4.300,12.900,12.300,8.300,4.900,0.500
'[00:00:01.760 01/01/2011]',-5.400,13.200,12.300,9.000,5.200,0.500
'[00:00:01.761 01/01/2011]',-6.400,13.100,12.300,9.600,5.700,0.500
'[00:00:01.762 01/01/2011]',-6.900,12.700,12.300,10.100,6.300,0.500
'[00:00:01.763 01/01/2011]',-6.700,12.400,12.500,10.300,6.700,0.500
'[00:00:01.764 01/01/2011]',-6.200,12.600,12.900,10.300,7.000,0.500
'[00:00:01.765 01/01/2011]',-6.100,13.100,13.300,10.300,6.900,0.500
'[00:00:01.766 01/01/2011]',-6.600,13.600,13.400,10.300,6.600,0.500
'[00:00:01.767 01/01/2011]',-7.200,14.000,13.000,10.400,6.200,0.500
'[00:00:01.768 01/01/2011]',-7.500,14.000,12.500,10.500,5.800,0.500
'[00:00:01.769 01/01/2011]',-6.900,13.800,12.000,10.600,5.800,0.500
'[00:00:01.770 01/01/2011]',-5.700,13.600,11.800,10.700,6.200,0.500
'[00:00:01.771 01/01/2011]',-4.300,13.800,12.200,10.600,6.800,0.500
'[00:00:01.772 01/01/2011]',-3.200,14.200,13.000,10.400,7.500,0.500
'[00:00:01.773 01/01/2011]',-2.800,14.500,13.700,10.200,7.800,0.500
'[00:00:01.774 01/01/2011]',-2.700,14.600,13.900,10.000,7.700,0.500
'[00:00:01.775 01/01/2011]',-2.800,14.400,13.400,9.900,7.100,0.500
'[00:00:01.776 01/01/2011]',-2.700,14.000,12.400,10.100,6.200,0.500
'[00:00:01.777 01/01/2011]',-2.800,13.700,11.100,10.300,5.300,0.500
'[00:00:01.778 01/01/2011]',-3.200,13.700,10.000,10.500,4.600,0.500
'[00:00:01.779 01/01/2011]',-3.900,14.000,9.500,10.600,4.200,0.500
'[00:00:01.780 01/01/2011]',-4.500,14.400,9.400,10.500,4.000,0.500
'[00:00:01.781 01/01/2011]',-4.600,14.500,9.700,10.200,4.100,0.500
'[00:00:01.782 01/01/2011]',-3.700,14.300,10.100,9.800,4.300,0.500
'[00:00:01.783 01/01/2011]',-2.100,14.100,10.400,9.600,4.500,0.500
'[00:00:01.784 01/01/2011]',-0.600,14.100,10.700,9.700,4.800,0.500
'[00:00:01.785 01/01/2011]',0.200,14.300,10.900,9.900,5.000,0.500
'[00:00:01.786 01/01/2011]',0.100,14.800,11.200,10.200,5.200,0.500
'[00:00:01.787 01/01/2011]',-0.600,15.100,11.700,10.300,5.300,0.500
'[00:00:01.788 01/01/2011]',-1.200,15.000,12.300,10.400,5.400,0.500
'[00:00:01.789 01/01/2011]',-1.200,14.600,12.800,10.400,5.300,0.500
'[00:00:01.790 01/01/2011]',-0.400,14.000,13.000,10.600,5.300,0.500
'[00:00:01.791 01/01/2011]',0.700,13.700,12.900,10.800,5.300,0.500
'[00:00:01.792 01/01/2011]',1.600,13.700,12.600,11.100,5.300,0.500
'[00:00:01.793 01/01/2011]',1.800,14.000,12.400,11.200,5.300,0.500
'[00:00:01.794 01/01/2011]',1.400,14.500,12.300,10.900,5.300,0.500
'[00:00:01.795 01/01/2011]',0.700,14.800,12.400,10.200,5.300,0.500
'[00:00:01.796 01/01/2011]',0.300,14.800,12.600,9.500,5.400,0.500
'[00:00:01.797 01/01/2011]',0.300,14.600,12.900,9.000,5.500,0.500
'[00:00:01.798 01/01/2011]',0.900,14.300,13.100,8.800,5.600,0.500
'[00:00:01.799 01/01/2011]',1.600,14.000,13.200,8.800,5.600,0.500
'[00:00:01.800 01/01/2011]',2.200,13.800,13.100,9.000,5.500,0.500
'[00:00:01.801 01/01/2011]',2.200,13.700,12.900,9.200,5.400,0.500
'[00:00:01.802 01/01/2011]',1.800,13.800,12.600,9.400,5.400,0.500
'[00:00:01.803 01/01/2011]',1.100,14.000,12.400,9.500,5.400,0.500
'[00:00:01.804 01/01/2011]',0.800,14.100,12.200,9.600,5.400,0.500
'[00:00:01.805 01/01/2011]',1.000,14.100,12.100,9.800,5.500,0.500
'[00:00:01.806 01/01/2011]',1.900,13.800,12.100,10.000,5.400,0.500
'[00:00:01.807 01/01/2011]',3.300,13.200,12.000,10.100,5.100,0.500
'[00:00:01.808 01/01/2011]',4.500,12.800,11.700,10.100,4.800,0.500
'[00:00:01.809 01/01/2011]',5.100,12.800,11.400,10.000,4.300,0.500
'[00:00:01.810 01/01/2011]',4.900,13.300,11.000,9.900,3.800,0.500
'[00:00:01.811 01/01/2011]',4.300,14.100,10.800,9.800,3.500,0.500
'[00:00:01.812 01/01/2011]',3.700,14.800,10.700,9.600,3.200,0.500
'[00:00:01.813 01/01/2011]',3.700,15.000,10.700,9.500,3.000,0.500
'[00:00:01.814 01/01/2011]',4.400,14.600,10.800,9.400,2.900,0.500
'[00:00:01.815 01/01/2011]',5.700,13.900,10.800,9.400,2.900,0.500
'[00:00:01.816 01/01/2011]',7.000,13.500,10.700,9.600,2.800,0.500
'[00:00:01.817 01/01/2011]',7.900,13.500,10.500,9.900,2.800,0.500
'[00:00:01.818 01/01/2011]',8.100,13.800,10.300,10.200,2.900,0.500
'[00:00:01.819 01/01/2011]',7.900,14.100,10.300,10.300,3.100,0.500
'[00:00:01.820 01/01/2011]',7.700,14.300,10.500,10.200,3.200,0.500
'[00:00:01.821 01/01/2011]',7.800,14.100,10.600,9.900,3.300,0.500
'[00:00:01.822 01/01/2011]',8.400,13.800,10.600,9.600,3.200,0.500
'[00:00:01.823 01/01/2011]',9.200,13.500,10.400,9.400,3.000,0.500
'[00:00:01.824 01/01/2011]',9.800,13.300,10.000,9.500,2.800,0.500
'[00:00:01.825 01/01/2011]',10.100,13.100,9.600,9.700,2.800,0.500
'[00:00:01.826 01/01/2011]',10.000,12.800,9.300,10.000,3.100,0.500
'[00:00:01.827 01/01/2011]',9.800,12.400,9.200,10.400,3.500,0.500
'[00:00:01.828 01/01/2011]',9.700,12.100,9.300,10.800,3.900,0.500
'[00:00:01.829 01/01/2011]',9.800,12.200,9.400,11.100,4.000,0.500
'[00:00:01.830 01/01/2011]',9.800,12.700,9.500,11.200,3.700,0.500
'[00:00:01.831 01/01/2011]',9.600,13.400,9.400,10.900,3.200,0.500
'[00:00:01.832 01/01/2011]',9.100,14.100,9.300,10.100,2.700,0.500
'[00:00:01.833 01/01/2011]',8.300,14.600,9.100,8.900,2.300,0.500
'[00:00:01.834 01/01/2011]',7.500,14.700,9.000,7.600,2.100,0.500
'[00:00:01.835 01/01/2011]',6.900,14.500,8.900,6.400,2.000,0.500
'[00:00:01.836 01/01/2011]',6.700,14.200,8.900,5.700,1.800,0.500
'[00:00:01.837 01/01/2011]',6.700,13.800,8.800,5.400,1.500,0.500
'[00:00:01.838 01/01/2011]',6.900,13.400,8.700,5.500,1.000,0.500
'[00:00:01.839 01/01/2011]',7.100,13.000,8.500,5.900,0.700,0.500
'[00:00:01.840 01/01/2011]',7.100,12.600,8.400,6.200,0.800,0.500
'[00:00:01.841 01/01/2011]',7.000,12.400,8.300,6.500,1.000,0.500
'[00:00:01.842 01/01/2011]',6.600,12.500,8.200,6.700,1.300,0.500
'[00:00:01.843 01/01/2011]',5.900,12.700,8.200,6.800,1.300,0.500
'[00:00:01.844 01/01/2011]',4.900,13.100,8.000,6.700,0.800,0.500
'[00:00:01.845 01/01/2011]',3.900,13.300,7.700,6.600,0.100,0.500
'[00:00:01.846 01/01/2011]',3.200,13.300,7.200,6.400,-0.700,0.500
'[00:00:01.847 01/01/2011]',3.100,13.100,6.800,6.300,-1.300,0.500
'[00:00:01.848 01/01/2011]',3.800,12.800,6.500,6.300,-1.400,0.500
'[00:00:01.849 01/01/2011]',4.900,12.900,6.500,6.400,-1.100,0.500
'[00:00:01.850 01/01/2011]',5.900,13.200,6.700,6.500,-0.600,0.500
'[00:00:01.851 01/01/2011]',6.100,13.800,7.200,6.500,-0.200,0.500
'[00:00:01.852 01/01/2011]',5.200,14.300,7.600,6.300,0.000,0.500
'[00:00:01.853 01/01/2011]',3.500,14.500,7.900,6.000,0.000,0.500
'[00:00:01.854 01/01/2011]',1.600,14.300,8.100,5.700,0.100,0.500
'[00:00:01.855 01/01/2011]',0.200,13.900,8.200,5.600,0.200,0.500
'[00:00:01.856 01/01/2011]',-0.300,13.400,8.200,5.700,0.400,0.500
'[00:00:01.857 01/01/2011]',0.200,13.100,8.100,6.100,0.400,0.500
'[00:00:01.858 01/01/2011]',0.900,13.000,7.900,6.500,0.300,0.500
'[00:00:01.859 01/01/2011]',1.200,12.900,7.500,6.700,0.000,0.500
'[00:00:01.860 01/01/2011]',0.400,12.900,7.000,6.500,-0.400,0.500
'[00:00:01.861 01/01/2011]',-1.300,12.700,6.200,6.100,-0.700,0.500
'[00:00:01.862 01/01/2011]',-3.300,12.400,5.500,5.700,-0.800,0.500
'[00:00:01.863 01/01/2011]',-4.900,12.100,4.900,5.300,-0.700,0.500
'[00:00:01.864 01/01/2011]',-5.300,12.100,4.600,5.000,-0.500,0.500
'[00:00:01.865 01/01/2011]',-4.500,12.200,4.500,4.700,-0.500,0.500
'[00:00:01.866 01/01/2011]',-3.000,12.400,4.600,4.400,-0.800,0.500
'[00:00:01.867 01/01/2011]',-1.600,12.400,4.400,3.900,-1.500,0.500
'[00:00:01.868 01/01/2011]',-0.800,12.200,4.000,3.300,-2.400,0.500
'[00:00:01.869 01/01/2011]',-0.700,11.800,3.300,3.000,-3.300,0.500
'[00:00:01.870 01/01/2011]',-0.900,11.500,2.300,3.000,-3.900,0.500
'[00:00:01.871 01/01/2011]',-0.800,11.300,1.500,3.200,-4.100,0.500
'[00:00:01.872 01/01/2011]',-0.400,11.400,0.900,3.600,-4.000,0.500
'[00:00:01.873 01/01/2011]',0.100,11.600,0.800,3.900,-3.700,0.500
'[00:00:01.874 01/01/2011]',0.000,11.700,1.000,4.000,-3.200,0.500
'[00:00:01.875 01/01/2011]',-1.000,11.600,1.300,3.900,-2.800,0.500
'[00:00:01.876 01/01/2011]',-2.700,11.200,1.600,3.900,-2.400,0.500
'[00:00:01.877 01/01/2011]',-4.500,10.600,1.900,3.900,-2.000,0.500
'[00:00:01.878 01/01/2011]',-5.700,10.200,2.000,4.100,-1.500,0.500
'[00:00:01.879 01/01/2011]',-5.900,10.100,2.200,4.300,-0.800,0.500
'[00:00:01.880 01/01/2011]',-5.400,10.200,2.300,4.500,0.100,0.500
'[00:00:01.881 01/01/2011]',-4.700,10.500,2.300,4.600,0.900,0.500
'[00:00:01.882 01/01/2011]',-4.400,10.700,2.000,4.700,1.600,0.500
'[00:00:01.883 01/01/2011]',-4.400,10.800,1.600,4.800,1.900,0.500
'[00:00:01.884 01/01/2011]',-4.600,10.800,1.200,4.900,2.000,0.500
'[00:00:01.885 01/01/2011]',-4.500,10.900,0.900,5.100,1.900,0.500
'[00:00:01.886 01/01/2011]',-4.100,10.900,0.900,5.200,2.000,0.500
'[00:00:01.887 01/01/2011]',-3.700,11.100,1.200,5.200,2.100,0.500
'[00:00:01.888 01/01/2011]',-3.700,11.100,1.800,5.000,2.500,0.500
'[00:00:01.889 01/01/2011]',-4.100,11.100,2.300,4.800,2.800,0.500
'[00:00:01.890 01/01/2011]',-4.800,10.800,2.600,4.700,2.900,0.500
'[00:00:01.891 01/01/2011]',-5.500,10.300,2.700,4.500,2.700,0.500
'[00:00:01.892 01/01/2011]',-5.900,9.700,2.400,4.200,2.300,0.500
'[00:00:01.893 01/01/2011]',-6.100,9.300,1.800,3.900,1.600,0.500
'[00:00:01.894 01/01/2011]',-6.300,9.000,1.200,3.500,1.000,0.500
'[00:00:01.895 01/01/2011]',-6.800,9.100,0.700,3.200,0.600,0.500
'[00:00:01.896 01/01/2011]',-7.700,9.500,0.500,3.100,0.500,0.500
'[00:00:01.897 01/01/2011]',-8.800,10.000,0.700,3.300,0.500,0.500
'[00:00:01.898 01/01/2011]',-9.600,10.500,1.200,3.700,0.600,0.500
'[00:00:01.899 01/01/2011]',-9.900,10.800,1.900,4.000,0.600,0.500
'[00:00:01.900 01/01/2011]',-9.600,11.000,2.400,4.200,0.700,0.500
'[00:00:01.901 01/01/2011]',-9.100,10.900,2.800,4.200,0.700,0.500
'[00:00:01.902 01/01/2011]',-8.500,10.800,2.900,4.400,0.900,0.500
'[00:00:01.903 01/01/2011]',-8.100,10.700,2.900,4.600,1.100,0.500
'[00:00:01.904 01/01/2011]',-7.900,10.700,3.000,5.100,1.300,0.500
'[00:00:01.905 01/01/2011]',-8.100,10.800,3.200,5.500,1.400,0.500
'[00:00:01.906 01/01/2011]',-8.600,11.000,3.700,5.800,1.400,0.500
'[00:00:01.907 01/01/2011]',-9.200,11.100,4.200,5.900,1.300,0.500
'[00:00:01.908 01/01/2011]',-9.800,11.200,4.600,5.900,1.200,0.500
'[00:00:01.909 01/01/2011]',-10.100,11.400,5.100,5.900,1.200,0.500
'[00:00:01.910 01/01/2011]',-9.900,11.700,5.600,6.200,1.400,0.500
'[00:00:01.911 01/01/2011]',-9.500,12.000,6.200,6.600,1.700,0.500
'[00:00:01.912 01/01/2011]',-9.200,12.200,7.100,7.100,2.100,0.500
'[00:00:01.913 01/01/2011]',-9.200,12.300,8.000,7.300,2.400,0.500
'[00:00:01.914 01/01/2011]',-9.600,12.200,8.600,7.200,2.600,0.500
'[00:00:01.915 01/01/2011]',-10.200,12.000,8.900,6.900,2.800,0.500
'[00:00:01.916 01/01/2011]',-10.800,11.900,8.700,6.500,2.900,0.500
'[00:00:01.917 01/01/2011]',-11.000,11.900,8.100,6.300,3.100,0.500
'[00:00:01.918 01/01/2011]',-11.000,11.900,7.400,6.300,3.400,0.500
'[00:00:01.919 01/01/2011]',-10.800,11.900,6.900,6.600,3.600,0.500
'[00:00:01.920 01/01/2011]',-10.800,11.800,6.600,7.100,3.700,0.500
'[00:00:01.921 01/01/2011]',-10.700,11.600,6.700,7.600,3.900,0.500
'[00:00:01.922 01/01/2011]',-10.400,11.400,6.900,8.100,3.900,0.500
'[00:00:01.923 01/01/2011]',-9.700,11.400,7.100,8.400,3.900,0.500
'[00:00:01.924 01/01/2011]',-8.700,11.700,7.100,8.600,3.800,0.500
'[00:00:01.925 01/01/2011]',-7.700,12.000,7.000,8.500,3.600,0.500
'[00:00:01.926 01/01/2011]',-7.400,12.200,6.700,8.300,3.200,0.500
'[00:00:01.927 01/01/2011]',-7.900,12.100,6.400,7.800,2.900,0.500
'[00:00:01.928 01/01/2011]',-8.900,11.600,6.100,7.300,2.600,0.500
'[00:00:01.929 01/01/2011]',-9.800,10.800,6.000,6.900,2.400,0.500
'[00:00:01.930 01/01/2011]',-10.300,10.200,6.000,6.500,2.300,0.500
'[00:00:01.931 01/01/2011]',-10.200,9.800,6.200,6.400,2.400,0.500
'[00:00:01.932 01/01/2011]',-9.600,10.000,6.500,6.500,2.600,0.500
'[00:00:01.933 01/01/2011]',-8.900,10.500,6.900,6.700,2.800,0.500
'[00:00:01.934 01/01/2011]',-8.200,11.000,7.300,6.800,2.900,0.500
'[00:00:01.935 01/01/2011]',-7.500,11.300,7.700,6.900,3.000,0.500
'[00:00:01.936 01/01/2011]',-6.600,11.500,8.200,6.700,2.700,0.500
'[00:00:01.937 01/01/2011]',-5.500,11.800,9.000,6.500,2.100,0.500
'[00:00:01.938 01/01/2011]',-4.600,12.500,10.200,6.400,1.200,0.500
'[00:00:01.939 01/01/2011]',-4.000,13.800,11.800,6.700,0.100,0.500
'[00:00:01.940 01/01/2011]',-3.900,15.300,14.000,7.300,-1.000,0.500
'[00:00:01.941 01/01/2011]',-4.100,16.900,16.700,8.200,-2.000,0.500
'[00:00:01.942 01/01/2011]',-4.200,18.100,19.500,9.000,-2.600,0.500
'[00:00:01.943 01/01/2011]',-4.200,18.800,22.400,9.700,-3.000,0.500
'[00:00:01.944 01/01/2011]',-4.200,19.000,24.900,10.100,-3.100,0.500
'[00:00:01.945 01/01/2011]',-4.400,18.900,27.100,10.400,-3.000,0.500
'[00:00:01.946 01/01/2011]',-4.900,18.800,28.800,10.900,-2.400,0.500
'[00:00:01.947 01/01/2011]',-5.600,18.800,30.400,11.900,-1.400,0.500
'[00:00:01.948 01/01/2011]',-6.200,18.800,32.100,13.300,0.300,0.500
'[00:00:01.949 01/01/2011]',-6.500,19.100,33.901,15.200,2.500,0.500
'[00:00:01.950 01/01/2011]',-6.500,19.400,36.001,17.300,5.000,0.500
'[00:00:01.951 01/01/2011]',-6.500,19.900,38.201,19.400,7.900,0.500
'[00:00:01.952 01/01/2011]',-6.800,20.100,40.501,21.300,11.000,0.500
'[00:00:01.953 01/01/2011]',-7.400,20.000,42.601,22.900,14.400,0.500
'[00:00:01.954 01/01/2011]',-8.400,19.300,44.201,24.100,18.200,0.500
'[00:00:01.955 01/01/2011]',-9.400,18.100,45.201,25.000,22.500,0.500
'[00:00:01.956 01/01/2011]',-10.500,16.700,45.401,25.800,27.200,0.500
'[00:00:01.957 01/01/2011]',-11.700,15.300,44.801,26.700,32.100,0.500
'[00:00:01.958 01/01/2011]',-13.300,13.900,43.501,27.700,37.101,0.500
'[00:00:01.959 01/01/2011]',-15.100,12.500,41.701,28.900,42.301,0.500
'[00:00:01.960 01/01/2011]',-16.800,10.900,39.801,30.200,47.601,0.500
'[00:00:01.961 01/01/2011]',-17.900,8.800,37.901,31.300,53.101,0.500
'[00:00:01.962 01/01/2011]',-18.300,6.200,35.901,32.200,58.901,0.500
'[00:00:01.963 01/01/2011]',-18.100,3.300,33.501,32.801,64.901,0.500
'[00:00:01.964 01/01/2011]',-18.000,0.400,30.600,33.101,70.901,0.500
'[00:00:01.965 01/01/2011]',-18.500,-2.300,26.900,33.101,76.801,0.500
'[00:00:01.966 01/01/2011]',-19.700,-4.800,22.800,33.101,82.401,0.500
'[00:00:01.967 01/01/2011]',-21.300,-7.200,18.700,33.101,87.701,0.500
'[00:00:01.968 01/01/2011]',-22.600,-9.400,15.000,33.001,92.501,0.500
'[00:00:01.969 01/01/2011]',-23.300,-11.500,11.900,32.901,96.401,0.500
'[00:00:01.970 01/01/2011]',-23.600,-13.400,9.400,32.600,99.102,0.500
'[00:00:01.971 01/01/2011]',-24.000,-14.900,7.000,31.900,100.502,0.500
'[00:00:01.972 01/01/2011]',-25.000,-15.900,4.600,30.900,100.602,0.500
'[00:00:01.973 01/01/2011]',-26.700,-16.500,2.100,29.600,99.302,0.500
'[00:00:01.974 01/01/2011]',-28.500,-16.700,-0.500,28.100,96.701,0.500
'[00:00:01.975 01/01/2011]',-29.500,-16.700,-3.200,26.300,92.801,0.500
'[00:00:01.976 01/01/2011]',-29.200,-16.900,-6.100,24.100,87.701,0.500
'[00:00:01.977 01/01/2011]',-27.900,-17.400,-9.300,21.200,81.501,0.500
'[00:00:01.978 01/01/2011]',-26.000,-18.200,-13.200,17.700,74.301,0.500
'[00:00:01.979 01/01/2011]',-24.600,-19.500,-17.700,13.600,66.801,0.500
'[00:00:01.980 01/01/2011]',-23.900,-20.800,-22.600,9.300,59.601,0.500
'[00:00:01.981 01/01/2011]',-23.800,-21.900,-27.600,5.400,53.101,0.500
'[00:00:01.982 01/01/2011]',-23.900,-22.500,-32.500,2.100,47.401,0.500
'[00:00:01.983 01/01/2011]',-23.700,-22.700,-37.101,-0.700,42.101,0.500
'[00:00:01.984 01/01/2011]',-23.000,-22.500,-41.501,-3.300,36.601,0.500
'[00:00:01.985 01/01/2011]',-22.200,-22.300,-45.301,-6.100,30.500,0.500
'[00:00:01.986 01/01/2011]',-21.600,-22.200,-48.301,-9.200,23.700,0.500
'[00:00:01.987 01/01/2011]',-21.300,-22.200,-50.301,-12.200,16.900,0.500
'[00:00:01.988 01/01/2011]',-21.100,-21.900,-51.001,-14.800,10.800,0.500
'[00:00:01.989 01/01/2011]',-20.600,-21.200,-50.401,-16.500,5.900,0.500
'[00:00:01.990 01/01/2011]',-19.600,-19.900,-48.801,-17.500,2.200,0.500
'[00:00:01.991 01/01/2011]',-18.300,-18.100,-46.701,-17.900,-0.600,0.500
'[00:00:01.992 01/01/2011]',-17.300,-16.400,-44.501,-18.100,-3.100,0.500
'[00:00:01.993 01/01/2011]',-16.800,-14.900,-42.201,-18.200,-5.500,0.500
'[00:00:01.994 01/01/2011]',-17.000,-13.700,-39.801,-18.100,-8.000,0.500
'[00:00:01.995 01/01/2011]',-17.600,-12.800,-37.101,-17.600,-10.000,0.500
'[00:00:01.996 01/01/2011]',-18.000,-11.900,-34.301,-16.700,-11.400,0.500
'[00:00:01.997 01/01/2011]',-18.100,-10.900,-31.300,-15.300,-12.100,0.500
'[00:00:01.998 01/01/2011]',-17.900,-9.500,-28.300,-13.800,-12.400,0.500
'[00:00:01.999 01/01/2011]',-17.700,-8.100,-25.400,-12.400,-12.500,0.500
'[00:00:02.000 01/01/2011]',-17.600,-6.600,-22.500,-11.200,-12.600,0.500
'[00:00:02.001 01/01/2011]',-17.600,-5.100,-19.500,-10.100,-12.500,0.500
'[00:00:02.002 01/01/2011]',-17.400,-3.700,-16.300,-9.000,-12.000,0.500
'[00:00:02.003 01/01/2011]',-16.600,-2.500,-12.900,-7.800,-11.000,0.500
'[00:00:02.004 01/01/2011]',-15.500,-1.400,-9.700,-6.600,-9.700,0.500
'[00:00:02.005 01/01/2011]',-14.500,-0.500,-7.000,-5.600,-8.500,0.500
'[00:00:02.006 01/01/2011]',-14.300,0.000,-5.100,-4.800,-7.700,0.500
'[00:00:02.007 01/01/2011]',-15.100,0.300,-3.900,-4.300,-7.200,0.500
'[00:00:02.008 01/01/2011]',-16.500,0.800,-3.100,-3.800,-7.000,0.500
'[00:00:02.009 01/01/2011]',-17.900,1.400,-2.500,-3.400,-6.700,0.500
'[00:00:02.010 01/01/2011]',-18.700,2.200,-1.600,-3.100,-6.200,0.500
'[00:00:02.011 01/01/2011]',-18.700,3.100,-0.600,-3.100,-5.800,0.500
'[00:00:02.012 01/01/2011]',-18.100,3.700,0.300,-3.300,-5.800,0.500
'[00:00:02.013 01/01/2011]',-17.700,3.900,1.000,-3.500,-6.400,0.500
'[00:00:02.014 01/01/2011]',-17.800,3.800,1.300,-3.700,-7.300,0.500
'[00:00:02.015 01/01/2011]',-18.700,3.400,1.200,-3.400,-8.200,0.500
'[00:00:02.016 01/01/2011]',-20.100,3.200,0.900,-2.900,-8.700,0.500
'[00:00:02.017 01/01/2011]',-21.600,3.200,0.600,-2.300,-8.600,0.500
'[00:00:02.018 01/01/2011]',-22.500,3.600,0.500,-2.000,-8.200,0.500
'[00:00:02.019 01/01/2011]',-22.400,4.200,0.600,-2.100,-7.900,0.500
'[00:00:02.020 01/01/2011]',-21.200,4.900,0.800,-2.500,-7.800,0.500
'[00:00:02.021 01/01/2011]',-19.200,5.500,1.000,-3.000,-8.000,0.500
'[00:00:02.022 01/01/2011]',-17.200,6.100,1.200,-3.300,-8.200,0.500
'[00:00:02.023 01/01/2011]',-16.000,6.700,1.500,-3.000,-8.100,0.500
'[00:00:02.024 01/01/2011]',-16.100,7.300,1.900,-2.300,-7.500,0.500
'[00:00:02.025 01/01/2011]',-17.500,7.700,2.500,-1.400,-6.700,0.500
'[00:00:02.026 01/01/2011]',-19.200,8.000,3.300,-0.500,-5.900,0.500
'[00:00:02.027 01/01/2011]',-20.200,8.200,4.100,0.100,-5.400,0.500
'[00:00:02.028 01/01/2011]',-19.800,8.200,4.700,0.500,-5.500,0.500
'[00:00:02.029 01/01/2011]',-18.400,8.100,4.900,0.500,-5.900,0.500
'[00:00:02.030 01/01/2011]',-16.800,8.000,4.800,0.300,-6.500,0.500
'[00:00:02.031 01/01/2011]',-16.000,8.000,4.600,0.000,-6.900,0.500
'[00:00:02.032 01/01/2011]',-16.400,8.200,4.300,-0.100,-6.900,0.500
'[00:00:02.033 01/01/2011]',-17.700,8.500,4.300,0.000,-6.700,0.500
'[00:00:02.034 01/01/2011]',-19.100,8.700,4.400,0.500,-6.300,0.500
'[00:00:02.035 01/01/2011]',-19.900,8.900,4.600,1.000,-5.800,0.500
'[00:00:02.036 01/01/2011]',-20.200,8.900,4.700,1.500,-5.600,0.500
'[00:00:02.037 01/01/2011]',-20.300,8.700,4.800,1.800,-5.700,0.500
'[00:00:02.038 01/01/2011]',-20.600,8.500,4.600,1.600,-6.200,0.500
'[00:00:02.039 01/01/2011]',-21.300,8.300,4.200,1.200,-6.800,0.500
'[00:00:02.040 01/01/2011]',-21.900,8.300,3.600,0.500,-7.400,0.500
'[00:00:02.041 01/01/2011]',-21.700,8.400,3.000,-0.200,-7.800,0.500
'[00:00:02.042 01/01/2011]',-20.800,8.700,2.600,-0.900,-7.700,0.500
'[00:00:02.043 01/01/2011]',-19.400,9.000,2.300,-1.300,-7.300,0.500
'[00:00:02.044 01/01/2011]',-18.400,9.200,2.400,-1.300,-6.600,0.500
'[00:00:02.045 01/01/2011]',-18.300,9.200,2.600,-1.100,-5.900,0.500
'[00:00:02.046 01/01/2011]',-19.100,9.100,3.000,-0.500,-5.400,0.500
'[00:00:02.047 01/01/2011]',-20.100,9.000,3.300,0.200,-5.300,0.500
'[00:00:02.048 01/01/2011]',-20.700,9.000,3.400,0.800,-5.600,0.500
'[00:00:02.049 01/01/2011]',-20.600,9.000,3.200,1.100,-6.200,0.500
'[00:00:02.050 01/01/2011]',-20.000,9.100,2.700,1.000,-7.000,0.500
'[00:00:02.051 01/01/2011]',-19.500,9.000,2.100,0.600,-8.000,0.500
'[00:00:02.052 01/01/2011]',-19.600,8.400,1.200,-0.200,-9.000,0.500
'[00:00:02.053 01/01/2011]',-20.600,7.700,0.200,-1.100,-10.100,0.500
'[00:00:02.054 01/01/2011]',-22.400,6.900,-0.700,-1.900,-11.100,0.500
'[00:00:02.055 01/01/2011]',-24.300,6.400,-1.200,-2.400,-11.600,0.500
'[00:00:02.056 01/01/2011]',-25.900,6.500,-1.200,-2.200,-11.400,0.500
'[00:00:02.057 01/01/2011]',-26.400,7.100,-0.700,-1.400,-10.600,0.500
'[00:00:02.058 01/01/2011]',-25.100,7.800,0.400,-0.200,-9.500,0.500
'[00:00:02.059 01/01/2011]',-21.800,8.300,1.600,1.200,-8.400,0.500
'[00:00:02.060 01/01/2011]',-16.300,8.500,2.900,2.400,-7.700,0.500
'[00:00:02.061 01/01/2011]',-9.000,8.500,4.000,3.300,-7.200,0.500
'[00:00:02.062 01/01/2011]',-0.600,8.800,5.300,4.100,-6.600,0.500
'[00:00:02.063 01/01/2011]',8.400,9.600,6.900,5.200,-5.500,0.500
'[00:00:02.064 01/01/2011]',17.300,10.900,8.900,6.600,-3.600,0.500
'[00:00:02.065 01/01/2011]',26.200,12.300,11.200,8.300,-1.100,0.500
'[00:00:02.066 01/01/2011]',34.701,13.200,13.500,9.700,1.500,0.500
'[00:00:02.067 01/01/2011]',42.601,13.500,15.400,10.600,3.900,0.500
'[00:00:02.068 01/01/2011]',49.401,13.300,16.900,11.000,5.800,0.500
'[00:00:02.069 01/01/2011]',54.601,13.200,18.200,11.000,7.400,0.500
'[00:00:02.070 01/01/2011]',58.201,13.600,19.400,11.300,9.000,0.500
'[00:00:02.071 01/01/2011]',60.301,14.600,20.700,12.100,10.700,0.500
'[00:00:02.072 01/01/2011]',61.301,15.700,22.000,13.200,12.500,0.500
'[00:00:02.073 01/01/2011]',61.101,16.300,23.000,14.300,14.000,0.500
'[00:00:02.074 01/01/2011]',59.701,16.200,23.500,15.000,14.900,0.500
'[00:00:02.075 01/01/2011]',57.101,15.500,23.400,15.100,15.300,0.500
'[00:00:02.076 01/01/2011]',53.601,14.600,22.900,14.800,15.300,0.500
'[00:00:02.077 01/01/2011]',50.301,14.200,22.400,14.500,15.000,0.500
'[00:00:02.078 01/01/2011]',48.201,14.300,21.900,14.300,14.500,0.500
'[00:00:02.079 01/01/2011]',47.601,14.900,21.500,14.100,13.500,0.500
'[00:00:02.080 01/01/2011]',47.901,15.400,20.900,13.600,11.900,0.500
'[00:00:02.081 01/01/2011]',47.701,15.400,19.800,12.500,9.500,0.500
'[00:00:02.082 01/01/2011]',45.401,14.800,18.100,10.600,6.500,0.500
'[00:00:02.083 01/01/2011]',39.901,13.600,15.500,8.200,3.100,0.500
'[00:00:02.084 01/01/2011]',31.500,12.400,12.400,5.700,-0.500,0.500
'[00:00:02.085 01/01/2011]',20.900,11.200,8.800,3.400,-3.900,0.500
'[00:00:02.086 01/01/2011]',9.100,10.500,5.200,1.400,-7.100,0.500
'[00:00:02.087 01/01/2011]',-3.200,10.100,1.800,-0.200,-9.900,0.500
'[00:00:02.088 01/01/2011]',-15.300,10.200,-0.800,-1.600,-12.100,0.500
'[00:00:02.089 01/01/2011]',-26.500,10.500,-2.500,-2.600,-13.400,0.500
'[00:00:02.090 01/01/2011]',-35.501,10.800,-3.100,-3.300,-13.800,0.500
'[00:00:02.091 01/01/2011]',-41.001,11.000,-2.800,-3.400,-13.300,0.500
'[00:00:02.092 01/01/2011]',-42.101,10.700,-2.000,-2.900,-12.200,0.500
'[00:00:02.093 01/01/2011]',-39.101,10.100,-0.900,-1.900,-10.900,0.500
'[00:00:02.094 01/01/2011]',-33.401,9.300,0.200,-0.700,-9.700,0.500
'[00:00:02.095 01/01/2011]',-26.600,8.800,1.000,0.500,-8.700,0.500
'[00:00:02.096 01/01/2011]',-20.400,8.800,1.700,1.400,-7.900,0.500
'[00:00:02.097 01/01/2011]',-15.400,9.300,2.000,2.000,-7.400,0.500
'[00:00:02.098 01/01/2011]',-11.600,9.900,2.200,2.200,-6.900,0.500
'[00:00:02.099 01/01/2011]',-8.700,10.400,2.100,2.100,-6.600,0.500
'[00:00:02.100 01/01/2011]',-6.600,10.300,2.000,1.900,-6.600,0.500
'[00:00:02.101 01/01/2011]',-5.700,9.800,1.900,1.700,-6.800,0.500
'[00:00:02.102 01/01/2011]',-6.200,9.100,1.800,1.400,-7.100,0.500
'[00:00:02.103 01/01/2011]',-7.800,8.500,1.900,1.200,-7.200,0.500
'[00:00:02.104 01/01/2011]',-9.900,8.400,2.000,1.000,-7.100,0.500
'[00:00:02.105 01/01/2011]',-11.500,8.700,1.900,1.100,-6.800,0.500
'[00:00:02.106 01/01/2011]',-11.900,9.200,1.800,1.200,-6.300,0.500
'[00:00:02.107 01/01/2011]',-10.900,9.600,1.400,1.500,-6.000,0.500
'[00:00:02.108 01/01/2011]',-9.100,9.800,1.100,1.700,-5.900,0.500
'[00:00:02.109 01/01/2011]',-7.200,9.600,1.000,1.800,-6.100,0.500
'[00:00:02.110 01/01/2011]',-6.000,9.200,1.000,1.600,-6.500,0.500
'[00:00:02.111 01/01/2011]',-5.700,8.800,1.300,1.300,-6.800,0.500
'[00:00:02.112 01/01/2011]',-6.300,8.400,1.600,0.800,-6.900,0.500
'[00:00:02.113 01/01/2011]',-7.300,8.200,1.900,0.400,-7.000,0.500
'[00:00:02.114 01/01/2011]',-8.200,8.000,2.000,0.100,-6.900,0.500
'[00:00:02.115 01/01/2011]',-8.700,8.000,2.000,0.100,-6.900,0.500
'[00:00:02.116 01/01/2011]',-8.700,8.000,2.000,0.200,-7.000,0.500
'[00:00:02.117 01/01/2011]',-8.100,8.000,1.900,0.400,-7.000,0.500
'[00:00:02.118 01/01/2011]',-7.200,8.100,1.800,0.500,-6.900,0.500
'[00:00:02.119 01/01/2011]',-6.300,8.200,1.600,0.400,-6.800,0.500
'[00:00:02.120 01/01/2011]',-5.800,8.200,1.100,0.100,-6.800,0.500
'[00:00:02.121 01/01/2011]',-5.800,7.900,0.600,-0.400,-6.900,0.500
'[00:00:02.122 01/01/2011]',-6.500,7.400,0.100,-0.800,-7.000,0.500
'[00:00:02.123 01/01/2011]',-7.500,6.800,-0.100,-1.000,-7.200,0.500
'[00:00:02.124 01/01/2011]',-8.300,6.400,0.100,-1.000,-7.100,0.500
'[00:00:02.125 01/01/2011]',-8.700,6.200,0.600,-0.600,-6.800,0.500
'[00:00:02.126 01/01/2011]',-8.500,6.500,0.900,-0.200,-6.500,0.500
'[00:00:02.127 01/01/2011]',-7.900,6.900,1.000,0.200,-6.300,0.500
'[00:00:02.128 01/01/2011]',-7.200,7.200,0.600,0.500,-6.500,0.500
'[00:00:02.129 01/01/2011]',-6.800,7.100,0.000,0.500,-7.000,0.500
'[00:00:02.130 01/01/2011]',-6.700,6.600,-0.700,0.400,-7.700,0.500
'[00:00:02.131 01/01/2011]',-6.700,5.900,-1.300,0.100,-8.400,0.500
'[00:00:02.132 01/01/2011]',-6.600,5.300,-1.600,-0.100,-8.800,0.500
'[00:00:02.133 01/01/2011]',-6.100,5.100,-1.700,-0.400,-8.900,0.500
'[00:00:02.134 01/01/2011]',-5.400,5.300,-1.900,-0.700,-8.800,0.500
'[00:00:02.135 01/01/2011]',-4.600,5.700,-2.200,-1.100,-8.600,0.500
'[00:00:02.136 01/01/2011]',-3.900,6.100,-2.600,-1.500,-8.500,0.500
'[00:00:02.137 01/01/2011]',-3.400,6.100,-2.800,-1.900,-8.500,0.500
'[00:00:02.138 01/01/2011]',-3.300,5.800,-2.900,-2.100,-8.500,0.500
'[00:00:02.139 01/01/2011]',-3.400,5.200,-2.700,-2.000,-8.500,0.500
'[00:00:02.140 01/01/2011]',-3.500,4.700,-2.300,-1.600,-8.200,0.500
'[00:00:02.141 01/01/2011]',-3.700,4.500,-1.900,-1.100,-7.700,0.500
'[00:00:02.142 01/01/2011]',-3.700,4.800,-1.600,-0.400,-7.000,0.500
'[00:00:02.143 01/01/2011]',-3.600,5.300,-1.400,0.100,-6.300,0.500
'[00:00:02.144 01/01/2011]',-3.300,5.900,-1.300,0.400,-5.900,0.500
'[00:00:02.145 01/01/2011]',-2.600,6.100,-1.300,0.400,-5.700,0.500
'[00:00:02.146 01/01/2011]',-1.600,6.000,-1.300,0.300,-5.900,0.500
'[00:00:02.147 01/01/2011]',-0.300,5.400,-1.400,0.000,-6.200,0.500
'[00:00:02.148 01/01/2011]',0.900,4.800,-1.400,-0.300,-6.400,0.500
'[00:00:02.149 01/01/2011]',1.900,4.400,-1.500,-0.400,-6.500,0.500
'[00:00:02.150 01/01/2011]',2.200,4.300,-1.700,-0.600,-6.300,0.500
'[00:00:02.151 01/01/2011]',1.800,4.500,-2.000,-0.800,-5.800,0.500
'[00:00:02.152 01/01/2011]',0.700,4.600,-2.400,-1.200,-5.400,0.500
'[00:00:02.153 01/01/2011]',-0.600,4.600,-2.800,-1.800,-5.100,0.500
'[00:00:02.154 01/01/2011]',-1.400,4.200,-3.100,-2.400,-4.900,0.500
'[00:00:02.155 01/01/2011]',-1.300,3.700,-3.300,-3.000,-4.900,0.500
'[00:00:02.156 01/01/2011]',-0.100,3.300,-3.400,-3.400,-5.100,0.500
'[00:00:02.157 01/01/2011]',1.600,3.000,-3.700,-3.500,-5.400,0.500
'[00:00:02.158 01/01/2011]',3.100,3.000,-4.100,-3.300,-5.800,0.500
'[00:00:02.159 01/01/2011]',3.600,3.000,-4.700,-2.800,-6.200,0.500
'[00:00:02.160 01/01/2011]',2.900,3.100,-5.200,-2.100,-6.300,0.500
'[00:00:02.161 01/01/2011]',1.300,2.900,-5.500,-1.400,-6.200,0.500
'[00:00:02.162 01/01/2011]',-0.300,2.400,-5.400,-0.700,-5.800,0.500
'[00:00:02.163 01/01/2011]',-1.200,1.700,-5.200,-0.400,-5.200,0.500
'[00:00:02.164 01/01/2011]',-1.100,1.000,-5.000,-0.500,-4.800,0.500
'[00:00:02.165 01/01/2011]',-0.400,0.600,-5.100,-1.100,-4.600,0.500
'[00:00:02.166 01/01/2011]',0.300,0.500,-5.500,-1.700,-4.600,0.500
'[00:00:02.167 01/01/2011]',0.800,0.900,-6.100,-2.300,-4.800,0.500
'[00:00:02.168 01/01/2011]',0.800,1.600,-6.500,-2.500,-5.000,0.500
'[00:00:02.169 01/01/2011]',0.700,2.300,-6.600,-2.300,-4.900,0.500
'[00:00:02.170 01/01/2011]',0.800,2.700,-6.300,-2.100,-4.700,0.500
'[00:00:02.171 01/01/2011]',1.100,2.700,-6.000,-2.000,-4.400,0.500
'[00:00:02.172 01/01/2011]',1.600,2.200,-5.700,-2.200,-4.100,0.500
'[00:00:02.173 01/01/2011]',1.800,1.600,-5.800,-2.500,-4.000,0.500
'[00:00:02.174 01/01/2011]',1.600,0.900,-6.000,-2.700,-4.000,0.500
'[00:00:02.175 01/01/2011]',1.000,0.600,-6.200,-2.600,-3.900,0.500
'[00:00:02.176 01/01/2011]',0.200,0.600,-6.000,-1.900,-3.800,0.500
'[00:00:02.177 01/01/2011]',-0.300,0.800,-5.500,-1.000,-3.400,0.500
'[00:00:02.178 01/01/2011]',-0.300,1.300,-4.700,0.000,-2.900,0.500
'[00:00:02.179 01/01/2011]',0.100,1.700,-4.100,0.800,-2.400,0.500
'[00:00:02.180 01/01/2011]',0.800,1.900,-3.900,1.100,-1.900,0.500
'[00:00:02.181 01/01/2011]',1.300,1.800,-4.100,1.000,-1.600,0.500
'[00:00:02.182 01/01/2011]',1.300,1.300,-4.600,0.600,-1.400,0.500
'[00:00:02.183 01/01/2011]',0.800,0.600,-5.000,0.200,-1.300,0.500
'[00:00:02.184 01/01/2011]',-0.200,-0.100,-5.100,0.000,-1.100,0.500
'[00:00:02.185 01/01/2011]',-1.300,-0.600,-4.900,-0.100,-0.800,0.500
'[00:00:02.186 01/01/2011]',-1.900,-0.900,-4.600,-0.200,-0.400,0.500
'[00:00:02.187 01/01/2011]',-2.000,-0.900,-4.600,-0.300,-0.100,0.500
'[00:00:02.188 01/01/2011]',-1.400,-1.000,-4.900,-0.700,0.100,0.500
'[00:00:02.189 01/01/2011]',-0.400,-1.300,-5.600,-1.300,0.000,0.500
'[00:00:02.190 01/01/2011]',0.600,-2.000,-6.300,-1.900,-0.100,0.500
'[00:00:02.191 01/01/2011]',1.300,-2.600,-7.000,-2.500,-0.300,0.500
'[00:00:02.192 01/01/2011]',1.400,-3.100,-7.400,-2.900,-0.200,0.500
'[00:00:02.193 01/01/2011]',0.900,-3.000,-7.700,-3.000,0.100,0.500
'[00:00:02.194 01/01/2011]',0.100,-2.500,-8.000,-3.000,0.600,0.500
'[00:00:02.195 01/01/2011]',-0.800,-1.800,-8.400,-2.900,1.100,0.500
'[00:00:02.196 01/01/2011]',-1.500,-1.400,-8.800,-2.900,1.500,0.500
'[00:00:02.197 01/01/2011]',-1.700,-1.400,-9.100,-2.900,1.600,0.500
'[00:00:02.198 01/01/2011]',-1.300,-1.800,-9.400,-3.000,1.500,0.500
'[00:00:02.199 01/01/2011]',-0.700,-2.400,-9.600,-3.200,1.200,0.500
'[00:00:02.200 01/01/2011]',0.000,-2.900,-9.900,-3.400,1.000,0.500
'[00:00:02.201 01/01/2011]',0.500,-3.100,-10.200,-3.600,0.800,0.500
'[00:00:02.202 01/01/2011]',0.600,-3.100,-10.400,-3.600,0.800,0.500
'[00:00:02.203 01/01/2011]',0.400,-3.200,-10.300,-3.400,0.900,0.500
'[00:00:02.204 01/01/2011]',0.100,-3.400,-9.800,-3.000,1.200,0.500
'[00:00:02.205 01/01/2011]',0.000,-3.800,-9.000,-2.600,1.700,0.500
'[00:00:02.206 01/01/2011]',0.300,-4.400,-8.100,-2.200,2.300,0.500
'[00:00:02.207 01/01/2011]',1.000,-4.800,-7.400,-2.000,2.900,0.500
'[00:00:02.208 01/01/2011]',1.900,-5.200,-7.100,-1.900,3.300,0.500
'[00:00:02.209 01/01/2011]',2.500,-5.300,-7.200,-2.000,3.500,0.500
'[00:00:02.210 01/01/2011]',2.600,-5.400,-7.600,-2.200,3.500,0.500
'[00:00:02.211 01/01/2011]',2.100,-5.600,-8.100,-2.400,3.200,0.500
'[00:00:02.212 01/01/2011]',1.100,-5.900,-8.500,-2.700,3.000,0.500
'[00:00:02.213 01/01/2011]',0.200,-6.300,-8.900,-3.000,3.100,0.500
'[00:00:02.214 01/01/2011]',-0.400,-6.700,-9.100,-3.200,3.500,0.500
'[00:00:02.215 01/01/2011]',-0.500,-6.900,-9.100,-3.300,4.200,0.500
'[00:00:02.216 01/01/2011]',-0.100,-7.000,-8.800,-3.100,5.200,0.500
'[00:00:02.217 01/01/2011]',0.400,-6.800,-8.300,-2.800,6.200,0.500
'[00:00:02.218 01/01/2011]',0.700,-6.700,-7.600,-2.300,7.200,0.500
'[00:00:02.219 01/01/2011]',0.600,-6.500,-7.000,-1.900,7.900,0.500
'[00:00:02.220 01/01/2011]',0.300,-6.500,-6.600,-1.600,8.500,0.500
'[00:00:02.221 01/01/2011]',-0.200,-6.500,-6.300,-1.400,8.900,0.500
'[00:00:02.222 01/01/2011]',-0.500,-6.600,-6.200,-1.400,9.200,0.500
'[00:00:02.223 01/01/2011]',-0.600,-6.600,-6.100,-1.500,9.300,0.500
'[00:00:02.224 01/01/2011]',-0.600,-6.500,-5.900,-1.500,9.200,0.500
'[00:00:02.225 01/01/2011]',-0.500,-6.400,-5.700,-1.300,9.200,0.500
'[00:00:02.226 01/01/2011]',-0.300,-6.100,-5.500,-1.000,9.200,0.500
'[00:00:02.227 01/01/2011]',0.000,-5.600,-5.300,-0.600,9.400,0.500
'[00:00:02.228 01/01/2011]',0.200,-5.000,-5.100,-0.100,9.600,0.500
'[00:00:02.229 01/01/2011]',0.300,-4.500,-5.000,0.200,9.700,0.500
'[00:00:02.230 01/01/2011]',0.200,-4.100,-4.800,0.400,9.500,0.500
'[00:00:02.231 01/01/2011]',-0.300,-4.100,-4.500,0.400,9.200,0.500
'[00:00:02.232 01/01/2011]',-0.700,-4.600,-4.300,0.300,8.900,0.500
'[00:00:02.233 01/01/2011]',-0.700,-5.300,-4.200,0.100,8.800,0.500
'[00:00:02.234 01/01/2011]',-0.100,-6.100,-4.200,-0.100,9.000,0.500
'[00:00:02.235 01/01/2011]',1.100,-6.500,-4.400,-0.200,9.400,0.500
'[00:00:02.236 01/01/2011]',2.500,-6.500,-4.800,-0.200,10.000,0.500
'[00:00:02.237 01/01/2011]',3.500,-6.100,-5.100,-0.100,10.400,0.500
'[00:00:02.238 01/01/2011]',3.800,-5.700,-5.300,-0.100,10.800,0.500
'[00:00:02.239 01/01/2011]',3.300,-5.400,-5.300,0.000,10.900,0.500
'[00:00:02.240 01/01/2011]',2.300,-5.500,-5.100,0.000,11.000,0.500
'[00:00:02.241 01/01/2011]',1.400,-5.700,-4.800,-0.100,11.000,0.500
'[00:00:02.242 01/01/2011]',0.700,-5.900,-4.500,-0.400,11.000,0.500
'[00:00:02.243 01/01/2011]',0.200,-5.900,-4.400,-0.800,10.900,0.500
'[00:00:02.244 01/01/2011]',-0.200,-5.600,-4.500,-1.000,10.700,0.500
'[00:00:02.245 01/01/2011]',-0.700,-5.200,-4.600,-0.900,10.600,0.500
'[00:00:02.246 01/01/2011]',-1.100,-5.000,-4.400,-0.600,10.600,0.500
'[00:00:02.247 01/01/2011]',-1.000,-4.900,-4.100,-0.100,10.800,0.500
'[00:00:02.248 01/01/2011]',0.000,-5.100,-3.500,0.300,11.100,0.500
'[00:00:02.249 01/01/2011]',1.800,-5.400,-3.000,0.400,11.200,0.500
'[00:00:02.250 01/01/2011]',3.700,-5.600,-2.900,0.200,11.100,0.500
'[00:00:02.251 01/01/2011]',5.000,-5.500,-3.300,-0.300,10.700,0.500
'[00:00:02.252 01/01/2011]',5.300,-5.200,-4.100,-0.800,10.000,0.500
'[00:00:02.253 01/01/2011]',4.500,-4.900,-4.900,-1.200,9.200,0.500
'[00:00:02.254 01/01/2011]',3.100,-4.800,-5.600,-1.400,8.500,0.500
'[00:00:02.255 01/01/2011]',1.900,-4.900,-5.900,-1.600,7.900,0.500
'[00:00:02.256 01/01/2011]',1.200,-5.300,-5.900,-1.800,7.400,0.500
'[00:00:02.257 01/01/2011]',1.000,-5.600,-5.800,-2.000,6.900,0.500
'[00:00:02.258 01/01/2011]',0.900,-5.700,-5.800,-2.200,6.400,0.500
'[00:00:02.259 01/01/2011]',0.500,-5.400,-5.700,-2.200,5.900,0.500
'[00:00:02.260 01/01/2011]',-0.200,-4.700,-5.500,-2.100,5.500,0.500
'[00:00:02.261 01/01/2011]',-1.000,-3.800,-5.100,-2.000,5.300,0.500
'[00:00:02.262 01/01/2011]',-1.400,-3.000,-4.400,-1.900,5.100,0.500
'[00:00:02.263 01/01/2011]',-1.300,-2.600,-3.500,-1.900,5.100,0.500
'[00:00:02.264 01/01/2011]',-0.700,-2.500,-2.500,-2.000,5.000,0.500
'[00:00:02.265 01/01/2011]',0.100,-2.600,-1.800,-2.100,4.800,0.500
'[00:00:02.266 01/01/2011]',0.800,-2.700,-1.400,-2.000,4.500,0.500
'[00:00:02.267 01/01/2011]',1.200,-2.700,-1.400,-1.700,4.300,0.500
'[00:00:02.268 01/01/2011]',1.400,-2.500,-1.700,-1.300,4.200,0.500
'[00:00:02.269 01/01/2011]',1.700,-2.200,-2.000,-1.000,4.100,0.500
'[00:00:02.270 01/01/2011]',2.000,-1.900,-2.300,-0.900,3.900,0.500
'[00:00:02.271 01/01/2011]',2.400,-1.700,-2.500,-1.000,3.500,0.500
'[00:00:02.272 01/01/2011]',2.600,-1.400,-2.500,-1.100,2.800,0.500
'[00:00:02.273 01/01/2011]',2.200,-1.100,-2.500,-1.000,2.100,0.500
'[00:00:02.274 01/01/2011]',1.400,-0.800,-2.500,-0.800,1.400,0.500
'[00:00:02.275 01/01/2011]',0.300,-0.700,-2.600,-0.600,1.000,0.500
'[00:00:02.276 01/01/2011]',-0.700,-0.700,-2.600,-0.500,1.000,0.500
'[00:00:02.277 01/01/2011]',-1.200,-0.900,-2.400,-0.600,1.100,0.500
'[00:00:02.278 01/01/2011]',-1.200,-0.900,-2.000,-1.000,1.300,0.500
'[00:00:02.279 01/01/2011]',-0.800,-0.700,-1.500,-1.400,1.100,0.500
'[00:00:02.280 01/01/2011]',-0.600,-0.200,-1.100,-1.800,0.600,0.500
'[00:00:02.281 01/01/2011]',-0.600,0.500,-0.800,-2.100,-0.300,0.500
'[00:00:02.282 01/01/2011]',-0.900,1.100,-0.900,-2.200,-1.300,0.500
'[00:00:02.283 01/01/2011]',-1.200,1.200,-1.200,-2.300,-2.200,0.500
'[00:00:02.284 01/01/2011]',-1.100,0.700,-1.500,-2.500,-3.000,0.500
'[00:00:02.285 01/01/2011]',-0.700,-0.100,-1.700,-2.800,-3.700,0.500
'[00:00:02.286 01/01/2011]',-0.100,-0.900,-1.700,-3.200,-4.300,0.500
'[00:00:02.287 01/01/2011]',0.300,-1.100,-1.700,-3.600,-5.000,0.500
'[00:00:02.288 01/01/2011]',0.200,-0.700,-1.700,-4.000,-5.600,0.500
'[00:00:02.289 01/01/2011]',-0.400,0.200,-1.800,-4.200,-6.200,0.500
'[00:00:02.290 01/01/2011]',-1.100,1.300,-1.900,-4.400,-6.600,0.500
'[00:00:02.291 01/01/2011]',-1.500,2.100,-1.800,-4.300,-6.800,0.500
'[00:00:02.292 01/01/2011]',-1.600,2.400,-1.600,-4.000,-7.000,0.500
'[00:00:02.293 01/01/2011]',-1.500,2.500,-1.300,-3.600,-7.200,0.500
'[00:00:02.294 01/01/2011]',-1.600,2.500,-1.300,-3.400,-7.400,0.500
'[00:00:02.295 01/01/2011]',-2.200,2.600,-1.500,-3.400,-7.600,0.500
'[00:00:02.296 01/01/2011]',-3.300,2.900,-2.000,-3.800,-8.000,0.500
'[00:00:02.297 01/01/2011]',-4.400,3.100,-2.500,-4.500,-8.400,0.500
'[00:00:02.298 01/01/2011]',-5.300,3.300,-2.900,-5.200,-8.800,0.500
'[00:00:02.299 01/01/2011]',-5.400,3.300,-3.000,-5.500,-9.300,0.500
'[00:00:02.300 01/01/2011]',-4.900,3.100,-3.000,-5.500,-10.000,0.500
'[00:00:02.301 01/01/2011]',-4.100,2.900,-3.100,-5.300,-10.800,0.500
'[00:00:02.302 01/01/2011]',-3.500,2.500,-3.500,-5.000,-11.700,0.500
'[00:00:02.303 01/01/2011]',-3.400,1.900,-3.900,-5.000,-12.500,0.500
'[00:00:02.304 01/01/2011]',-3.700,1.300,-4.300,-5.300,-13.100,0.500
'[00:00:02.305 01/01/2011]',-4.300,1.000,-4.300,-5.800,-13.300,0.500
'[00:00:02.306 01/01/2011]',-4.800,1.100,-4.000,-6.100,-13.300,0.500
'[00:00:02.307 01/01/2011]',-5.000,1.800,-3.400,-6.200,-12.900,0.500
'[00:00:02.308 01/01/2011]',-4.800,2.800,-2.900,-6.000,-12.400,0.500
'[00:00:02.309 01/01/2011]',-4.400,3.700,-2.800,-5.800,-12.000,0.500
'[00:00:02.310 01/01/2011]',-4.000,4.100,-2.900,-5.900,-11.800,0.500
'[00:00:02.311 01/01/2011]',-3.800,3.800,-3.300,-6.400,-12.000,0.500
'[00:00:02.312 01/01/2011]',-3.800,3.000,-3.700,-7.100,-12.400,0.500
'[00:00:02.313 01/01/2011]',-4.000,2.400,-3.800,-8.000,-13.000,0.500
'[00:00:02.314 01/01/2011]',-4.400,2.100,-3.800,-8.500,-13.500,0.500
'[00:00:02.315 01/01/2011]',-4.900,2.400,-3.700,-8.600,-13.800,0.500
'[00:00:02.316 01/01/2011]',-5.600,2.800,-3.800,-8.100,-13.800,0.500
'[00:00:02.317 01/01/2011]',-6.400,3.000,-4.000,-7.500,-13.900,0.500
'[00:00:02.318 01/01/2011]',-7.600,2.700,-4.300,-6.900,-14.200,0.500
'[00:00:02.319 01/01/2011]',-8.900,1.900,-4.700,-6.700,-14.800,0.500
'[00:00:02.320 01/01/2011]',-10.300,1.100,-5.100,-6.900,-15.500,0.500
'[00:00:02.321 01/01/2011]',-11.400,0.600,-5.500,-7.400,-16.000,0.500
'[00:00:02.322 01/01/2011]',-11.800,0.700,-5.800,-7.800,-16.100,0.500
'[00:00:02.323 01/01/2011]',-11.400,1.300,-6.100,-8.000,-15.500,0.500
'[00:00:02.324 01/01/2011]',-10.400,2.000,-6.200,-7.900,-14.600,0.500
'[00:00:02.325 01/01/2011]',-9.100,2.600,-6.200,-7.600,-13.600,0.500
'[00:00:02.326 01/01/2011]',-8.100,3.000,-6.200,-7.400,-13.100,0.500
'[00:00:02.327 01/01/2011]',-7.800,3.100,-6.300,-7.400,-13.200,0.500
'[00:00:02.328 01/01/2011]',-8.300,2.900,-6.400,-7.700,-13.900,0.500
'[00:00:02.329 01/01/2011]',-9.500,2.800,-6.600,-8.100,-14.800,0.500
'[00:00:02.330 01/01/2011]',-10.800,2.500,-6.800,-8.400,-15.500,0.500
'[00:00:02.331 01/01/2011]',-11.600,2.200,-7.000,-8.500,-15.900,0.500
'[00:00:02.332 01/01/2011]',-11.800,1.800,-7.300,-8.500,-15.800,0.500
'[00:00:02.333 01/01/2011]',-11.500,1.300,-7.700,-8.600,-15.700,0.500
'[00:00:02.334 01/01/2011]',-11.200,0.700,-8.200,-9.100,-15.700,0.500
'[00:00:02.335 01/01/2011]',-11.500,0.200,-8.900,-10.000,-16.200,0.500
'[00:00:02.336 01/01/2011]',-12.800,-0.300,-9.700,-11.200,-17.100,0.500
'[00:00:02.337 01/01/2011]',-14.800,-0.800,-10.500,-12.400,-18.100,0.500
'[00:00:02.338 01/01/2011]',-16.600,-1.300,-11.200,-13.400,-18.900,0.500
'[00:00:02.339 01/01/2011]',-17.500,-1.700,-11.700,-13.800,-19.300,0.500
'[00:00:02.340 01/01/2011]',-17.100,-1.900,-11.800,-13.600,-19.200,0.500
'[00:00:02.341 01/01/2011]',-15.800,-1.600,-11.600,-13.200,-18.600,0.500
'[00:00:02.342 01/01/2011]',-14.500,-1.000,-11.200,-12.600,-17.900,0.500
'[00:00:02.343 01/01/2011]',-14.000,-0.300,-11.000,-12.300,-17.200,0.500
'[00:00:02.344 01/01/2011]',-14.700,0.300,-11.000,-12.400,-16.900,0.500
'[00:00:02.345 01/01/2011]',-16.100,0.400,-11.300,-12.800,-16.800,0.500
'[00:00:02.346 01/01/2011]',-17.700,0.000,-11.700,-13.300,-17.000,0.500
'[00:00:02.347 01/01/2011]',-18.500,-0.600,-12.000,-13.800,-17.200,0.500
'[00:00:02.348 01/01/2011]',-18.500,-1.100,-11.900,-14.000,-17.300,0.500
'[00:00:02.349 01/01/2011]',-17.900,-1.200,-11.400,-13.900,-17.200,0.500
'[00:00:02.350 01/01/2011]',-17.200,-1.000,-10.700,-13.500,-17.100,0.500
'[00:00:02.351 01/01/2011]',-16.800,-0.600,-10.200,-13.200,-17.000,0.500
'[00:00:02.352 01/01/2011]',-16.600,-0.500,-10.100,-13.200,-17.000,0.500
'[00:00:02.353 01/01/2011]',-16.500,-0.800,-10.400,-13.700,-17.200,0.500
'[00:00:02.354 01/01/2011]',-16.500,-1.400,-11.000,-14.300,-17.400,0.500
'[00:00:02.355 01/01/2011]',-16.600,-2.000,-11.500,-14.900,-17.700,0.500
'[00:00:02.356 01/01/2011]',-16.900,-2.400,-11.900,-15.200,-18.000,0.500
'[00:00:02.357 01/01/2011]',-17.500,-2.400,-12.000,-15.100,-18.300,0.500
'[00:00:02.358 01/01/2011]',-18.100,-2.100,-12.100,-14.600,-18.500,0.500
'[00:00:02.359 01/01/2011]',-18.400,-1.600,-12.100,-13.900,-18.500,0.500
'[00:00:02.360 01/01/2011]',-18.400,-1.200,-12.200,-13.200,-18.400,0.500
'[00:00:02.361 01/01/2011]',-18.100,-1.100,-12.000,-12.800,-18.100,0.500
'[00:00:02.362 01/01/2011]',-17.700,-1.000,-11.800,-12.500,-17.700,0.500
'[00:00:02.363 01/01/2011]',-17.500,-1.100,-11.300,-12.400,-17.300,0.500
'[00:00:02.364 01/01/2011]',-17.400,-1.100,-10.900,-12.400,-17.100,0.500
'[00:00:02.365 01/01/2011]',-17.200,-1.000,-10.600,-12.400,-17.100,0.500
'[00:00:02.366 01/01/2011]',-17.000,-0.800,-10.500,-12.400,-17.300,0.500
'[00:00:02.367 01/01/2011]',-16.700,-0.700,-10.500,-12.600,-17.500,0.500
'[00:00:02.368 01/01/2011]',-16.500,-0.800,-10.800,-12.800,-17.700,0.500
'[00:00:02.369 01/01/2011]',-16.600,-1.200,-11.200,-13.200,-17.800,0.500
'[00:00:02.370 01/01/2011]',-17.100,-1.800,-11.700,-13.600,-17.700,0.500
'[00:00:02.371 01/01/2011]',-17.700,-2.500,-12.200,-13.900,-17.700,0.500
'[00:00:02.372 01/01/2011]',-18.200,-3.100,-12.600,-14.200,-17.800,0.500
'[00:00:02.373 01/01/2011]',-18.400,-3.400,-12.700,-14.200,-18.100,0.500
'[00:00:02.374 01/01/2011]',-18.300,-3.400,-12.500,-14.000,-18.500,0.500
'[00:00:02.375 01/01/2011]',-18.100,-3.300,-12.000,-13.700,-18.900,0.500
'[00:00:02.376 01/01/2011]',-17.800,-3.200,-11.700,-13.400,-19.200,0.500
'[00:00:02.377 01/01/2011]',-17.600,-3.500,-11.600,-13.100,-19.100,0.500
'[00:00:02.378 01/01/2011]',-17.600,-3.900,-12.000,-12.900,-18.800,0.500
'[00:00:02.379 01/01/2011]',-18.000,-4.300,-12.700,-12.900,-18.200,0.500
'[00:00:02.380 01/01/2011]',-18.600,-4.500,-13.500,-12.900,-17.600,0.500
'[00:00:02.381 01/01/2011]',-19.300,-4.300,-14.000,-13.100,-17.400,0.500
'[00:00:02.382 01/01/2011]',-19.900,-3.900,-14.100,-13.600,-17.500,0.500
'[00:00:02.383 01/01/2011]',-20.100,-3.500,-14.200,-14.300,-18.200,0.500
'[00:00:02.384 01/01/2011]',-19.700,-3.300,-14.300,-15.300,-19.100,0.500
'[00:00:02.385 01/01/2011]',-18.600,-3.300,-14.700,-16.200,-20.100,0.500
'[00:00:02.386 01/01/2011]',-17.300,-3.500,-15.200,-16.900,-20.900,0.500
'[00:00:02.387 01/01/2011]',-16.400,-3.800,-15.800,-17.200,-21.300,0.500
'[00:00:02.388 01/01/2011]',-16.400,-4.000,-16.200,-17.000,-21.500,0.500
'[00:00:02.389 01/01/2011]',-17.400,-4.300,-16.200,-16.600,-21.500,0.500
'[00:00:02.390 01/01/2011]',-19.200,-4.600,-16.100,-16.200,-21.600,0.500
'[00:00:02.391 01/01/2011]',-20.700,-4.900,-16.100,-16.000,-21.700,0.500
'[00:00:02.392 01/01/2011]',-21.300,-5.100,-16.300,-16.000,-21.900,0.500
'[00:00:02.393 01/01/2011]',-20.600,-5.100,-16.600,-16.100,-22.000,0.500
'[00:00:02.394 01/01/2011]',-19.000,-4.900,-16.900,-16.300,-22.100,0.500
'[00:00:02.395 01/01/2011]',-17.400,-4.800,-17.000,-16.300,-22.100,0.500
'[00:00:02.396 01/01/2011]',-16.800,-4.700,-16.900,-16.200,-22.100,0.500
'[00:00:02.397 01/01/2011]',-17.600,-4.700,-16.700,-15.900,-22.000,0.500
'[00:00:02.398 01/01/2011]',-19.400,-4.700,-16.600,-15.300,-21.700,0.500
'[00:00:02.399 01/01/2011]',-21.000,-4.500,-16.800,-14.600,-21.200,0.500
'[00:00:02.400 01/01/2011]',-21.700,-4.300,-17.200,-13.900,-20.600,0.500
'[00:00:02.401 01/01/2011]',-21.100,-4.000,-17.600,-13.200,-20.100,0.500
'[00:00:02.402 01/01/2011]',-19.900,-3.800,-17.800,-12.900,-19.900,0.500
'[00:00:02.403 01/01/2011]',-19.200,-3.900,-17.800,-13.000,-20.200,0.500
'[00:00:02.404 01/01/2011]',-19.600,-4.200,-17.600,-13.500,-20.700,0.500
'[00:00:02.405 01/01/2011]',-20.800,-4.500,-17.600,-14.100,-21.300,0.500
'[00:00:02.406 01/01/2011]',-21.800,-4.700,-17.800,-14.700,-21.600,0.500
'[00:00:02.407 01/01/2011]',-21.800,-4.600,-18.200,-15.200,-21.600,0.500
'[00:00:02.408 01/01/2011]',-20.500,-4.400,-18.700,-15.700,-21.400,0.500
'[00:00:02.409 01/01/2011]',-18.500,-4.200,-19.000,-16.200,-21.300,0.500
'[00:00:02.410 01/01/2011]',-16.800,-4.200,-18.900,-16.700,-21.400,0.500
'[00:00:02.411 01/01/2011]',-16.200,-4.300,-18.400,-17.200,-21.700,0.500
'[00:00:02.412 01/01/2011]',-16.300,-4.600,-17.900,-17.300,-22.100,0.500
'[00:00:02.413 01/01/2011]',-16.200,-4.900,-17.600,-17.100,-22.100,0.500
'[00:00:02.414 01/01/2011]',-15.100,-5.100,-17.600,-16.500,-21.700,0.500
'[00:00:02.415 01/01/2011]',-12.800,-5.400,-17.900,-15.900,-21.200,0.500
'[00:00:02.416 01/01/2011]',-10.100,-5.500,-18.300,-15.500,-20.800,0.500
'[00:00:02.417 01/01/2011]',-8.200,-5.600,-18.600,-15.400,-20.700,0.500
'[00:00:02.418 01/01/2011]',-7.900,-5.500,-18.600,-15.600,-21.100,0.500
'[00:00:02.419 01/01/2011]',-9.000,-5.200,-18.300,-15.800,-21.500,0.500
'[00:00:02.420 01/01/2011]',-10.900,-5.000,-17.900,-15.800,-21.800,0.500
'[00:00:02.421 01/01/2011]',-12.200,-4.900,-17.600,-15.700,-21.700,0.500
'[00:00:02.422 01/01/2011]',-12.300,-4.900,-17.500,-15.400,-21.400,0.500
'[00:00:02.423 01/01/2011]',-11.200,-5.100,-17.600,-15.400,-21.000,0.500
'[00:00:02.424 01/01/2011]',-9.400,-5.300,-17.700,-15.600,-20.900,0.500
'[00:00:02.425 01/01/2011]',-7.700,-5.400,-17.700,-16.000,-20.900,0.500
'[00:00:02.426 01/01/2011]',-6.600,-5.300,-17.500,-16.400,-21.000,0.500
'[00:00:02.427 01/01/2011]',-6.200,-5.100,-17.100,-16.500,-20.900,0.500
'[00:00:02.428 01/01/2011]',-6.300,-4.800,-16.700,-16.200,-20.600,0.500
'[00:00:02.429 01/01/2011]',-6.700,-4.700,-16.500,-15.500,-20.300,0.500
'[00:00:02.430 01/01/2011]',-7.000,-4.800,-16.600,-14.900,-20.100,0.500
'[00:00:02.431 01/01/2011]',-7.200,-5.100,-17.200,-14.600,-20.500,0.500
'[00:00:02.432 01/01/2011]',-7.200,-5.600,-18.000,-14.800,-21.300,0.500
'[00:00:02.433 01/01/2011]',-7.300,-6.000,-18.900,-15.200,-22.200,0.500
'[00:00:02.434 01/01/2011]',-7.700,-6.200,-19.700,-15.700,-23.000,0.500
'[00:00:02.435 01/01/2011]',-8.600,-6.200,-20.100,-15.800,-23.300,0.500
'[00:00:02.436 01/01/2011]',-9.800,-6.100,-20.200,-15.700,-23.100,0.500
'[00:00:02.437 01/01/2011]',-10.800,-5.900,-20.200,-15.400,-22.500,0.500
'[00:00:02.438 01/01/2011]',-11.000,-5.700,-20.100,-15.200,-21.700,0.500
'[00:00:02.439 01/01/2011]',-10.000,-5.800,-20.200,-15.200,-21.100,0.500
'[00:00:02.440 01/01/2011]',-8.300,-6.000,-20.500,-15.500,-21.000,0.500
'[00:00:02.441 01/01/2011]',-6.600,-6.200,-20.900,-15.800,-21.300,0.500
'[00:00:02.442 01/01/2011]',-5.800,-6.500,-21.200,-15.900,-21.900,0.500
'[00:00:02.443 01/01/2011]',-6.100,-6.600,-21.400,-15.800,-22.600,0.500
'[00:00:02.444 01/01/2011]',-7.200,-6.800,-21.600,-15.500,-23.300,0.500
'[00:00:02.445 01/01/2011]',-8.200,-7.000,-21.800,-15.300,-23.900,0.500
'[00:00:02.446 01/01/2011]',-8.700,-7.300,-22.000,-15.600,-24.500,0.500
'[00:00:02.447 01/01/2011]',-8.800,-7.500,-22.400,-16.100,-25.200,0.500
'[00:00:02.448 01/01/2011]',-8.900,-7.500,-22.700,-16.900,-25.800,0.500
'[00:00:02.449 01/01/2011]',-9.900,-7.300,-22.900,-17.300,-26.300,0.500
'[00:00:02.450 01/01/2011]',-11.700,-6.900,-22.900,-17.500,-26.700,0.500
'[00:00:02.451 01/01/2011]',-13.900,-6.500,-22.700,-17.200,-27.000,0.500
'[00:00:02.452 01/01/2011]',-15.700,-6.200,-22.800,-17.000,-27.200,0.500
'[00:00:02.453 01/01/2011]',-16.900,-6.100,-23.100,-16.900,-27.400,0.500
'[00:00:02.454 01/01/2011]',-17.600,-6.200,-23.700,-17.200,-27.600,0.500
'[00:00:02.455 01/01/2011]',-18.400,-6.300,-24.500,-17.800,-27.700,0.500
'[00:00:02.456 01/01/2011]',-19.700,-6.500,-25.200,-18.500,-27.600,0.500
'[00:00:02.457 01/01/2011]',-21.400,-6.700,-25.700,-19.000,-27.400,0.500
'[00:00:02.458 01/01/2011]',-22.800,-6.800,-25.800,-19.300,-27.100,0.500
'[00:00:02.459 01/01/2011]',-23.300,-6.800,-25.700,-19.300,-27.100,0.500
'[00:00:02.460 01/01/2011]',-22.800,-6.600,-25.700,-19.200,-27.300,0.500
'[00:00:02.461 01/01/2011]',-21.900,-6.300,-25.700,-19.000,-27.600,0.500
'[00:00:02.462 01/01/2011]',-21.700,-6.100,-25.900,-18.900,-27.900,0.500
'[00:00:02.463 01/01/2011]',-22.500,-6.100,-26.000,-18.800,-27.800,0.500
'[00:00:02.464 01/01/2011]',-24.300,-6.400,-26.000,-18.800,-27.400,0.500
'[00:00:02.465 01/01/2011]',-26.300,-7.000,-25.800,-18.800,-26.900,0.500
'[00:00:02.466 01/01/2011]',-27.600,-7.700,-25.400,-18.800,-26.600,0.500
'[00:00:02.467 01/01/2011]',-27.500,-8.200,-25.100,-18.900,-26.600,0.500
'[00:00:02.468 01/01/2011]',-26.300,-8.400,-24.900,-18.800,-27.100,0.500
'[00:00:02.469 01/01/2011]',-24.600,-8.400,-25.000,-18.600,-27.600,0.500
'[00:00:02.470 01/01/2011]',-23.300,-8.200,-25.300,-18.300,-28.000,0.500
'[00:00:02.471 01/01/2011]',-22.900,-8.000,-25.600,-18.100,-28.000,0.500
'[00:00:02.472 01/01/2011]',-23.500,-7.800,-25.800,-18.100,-27.800,0.500
'[00:00:02.473 01/01/2011]',-24.700,-7.600,-25.700,-18.200,-27.500,0.500
'[00:00:02.474 01/01/2011]',-25.600,-7.600,-25.300,-18.500,-27.300,0.500
'[00:00:02.475 01/01/2011]',-26.000,-7.500,-24.800,-18.600,-27.100,0.500
'[00:00:02.476 01/01/2011]',-25.600,-7.500,-24.500,-18.500,-27.000,0.500
'[00:00:02.477 01/01/2011]',-24.800,-7.500,-24.400,-18.100,-26.700,0.500
'[00:00:02.478 01/01/2011]',-23.900,-7.600,-24.500,-17.600,-26.500,0.500
'[00:00:02.479 01/01/2011]',-23.400,-7.600,-24.800,-17.300,-26.400,0.500
'[00:00:02.480 01/01/2011]',-23.400,-7.600,-25.200,-17.400,-26.600,0.500
'[00:00:02.481 01/01/2011]',-23.900,-7.700,-25.600,-17.900,-27.100,0.500
'[00:00:02.482 01/01/2011]',-24.600,-7.800,-25.800,-18.500,-27.700,0.500
'[00:00:02.483 01/01/2011]',-25.100,-8.100,-26.000,-19.100,-28.300,0.500
'[00:00:02.484 01/01/2011]',-25.200,-8.400,-26.100,-19.400,-28.500,0.500
'[00:00:02.485 01/01/2011]',-24.700,-8.500,-26.000,-19.400,-28.500,0.500
'[00:00:02.486 01/01/2011]',-23.900,-8.400,-26.000,-19.200,-28.400,0.500
'[00:00:02.487 01/01/2011]',-22.800,-8.000,-25.900,-19.000,-28.500,0.500
'[00:00:02.488 01/01/2011]',-21.800,-7.400,-25.800,-18.900,-28.700,0.500
'[00:00:02.489 01/01/2011]',-21.400,-6.900,-25.900,-19.000,-29.000,0.500
'[00:00:02.490 01/01/2011]',-21.800,-6.600,-26.100,-19.100,-29.200,0.500
'[00:00:02.491 01/01/2011]',-22.800,-6.600,-26.200,-19.200,-29.100,0.500
'[00:00:02.492 01/01/2011]',-24.000,-6.700,-26.300,-19.300,-28.900,0.500
'[00:00:02.493 01/01/2011]',-24.800,-7.000,-26.100,-19.300,-28.700,0.500
'[00:00:02.494 01/01/2011]',-24.900,-7.100,-26.000,-19.400,-28.700,0.500
'[00:00:02.495 01/01/2011]',-24.500,-7.200,-26.100,-19.700,-29.100,0.500
'[00:00:02.496 01/01/2011]',-23.800,-7.200,-26.400,-20.000,-29.600,0.500
'[00:00:02.497 01/01/2011]',-23.400,-7.200,-27.100,-20.200,-30.000,0.500
'[00:00:02.498 01/01/2011]',-23.500,-7.400,-27.800,-20.400,-30.100,0.500
'[00:00:02.499 01/01/2011]',-23.900,-7.700,-28.400,-20.500,-29.900,0.500
'[00:00:02.500 01/01/2011]',-24.200,-8.200,-28.700,-20.600,-29.600,0.500
'[00:00:02.501 01/01/2011]',-23.900,-8.800,-28.700,-20.700,-29.400,0.500
'[00:00:02.502 01/01/2011]',-23.000,-9.200,-28.500,-20.800,-29.400,0.500
'[00:00:02.503 01/01/2011]',-22.000,-9.300,-28.300,-20.800,-29.600,0.500
'[00:00:02.504 01/01/2011]',-21.200,-9.200,-28.200,-20.800,-29.800,0.500
'[00:00:02.505 01/01/2011]',-20.900,-8.900,-28.000,-20.800,-29.800,0.500
'[00:00:02.506 01/01/2011]',-21.000,-8.800,-27.700,-20.800,-29.600,0.500
'[00:00:02.507 01/01/2011]',-21.200,-8.900,-27.300,-20.800,-29.300,0.500
'[00:00:02.508 01/01/2011]',-21.200,-9.300,-27.000,-20.800,-29.000,0.500
'[00:00:02.509 01/01/2011]',-21.100,-9.900,-26.800,-20.800,-28.700,0.500
'[00:00:02.510 01/01/2011]',-21.000,-10.200,-26.900,-20.600,-28.300,0.500
'[00:00:02.511 01/01/2011]',-21.100,-10.300,-27.200,-20.200,-28.000,0.500
'[00:00:02.512 01/01/2011]',-21.400,-9.900,-27.500,-19.800,-27.700,0.500
'[00:00:02.513 01/01/2011]',-21.600,-9.400,-27.800,-19.300,-27.500,0.500
'[00:00:02.514 01/01/2011]',-21.600,-8.900,-27.800,-19.000,-27.400,0.500
'[00:00:02.515 01/01/2011]',-21.300,-8.600,-27.600,-18.700,-27.500,0.500
'[00:00:02.516 01/01/2011]',-21.100,-8.500,-27.400,-18.300,-27.600,0.500
'[00:00:02.517 01/01/2011]',-21.000,-8.600,-27.200,-17.800,-27.600,0.500
'[00:00:02.518 01/01/2011]',-21.500,-8.700,-27.100,-17.200,-27.400,0.500
'[00:00:02.519 01/01/2011]',-22.200,-8.700,-27.300,-16.500,-27.100,0.500
'[00:00:02.520 01/01/2011]',-23.100,-8.700,-27.500,-16.000,-26.700,0.500
'[00:00:02.521 01/01/2011]',-23.800,-8.700,-27.700,-15.700,-26.500,0.500
'[00:00:02.522 01/01/2011]',-24.100,-8.700,-27.800,-15.700,-26.700,0.500
'[00:00:02.523 01/01/2011]',-24.200,-8.600,-27.700,-15.900,-27.200,0.500
'[00:00:02.524 01/01/2011]',-24.000,-8.400,-27.700,-16.200,-27.900,0.500
'[00:00:02.525 01/01/2011]',-24.000,-8.200,-27.900,-16.600,-28.500,0.500
'[00:00:02.526 01/01/2011]',-24.100,-8.100,-28.300,-17.100,-29.000,0.500
'[00:00:02.527 01/01/2011]',-24.500,-8.500,-29.100,-17.600,-29.300,0.500
'[00:00:02.528 01/01/2011]',-25.200,-9.200,-30.000,-18.200,-29.700,0.500
'[00:00:02.529 01/01/2011]',-26.500,-10.100,-31.100,-19.100,-30.300,0.500
'[00:00:02.530 01/01/2011]',-28.200,-11.000,-32.100,-20.000,-31.300,0.500
'[00:00:02.531 01/01/2011]',-30.000,-11.400,-32.901,-21.000,-32.500,0.500
'[00:00:02.532 01/01/2011]',-31.400,-11.400,-33.101,-21.600,-33.301,0.500
'[00:00:02.533 01/01/2011]',-31.600,-11.000,-32.801,-21.800,-33.501,0.500
'[00:00:02.534 01/01/2011]',-30.000,-10.500,-31.800,-21.500,-32.901,0.500
'[00:00:02.535 01/01/2011]',-26.400,-10.200,-30.500,-20.900,-31.700,0.500
'[00:00:02.536 01/01/2011]',-21.100,-10.100,-28.900,-20.100,-30.500,0.500
'[00:00:02.537 01/01/2011]',-14.700,-10.300,-27.400,-19.300,-29.300,0.500
'[00:00:02.538 01/01/2011]',-7.600,-10.300,-26.000,-18.400,-28.400,0.500
'[00:00:02.539 01/01/2011]',-0.200,-9.900,-24.500,-17.300,-27.400,0.500
'[00:00:02.540 01/01/2011]',7.800,-9.100,-22.700,-15.800,-25.800,0.500
'[00:00:02.541 01/01/2011]',16.600,-8.000,-20.400,-13.800,-23.500,0.500
'[00:00:02.542 01/01/2011]',26.000,-7.100,-18.100,-11.800,-20.800,0.500
'[00:00:02.543 01/01/2011]',35.301,-6.500,-15.900,-10.000,-17.900,0.500
'[00:00:02.544 01/01/2011]',43.501,-6.400,-14.300,-8.900,-15.600,0.500
'[00:00:02.545 01/01/2011]',49.701,-6.500,-13.200,-8.400,-13.800,0.500
'[00:00:02.546 01/01/2011]',53.601,-6.500,-12.400,-8.300,-12.500,0.500
'[00:00:02.547 01/01/2011]',55.501,-6.100,-11.500,-8.300,-11.300,0.500
'[00:00:02.548 01/01/2011]',56.001,-5.400,-10.200,-7.800,-9.900,0.500
'[00:00:02.549 01/01/2011]',55.801,-4.500,-8.800,-6.900,-8.400,0.500
'[00:00:02.550 01/01/2011]',55.001,-3.900,-7.600,-5.900,-7.000,0.500
'[00:00:02.551 01/01/2011]',53.301,-3.700,-7.000,-5.000,-6.000,0.500
'[00:00:02.552 01/01/2011]',51.001,-4.000,-7.100,-4.600,-5.600,0.500
'[00:00:02.553 01/01/2011]',48.201,-4.500,-7.600,-4.700,-5.700,0.500
'[00:00:02.554 01/01/2011]',45.701,-5.000,-8.300,-5.300,-6.100,0.500
'[00:00:02.555 01/01/2011]',44.101,-5.400,-8.800,-6.100,-6.600,0.500
'[00:00:02.556 01/01/2011]',43.301,-5.600,-9.300,-7.000,-7.400,0.500
'[00:00:02.557 01/01/2011]',42.301,-5.800,-10.200,-7.800,-8.800,0.500
'[00:00:02.558 01/01/2011]',40.001,-6.200,-11.600,-8.800,-11.000,0.500
'[00:00:02.559 01/01/2011]',35.501,-6.800,-13.900,-10.200,-13.800,0.500
'[00:00:02.560 01/01/2011]',28.400,-7.500,-16.900,-12.000,-17.000,0.500
'[00:00:02.561 01/01/2011]',19.000,-8.200,-20.400,-14.200,-20.400,0.500
'[00:00:02.562 01/01/2011]',8.000,-8.900,-23.900,-16.600,-23.600,0.500
'[00:00:02.563 01/01/2011]',-3.900,-9.500,-27.200,-18.800,-26.500,0.500
'[00:00:02.564 01/01/2011]',-15.700,-9.900,-29.900,-20.600,-28.900,0.500
'[00:00:02.565 01/01/2011]',-26.700,-10.100,-31.700,-21.600,-30.700,0.500
'[00:00:02.566 01/01/2011]',-35.701,-10.300,-32.600,-22.000,-31.600,0.500
'[00:00:02.567 01/01/2011]',-41.601,-10.300,-32.400,-21.700,-31.600,0.500
'[00:00:02.568 01/01/2011]',-43.901,-10.400,-31.500,-21.000,-30.900,0.500
'[00:00:02.569 01/01/2011]',-42.601,-10.800,-30.200,-20.400,-29.700,0.500
'[00:00:02.570 01/01/2011]',-38.701,-11.200,-29.000,-19.900,-28.600,0.500
'[00:00:02.571 01/01/2011]',-33.701,-11.700,-28.100,-19.900,-27.900,0.500
'[00:00:02.572 01/01/2011]',-28.600,-11.900,-27.600,-20.100,-27.600,0.500
'[00:00:02.573 01/01/2011]',-24.500,-11.600,-27.200,-20.400,-27.500,0.500
'[00:00:02.574 01/01/2011]',-21.300,-10.900,-26.800,-20.500,-27.500,0.500
'[00:00:02.575 01/01/2011]',-19.000,-10.100,-26.400,-20.400,-27.300,0.500
'[00:00:02.576 01/01/2011]',-17.200,-9.400,-26.000,-20.100,-26.900,0.500
'[00:00:02.577 01/01/2011]',-15.800,-9.300,-25.800,-19.800,-26.500,0.500
'[00:00:02.578 01/01/2011]',-14.900,-9.600,-26.000,-19.500,-26.200,0.500
'[00:00:02.579 01/01/2011]',-14.400,-10.200,-26.200,-19.400,-26.300,0.500
'[00:00:02.580 01/01/2011]',-14.600,-10.600,-26.500,-19.400,-26.600,0.500
'[00:00:02.581 01/01/2011]',-15.200,-10.500,-26.600,-19.400,-26.900,0.500
'[00:00:02.582 01/01/2011]',-16.100,-10.000,-26.500,-19.400,-26.900,0.500
'[00:00:02.583 01/01/2011]',-17.000,-9.400,-26.300,-19.400,-26.600,0.500
'[00:00:02.584 01/01/2011]',-17.200,-9.000,-26.200,-19.500,-26.200,0.500
'[00:00:02.585 01/01/2011]',-16.500,-9.100,-26.400,-19.500,-25.900,0.500
'[00:00:02.586 01/01/2011]',-15.000,-9.500,-26.700,-19.500,-25.800,0.500
'[00:00:02.587 01/01/2011]',-13.300,-10.200,-27.000,-19.500,-26.200,0.500
'[00:00:02.588 01/01/2011]',-12.200,-10.700,-27.300,-19.400,-26.600,0.500
'[00:00:02.589 01/01/2011]',-12.100,-11.000,-27.500,-19.400,-26.800,0.500
'[00:00:02.590 01/01/2011]',-13.100,-11.200,-27.600,-19.600,-26.800,0.500
'[00:00:02.591 01/01/2011]',-14.600,-11.300,-27.700,-20.000,-26.500,0.500
'[00:00:02.592 01/01/2011]',-15.700,-11.600,-27.800,-20.500,-26.300,0.500
'[00:00:02.593 01/01/2011]',-15.700,-11.900,-27.900,-20.900,-26.400,0.500
'[00:00:02.594 01/01/2011]',-14.700,-12.300,-27.900,-21.100,-26.800,0.500
'[00:00:02.595 01/01/2011]',-13.000,-12.700,-27.700,-21.100,-27.400,0.500
'[00:00:02.596 01/01/2011]',-11.300,-13.000,-27.500,-21.200,-28.000,0.500
'[00:00:02.597 01/01/2011]',-10.000,-13.400,-27.200,-21.300,-28.300,0.500
'[00:00:02.598 01/01/2011]',-9.100,-13.800,-27.000,-21.600,-28.400,0.500
'[00:00:02.599 01/01/2011]',-8.400,-14.000,-27.100,-21.900,-28.300,0.500
'[00:00:02.600 01/01/2011]',-7.800,-13.900,-27.400,-22.000,-28.100,0.500
'[00:00:02.601 01/01/2011]',-7.500,-13.700,-28.000,-21.800,-27.900,0.500
'[00:00:02.602 01/01/2011]',-7.500,-13.500,-28.800,-21.400,-27.800,0.500
'[00:00:02.603 01/01/2011]',-7.900,-13.400,-29.700,-21.000,-27.600,0.500
'[00:00:02.604 01/01/2011]',-8.200,-13.600,-30.500,-21.000,-27.400,0.500
'[00:00:02.605 01/01/2011]',-8.100,-13.800,-31.100,-21.300,-27.300,0.500
'[00:00:02.606 01/01/2011]',-7.500,-14.100,-31.300,-21.900,-27.300,0.500
'[00:00:02.607 01/01/2011]',-6.700,-14.100,-31.100,-22.400,-27.400,0.500
'[00:00:02.608 01/01/2011]',-6.300,-14.000,-30.600,-22.600,-27.800,0.500
'[00:00:02.609 01/01/2011]',-6.700,-13.800,-30.000,-22.400,-28.100,0.500
'[00:00:02.610 01/01/2011]',-7.900,-14.000,-29.700,-22.100,-28.300,0.500
'[00:00:02.611 01/01/2011]',-9.000,-14.300,-29.800,-22.000,-28.500,0.500
'[00:00:02.612 01/01/2011]',-9.300,-14.800,-30.400,-22.500,-28.500,0.500
'[00:00:02.613 01/01/2011]',-8.300,-15.300,-31.300,-23.500,-28.500,0.500
'[00:00:02.614 01/01/2011]',-6.300,-15.500,-32.200,-24.800,-28.600,0.500
'[00:00:02.615 01/01/2011]',-4.300,-15.600,-33.001,-25.800,-28.800,0.500
'[00:00:02.616 01/01/2011]',-3.200,-15.600,-33.501,-26.300,-28.900,0.500
'[00:00:02.617 01/01/2011]',-3.300,-15.700,-33.801,-26.100,-28.900,0.500
'[00:00:02.618 01/01/2011]',-4.200,-16.000,-33.901,-25.300,-28.800,0.500
'[00:00:02.619 01/01/2011]',-5.100,-16.300,-34.001,-24.500,-28.700,0.500
'[00:00:02.620 01/01/2011]',-5.200,-16.500,-34.101,-23.800,-28.600,0.500
'[00:00:02.621 01/01/2011]',-4.300,-16.700,-34.401,-23.500,-28.600,0.500
'[00:00:02.622 01/01/2011]',-3.100,-16.900,-34.601,-23.500,-28.700,0.500
'[00:00:02.623 01/01/2011]',-2.000,-17.000,-34.901,-23.600,-28.700,0.500
'[00:00:02.624 01/01/2011]',-1.600,-17.300,-34.901,-23.500,-28.500,0.500
'[00:00:02.625 01/01/2011]',-1.600,-17.600,-34.601,-23.200,-28.100,0.500
'[00:00:02.626 01/01/2011]',-1.800,-17.700,-34.101,-22.700,-27.700,0.500
'[00:00:02.627 01/01/2011]',-1.900,-17.600,-33.301,-22.400,-27.300,0.500
'[00:00:02.628 01/01/2011]',-1.900,-17.400,-32.700,-22.200,-27.200,0.500
'[00:00:02.629 01/01/2011]',-2.000,-17.000,-32.300,-22.200,-27.300,0.500
'[00:00:02.630 01/01/2011]',-2.500,-16.800,-32.400,-22.300,-27.500,0.500
'[00:00:02.631 01/01/2011]',-3.300,-16.600,-32.801,-22.400,-27.600,0.500
'[00:00:02.632 01/01/2011]',-3.900,-16.500,-33.301,-22.500,-27.600,0.500
'[00:00:02.633 01/01/2011]',-3.900,-16.600,-33.601,-22.400,-27.500,0.500
'[00:00:02.634 01/01/2011]',-3.100,-16.700,-33.501,-22.500,-27.400,0.500
'[00:00:02.635 01/01/2011]',-1.700,-16.800,-33.201,-22.500,-27.400,0.500
'[00:00:02.636 01/01/2011]',-0.500,-17.100,-32.801,-22.700,-27.500,0.500
'[00:00:02.637 01/01/2011]',0.300,-17.400,-32.600,-22.800,-27.500,0.500
'[00:00:02.638 01/01/2011]',0.400,-17.500,-32.600,-22.800,-27.300,0.500
'[00:00:02.639 01/01/2011]',0.200,-17.200,-32.901,-22.600,-27.100,0.500
'[00:00:02.640 01/01/2011]',0.100,-16.500,-33.201,-22.200,-26.800,0.500
'[00:00:02.641 01/01/2011]',0.400,-15.500,-33.301,-21.800,-26.800,0.500
'[00:00:02.642 01/01/2011]',1.000,-14.800,-33.101,-21.400,-27.100,0.500
'[00:00:02.643 01/01/2011]',1.400,-14.400,-32.600,-21.100,-27.500,0.500
'[00:00:02.644 01/01/2011]',1.400,-14.500,-31.800,-20.900,-27.700,0.500
'[00:00:02.645 01/01/2011]',0.900,-14.800,-31.000,-20.700,-27.400,0.500
'[00:00:02.646 01/01/2011]',0.200,-15.100,-30.000,-20.500,-26.500,0.500
'[00:00:02.647 01/01/2011]',-0.100,-15.100,-29.200,-20.200,-25.400,0.500
'[00:00:02.648 01/01/2011]',0.400,-14.900,-28.600,-20.100,-24.500,0.500
'[00:00:02.649 01/01/2011]',1.600,-14.600,-28.300,-20.100,-24.200,0.500
'[00:00:02.650 01/01/2011]',3.200,-14.400,-28.500,-20.300,-24.500,0.500
'[00:00:02.651 01/01/2011]',4.500,-14.400,-29.000,-20.400,-25.100,0.500
'[00:00:02.652 01/01/2011]',5.000,-14.400,-29.500,-20.500,-25.800,0.500
'[00:00:02.653 01/01/2011]',4.700,-14.400,-29.600,-20.400,-26.200,0.500
'[00:00:02.654 01/01/2011]',3.900,-14.100,-29.400,-20.200,-26.300,0.500
'[00:00:02.655 01/01/2011]',3.500,-13.700,-28.900,-20.000,-26.400,0.500
'[00:00:02.656 01/01/2011]',3.800,-13.300,-28.400,-20.000,-26.500,0.500
'[00:00:02.657 01/01/2011]',4.800,-12.900,-28.100,-20.000,-26.800,0.500
'[00:00:02.658 01/01/2011]',6.100,-12.800,-28.100,-20.000,-27.100,0.500
'[00:00:02.659 01/01/2011]',6.900,-13.000,-28.300,-20.000,-27.100,0.500
'[00:00:02.660 01/01/2011]',6.700,-13.600,-28.400,-19.700,-26.800,0.500
'[00:00:02.661 01/01/2011]',5.600,-14.400,-28.300,-19.300,-26.400,0.500
'[00:00:02.662 01/01/2011]',4.100,-15.100,-27.900,-18.900,-26.000,0.500
'[00:00:02.663 01/01/2011]',2.700,-15.500,-27.600,-18.600,-25.900,0.500
'[00:00:02.664 01/01/2011]',1.900,-15.500,-27.500,-18.600,-26.000,0.500
'[00:00:02.665 01/01/2011]',1.800,-14.900,-27.600,-18.900,-26.300,0.500
'[00:00:02.666 01/01/2011]',1.900,-14.100,-27.900,-19.300,-26.600,0.500
'[00:00:02.667 01/01/2011]',2.100,-13.400,-28.200,-19.600,-26.700,0.500
'[00:00:02.668 01/01/2011]',2.200,-13.000,-28.100,-19.800,-26.700,0.500
'[00:00:02.669 01/01/2011]',2.500,-12.900,-27.800,-19.700,-26.600,0.500
'[00:00:02.670 01/01/2011]',3.300,-13.200,-27.300,-19.400,-26.300,0.500
'[00:00:02.671 01/01/2011]',4.400,-13.400,-26.900,-19.000,-25.900,0.500
'[00:00:02.672 01/01/2011]',5.700,-13.700,-26.800,-18.600,-25.500,0.500
'[00:00:02.673 01/01/2011]',6.700,-13.800,-27.000,-18.400,-25.300,0.500
'[00:00:02.674 01/01/2011]',7.100,-13.800,-27.300,-18.400,-25.300,0.500
'[00:00:02.675 01/01/2011]',6.800,-13.800,-27.500,-18.400,-25.400,0.500
'[00:00:02.676 01/01/2011]',6.100,-13.800,-27.400,-18.500,-25.800,0.500
'[00:00:02.677 01/01/2011]',5.500,-13.800,-27.000,-18.700,-26.000,0.500
'[00:00:02.678 01/01/2011]',5.300,-13.800,-26.300,-18.900,-26.100,0.500
'[00:00:02.679 01/01/2011]',5.500,-13.600,-25.300,-19.200,-25.900,0.500
'[00:00:02.680 01/01/2011]',5.800,-13.300,-24.300,-19.600,-25.600,0.500
'[00:00:02.681 01/01/2011]',5.900,-12.500,-23.000,-19.900,-25.300,0.500
'[00:00:02.682 01/01/2011]',5.600,-11.400,-21.400,-19.900,-25.400,0.500
'[00:00:02.683 01/01/2011]',5.300,-10.100,-19.300,-19.400,-25.900,0.500
'[00:00:02.684 01/01/2011]',5.300,-8.600,-16.700,-18.500,-26.800,0.500
'[00:00:02.685 01/01/2011]',5.900,-7.400,-13.700,-17.300,-27.800,0.500
'[00:00:02.686 01/01/2011]',7.000,-6.500,-10.400,-16.000,-28.400,0.500
'[00:00:02.687 01/01/2011]',8.000,-5.900,-7.100,-14.700,-28.300,0.500
'[00:00:02.688 01/01/2011]',8.200,-5.400,-3.900,-13.500,-27.500,0.500
'[00:00:02.689 01/01/2011]',7.200,-4.900,-1.000,-12.200,-26.000,0.500
'[00:00:02.690 01/01/2011]',5.200,-4.200,1.600,-10.800,-24.000,0.500
'[00:00:02.691 01/01/2011]',2.800,-3.500,3.800,-9.100,-21.800,0.500
'[00:00:02.692 01/01/2011]',0.800,-3.000,5.700,-7.400,-19.400,0.500
'[00:00:02.693 01/01/2011]',-0.300,-2.700,7.300,-5.600,-16.800,0.500
'[00:00:02.694 01/01/2011]',-0.700,-2.700,8.900,-3.800,-13.700,0.500
'[00:00:02.695 01/01/2011]',-0.900,-3.100,10.700,-2.000,-10.100,0.500
'[00:00:02.696 01/01/2011]',-1.500,-3.700,12.700,-0.200,-5.800,0.500
'[00:00:02.697 01/01/2011]',-2.700,-4.500,14.900,1.700,-1.000,0.500
'[00:00:02.698 01/01/2011]',-4.300,-5.600,16.800,3.400,4.200,0.500
'[00:00:02.699 01/01/2011]',-5.800,-6.800,18.000,5.000,9.600,0.500
'[00:00:02.700 01/01/2011]',-7.100,-8.100,18.200,6.400,15.100,0.500
'[00:00:02.701 01/01/2011]',-8.100,-9.400,17.400,7.800,20.900,0.500
'[00:00:02.702 01/01/2011]',-9.200,-10.900,15.900,9.300,27.000,0.500
'[00:00:02.703 01/01/2011]',-10.600,-12.500,14.100,10.800,33.201,0.500
'[00:00:02.704 01/01/2011]',-12.000,-14.300,12.200,12.400,39.501,0.500
'[00:00:02.705 01/01/2011]',-13.100,-16.300,9.900,13.700,45.601,0.500
'[00:00:02.706 01/01/2011]',-13.400,-18.500,7.100,14.500,51.301,0.500
'[00:00:02.707 01/01/2011]',-12.800,-20.900,3.500,14.700,56.601,0.500
'[00:00:02.708 01/01/2011]',-12.000,-23.500,-0.800,14.400,61.701,0.500
'[00:00:02.709 01/01/2011]',-11.600,-26.300,-5.400,13.800,66.601,0.500
'[00:00:02.710 01/01/2011]',-12.300,-29.400,-9.900,13.200,71.401,0.500
'[00:00:02.711 01/01/2011]',-14.300,-32.600,-13.900,12.900,75.901,0.500
'[00:00:02.712 01/01/2011]',-16.700,-35.501,-17.200,12.800,79.801,0.500
'[00:00:02.713 01/01/2011]',-18.800,-37.801,-19.900,12.700,82.401,0.500
'[00:00:02.714 01/01/2011]',-19.700,-39.201,-22.200,12.400,83.601,0.500
'[00:00:02.715 01/01/2011]',-19.100,-40.001,-24.300,11.600,83.301,0.500
'[00:00:02.716 01/01/2011]',-17.400,-40.501,-26.300,10.300,81.501,0.500
'[00:00:02.717 01/01/2011]',-15.200,-41.001,-28.400,8.200,78.301,0.500
'[00:00:02.718 01/01/2011]',-13.100,-41.501,-30.700,5.500,73.901,0.500
'[00:00:02.719 01/01/2011]',-11.500,-42.001,-33.301,2.200,68.301,0.500
'[00:00:02.720 01/01/2011]',-10.400,-42.101,-36.201,-1.400,61.601,0.500
'[00:00:02.721 01/01/2011]',-9.500,-41.801,-39.401,-5.100,54.201,0.500
'[00:00:02.722 01/01/2011]',-8.600,-41.201,-42.801,-8.800,46.401,0.500
'[00:00:02.723 01/01/2011]',-7.700,-40.801,-46.501,-12.300,38.701,0.500
'[00:00:02.724 01/01/2011]',-6.700,-41.001,-50.401,-15.400,31.300,0.500
'[00:00:02.725 01/01/2011]',-5.400,-41.701,-54.701,-18.300,24.400,0.500
'[00:00:02.726 01/01/2011]',-3.900,-42.501,-59.301,-21.200,17.500,0.500
'[00:00:02.727 01/01/2011]',-1.900,-43.001,-64.001,-24.300,10.500,0.500
'[00:00:02.728 01/01/2011]',0.600,-42.701,-68.301,-27.400,3.300,0.500
'[00:00:02.729 01/01/2011]',3.500,-41.801,-71.701,-30.700,-3.800,0.500
'[00:00:02.730 01/01/2011]',6.200,-40.501,-73.901,-33.701,-10.400,0.500
'[00:00:02.731 01/01/2011]',8.300,-39.501,-74.901,-36.101,-16.000,0.500
'[00:00:02.732 01/01/2011]',9.500,-38.801,-74.901,-37.701,-20.400,0.500
'[00:00:02.733 01/01/2011]',9.700,-38.201,-74.401,-38.401,-23.800,0.500
'[00:00:02.734 01/01/2011]',9.300,-37.601,-73.601,-38.501,-26.500,0.500
'[00:00:02.735 01/01/2011]',8.800,-36.501,-72.601,-38.301,-29.000,0.500
'[00:00:02.736 01/01/2011]',8.800,-35.201,-71.301,-38.201,-31.500,0.500
'[00:00:02.737 01/01/2011]',9.400,-33.901,-69.601,-38.201,-34.101,0.500
'[00:00:02.738 01/01/2011]',10.300,-32.901,-67.401,-38.501,-36.601,0.500
'[00:00:02.739 01/01/2011]',11.000,-32.100,-64.901,-38.801,-38.501,0.500
'[00:00:02.740 01/01/2011]',11.300,-31.400,-62.201,-39.001,-39.601,0.500
'[00:00:02.741 01/01/2011]',11.100,-30.500,-59.401,-38.701,-40.101,0.500
'[00:00:02.742 01/01/2011]',10.800,-29.400,-56.501,-38.001,-40.101,0.500
'[00:00:02.743 01/01/2011]',10.600,-28.100,-53.601,-36.901,-39.801,0.500
'[00:00:02.744 01/01/2011]',10.800,-26.800,-50.501,-35.501,-39.601,0.500
'[00:00:02.745 01/01/2011]',11.000,-25.800,-47.401,-34.001,-39.301,0.500
'[00:00:02.746 01/01/2011]',10.800,-24.900,-44.401,-32.500,-39.001,0.500
'[00:00:02.747 01/01/2011]',9.900,-24.200,-41.701,-31.100,-38.401,0.500
'[00:00:02.748 01/01/2011]',8.500,-23.400,-39.501,-29.900,-37.501,0.500
'[00:00:02.749 01/01/2011]',7.200,-22.700,-37.601,-28.900,-36.101,0.500
'[00:00:02.750 01/01/2011]',6.700,-22.200,-36.001,-27.900,-34.501,0.500
'[00:00:02.751 01/01/2011]',7.400,-22.100,-34.501,-27.100,-33.101,0.500
'[00:00:02.752 01/01/2011]',9.200,-22.200,-33.001,-26.400,-32.100,0.500
'[00:00:02.753 01/01/2011]',11.300,-22.300,-31.700,-25.900,-31.700,0.500
'[00:00:02.754 01/01/2011]',12.700,-22.200,-30.700,-25.700,-31.800,0.500
'[00:00:02.755 01/01/2011]',12.900,-21.700,-30.100,-25.700,-32.300,0.500
'[00:00:02.756 01/01/2011]',11.700,-21.100,-29.800,-25.800,-32.801,0.500
'[00:00:02.757 01/01/2011]',9.700,-20.500,-29.800,-26.000,-33.101,0.500
'[00:00:02.758 01/01/2011]',7.800,-20.300,-29.600,-26.200,-33.101,0.500
'[00:00:02.759 01/01/2011]',6.800,-20.300,-29.300,-26.000,-32.801,0.500
'[00:00:02.760 01/01/2011]',7.100,-20.500,-28.800,-25.700,-32.300,0.500
'[00:00:02.761 01/01/2011]',8.300,-20.400,-28.200,-25.000,-31.900,0.500
'[00:00:02.762 01/01/2011]',10.000,-20.000,-27.700,-24.300,-31.600,0.500
'[00:00:02.763 01/01/2011]',11.400,-19.200,-27.300,-23.500,-31.400,0.500
'[00:00:02.764 01/01/2011]',12.300,-18.400,-27.000,-22.800,-31.100,0.500
'[00:00:02.765 01/01/2011]',12.700,-17.700,-26.800,-22.300,-30.900,0.500
'[00:00:02.766 01/01/2011]',12.700,-17.400,-26.600,-22.000,-30.600,0.500
'[00:00:02.767 01/01/2011]',12.600,-17.200,-26.300,-22.100,-30.200,0.500
'[00:00:02.768 01/01/2011]',12.400,-17.200,-25.900,-22.300,-30.000,0.500
'[00:00:02.769 01/01/2011]',12.100,-17.200,-25.600,-22.800,-29.800,0.500
'[00:00:02.770 01/01/2011]',11.600,-17.200,-25.500,-23.200,-29.700,0.500
'[00:00:02.771 01/01/2011]',11.100,-17.300,-25.500,-23.400,-29.600,0.500
'[00:00:02.772 01/01/2011]',10.900,-17.300,-25.600,-23.400,-29.400,0.500
'[00:00:02.773 01/01/2011]',11.200,-17.400,-25.600,-23.200,-29.200,0.500
'[00:00:02.774 01/01/2011]',12.000,-17.500,-25.600,-23.000,-29.100,0.500
'[00:00:02.775 01/01/2011]',12.900,-17.700,-25.700,-23.000,-29.400,0.500
'[00:00:02.776 01/01/2011]',13.800,-17.900,-26.100,-23.300,-30.000,0.500
'[00:00:02.777 01/01/2011]',14.200,-18.200,-26.800,-23.800,-30.800,0.500
'[00:00:02.778 01/01/2011]',14.000,-18.300,-27.700,-24.200,-31.600,0.500
'[00:00:02.779 01/01/2011]',13.300,-18.200,-28.400,-24.200,-32.000,0.500
'[00:00:02.780 01/01/2011]',12.300,-17.700,-28.600,-23.900,-31.900,0.500
'[00:00:02.781 01/01/2011]',11.300,-16.900,-28.300,-23.200,-31.300,0.500
'[00:00:02.782 01/01/2011]',10.600,-16.100,-27.600,-22.500,-30.600,0.500
'[00:00:02.783 01/01/2011]',10.400,-15.500,-27.000,-22.100,-30.000,0.500
'[00:00:02.784 01/01/2011]',10.600,-15.200,-26.800,-22.100,-29.900,0.500
'[00:00:02.785 01/01/2011]',11.100,-15.100,-26.800,-22.300,-30.200,0.500
'[00:00:02.786 01/01/2011]',11.600,-14.900,-26.900,-22.600,-30.600,0.500
'[00:00:02.787 01/01/2011]',11.700,-14.500,-26.900,-22.800,-31.000,0.500
'[00:00:02.788 01/01/2011]',11.200,-13.900,-26.700,-22.800,-31.000,0.500
'[00:00:02.789 01/01/2011]',10.000,-13.400,-26.400,-22.700,-30.800,0.500
'[00:00:02.790 01/01/2011]',8.500,-13.300,-26.000,-22.700,-30.400,0.500
'[00:00:02.791 01/01/2011]',7.000,-13.700,-25.900,-22.800,-29.900,0.500
'[00:00:02.792 01/01/2011]',6.100,-14.500,-26.000,-23.000,-29.600,0.500
'[00:00:02.793 01/01/2011]',5.800,-15.300,-26.000,-23.000,-29.400,0.500
'[00:00:02.794 01/01/2011]',6.100,-15.700,-26.100,-23.000,-29.400,0.500
'[00:00:02.795 01/01/2011]',6.600,-15.500,-26.200,-22.800,-29.500,0.500
'[00:00:02.796 01/01/2011]',6.700,-15.100,-26.300,-22.700,-29.800,0.500
'[00:00:02.797 01/01/2011]',6.100,-14.700,-26.600,-22.500,-30.000,0.500
'[00:00:02.798 01/01/2011]',4.700,-14.700,-27.100,-22.400,-30.200,0.500
'[00:00:02.799 01/01/2011]',2.900,-15.000,-27.500,-22.400,-30.300,0.500
'[00:00:02.800 01/01/2011]',1.500,-15.400,-27.900,-22.300,-30.100,0.500
'[00:00:02.801 01/01/2011]',0.900,-15.700,-28.000,-22.300,-29.800,0.500
'[00:00:02.802 01/01/2011]',1.300,-15.700,-28.000,-22.300,-29.500,0.500
'[00:00:02.803 01/01/2011]',2.500,-15.500,-27.900,-22.400,-29.200,0.500
'[00:00:02.804 01/01/2011]',3.700,-15.100,-27.800,-22.400,-29.200,0.500
'[00:00:02.805 01/01/2011]',4.200,-14.800,-27.500,-22.500,-29.200,0.500
'[00:00:02.806 01/01/2011]',3.500,-14.600,-27.100,-22.300,-29.100,0.500
'[00:00:02.807 01/01/2011]',1.700,-14.400,-26.400,-22.000,-28.900,0.500
'[00:00:02.808 01/01/2011]',-0.300,-14.100,-25.800,-21.600,-28.600,0.500
'[00:00:02.809 01/01/2011]',-1.900,-13.700,-25.300,-21.200,-28.300,0.500
'[00:00:02.810 01/01/2011]',-2.600,-13.500,-25.300,-20.900,-28.100,0.500
'[00:00:02.811 01/01/2011]',-2.200,-13.500,-25.700,-20.800,-28.100,0.500
'[00:00:02.812 01/01/2011]',-1.200,-13.800,-26.300,-20.900,-28.300,0.500
'[00:00:02.813 01/01/2011]',-0.300,-14.300,-26.900,-21.000,-28.500,0.500
'[00:00:02.814 01/01/2011]',-0.100,-14.600,-27.300,-20.900,-28.600,0.500
'[00:00:02.815 01/01/2011]',-0.900,-14.600,-27.300,-20.600,-28.700,0.500
'[00:00:02.816 01/01/2011]',-2.700,-14.300,-27.100,-20.300,-28.700,0.500
'[00:00:02.817 01/01/2011]',-4.800,-13.900,-26.800,-20.100,-28.900,0.500
'[00:00:02.818 01/01/2011]',-6.700,-13.700,-26.600,-20.200,-29.300,0.500
'[00:00:02.819 01/01/2011]',-7.700,-13.800,-26.400,-20.600,-29.900,0.500
'[00:00:02.820 01/01/2011]',-7.600,-14.400,-26.300,-21.200,-30.700,0.500
'[00:00:02.821 01/01/2011]',-6.800,-15.000,-26.300,-21.900,-31.400,0.500
'[00:00:02.822 01/01/2011]',-5.800,-15.400,-26.400,-22.300,-32.000,0.500
'[00:00:02.823 01/01/2011]',-5.200,-15.300,-26.500,-22.600,-32.400,0.500
'[00:00:02.824 01/01/2011]',-5.500,-14.700,-26.600,-22.500,-32.500,0.500
'[00:00:02.825 01/01/2011]',-6.500,-14.000,-26.600,-22.400,-32.400,0.500
'[00:00:02.826 01/01/2011]',-7.500,-13.400,-26.500,-22.300,-32.100,0.500
'[00:00:02.827 01/01/2011]',-8.000,-13.200,-26.200,-22.100,-31.800,0.500
'[00:00:02.828 01/01/2011]',-7.600,-13.300,-25.800,-22.000,-31.500,0.500
'[00:00:02.829 01/01/2011]',-6.600,-13.700,-25.300,-21.900,-31.200,0.500
'[00:00:02.830 01/01/2011]',-5.800,-14.200,-25.000,-21.700,-30.900,0.500
'[00:00:02.831 01/01/2011]',-5.800,-14.600,-25.000,-21.600,-30.700,0.500
'[00:00:02.832 01/01/2011]',-6.800,-14.800,-25.200,-21.400,-30.400,0.500
'[00:00:02.833 01/01/2011]',-8.400,-14.900,-25.700,-21.300,-30.200,0.500
'[00:00:02.834 01/01/2011]',-9.700,-14.700,-26.000,-21.100,-30.000,0.500
'[00:00:02.835 01/01/2011]',-10.100,-14.300,-26.300,-21.000,-29.800,0.500
'[00:00:02.836 01/01/2011]',-9.500,-13.900,-26.300,-20.900,-29.500,0.500
'[00:00:02.837 01/01/2011]',-8.300,-13.600,-26.300,-20.700,-29.100,0.500
'[00:00:02.838 01/01/2011]',-7.500,-13.600,-26.300,-20.600,-28.600,0.500
'[00:00:02.839 01/01/2011]',-7.400,-13.900,-26.600,-20.500,-28.000,0.500
'[00:00:02.840 01/01/2011]',-8.000,-14.300,-27.000,-20.300,-27.500,0.500
'[00:00:02.841 01/01/2011]',-8.700,-14.600,-27.500,-20.200,-27.300,0.500
'[00:00:02.842 01/01/2011]',-9.000,-14.700,-27.800,-20.300,-27.300,0.500
'[00:00:02.843 01/01/2011]',-8.500,-14.400,-27.900,-20.600,-27.500,0.500
'[00:00:02.844 01/01/2011]',-7.800,-14.100,-27.800,-21.200,-27.800,0.500
'[00:00:02.845 01/01/2011]',-7.500,-13.900,-27.700,-21.900,-28.100,0.500
'[00:00:02.846 01/01/2011]',-8.100,-13.800,-27.800,-22.600,-28.500,0.500
'[00:00:02.847 01/01/2011]',-9.400,-13.800,-28.000,-23.100,-28.700,0.500
'[00:00:02.848 01/01/2011]',-10.800,-13.800,-28.200,-23.300,-28.700,0.500
'[00:00:02.849 01/01/2011]',-11.400,-13.700,-28.200,-23.200,-28.600,0.500
'[00:00:02.850 01/01/2011]',-10.900,-13.500,-27.800,-22.900,-28.200,0.500
'[00:00:02.851 01/01/2011]',-9.600,-13.300,-27.100,-22.400,-27.600,0.500
'[00:00:02.852 01/01/2011]',-8.400,-13.200,-26.300,-21.900,-26.900,0.500
'[00:00:02.853 01/01/2011]',-7.900,-13.400,-25.800,-21.600,-26.400,0.500
'[00:00:02.854 01/01/2011]',-8.200,-13.600,-25.600,-21.600,-26.100,0.500
'[00:00:02.855 01/01/2011]',-8.700,-13.900,-25.800,-21.900,-26.400,0.500
'[00:00:02.856 01/01/2011]',-8.700,-14.100,-26.300,-22.400,-27.000,0.500
'[00:00:02.857 01/01/2011]',-8.200,-14.200,-26.800,-22.700,-27.700,0.500
'[00:00:02.858 01/01/2011]',-7.500,-14.100,-27.100,-22.700,-28.300,0.500
'[00:00:02.859 01/01/2011]',-7.400,-14.100,-27.200,-22.400,-28.600,0.500
'[00:00:02.860 01/01/2011]',-8.300,-14.100,-27.000,-21.900,-28.500,0.500
'[00:00:02.861 01/01/2011]',-9.900,-14.100,-26.800,-21.400,-28.100,0.500
'[00:00:02.862 01/01/2011]',-11.500,-14.200,-26.700,-21.200,-27.700,0.500
'[00:00:02.863 01/01/2011]',-12.200,-14.100,-26.800,-21.200,-27.400,0.500
'[00:00:02.864 01/01/2011]',-11.900,-14.000,-26.900,-21.400,-27.300,0.500
'[00:00:02.865 01/01/2011]',-10.800,-13.700,-27.100,-21.600,-27.400,0.500
'[00:00:02.866 01/01/2011]',-9.600,-13.500,-27.000,-21.700,-27.500,0.500
'[00:00:02.867 01/01/2011]',-9.000,-13.500,-26.800,-21.700,-27.600,0.500
'[00:00:02.868 01/01/2011]',-8.900,-13.700,-26.400,-21.700,-27.600,0.500
'[00:00:02.869 01/01/2011]',-9.000,-14.100,-26.000,-21.800,-27.400,0.500
'[00:00:02.870 01/01/2011]',-8.800,-14.600,-25.800,-21.800,-27.200,0.500
'[00:00:02.871 01/01/2011]',-8.400,-15.100,-25.900,-21.900,-27.000,0.500
'[00:00:02.872 01/01/2011]',-7.800,-15.600,-26.200,-21.800,-27.000,0.500
'[00:00:02.873 01/01/2011]',-7.500,-15.800,-26.600,-21.700,-27.200,0.500
'[00:00:02.874 01/01/2011]',-7.500,-15.900,-27.000,-21.600,-27.600,0.500
'[00:00:02.875 01/01/2011]',-7.900,-15.900,-27.200,-21.600,-27.900,0.500
'[00:00:02.876 01/01/2011]',-8.500,-15.700,-27.200,-21.700,-28.000,0.500
'[00:00:02.877 01/01/2011]',-9.000,-15.500,-27.000,-21.800,-27.600,0.500
'[00:00:02.878 01/01/2011]',-9.300,-15.500,-26.700,-21.800,-27.000,0.500
'[00:00:02.879 01/01/2011]',-9.300,-15.700,-26.400,-21.800,-26.200,0.500
'[00:00:02.880 01/01/2011]',-9.100,-16.100,-26.200,-21.700,-25.600,0.500
'[00:00:02.881 01/01/2011]',-8.800,-16.500,-26.100,-21.700,-25.400,0.500
'[00:00:02.882 01/01/2011]',-8.300,-16.700,-26.000,-21.800,-25.600,0.500
'[00:00:02.883 01/01/2011]',-7.900,-16.500,-26.000,-21.900,-25.800,0.500
'[00:00:02.884 01/01/2011]',-7.500,-15.900,-25.900,-21.700,-25.700,0.500
'[00:00:02.885 01/01/2011]',-7.100,-15.000,-25.600,-21.200,-25.100,0.500
'[00:00:02.886 01/01/2011]',-6.600,-14.200,-25.300,-20.600,-24.200,0.500
'[00:00:02.887 01/01/2011]',-5.800,-13.600,-25.000,-19.800,-23.300,0.500
'[00:00:02.888 01/01/2011]',-4.500,-13.500,-25.100,-19.300,-22.700,0.500
'[00:00:02.889 01/01/2011]',-3.000,-14.000,-25.300,-19.000,-22.600,0.500
'[00:00:02.890 01/01/2011]',-1.500,-14.900,-25.700,-18.900,-22.900,0.500
'[00:00:02.891 01/01/2011]',-0.400,-15.800,-25.900,-18.900,-23.300,0.500
'[00:00:02.892 01/01/2011]',0.100,-16.500,-25.800,-18.800,-23.500,0.500
'[00:00:02.893 01/01/2011]',0.300,-16.700,-25.200,-18.700,-23.300,0.500
'[00:00:02.894 01/01/2011]',0.600,-16.200,-24.400,-18.500,-23.000,0.500
'[00:00:02.895 01/01/2011]',1.100,-15.500,-23.600,-18.300,-22.600,0.500
'[00:00:02.896 01/01/2011]',1.800,-14.700,-23.100,-18.100,-22.500,0.500
'[00:00:02.897 01/01/2011]',2.500,-14.400,-22.700,-18.000,-22.600,0.500
'[00:00:02.898 01/01/2011]',2.600,-14.600,-22.600,-17.800,-22.700,0.500
'[00:00:02.899 01/01/2011]',2.100,-15.200,-22.500,-17.700,-22.500,0.500
'[00:00:02.900 01/01/2011]',0.800,-15.900,-22.400,-17.700,-22.000,0.500
'[00:00:02.901 01/01/2011]',-0.700,-16.300,-22.500,-17.900,-21.300,0.500
'[00:00:02.902 01/01/2011]',-1.600,-16.400,-22.700,-18.400,-20.600,0.500
'[00:00:02.903 01/01/2011]',-1.500,-16.300,-23.200,-19.300,-20.300,0.500
'[00:00:02.904 01/01/2011]',-0.300,-16.100,-23.700,-20.300,-20.100,0.500
'[00:00:02.905 01/01/2011]',1.700,-16.200,-24.200,-21.000,-20.000,0.500
'[00:00:02.906 01/01/2011]',3.600,-16.400,-24.600,-21.300,-19.700,0.500
'[00:00:02.907 01/01/2011]',4.700,-16.600,-24.900,-20.900,-19.000,0.500
'[00:00:02.908 01/01/2011]',4.800,-16.700,-25.000,-20.000,-18.200,0.500
'[00:00:02.909 01/01/2011]',3.900,-16.600,-25.200,-19.000,-17.500,0.500
'[00:00:02.910 01/01/2011]',2.800,-16.500,-25.300,-18.100,-17.100,0.500
'[00:00:02.911 01/01/2011]',2.200,-16.600,-25.600,-17.700,-17.300,0.500
'[00:00:02.912 01/01/2011]',2.100,-17.100,-25.800,-17.800,-17.700,0.500
'[00:00:02.913 01/01/2011]',2.400,-17.900,-26.200,-18.300,-18.000,0.500
'[00:00:02.914 01/01/2011]',2.300,-18.700,-26.600,-18.800,-18.100,0.500
'[00:00:02.915 01/01/2011]',1.400,-19.300,-27.100,-19.100,-17.900,0.500
'[00:00:02.916 01/01/2011]',-0.200,-19.500,-27.400,-18.900,-17.400,0.500
'[00:00:02.917 01/01/2011]',-1.900,-19.200,-27.500,-18.500,-16.900,0.500
'[00:00:02.918 01/01/2011]',-2.800,-18.900,-27.200,-17.900,-16.500,0.500
'[00:00:02.919 01/01/2011]',-2.500,-18.700,-26.600,-17.600,-16.400,0.500
'[00:00:02.920 01/01/2011]',-1.300,-19.000,-26.000,-17.600,-16.400,0.500
'[00:00:02.921 01/01/2011]',-0.200,-19.500,-25.700,-17.800,-16.400,0.500
'[00:00:02.922 01/01/2011]',0.100,-20.200,-25.700,-18.200,-16.500,0.500
'[00:00:02.923 01/01/2011]',-0.800,-20.700,-26.200,-18.600,-16.700,0.500
'[00:00:02.924 01/01/2011]',-2.200,-20.900,-27.000,-18.800,-16.900,0.500
'[00:00:02.925 01/01/2011]',-3.300,-20.800,-27.700,-18.900,-17.100,0.500
'[00:00:02.926 01/01/2011]',-3.800,-20.500,-28.300,-19.000,-17.200,0.500
'[00:00:02.927 01/01/2011]',-3.600,-20.400,-28.700,-19.200,-17.200,0.500
'[00:00:02.928 01/01/2011]',-3.600,-20.400,-29.000,-19.600,-16.900,0.500
'[00:00:02.929 01/01/2011]',-4.500,-20.600,-29.300,-20.200,-16.700,0.500
'[00:00:02.930 01/01/2011]',-6.600,-20.900,-29.700,-20.700,-16.600,0.500
'[00:00:02.931 01/01/2011]',-9.500,-21.200,-30.300,-21.100,-16.800,0.500
'[00:00:02.932 01/01/2011]',-12.300,-21.400,-30.900,-21.400,-17.300,0.500
'[00:00:02.933 01/01/2011]',-14.000,-21.700,-31.400,-21.400,-18.000,0.500
'[00:00:02.934 01/01/2011]',-14.500,-21.900,-31.800,-21.300,-18.500,0.500
'[00:00:02.935 01/01/2011]',-14.100,-22.400,-31.900,-21.200,-18.700,0.500
'[00:00:02.936 01/01/2011]',-13.900,-22.900,-31.900,-21.100,-18.600,0.500
'[00:00:02.937 01/01/2011]',-14.600,-23.400,-31.700,-21.000,-18.100,0.500
'[00:00:02.938 01/01/2011]',-16.300,-23.600,-31.600,-20.800,-17.500,0.500
'[00:00:02.939 01/01/2011]',-18.800,-23.600,-31.400,-20.500,-16.800,0.500
'[00:00:02.940 01/01/2011]',-21.000,-23.400,-31.200,-20.000,-16.100,0.500
'[00:00:02.941 01/01/2011]',-22.200,-23.100,-31.000,-19.500,-15.600,0.500
'[00:00:02.942 01/01/2011]',-22.300,-23.000,-30.800,-19.000,-15.300,0.500
'[00:00:02.943 01/01/2011]',-21.600,-23.000,-30.600,-18.800,-15.000,0.500
'[00:00:02.944 01/01/2011]',-20.900,-23.300,-30.400,-19.000,-14.700,0.500
'[00:00:02.945 01/01/2011]',-20.700,-23.500,-30.200,-19.500,-14.300,0.500
'[00:00:02.946 01/01/2011]',-21.100,-23.700,-30.000,-20.000,-13.600,0.500
'[00:00:02.947 01/01/2011]',-21.700,-23.900,-29.800,-20.400,-12.700,0.500
'[00:00:02.948 01/01/2011]',-22.200,-24.000,-29.700,-20.400,-11.800,0.500
'[00:00:02.949 01/01/2011]',-22.400,-24.300,-29.700,-20.000,-11.100,0.500
'[00:00:02.950 01/01/2011]',-22.400,-24.800,-29.700,-19.500,-10.700,0.500
'[00:00:02.951 01/01/2011]',-22.700,-25.300,-29.800,-19.100,-10.700,0.500
'[00:00:02.952 01/01/2011]',-23.500,-25.800,-29.900,-19.100,-11.000,0.500
'[00:00:02.953 01/01/2011]',-24.600,-26.100,-30.000,-19.400,-11.300,0.500
'[00:00:02.954 01/01/2011]',-25.500,-26.200,-30.200,-19.900,-11.500,0.500
'[00:00:02.955 01/01/2011]',-25.800,-26.200,-30.400,-20.300,-11.600,0.500
'[00:00:02.956 01/01/2011]',-25.100,-26.200,-30.600,-20.600,-11.600,0.500
'[00:00:02.957 01/01/2011]',-23.700,-26.200,-30.600,-20.600,-11.600,0.500
'[00:00:02.958 01/01/2011]',-21.900,-26.100,-30.600,-20.500,-11.500,0.500
'[00:00:02.959 01/01/2011]',-20.500,-26.000,-30.400,-20.400,-11.400,0.500
'[00:00:02.960 01/01/2011]',-19.700,-25.700,-30.000,-20.400,-11.000,0.500
'[00:00:02.961 01/01/2011]',-19.900,-25.400,-29.700,-20.400,-10.600,0.500
'[00:00:02.962 01/01/2011]',-20.900,-25.200,-29.300,-20.200,-10.100,0.500
'[00:00:02.963 01/01/2011]',-22.600,-25.200,-29.000,-19.800,-9.600,0.500
'[00:00:02.964 01/01/2011]',-24.300,-25.300,-28.800,-19.200,-9.300,0.500
'[00:00:02.965 01/01/2011]',-25.700,-25.500,-28.500,-18.500,-9.000,0.500
'[00:00:02.966 01/01/2011]',-26.300,-25.500,-28.300,-18.100,-8.800,0.500
'[00:00:02.967 01/01/2011]',-25.900,-25.400,-28.000,-18.100,-8.500,0.500
'[00:00:02.968 01/01/2011]',-24.700,-25.100,-27.800,-18.400,-8.300,0.500
'[00:00:02.969 01/01/2011]',-23.300,-24.800,-27.500,-18.900,-8.100,0.500
'[00:00:02.970 01/01/2011]',-22.000,-24.800,-27.200,-19.200,-8.100,0.500
'[00:00:02.971 01/01/2011]',-21.300,-25.100,-26.900,-19.300,-8.200,0.500
'[00:00:02.972 01/01/2011]',-21.200,-25.600,-26.700,-19.000,-8.400,0.500
'[00:00:02.973 01/01/2011]',-21.600,-26.100,-26.700,-18.600,-8.600,0.500
'[00:00:02.974 01/01/2011]',-22.100,-26.400,-27.000,-18.100,-8.600,0.500
'[00:00:02.975 01/01/2011]',-22.700,-26.400,-27.600,-17.800,-8.600,0.500
'[00:00:02.976 01/01/2011]',-23.200,-26.300,-28.200,-17.800,-8.500,0.500
'[00:00:02.977 01/01/2011]',-23.400,-26.300,-28.600,-18.100,-8.500,0.500
'[00:00:02.978 01/01/2011]',-23.300,-26.500,-28.700,-18.600,-8.600,0.500
'[00:00:02.979 01/01/2011]',-23.100,-27.000,-28.500,-19.400,-8.700,0.500
'[00:00:02.980 01/01/2011]',-22.700,-27.600,-28.100,-20.200,-8.700,0.500
'[00:00:02.981 01/01/2011]',-22.500,-27.900,-27.700,-20.700,-8.600,0.500
'[00:00:02.982 01/01/2011]',-22.300,-27.800,-27.400,-20.800,-8.200,0.500
'[00:00:02.983 01/01/2011]',-22.000,-27.300,-27.000,-20.200,-7.800,0.500
'[00:00:02.984 01/01/2011]',-21.400,-26.600,-26.500,-19.400,-7.400,0.500
'[00:00:02.985 01/01/2011]',-20.400,-26.100,-25.900,-18.600,-7.400,0.500
'[00:00:02.986 01/01/2011]',-19.200,-26.000,-25.500,-18.400,-7.900,0.500
'[00:00:02.987 01/01/2011]',-18.300,-26.200,-25.200,-19.000,-8.800,0.500
'[00:00:02.988 01/01/2011]',-18.400,-26.600,-25.300,-20.000,-9.800,0.500
'[00:00:02.989 01/01/2011]',-19.400,-26.800,-25.500,-21.000,-10.700,0.500
'[00:00:02.990 01/01/2011]',-20.700,-26.600,-25.600,-21.400,-11.000,0.500
'[00:00:02.991 01/01/2011]',-21.600,-26.200,-25.400,-21.000,-10.900,0.500
'[00:00:02.992 01/01/2011]',-21.500,-25.600,-24.900,-20.100,-10.400,0.500
'[00:00:02.993 01/01/2011]',-20.300,-25.300,-24.200,-19.000,-9.800,0.500
'[00:00:02.994 01/01/2011]',-18.700,-25.300,-23.500,-18.400,-9.500,0.500
'[00:00:02.995 01/01/2011]',-17.500,-25.400,-23.100,-18.400,-9.500,0.500
'[00:00:02.996 01/01/2011]',-17.100,-25.500,-22.900,-18.800,-9.800,0.500
'[00:00:02.997 01/01/2011]',-17.400,-25.500,-22.700,-19.300,-10.200,0.500
'[00:00:02.998 01/01/2011]',-17.900,-25.100,-22.500,-19.400,-10.600,0.500
'[00:00:02.999 01/01/2011]',-18.000,-24.600,-22.100,-19.200,-10.900,0.500
'[00:00:03.000 01/01/2011]',-17.500,-24.100,-21.700,-18.700,-11.100,0.500
'[00:00:03.001 01/01/2011]',-16.800,-23.800,-21.500,-18.400,-11.600,0.500
'[00:00:03.002 01/01/2011]',-16.900,-23.800,-21.700,-18.600,-12.400,0.500
'[00:00:03.003 01/01/2011]',-18.200,-24.000,-22.300,-19.400,-13.500,0.500
'[00:00:03.004 01/01/2011]',-20.800,-24.200,-23.200,-20.300,-14.900,0.500
'[00:00:03.005 01/01/2011]',-24.000,-24.500,-24.100,-20.900,-16.200,0.500
'[00:00:03.006 01/01/2011]',-26.600,-24.500,-24.400,-20.800,-17.100,0.500
'[00:00:03.007 01/01/2011]',-27.600,-24.200,-23.800,-19.900,-17.200,0.500
'[00:00:03.008 01/01/2011]',-26.200,-23.700,-22.400,-18.500,-16.600,0.500
'[00:00:03.009 01/01/2011]',-22.400,-22.900,-20.400,-17.100,-15.600,0.500
'[00:00:03.010 01/01/2011]',-16.700,-21.900,-18.400,-16.000,-14.800,0.500
'[00:00:03.011 01/01/2011]',-10.000,-21.100,-16.800,-15.300,-14.500,0.500
'[00:00:03.012 01/01/2011]',-3.100,-20.500,-15.700,-14.900,-14.600,0.500
'[00:00:03.013 01/01/2011]',3.900,-20.200,-14.900,-14.400,-14.800,0.500
'[00:00:03.014 01/01/2011]',11.300,-20.200,-13.800,-13.600,-14.700,0.500
'[00:00:03.015 01/01/2011]',19.500,-20.300,-12.200,-12.500,-13.900,0.500
'[00:00:03.016 01/01/2011]',28.600,-20.200,-10.100,-11.400,-12.600,0.500
'[00:00:03.017 01/01/2011]',38.101,-20.000,-8.000,-10.500,-11.100,0.500
'[00:00:03.018 01/01/2011]',46.601,-19.300,-6.200,-9.900,-9.800,0.500
'[00:00:03.019 01/01/2011]',52.901,-18.400,-4.900,-9.500,-8.700,0.500
'[00:00:03.020 01/01/2011]',56.001,-17.400,-4.000,-9.100,-7.500,0.500
'[00:00:03.021 01/01/2011]',56.601,-16.300,-2.900,-8.500,-6.200,0.500
'[00:00:03.022 01/01/2011]',55.701,-15.500,-1.400,-7.700,-4.500,0.500
'[00:00:03.023 01/01/2011]',55.101,-15.100,0.500,-6.800,-2.700,0.500
'[00:00:03.024 01/01/2011]',55.501,-15.000,2.400,-6.000,-1.300,0.500
'[00:00:03.025 01/01/2011]',56.801,-15.200,3.600,-5.700,-0.600,0.500
'[00:00:03.026 01/01/2011]',57.901,-15.300,4.000,-5.800,-0.700,0.500
'[00:00:03.027 01/01/2011]',57.701,-15.100,3.600,-6.300,-1.500,0.500
'[00:00:03.028 01/01/2011]',56.001,-14.700,2.900,-7.100,-2.600,0.500
'[00:00:03.029 01/01/2011]',53.201,-14.300,2.400,-8.000,-3.900,0.500
'[00:00:03.030 01/01/2011]',50.101,-14.000,2.200,-9.000,-5.300,0.500
'[00:00:03.031 01/01/2011]',47.201,-14.100,2.000,-10.100,-6.900,0.500
'[00:00:03.032 01/01/2011]',44.401,-14.400,1.300,-11.500,-9.100,0.500
'[00:00:03.033 01/01/2011]',40.601,-14.800,-0.300,-13.300,-11.900,0.500
'[00:00:03.034 01/01/2011]',35.001,-15.200,-3.000,-15.400,-15.100,0.500
'[00:00:03.035 01/01/2011]',27.200,-15.500,-6.500,-17.700,-18.700,0.500
'[00:00:03.036 01/01/2011]',17.300,-15.900,-10.500,-20.000,-22.300,0.500
'[00:00:03.037 01/01/2011]',6.000,-16.500,-14.100,-22.100,-25.600,0.500
'[00:00:03.038 01/01/2011]',-5.800,-17.200,-17.200,-23.700,-28.200,0.500
'[00:00:03.039 01/01/2011]',-17.500,-17.800,-19.200,-24.600,-30.100,0.500
'[00:00:03.040 01/01/2011]',-28.000,-18.000,-20.300,-25.000,-31.300,0.500
'[00:00:03.041 01/01/2011]',-36.401,-17.800,-20.500,-24.900,-31.800,0.500
'[00:00:03.042 01/01/2011]',-41.301,-17.300,-20.100,-24.400,-31.800,0.500
'[00:00:03.043 01/01/2011]',-41.701,-16.800,-19.300,-23.600,-31.500,0.500
'[00:00:03.044 01/01/2011]',-37.801,-16.600,-18.100,-22.500,-30.900,0.500
'[00:00:03.045 01/01/2011]',-30.900,-16.700,-16.900,-21.300,-30.300,0.500
'[00:00:03.046 01/01/2011]',-23.000,-16.900,-15.700,-20.200,-29.700,0.500
'[00:00:03.047 01/01/2011]',-16.100,-16.900,-14.700,-19.400,-29.300,0.500
'[00:00:03.048 01/01/2011]',-11.500,-16.500,-14.100,-19.100,-29.000,0.500
'[00:00:03.049 01/01/2011]',-9.200,-15.800,-13.900,-19.400,-28.900,0.500
'[00:00:03.050 01/01/2011]',-8.400,-15.100,-14.100,-19.800,-28.900,0.500
'[00:00:03.051 01/01/2011]',-8.000,-14.500,-14.400,-20.200,-29.000,0.500
'[00:00:03.052 01/01/2011]',-7.500,-14.300,-14.800,-20.300,-29.000,0.500
'[00:00:03.053 01/01/2011]',-6.900,-14.100,-14.900,-20.000,-29.000,0.500
'[00:00:03.054 01/01/2011]',-6.500,-14.000,-14.800,-19.500,-29.100,0.500
'[00:00:03.055 01/01/2011]',-6.500,-13.900,-14.500,-19.000,-29.100,0.500
'[00:00:03.056 01/01/2011]',-7.000,-13.800,-14.100,-18.700,-29.300,0.500
'[00:00:03.057 01/01/2011]',-7.800,-13.800,-13.800,-18.900,-29.300,0.500
'[00:00:03.058 01/01/2011]',-8.700,-14.000,-13.600,-19.200,-29.200,0.500
'[00:00:03.059 01/01/2011]',-9.500,-14.100,-13.400,-19.500,-28.900,0.500
'[00:00:03.060 01/01/2011]',-10.100,-14.300,-13.400,-19.700,-28.600,0.500
'[00:00:03.061 01/01/2011]',-10.400,-14.400,-13.300,-19.500,-28.300,0.500
'[00:00:03.062 01/01/2011]',-10.500,-14.500,-13.300,-19.100,-28.200,0.500
'[00:00:03.063 01/01/2011]',-10.300,-14.600,-13.200,-18.600,-28.300,0.500
'[00:00:03.064 01/01/2011]',-9.700,-14.800,-13.100,-18.200,-28.300,0.500
'[00:00:03.065 01/01/2011]',-9.000,-14.900,-13.000,-17.900,-28.200,0.500
'[00:00:03.066 01/01/2011]',-8.300,-14.700,-12.800,-17.700,-27.900,0.500
'[00:00:03.067 01/01/2011]',-8.000,-14.200,-12.600,-17.600,-27.600,0.500
'[00:00:03.068 01/01/2011]',-8.300,-13.300,-12.500,-17.600,-27.600,0.500
'[00:00:03.069 01/01/2011]',-9.200,-12.400,-12.500,-17.700,-27.900,0.500
'[00:00:03.070 01/01/2011]',-10.400,-11.700,-12.500,-17.900,-28.500,0.500
'[00:00:03.071 01/01/2011]',-11.100,-11.400,-12.600,-18.200,-29.200,0.500
'[00:00:03.072 01/01/2011]',-11.000,-11.400,-12.600,-18.400,-29.600,0.500
'[00:00:03.073 01/01/2011]',-9.800,-11.600,-12.600,-18.500,-29.500,0.500
'[00:00:03.074 01/01/2011]',-7.900,-11.900,-12.400,-18.600,-29.100,0.500
'[00:00:03.075 01/01/2011]',-6.100,-12.200,-12.100,-18.500,-28.400,0.500
'[00:00:03.076 01/01/2011]',-5.100,-12.500,-11.800,-18.400,-27.800,0.500
'[00:00:03.077 01/01/2011]',-5.300,-12.700,-11.400,-18.100,-27.300,0.500
'[00:00:03.078 01/01/2011]',-6.300,-12.800,-11.000,-17.700,-27.000,0.500
'[00:00:03.079 01/01/2011]',-7.300,-12.600,-10.700,-17.300,-26.800,0.500
'[00:00:03.080 01/01/2011]',-7.900,-12.100,-10.400,-16.900,-26.500,0.500
'[00:00:03.081 01/01/2011]',-7.600,-11.300,-10.300,-16.600,-26.100,0.500
'[00:00:03.082 01/01/2011]',-7.000,-10.500,-10.200,-16.300,-25.600,0.500
'[00:00:03.083 01/01/2011]',-6.400,-9.900,-10.100,-16.100,-25.200,0.500
'[00:00:03.084 01/01/2011]',-6.300,-9.700,-9.900,-15.800,-24.900,0.500
'[00:00:03.085 01/01/2011]',-6.700,-9.800,-9.700,-15.500,-24.900,0.500
'[00:00:03.086 01/01/2011]',-7.300,-9.900,-9.500,-15.000,-25.100,0.500
'[00:00:03.087 01/01/2011]',-7.500,-9.900,-9.500,-14.600,-25.300,0.500
'[00:00:03.088 01/01/2011]',-7.300,-9.500,-9.500,-14.200,-25.500,0.500
'[00:00:03.089 01/01/2011]',-6.800,-8.800,-9.500,-14.000,-25.700,0.500
'[00:00:03.090 01/01/2011]',-6.200,-8.300,-9.400,-14.200,-25.700,0.500
'[00:00:03.091 01/01/2011]',-5.800,-8.200,-9.200,-14.600,-25.800,0.500
'[00:00:03.092 01/01/2011]',-5.700,-8.600,-8.800,-15.100,-25.800,0.500
'[00:00:03.093 01/01/2011]',-5.700,-9.200,-8.600,-15.700,-26.000,0.500
'[00:00:03.094 01/01/2011]',-5.500,-9.900,-8.700,-16.000,-26.200,0.500
'[00:00:03.095 01/01/2011]',-5.000,-10.100,-9.000,-16.000,-26.200,0.500
'[00:00:03.096 01/01/2011]',-4.300,-9.900,-9.600,-15.500,-26.100,0.500
'[00:00:03.097 01/01/2011]',-3.500,-9.300,-10.000,-14.800,-25.800,0.500
'[00:00:03.098 01/01/2011]',-2.900,-8.600,-10.200,-14.100,-25.400,0.500
'[00:00:03.099 01/01/2011]',-2.900,-8.200,-10.000,-13.600,-25.200,0.500
'[00:00:03.100 01/01/2011]',-3.300,-8.100,-9.700,-13.500,-25.300,0.500
'[00:00:03.101 01/01/2011]',-4.000,-8.400,-9.400,-13.900,-25.600,0.500
'[00:00:03.102 01/01/2011]',-4.600,-8.600,-9.200,-14.400,-25.900,0.500
'[00:00:03.103 01/01/2011]',-4.700,-8.600,-9.100,-14.700,-26.000,0.500
'[00:00:03.104 01/01/2011]',-4.100,-8.400,-8.900,-14.600,-25.900,0.500
'[00:00:03.105 01/01/2011]',-3.300,-8.000,-8.500,-14.100,-25.600,0.500
'[00:00:03.106 01/01/2011]',-2.600,-7.500,-8.000,-13.300,-25.200,0.500
'[00:00:03.107 01/01/2011]',-2.700,-7.100,-7.400,-12.700,-25.100,0.500
'[00:00:03.108 01/01/2011]',-3.600,-6.700,-7.000,-12.400,-25.100,0.500
'[00:00:03.109 01/01/2011]',-4.900,-6.400,-6.900,-12.500,-25.100,0.500
'[00:00:03.110 01/01/2011]',-6.000,-6.200,-6.800,-12.700,-25.000,0.500
'[00:00:03.111 01/01/2011]',-6.300,-5.900,-6.800,-12.800,-24.500,0.500
'[00:00:03.112 01/01/2011]',-5.400,-5.800,-6.700,-12.700,-23.800,0.500
'[00:00:03.113 01/01/2011]',-3.800,-5.900,-6.500,-12.300,-23.000,0.500
'[00:00:03.114 01/01/2011]',-1.800,-6.000,-6.200,-11.900,-22.500,0.500
'[00:00:03.115 01/01/2011]',-0.200,-6.300,-6.100,-11.700,-22.400,0.500
'[00:00:03.116 01/01/2011]',0.900,-6.400,-6.300,-11.600,-22.700,0.500
'[00:00:03.117 01/01/2011]',1.700,-6.500,-6.600,-11.600,-23.300,0.500
'[00:00:03.118 01/01/2011]',2.200,-6.400,-6.900,-11.700,-23.900,0.500
'[00:00:03.119 01/01/2011]',2.500,-6.100,-7.200,-11.900,-24.300,0.500
'[00:00:03.120 01/01/2011]',2.500,-5.900,-7.400,-12.000,-24.400,0.500
'[00:00:03.121 01/01/2011]',1.900,-5.800,-7.500,-12.200,-24.200,0.500
'[00:00:03.122 01/01/2011]',0.900,-5.800,-7.600,-12.400,-23.700,0.500
'[00:00:03.123 01/01/2011]',-0.100,-5.900,-7.700,-12.500,-23.100,0.500
'[00:00:03.124 01/01/2011]',-0.400,-6.000,-7.800,-12.400,-22.500,0.500
'[00:00:03.125 01/01/2011]',0.500,-6.000,-7.700,-12.100,-21.900,0.500
'[00:00:03.126 01/01/2011]',2.400,-6.000,-7.400,-11.600,-21.600,0.500
'[00:00:03.127 01/01/2011]',4.400,-5.800,-7.000,-11.100,-21.400,0.500
'[00:00:03.128 01/01/2011]',5.600,-5.500,-6.500,-10.700,-21.500,0.500
'[00:00:03.129 01/01/2011]',5.600,-5.100,-6.200,-10.300,-21.800,0.500
'[00:00:03.130 01/01/2011]',4.600,-4.600,-6.000,-9.900,-22.100,0.500
'[00:00:03.131 01/01/2011]',3.600,-4.000,-6.100,-9.500,-22.100,0.500
'[00:00:03.132 01/01/2011]',3.500,-3.600,-6.200,-8.900,-21.800,0.500
'[00:00:03.133 01/01/2011]',4.500,-3.300,-6.200,-8.200,-21.300,0.500
'[00:00:03.134 01/01/2011]',6.200,-3.200,-6.000,-7.800,-20.600,0.500
'[00:00:03.135 01/01/2011]',7.800,-3.100,-5.800,-7.700,-19.900,0.500
'[00:00:03.136 01/01/2011]',8.600,-3.200,-5.400,-8.000,-19.500,0.500
'[00:00:03.137 01/01/2011]',8.400,-3.200,-5.100,-8.600,-19.300,0.500
'[00:00:03.138 01/01/2011]',8.000,-3.300,-4.700,-9.100,-19.200,0.500
'[00:00:03.139 01/01/2011]',8.100,-3.300,-4.300,-9.300,-19.000,0.500
'[00:00:03.140 01/01/2011]',9.100,-3.400,-3.800,-8.900,-18.700,0.500
'[00:00:03.141 01/01/2011]',10.800,-3.200,-3.300,-8.200,-18.100,0.500
'[00:00:03.142 01/01/2011]',12.500,-2.900,-2.700,-7.200,-17.500,0.500
'[00:00:03.143 01/01/2011]',13.500,-2.200,-2.100,-6.200,-16.900,0.500
'[00:00:03.144 01/01/2011]',13.400,-1.400,-1.600,-5.500,-16.300,0.500
'[00:00:03.145 01/01/2011]',12.300,-0.700,-1.200,-5.100,-16.100,0.500
'[00:00:03.146 01/01/2011]',10.900,-0.200,-0.700,-5.000,-16.100,0.500
'[00:00:03.147 01/01/2011]',9.800,0.100,-0.400,-5.000,-16.300,0.500
'[00:00:03.148 01/01/2011]',9.600,0.300,-0.300,-5.100,-16.700,0.500
'[00:00:03.149 01/01/2011]',10.100,0.500,-0.300,-5.000,-17.000,0.500
'[00:00:03.150 01/01/2011]',11.200,0.700,-0.300,-4.900,-17.000,0.500
'[00:00:03.151 01/01/2011]',12.200,0.900,-0.400,-4.600,-16.800,0.500
'[00:00:03.152 01/01/2011]',12.700,1.000,-0.300,-4.300,-16.300,0.500
'[00:00:03.153 01/01/2011]',12.400,0.900,0.000,-4.000,-15.800,0.500
'[00:00:03.154 01/01/2011]',11.500,0.700,0.300,-3.900,-15.300,0.500
'[00:00:03.155 01/01/2011]',10.500,0.300,0.600,-4.100,-14.900,0.500
'[00:00:03.156 01/01/2011]',10.100,-0.200,0.600,-4.400,-14.700,0.500
'[00:00:03.157 01/01/2011]',10.500,-0.700,0.400,-4.900,-14.600,0.500
'[00:00:03.158 01/01/2011]',11.600,-1.100,0.000,-5.300,-14.600,0.500
'[00:00:03.159 01/01/2011]',13.000,-1.400,-0.400,-5.600,-14.600,0.500
'[00:00:03.160 01/01/2011]',14.100,-1.500,-0.700,-5.600,-14.700,0.500
'[00:00:03.161 01/01/2011]',14.300,-1.000,-0.800,-5.300,-14.800,0.500
'[00:00:03.162 01/01/2011]',13.900,-0.200,-1.000,-4.900,-14.800,0.500
'[00:00:03.163 01/01/2011]',13.300,0.800,-1.200,-4.500,-14.900,0.500
'[00:00:03.164 01/01/2011]',12.900,1.700,-1.500,-4.200,-15.000,0.500
'[00:00:03.165 01/01/2011]',13.100,2.100,-1.700,-4.200,-15.100,0.500
'[00:00:03.166 01/01/2011]',13.900,1.900,-1.800,-4.400,-15.100,0.500
'[00:00:03.167 01/01/2011]',14.800,1.200,-1.700,-4.800,-15.200,0.500
'[00:00:03.168 01/01/2011]',15.400,0.500,-1.500,-5.100,-15.100,0.500
'[00:00:03.169 01/01/2011]',15.400,-0.200,-1.300,-5.300,-15.100,0.500
'[00:00:03.170 01/01/2011]',15.000,-0.600,-1.400,-5.300,-15.000,0.500
'[00:00:03.171 01/01/2011]',14.400,-0.900,-1.700,-5.100,-15.000,0.500
'[00:00:03.172 01/01/2011]',14.000,-1.100,-2.100,-4.700,-14.900,0.500
'[00:00:03.173 01/01/2011]',14.000,-1.200,-2.400,-4.500,-14.900,0.500
'[00:00:03.174 01/01/2011]',14.400,-1.400,-2.600,-4.300,-14.900,0.500
'[00:00:03.175 01/01/2011]',15.000,-1.600,-2.500,-4.400,-14.800,0.500
'[00:00:03.176 01/01/2011]',15.600,-1.700,-2.300,-4.500,-14.500,0.500
'[00:00:03.177 01/01/2011]',15.900,-1.700,-2.000,-4.700,-14.200,0.500
'[00:00:03.178 01/01/2011]',16.100,-1.700,-1.600,-4.700,-13.700,0.500
'[00:00:03.179 01/01/2011]',16.300,-1.700,-1.200,-4.600,-13.300,0.500
'[00:00:03.180 01/01/2011]',16.600,-1.600,-0.900,-4.500,-13.000,0.500
'[00:00:03.181 01/01/2011]',17.200,-1.400,-0.700,-4.400,-13.000,0.500
'[00:00:03.182 01/01/2011]',17.800,-0.900,-0.700,-4.400,-13.100,0.500
'[00:00:03.183 01/01/2011]',18.200,-0.500,-0.700,-4.600,-13.400,0.500
'[00:00:03.184 01/01/2011]',18.000,-0.100,-0.900,-4.900,-13.700,0.500
'[00:00:03.185 01/01/2011]',17.300,0.000,-1.000,-5.300,-14.000,0.500
'[00:00:03.186 01/01/2011]',16.200,-0.100,-1.100,-5.800,-14.000,0.500
'[00:00:03.187 01/01/2011]',15.200,-0.300,-1.100,-6.100,-13.900,0.500
'[00:00:03.188 01/01/2011]',14.900,-0.300,-1.000,-6.200,-13.500,0.500
'[00:00:03.189 01/01/2011]',15.300,-0.200,-0.800,-6.100,-13.100,0.500
'[00:00:03.190 01/01/2011]',16.300,0.200,-0.500,-5.900,-12.800,0.500
'[00:00:03.191 01/01/2011]',17.200,0.500,-0.300,-5.700,-12.700,0.500
'[00:00:03.192 01/01/2011]',17.600,0.500,0.000,-5.700,-12.900,0.500
'[00:00:03.193 01/01/2011]',17.200,0.300,0.100,-5.800,-13.200,0.500
'[00:00:03.194 01/01/2011]',16.300,-0.200,-0.100,-6.000,-13.600,0.500
'[00:00:03.195 01/01/2011]',15.500,-0.700,-0.500,-6.300,-13.700,0.500
'[00:00:03.196 01/01/2011]',15.200,-1.000,-1.000,-6.600,-13.700,0.500
'[00:00:03.197 01/01/2011]',15.400,-1.100,-1.300,-6.700,-13.500,0.500
'[00:00:03.198 01/01/2011]',15.700,-1.100,-1.500,-6.600,-13.500,0.500
'[00:00:03.199 01/01/2011]',15.500,-1.000,-1.300,-6.400,-13.700,0.500
'[00:00:03.200 01/01/2011]',14.600,-0.900,-1.000,-6.000,-14.100,0.500
'[00:00:03.201 01/01/2011]',13.200,-0.600,-0.800,-5.700,-14.500,0.500
'[00:00:03.202 01/01/2011]',12.100,-0.200,-0.600,-5.500,-14.800,0.500
'[00:00:03.203 01/01/2011]',11.900,0.200,-0.700,-5.300,-14.600,0.500
'[00:00:03.204 01/01/2011]',12.600,0.700,-0.800,-5.300,-14.200,0.500
'[00:00:03.205 01/01/2011]',13.500,0.900,-0.900,-5.400,-13.700,0.500
'[00:00:03.206 01/01/2011]',13.700,1.000,-0.900,-5.500,-13.500,0.500
'[00:00:03.207 01/01/2011]',13.000,0.800,-0.900,-5.700,-13.600,0.500
'[00:00:03.208 01/01/2011]',11.700,0.500,-1.000,-5.900,-13.900,0.500
'[00:00:03.209 01/01/2011]',10.700,0.200,-1.200,-6.300,-14.300,0.500
'[00:00:03.210 01/01/2011]',10.700,-0.100,-1.400,-6.800,-14.400,0.500
'[00:00:03.211 01/01/2011]',11.900,-0.300,-1.600,-7.300,-14.400,0.500
'[00:00:03.212 01/01/2011]',13.300,-0.500,-1.700,-7.900,-14.300,0.500
'[00:00:03.213 01/01/2011]',14.100,-0.500,-1.800,-8.400,-14.400,0.500
'[00:00:03.214 01/01/2011]',13.500,-0.500,-1.900,-8.700,-14.800,0.500
'[00:00:03.215 01/01/2011]',12.100,-0.600,-2.200,-8.800,-15.400,0.500
'[00:00:03.216 01/01/2011]',10.800,-0.700,-2.500,-8.800,-16.000,0.500
'[00:00:03.217 01/01/2011]',10.800,-1.000,-2.800,-8.800,-16.300,0.500
'[00:00:03.218 01/01/2011]',12.400,-1.300,-3.100,-8.700,-16.200,0.500
'[00:00:03.219 01/01/2011]',14.700,-1.600,-3.300,-8.800,-15.800,0.500
'[00:00:03.220 01/01/2011]',16.700,-1.600,-3.400,-8.900,-15.400,0.500
'[00:00:03.221 01/01/2011]',17.200,-1.400,-3.500,-9.000,-15.200,0.500
'[00:00:03.222 01/01/2011]',16.200,-1.200,-3.700,-9.100,-15.400,0.500
'[00:00:03.223 01/01/2011]',14.500,-1.100,-4.000,-9.000,-15.900,0.500
'[00:00:03.224 01/01/2011]',12.800,-1.200,-4.500,-9.000,-16.700,0.500
'[00:00:03.225 01/01/2011]',11.900,-1.500,-4.900,-8.900,-17.500,0.500
'[00:00:03.226 01/01/2011]',11.500,-1.900,-5.300,-8.900,-18.200,0.500
'[00:00:03.227 01/01/2011]',11.200,-2.100,-5.700,-9.000,-18.700,0.500
'[00:00:03.228 01/01/2011]',10.600,-2.000,-6.100,-9.400,-19.000,0.500
'[00:00:03.229 01/01/2011]',9.900,-1.700,-6.600,-9.800,-19.000,0.500
'[00:00:03.230 01/01/2011]',9.600,-1.500,-7.100,-10.200,-18.900,0.500
'[00:00:03.231 01/01/2011]',10.300,-1.600,-7.500,-10.400,-18.700,0.500
'[00:00:03.232 01/01/2011]',11.800,-1.900,-7.800,-10.400,-18.400,0.500
'[00:00:03.233 01/01/2011]',13.700,-2.300,-8.000,-10.100,-18.200,0.500
'[00:00:03.234 01/01/2011]',14.900,-2.700,-8.100,-9.900,-18.000,0.500
'[00:00:03.235 01/01/2011]',15.200,-2.900,-8.200,-9.900,-18.000,0.500
'[00:00:03.236 01/01/2011]',14.400,-2.800,-8.200,-10.100,-18.000,0.500
'[00:00:03.237 01/01/2011]',13.100,-2.400,-8.300,-10.400,-18.000,0.500
'[00:00:03.238 01/01/2011]',11.800,-2.200,-8.300,-10.700,-18.000,0.500
'[00:00:03.239 01/01/2011]',10.700,-2.100,-8.300,-10.800,-18.100,0.500
'[00:00:03.240 01/01/2011]',9.800,-2.400,-8.300,-10.700,-18.300,0.500
'[00:00:03.241 01/01/2011]',9.100,-2.900,-8.200,-10.400,-18.500,0.500
'[00:00:03.242 01/01/2011]',8.500,-3.500,-8.200,-10.000,-18.700,0.500
'[00:00:03.243 01/01/2011]',8.300,-3.800,-8.300,-9.800,-18.900,0.500
'[00:00:03.244 01/01/2011]',8.600,-3.900,-8.400,-9.700,-18.900,0.500
'[00:00:03.245 01/01/2011]',9.400,-3.600,-8.600,-10.000,-18.800,0.500
'[00:00:03.246 01/01/2011]',10.300,-3.100,-8.800,-10.400,-18.600,0.500
'[00:00:03.247 01/01/2011]',10.700,-2.600,-9.000,-11.000,-18.500,0.500
'[00:00:03.248 01/01/2011]',10.400,-2.200,-9.100,-11.600,-18.600,0.500
'[00:00:03.249 01/01/2011]',9.700,-2.100,-9.200,-12.100,-18.800,0.500
'[00:00:03.250 01/01/2011]',8.800,-2.200,-9.200,-12.200,-19.000,0.500
'[00:00:03.251 01/01/2011]',8.100,-2.400,-9.100,-12.000,-19.300,0.500
'[00:00:03.252 01/01/2011]',7.800,-2.700,-8.900,-11.400,-19.400,0.500
'[00:00:03.253 01/01/2011]',7.600,-3.000,-8.500,-10.800,-19.300,0.500
'[00:00:03.254 01/01/2011]',7.500,-3.200,-8.100,-10.400,-19.000,0.500
'[00:00:03.255 01/01/2011]',7.300,-3.300,-7.600,-10.400,-18.600,0.500
'[00:00:03.256 01/01/2011]',7.200,-3.200,-7.400,-10.700,-18.300,0.500
'[00:00:03.257 01/01/2011]',7.300,-3.100,-7.400,-11.000,-18.100,0.500
'[00:00:03.258 01/01/2011]',7.400,-2.900,-7.500,-11.300,-18.000,0.500
'[00:00:03.259 01/01/2011]',7.500,-2.600,-7.700,-11.300,-18.100,0.500
'[00:00:03.260 01/01/2011]',7.300,-2.400,-7.900,-11.000,-18.300,0.500
'[00:00:03.261 01/01/2011]',6.800,-2.300,-7.900,-10.700,-18.400,0.500
'[00:00:03.262 01/01/2011]',6.100,-2.300,-7.700,-10.600,-18.400,0.500
'[00:00:03.263 01/01/2011]',5.500,-2.500,-7.500,-10.800,-18.100,0.500
'[00:00:03.264 01/01/2011]',5.100,-2.800,-7.400,-11.100,-17.800,0.500
'[00:00:03.265 01/01/2011]',5.000,-3.100,-7.400,-11.500,-17.600,0.500
'[00:00:03.266 01/01/2011]',4.800,-3.200,-7.600,-11.700,-17.600,0.500
'[00:00:03.267 01/01/2011]',4.500,-3.100,-7.800,-11.700,-17.900,0.500
'[00:00:03.268 01/01/2011]',4.100,-3.000,-8.000,-11.700,-18.200,0.500
'[00:00:03.269 01/01/2011]',3.700,-3.000,-8.200,-11.700,-18.400,0.500
'[00:00:03.270 01/01/2011]',3.600,-3.300,-8.200,-11.800,-18.200,0.500
'[00:00:03.271 01/01/2011]',3.500,-3.800,-8.100,-11.800,-17.700,0.500
'[00:00:03.272 01/01/2011]',3.100,-4.200,-8.100,-11.800,-17.000,0.500
'[00:00:03.273 01/01/2011]',2.000,-4.500,-8.200,-11.700,-16.400,0.500
'[00:00:03.274 01/01/2011]',0.300,-4.500,-8.300,-11.600,-16.200,0.500
'[00:00:03.275 01/01/2011]',-1.600,-4.300,-8.700,-11.600,-16.200,0.500
'[00:00:03.276 01/01/2011]',-3.200,-4.100,-9.000,-11.600,-16.500,0.500
'[00:00:03.277 01/01/2011]',-3.500,-4.000,-9.300,-11.700,-16.800,0.500
'[00:00:03.278 01/01/2011]',-2.600,-4.000,-9.500,-11.800,-17.000,0.500
'[00:00:03.279 01/01/2011]',-0.700,-3.900,-9.500,-11.600,-17.000,0.500
'[00:00:03.280 01/01/2011]',1.100,-3.900,-9.400,-11.400,-17.000,0.500
'[00:00:03.281 01/01/2011]',1.900,-3.800,-9.200,-11.000,-17.000,0.500
'[00:00:03.282 01/01/2011]',1.200,-4.000,-9.000,-10.700,-17.100,0.500
'[00:00:03.283 01/01/2011]',-0.800,-4.300,-8.900,-10.500,-17.300,0.500
'[00:00:03.284 01/01/2011]',-3.600,-4.800,-8.800,-10.400,-17.600,0.500
'[00:00:03.285 01/01/2011]',-5.900,-5.100,-8.800,-10.400,-17.700,0.500
'[00:00:03.286 01/01/2011]',-7.200,-5.100,-8.800,-10.500,-17.800,0.500
'[00:00:03.287 01/01/2011]',-7.300,-4.800,-8.900,-10.800,-17.700,0.500
'[00:00:03.288 01/01/2011]',-6.500,-4.300,-9.000,-11.100,-17.800,0.500
'[00:00:03.289 01/01/2011]',-5.600,-4.000,-9.200,-11.300,-17.900,0.500
'[00:00:03.290 01/01/2011]',-5.200,-3.900,-9.400,-11.300,-18.300,0.500
'[00:00:03.291 01/01/2011]',-5.700,-3.900,-9.500,-11.100,-18.800,0.500
'[00:00:03.292 01/01/2011]',-6.700,-4.000,-9.400,-10.600,-19.200,0.500
'[00:00:03.293 01/01/2011]',-7.900,-3.900,-9.200,-10.100,-19.300,0.500
'[00:00:03.294 01/01/2011]',-8.800,-3.600,-9.100,-9.600,-19.000,0.500
'[00:00:03.295 01/01/2011]',-8.800,-3.400,-9.200,-9.400,-18.500,0.500
'[00:00:03.296 01/01/2011]',-7.900,-3.300,-9.400,-9.600,-18.100,0.500
'[00:00:03.297 01/01/2011]',-6.500,-3.500,-9.600,-9.900,-17.900,0.500
'[00:00:03.298 01/01/2011]',-4.900,-3.700,-9.800,-10.200,-18.000,0.500
'[00:00:03.299 01/01/2011]',-3.900,-3.800,-9.700,-10.500,-18.400,0.500
'[00:00:03.300 01/01/2011]',-3.800,-3.700,-9.400,-10.600,-18.800,0.500
'[00:00:03.301 01/01/2011]',-4.800,-3.500,-9.100,-10.800,-19.000,0.500
'[00:00:03.302 01/01/2011]',-6.500,-3.400,-8.900,-11.000,-18.900,0.500
'[00:00:03.303 01/01/2011]',-8.400,-3.600,-8.700,-11.500,-18.700,0.500
'[00:00:03.304 01/01/2011]',-9.600,-4.200,-8.700,-12.100,-18.500,0.500
'[00:00:03.305 01/01/2011]',-9.600,-4.800,-8.600,-12.500,-18.500,0.500
'[00:00:03.306 01/01/2011]',-8.500,-5.400,-8.500,-12.600,-18.500,0.500
'[00:00:03.307 01/01/2011]',-7.100,-5.500,-8.300,-12.300,-18.500,0.500
'[00:00:03.308 01/01/2011]',-6.200,-5.300,-8.100,-11.500,-18.500,0.500
'[00:00:03.309 01/01/2011]',-6.300,-4.900,-8.000,-10.700,-18.500,0.500
'[00:00:03.310 01/01/2011]',-7.400,-4.500,-8.000,-10.100,-18.700,0.500
'[00:00:03.311 01/01/2011]',-8.700,-4.300,-8.200,-9.800,-18.900,0.500
'[00:00:03.312 01/01/2011]',-9.400,-4.200,-8.300,-9.900,-19.300,0.500
'[00:00:03.313 01/01/2011]',-9.300,-4.200,-8.300,-10.000,-19.500,0.500
'[00:00:03.314 01/01/2011]',-8.400,-4.200,-8.200,-9.800,-19.400,0.500
'[00:00:03.315 01/01/2011]',-7.800,-4.000,-8.000,-9.400,-19.000,0.500
'[00:00:03.316 01/01/2011]',-7.900,-3.800,-7.700,-8.800,-18.300,0.500
'[00:00:03.317 01/01/2011]',-9.100,-3.800,-7.400,-8.400,-17.600,0.500
'[00:00:03.318 01/01/2011]',-10.800,-4.000,-7.200,-8.400,-17.100,0.500
'[00:00:03.319 01/01/2011]',-12.100,-4.400,-7.000,-8.900,-16.800,0.500
'[00:00:03.320 01/01/2011]',-12.400,-4.800,-7.000,-9.500,-16.900,0.500
'[00:00:03.321 01/01/2011]',-11.800,-4.900,-7.200,-10.100,-17.300,0.500
'[00:00:03.322 01/01/2011]',-11.000,-4.700,-7.400,-10.500,-17.900,0.500
'[00:00:03.323 01/01/2011]',-10.500,-4.200,-7.500,-10.600,-18.400,0.500
'[00:00:03.324 01/01/2011]',-10.700,-3.800,-7.600,-10.500,-18.700,0.500
'[00:00:03.325 01/01/2011]',-11.500,-3.600,-7.600,-10.300,-18.700,0.500
'[00:00:03.326 01/01/2011]',-12.000,-3.700,-7.500,-10.000,-18.300,0.500
'[00:00:03.327 01/01/2011]',-12.000,-3.900,-7.300,-9.600,-17.800,0.500
'[00:00:03.328 01/01/2011]',-11.200,-4.000,-7.300,-9.200,-17.400,0.500
'[00:00:03.329 01/01/2011]',-10.000,-3.800,-7.400,-8.700,-17.400,0.500
'[00:00:03.330 01/01/2011]',-9.100,-3.300,-7.500,-8.400,-17.700,0.500
'[00:00:03.331 01/01/2011]',-8.600,-2.900,-7.500,-8.500,-18.200,0.500
'[00:00:03.332 01/01/2011]',-8.600,-2.700,-7.400,-8.800,-18.600,0.500
'[00:00:03.333 01/01/2011]',-8.700,-2.900,-7.100,-9.300,-18.900,0.500
'[00:00:03.334 01/01/2011]',-8.600,-3.300,-6.900,-9.600,-18.800,0.500
'[00:00:03.335 01/01/2011]',-8.400,-3.800,-6.800,-9.700,-18.600,0.500
'[00:00:03.336 01/01/2011]',-8.200,-4.000,-6.900,-9.600,-18.300,0.500
'[00:00:03.337 01/01/2011]',-8.200,-3.900,-7.200,-9.400,-18.000,0.500
'[00:00:03.338 01/01/2011]',-8.500,-3.600,-7.500,-9.400,-17.900,0.500
'[00:00:03.339 01/01/2011]',-8.900,-3.400,-7.900,-9.700,-17.800,0.500
'[00:00:03.340 01/01/2011]',-9.400,-3.400,-8.100,-10.300,-17.800,0.500
'[00:00:03.341 01/01/2011]',-9.600,-3.600,-8.300,-10.800,-17.800,0.500
'[00:00:03.342 01/01/2011]',-9.600,-4.000,-8.500,-11.100,-17.800,0.500
'[00:00:03.343 01/01/2011]',-9.400,-4.400,-8.800,-11.200,-17.600,0.500
'[00:00:03.344 01/01/2011]',-9.100,-4.600,-9.000,-11.000,-17.300,0.500
'[00:00:03.345 01/01/2011]',-8.600,-4.600,-9.100,-10.700,-16.900,0.500
'[00:00:03.346 01/01/2011]',-8.100,-4.500,-9.000,-10.400,-16.600,0.500
'[00:00:03.347 01/01/2011]',-7.700,-4.300,-8.800,-10.200,-16.400,0.500
'[00:00:03.348 01/01/2011]',-7.600,-4.100,-8.600,-10.200,-16.300,0.500
'[00:00:03.349 01/01/2011]',-7.800,-3.900,-8.400,-10.300,-16.400,0.500
'[00:00:03.350 01/01/2011]',-8.400,-3.900,-8.300,-10.500,-16.600,0.500
'[00:00:03.351 01/01/2011]',-9.000,-4.000,-8.300,-10.700,-16.700,0.500
'[00:00:03.352 01/01/2011]',-9.200,-4.300,-8.400,-11.100,-16.600,0.500
'[00:00:03.353 01/01/2011]',-8.700,-4.800,-8.600,-11.300,-16.300,0.500
'[00:00:03.354 01/01/2011]',-7.600,-5.200,-8.800,-11.400,-15.700,0.500
'[00:00:03.355 01/01/2011]',-6.300,-5.500,-9.100,-11.100,-15.000,0.500
'[00:00:03.356 01/01/2011]',-5.300,-5.400,-9.300,-10.500,-14.300,0.500
'[00:00:03.357 01/01/2011]',-5.000,-5.200,-9.400,-9.600,-13.700,0.500
'[00:00:03.358 01/01/2011]',-5.100,-4.900,-9.400,-8.800,-13.300,0.500
'[00:00:03.359 01/01/2011]',-5.200,-4.700,-9.100,-8.100,-13.200,0.500
'[00:00:03.360 01/01/2011]',-4.900,-4.700,-8.800,-7.800,-13.200,0.500
'[00:00:03.361 01/01/2011]',-4.100,-4.800,-8.700,-8.000,-13.300,0.500
'[00:00:03.362 01/01/2011]',-3.100,-4.900,-8.800,-8.400,-13.300,0.500
'[00:00:03.363 01/01/2011]',-2.500,-5.000,-9.100,-8.900,-13.200,0.500
'[00:00:03.364 01/01/2011]',-2.500,-5.100,-9.500,-9.400,-13.100,0.500
'[00:00:03.365 01/01/2011]',-2.900,-5.200,-9.900,-9.700,-12.900,0.500
'[00:00:03.366 01/01/2011]',-3.400,-5.400,-10.100,-9.700,-12.900,0.500
'[00:00:03.367 01/01/2011]',-3.500,-5.600,-10.100,-9.700,-13.100,0.500
'[00:00:03.368 01/01/2011]',-3.100,-5.700,-10.000,-9.600,-13.400,0.500
'[00:00:03.369 01/01/2011]',-2.400,-5.700,-9.900,-9.700,-13.800,0.500
'[00:00:03.370 01/01/2011]',-1.800,-5.800,-9.800,-9.900,-14.000,0.500
'[00:00:03.371 01/01/2011]',-1.600,-6.000,-10.000,-10.300,-14.000,0.500
'[00:00:03.372 01/01/2011]',-1.800,-6.400,-10.300,-10.600,-13.800,0.500
'[00:00:03.373 01/01/2011]',-2.100,-6.700,-10.800,-10.800,-13.500,0.500
'[00:00:03.374 01/01/2011]',-2.100,-6.800,-11.300,-10.700,-13.100,0.500
'[00:00:03.375 01/01/2011]',-1.600,-6.500,-11.700,-10.300,-12.800,0.500
'[00:00:03.376 01/01/2011]',-1.000,-5.900,-11.800,-9.800,-12.600,0.500
'[00:00:03.377 01/01/2011]',-0.400,-5.300,-11.500,-9.600,-12.700,0.500
'[00:00:03.378 01/01/2011]',-0.400,-4.900,-11.100,-9.700,-12.900,0.500
'[00:00:03.379 01/01/2011]',-0.900,-4.800,-10.700,-10.100,-13.400,0.500
'[00:00:03.380 01/01/2011]',-1.600,-4.800,-10.500,-10.700,-14.000,0.500
'[00:00:03.381 01/01/2011]',-2.100,-4.700,-10.400,-11.100,-14.400,0.500
'[00:00:03.382 01/01/2011]',-2.000,-4.300,-10.200,-11.100,-14.500,0.500
'[00:00:03.383 01/01/2011]',-1.300,-3.700,-9.900,-10.700,-14.300,0.500
'[00:00:03.384 01/01/2011]',-0.300,-3.200,-9.300,-10.200,-13.900,0.500
'[00:00:03.385 01/01/2011]',0.300,-3.100,-8.500,-10.000,-13.600,0.500
'[00:00:03.386 01/01/2011]',0.000,-3.600,-7.900,-10.200,-13.600,0.500
'[00:00:03.387 01/01/2011]',-1.000,-4.400,-7.600,-10.900,-13.900,0.500
'[00:00:03.388 01/01/2011]',-2.300,-5.300,-7.700,-11.700,-14.300,0.500
'[00:00:03.389 01/01/2011]',-3.400,-5.900,-8.000,-12.300,-14.600,0.500
'[00:00:03.390 01/01/2011]',-3.900,-6.100,-8.300,-12.400,-14.700,0.500
'[00:00:03.391 01/01/2011]',-3.900,-6.000,-8.400,-12.200,-14.700,0.500
'[00:00:03.392 01/01/2011]',-3.800,-5.700,-8.100,-11.800,-14.700,0.500
'[00:00:03.393 01/01/2011]',-3.800,-5.400,-7.800,-11.400,-14.800,0.500
'[00:00:03.394 01/01/2011]',-4.100,-5.100,-7.500,-11.300,-14.800,0.500
'[00:00:03.395 01/01/2011]',-4.200,-4.700,-7.400,-11.300,-14.800,0.500
'[00:00:03.396 01/01/2011]',-3.900,-4.300,-7.500,-11.400,-14.600,0.500
'[00:00:03.397 01/01/2011]',-3.200,-3.800,-7.600,-11.300,-14.400,0.500
'[00:00:03.398 01/01/2011]',-2.700,-3.500,-7.800,-11.100,-14.300,0.500
'[00:00:03.399 01/01/2011]',-3.000,-3.200,-8.000,-10.900,-14.700,0.500
'[00:00:03.400 01/01/2011]',-4.600,-3.200,-8.300,-10.800,-15.400,0.500
'[00:00:03.401 01/01/2011]',-7.200,-3.200,-8.700,-10.800,-16.100,0.500
'[00:00:03.402 01/01/2011]',-10.100,-3.200,-9.200,-11.000,-16.400,0.500
'[00:00:03.403 01/01/2011]',-12.300,-3.200,-9.600,-11.100,-16.300,0.500
'[00:00:03.404 01/01/2011]',-13.300,-3.200,-9.700,-11.200,-15.800,0.500
'[00:00:03.405 01/01/2011]',-13.100,-3.200,-9.600,-11.100,-15.300,0.500
'[00:00:03.406 01/01/2011]',-12.200,-3.300,-9.300,-10.900,-15.300,0.500
'[00:00:03.407 01/01/2011]',-11.300,-3.300,-9.100,-10.700,-15.900,0.500
'[00:00:03.408 01/01/2011]',-10.900,-3.300,-9.000,-10.300,-16.900,0.500
'[00:00:03.409 01/01/2011]',-11.100,-3.300,-9.100,-10.100,-17.900,0.500
'[00:00:03.410 01/01/2011]',-11.700,-3.200,-9.100,-9.900,-18.500,0.500
'[00:00:03.411 01/01/2011]',-12.400,-3.100,-9.000,-9.900,-18.600,0.500
'[00:00:03.412 01/01/2011]',-13.000,-2.900,-8.800,-10.000,-18.300,0.500
'[00:00:03.413 01/01/2011]',-13.600,-2.700,-8.700,-10.200,-18.000,0.500
'[00:00:03.414 01/01/2011]',-14.400,-2.500,-8.600,-10.500,-17.800,0.500
'[00:00:03.415 01/01/2011]',-15.400,-2.400,-8.700,-10.600,-17.800,0.500
'[00:00:03.416 01/01/2011]',-16.600,-2.400,-8.600,-10.500,-17.900,0.500
'[00:00:03.417 01/01/2011]',-17.700,-2.300,-8.000,-10.100,-17.900,0.500
'[00:00:03.418 01/01/2011]',-18.400,-1.900,-6.700,-9.600,-17.900,0.500
'[00:00:03.419 01/01/2011]',-18.400,-1.100,-4.700,-9.000,-18.000,0.500
'[00:00:03.420 01/01/2011]',-17.700,0.300,-2.400,-8.500,-18.400,0.500
'[00:00:03.421 01/01/2011]',-16.800,2.000,0.000,-8.100,-19.200,0.500
'[00:00:03.422 01/01/2011]',-16.300,3.600,2.300,-7.700,-20.200,0.500
'[00:00:03.423 01/01/2011]',-16.800,4.800,4.600,-7.200,-21.000,0.500
'[00:00:03.424 01/01/2011]',-18.300,5.600,6.900,-6.400,-21.300,0.500
'[00:00:03.425 01/01/2011]',-20.200,6.100,9.600,-5.100,-20.700,0.500
'[00:00:03.426 01/01/2011]',-21.700,6.600,12.400,-3.400,-19.500,0.500
'[00:00:03.427 01/01/2011]',-22.100,7.200,15.300,-1.400,-17.800,0.500
'[00:00:03.428 01/01/2011]',-21.500,7.900,18.000,0.600,-15.900,0.500
'[00:00:03.429 01/01/2011]',-20.700,8.300,20.400,2.400,-13.800,0.500
'[00:00:03.430 01/01/2011]',-20.600,8.300,22.500,3.900,-11.500,0.500
'[00:00:03.431 01/01/2011]',-21.500,7.900,24.500,5.000,-8.900,0.500
'[00:00:03.432 01/01/2011]',-23.200,7.200,26.500,6.000,-6.000,0.500
'[00:00:03.433 01/01/2011]',-24.900,6.600,28.400,7.200,-2.800,0.500
'[00:00:03.434 01/01/2011]',-26.000,6.200,30.100,8.700,0.800,0.500
'[00:00:03.435 01/01/2011]',-26.200,5.900,31.400,10.700,4.900,0.500
'[00:00:03.436 01/01/2011]',-26.200,5.600,32.300,13.000,9.600,0.500
'[00:00:03.437 01/01/2011]',-26.600,5.000,32.600,15.400,15.000,0.500
'[00:00:03.438 01/01/2011]',-28.000,4.000,32.300,17.500,20.900,0.500
'[00:00:03.439 01/01/2011]',-29.800,2.700,31.400,19.100,27.000,0.500
'[00:00:03.440 01/01/2011]',-31.400,1.000,30.000,20.300,33.001,0.500
'[00:00:03.441 01/01/2011]',-32.200,-0.900,28.100,21.000,38.701,0.500
'[00:00:03.442 01/01/2011]',-32.300,-3.000,25.900,21.400,44.101,0.500
'[00:00:03.443 01/01/2011]',-32.200,-5.500,23.400,21.600,49.401,0.500
'[00:00:03.444 01/01/2011]',-32.801,-8.300,20.600,21.800,54.901,0.500
'[00:00:03.445 01/01/2011]',-34.501,-11.200,17.500,22.100,60.601,0.500
'[00:00:03.446 01/01/2011]',-36.901,-13.900,14.200,22.500,66.401,0.500
'[00:00:03.447 01/01/2011]',-39.201,-16.300,10.700,23.000,71.801,0.500
'[00:00:03.448 01/01/2011]',-40.701,-18.400,7.200,23.700,76.701,0.500
'[00:00:03.449 01/01/2011]',-41.001,-20.300,3.900,24.200,80.701,0.500
'[00:00:03.450 01/01/2011]',-40.501,-22.100,0.800,24.600,83.701,0.500
'[00:00:03.451 01/01/2011]',-39.601,-23.800,-1.900,24.500,85.801,0.500
'[00:00:03.452 01/01/2011]',-38.901,-25.400,-4.200,23.800,86.901,0.500
'[00:00:03.453 01/01/2011]',-38.501,-26.700,-6.200,22.700,86.901,0.500
'[00:00:03.454 01/01/2011]',-38.301,-27.700,-8.200,21.100,85.601,0.500
'[00:00:03.455 01/01/2011]',-37.801,-28.400,-10.300,19.100,82.801,0.500
'[00:00:03.456 01/01/2011]',-36.801,-28.800,-12.900,16.700,78.401,0.500
'[00:00:03.457 01/01/2011]',-35.301,-29.100,-16.200,13.900,72.501,0.500
'[00:00:03.458 01/01/2011]',-33.501,-29.300,-20.400,10.400,65.401,0.500
'[00:00:03.459 01/01/2011]',-31.900,-29.400,-25.400,6.400,57.701,0.500
'[00:00:03.460 01/01/2011]',-30.600,-29.700,-30.800,2.200,50.101,0.500
'[00:00:03.461 01/01/2011]',-29.500,-30.000,-36.301,-1.800,43.301,0.500
'[00:00:03.462 01/01/2011]',-28.400,-30.600,-41.401,-5.500,37.501,0.500
'[00:00:03.463 01/01/2011]',-26.800,-31.300,-46.101,-8.600,32.400,0.500
'[00:00:03.464 01/01/2011]',-24.400,-32.000,-50.101,-11.400,27.600,0.500
'[00:00:03.465 01/01/2011]',-21.300,-32.400,-53.701,-14.200,22.500,0.500
'[00:00:03.466 01/01/2011]',-18.000,-32.500,-56.601,-17.100,16.500,0.500
'[00:00:03.467 01/01/2011]',-15.200,-32.100,-58.901,-20.000,10.000,0.500
'[00:00:03.468 01/01/2011]',-13.500,-31.200,-60.301,-22.600,3.400,0.500
'[00:00:03.469 01/01/2011]',-12.800,-30.000,-60.501,-24.600,-2.500,0.500
'[00:00:03.470 01/01/2011]',-12.800,-28.600,-59.701,-25.600,-7.400,0.500
'[00:00:03.471 01/01/2011]',-12.600,-27.100,-57.901,-25.900,-11.100,0.500
'[00:00:03.472 01/01/2011]',-12.000,-25.500,-55.601,-25.900,-14.100,0.500
'[00:00:03.473 01/01/2011]',-10.800,-23.900,-53.201,-26.100,-16.800,0.500
'[00:00:03.474 01/01/2011]',-9.700,-22.500,-51.101,-26.600,-19.600,0.500
'[00:00:03.475 01/01/2011]',-9.200,-21.500,-49.201,-27.400,-22.300,0.500
'[00:00:03.476 01/01/2011]',-9.700,-20.800,-47.501,-28.100,-24.900,0.500
'[00:00:03.477 01/01/2011]',-11.100,-20.400,-45.501,-28.200,-26.800,0.500
'[00:00:03.478 01/01/2011]',-13.200,-19.800,-43.101,-27.400,-27.900,0.500
'[00:00:03.479 01/01/2011]',-15.400,-18.700,-39.901,-25.600,-28.000,0.500
'[00:00:03.480 01/01/2011]',-17.100,-16.900,-36.001,-23.000,-27.300,0.500
'[00:00:03.481 01/01/2011]',-17.900,-14.600,-31.500,-20.200,-26.100,0.500
'[00:00:03.482 01/01/2011]',-17.500,-12.100,-26.800,-17.700,-24.700,0.500
'[00:00:03.483 01/01/2011]',-15.500,-10.200,-22.300,-15.800,-23.400,0.500
'[00:00:03.484 01/01/2011]',-11.700,-9.000,-18.300,-14.500,-22.300,0.500
'[00:00:03.485 01/01/2011]',-6.300,-8.500,-14.800,-13.600,-21.200,0.500
'[00:00:03.486 01/01/2011]',0.400,-8.200,-11.500,-12.500,-20.000,0.500
'[00:00:03.487 01/01/2011]',8.300,-7.800,-8.400,-11.000,-18.100,0.500
'[00:00:03.488 01/01/2011]',16.900,-6.800,-5.100,-8.900,-15.700,0.500
'[00:00:03.489 01/01/2011]',26.100,-5.600,-1.700,-6.600,-12.900,0.500
'[00:00:03.490 01/01/2011]',35.501,-4.200,1.400,-4.300,-10.200,0.500
'[00:00:03.491 01/01/2011]',44.301,-3.100,3.900,-2.600,-7.900,0.500
'[00:00:03.492 01/01/2011]',51.501,-2.300,5.800,-1.500,-6.300,0.500
'[00:00:03.493 01/01/2011]',56.401,-1.700,7.100,-1.000,-5.100,0.500
'[00:00:03.494 01/01/2011]',58.801,-1.200,8.400,-0.500,-4.000,0.500
'[00:00:03.495 01/01/2011]',59.201,-0.500,9.800,0.000,-2.600,0.500
'[00:00:03.496 01/01/2011]',58.601,0.300,11.500,0.700,-0.800,0.500
'[00:00:03.497 01/01/2011]',58.001,1.000,13.100,1.500,1.000,0.500
'[00:00:03.498 01/01/2011]',57.801,1.600,14.400,2.300,2.500,0.500
'[00:00:03.499 01/01/2011]',57.601,2.100,14.900,2.900,3.500,0.500
'[00:00:03.500 01/01/2011]',56.801,2.600,14.800,3.400,3.900,0.500
'[00:00:03.501 01/01/2011]',54.801,3.000,14.200,3.900,3.700,0.500
'[00:00:03.502 01/01/2011]',52.101,3.400,13.600,4.400,3.200,0.500
'[00:00:03.503 01/01/2011]',49.301,3.700,13.000,4.700,2.400,0.500
'[00:00:03.504 01/01/2011]',47.001,3.900,12.500,4.600,1.300,0.500
'[00:00:03.505 01/01/2011]',45.501,3.900,11.900,4.000,-0.100,0.500
'[00:00:03.506 01/01/2011]',44.001,3.900,11.000,2.800,-1.900,0.500
'[00:00:03.507 01/01/2011]',41.401,3.800,9.600,1.300,-4.000,0.500
'[00:00:03.508 01/01/2011]',36.301,3.300,7.400,-0.700,-6.500,0.500
'[00:00:03.509 01/01/2011]',28.200,2.500,4.500,-2.800,-9.500,0.500
'[00:00:03.510 01/01/2011]',17.200,1.400,1.100,-5.100,-12.900,0.500
'[00:00:03.511 01/01/2011]',4.100,0.000,-2.500,-7.500,-16.400,0.500
'[00:00:03.512 01/01/2011]',-9.600,-1.100,-5.800,-9.500,-19.600,0.500
'[00:00:03.513 01/01/2011]',-22.300,-1.600,-8.200,-10.800,-21.900,0.500
'[00:00:03.514 01/01/2011]',-32.500,-1.400,-9.300,-11.100,-23.300,0.500
'[00:00:03.515 01/01/2011]',-39.201,-0.600,-9.200,-10.600,-23.500,0.500
'[00:00:03.516 01/01/2011]',-41.901,0.300,-8.100,-9.500,-23.000,0.500
'[00:00:03.517 01/01/2011]',-40.801,1.100,-6.800,-8.500,-22.100,0.500
'[00:00:03.518 01/01/2011]',-36.701,1.400,-5.500,-7.900,-21.100,0.500
'[00:00:03.519 01/01/2011]',-30.800,1.300,-4.500,-7.600,-20.300,0.500
'[00:00:03.520 01/01/2011]',-24.600,0.900,-3.900,-7.500,-19.400,0.500
'[00:00:03.521 01/01/2011]',-19.100,0.500,-3.300,-7.300,-18.600,0.500
'[00:00:03.522 01/01/2011]',-15.100,0.300,-2.700,-7.000,-17.800,0.500
'[00:00:03.523 01/01/2011]',-12.900,0.200,-2.200,-6.700,-17.200,0.500
'[00:00:03.524 01/01/2011]',-12.400,0.400,-1.900,-6.500,-16.800,0.500
'[00:00:03.525 01/01/2011]',-12.900,0.500,-1.800,-6.500,-16.600,0.500
'[00:00:03.526 01/01/2011]',-13.800,0.600,-1.900,-6.700,-16.700,0.500
'[00:00:03.527 01/01/2011]',-14.400,0.500,-2.000,-7.000,-16.800,0.500
'[00:00:03.528 01/01/2011]',-14.400,0.200,-2.000,-7.200,-16.800,0.500
'[00:00:03.529 01/01/2011]',-13.800,-0.300,-1.800,-7.300,-16.900,0.500
'[00:00:03.530 01/01/2011]',-13.100,-0.900,-1.400,-7.300,-17.000,0.500
'[00:00:03.531 01/01/2011]',-12.700,-1.300,-1.000,-7.300,-17.100,0.500
'[00:00:03.532 01/01/2011]',-12.800,-1.500,-0.600,-7.200,-17.100,0.500
'[00:00:03.533 01/01/2011]',-13.200,-1.300,-0.300,-6.900,-17.000,0.500
'[00:00:03.534 01/01/2011]',-13.500,-0.800,0.100,-6.500,-16.700,0.500
'[00:00:03.535 01/01/2011]',-13.300,-0.200,0.400,-6.000,-16.100,0.500
'[00:00:03.536 01/01/2011]',-12.600,0.300,0.900,-5.500,-15.400,0.500
'[00:00:03.537 01/01/2011]',-11.700,0.800,1.200,-5.200,-14.800,0.500
'[00:00:03.538 01/01/2011]',-11.000,1.100,1.300,-5.200,-14.400,0.500
'[00:00:03.539 01/01/2011]',-10.800,1.300,1.200,-5.300,-14.200,0.500
'[00:00:03.540 01/01/2011]',-11.000,1.400,0.900,-5.500,-14.200,0.500
'[00:00:03.541 01/01/2011]',-11.500,1.300,0.700,-5.600,-14.200,0.500
'[00:00:03.542 01/01/2011]',-11.900,1.300,0.600,-5.500,-14.100,0.500
'[00:00:03.543 01/01/2011]',-12.200,1.200,0.800,-5.300,-13.700,0.500
'[00:00:03.544 01/01/2011]',-12.400,1.200,1.200,-5.000,-13.100,0.500
'[00:00:03.545 01/01/2011]',-12.600,1.300,1.700,-4.900,-12.600,0.500
'[00:00:03.546 01/01/2011]',-12.600,1.600,2.000,-5.000,-12.400,0.500
'[00:00:03.547 01/01/2011]',-12.300,1.800,2.000,-5.200,-12.700,0.500
'[00:00:03.548 01/01/2011]',-11.400,1.900,1.800,-5.400,-13.400,0.500
'[00:00:03.549 01/01/2011]',-10.400,1.700,1.400,-5.700,-14.300,0.500
'[00:00:03.550 01/01/2011]',-9.500,1.300,1.000,-6.000,-15.000,0.500
'[00:00:03.551 01/01/2011]',-9.200,0.700,0.800,-6.200,-15.300,0.500
'[00:00:03.552 01/01/2011]',-9.800,0.300,0.800,-6.400,-15.100,0.500
'[00:00:03.553 01/01/2011]',-10.900,0.000,1.200,-6.400,-14.500,0.500
'[00:00:03.554 01/01/2011]',-11.900,0.200,1.800,-6.300,-14.000,0.500
'[00:00:03.555 01/01/2011]',-12.500,0.500,2.500,-6.000,-13.800,0.500
'[00:00:03.556 01/01/2011]',-12.400,0.900,2.900,-5.600,-13.800,0.500
'[00:00:03.557 01/01/2011]',-11.800,1.300,2.900,-5.300,-14.000,0.500
'[00:00:03.558 01/01/2011]',-10.900,1.500,2.500,-5.200,-14.000,0.500
'[00:00:03.559 01/01/2011]',-10.200,1.400,1.900,-5.100,-13.800,0.500
'[00:00:03.560 01/01/2011]',-9.700,1.200,1.400,-5.100,-13.500,0.500
'[00:00:03.561 01/01/2011]',-9.300,1.100,1.300,-4.900,-13.200,0.500
'[00:00:03.562 01/01/2011]',-9.100,1.200,1.600,-4.500,-13.100,0.500
'[00:00:03.563 01/01/2011]',-8.700,1.600,2.200,-3.800,-13.100,0.500
'[00:00:03.564 01/01/2011]',-8.200,2.100,2.800,-3.000,-13.100,0.500
'[00:00:03.565 01/01/2011]',-7.600,2.500,3.100,-2.300,-13.100,0.500
'[00:00:03.566 01/01/2011]',-7.000,2.700,3.100,-2.000,-12.900,0.500
'[00:00:03.567 01/01/2011]',-6.600,2.500,2.700,-2.000,-12.800,0.500
'[00:00:03.568 01/01/2011]',-6.600,2.200,2.400,-2.300,-12.600,0.500
'[00:00:03.569 01/01/2011]',-6.800,1.800,2.200,-2.900,-12.500,0.500
'[00:00:03.570 01/01/2011]',-7.000,1.600,2.200,-3.400,-12.300,0.500
'[00:00:03.571 01/01/2011]',-6.800,1.600,2.200,-3.700,-12.000,0.500
'[00:00:03.572 01/01/2011]',-5.800,1.800,2.200,-3.800,-11.600,0.500
'[00:00:03.573 01/01/2011]',-4.200,1.900,2.000,-3.800,-11.200,0.500
'[00:00:03.574 01/01/2011]',-2.700,1.800,1.600,-3.700,-10.900,0.500
'[00:00:03.575 01/01/2011]',-1.900,1.500,1.200,-3.600,-10.800,0.500
'[00:00:03.576 01/01/2011]',-2.300,1.300,0.800,-3.400,-10.900,0.500
'[00:00:03.577 01/01/2011]',-3.800,1.200,0.600,-3.100,-11.000,0.500
'[00:00:03.578 01/01/2011]',-5.800,1.400,0.600,-2.800,-11.000,0.500
'[00:00:03.579 01/01/2011]',-7.100,1.800,0.900,-2.600,-11.100,0.500
'[00:00:03.580 01/01/2011]',-7.300,1.900,1.200,-2.700,-11.200,0.500
'[00:00:03.581 01/01/2011]',-6.200,1.800,1.600,-3.100,-11.300,0.500
'[00:00:03.582 01/01/2011]',-4.600,1.300,2.000,-3.700,-11.500,0.500
'[00:00:03.583 01/01/2011]',-3.500,0.700,2.200,-4.200,-11.500,0.500
'[00:00:03.584 01/01/2011]',-3.600,0.300,2.300,-4.200,-11.300,0.500
'[00:00:03.585 01/01/2011]',-5.100,0.300,2.300,-3.600,-10.800,0.500
'[00:00:03.586 01/01/2011]',-7.200,0.800,2.300,-2.600,-10.300,0.500
'[00:00:03.587 01/01/2011]',-8.800,1.200,2.300,-1.800,-9.900,0.500
'[00:00:03.588 01/01/2011]',-9.000,1.400,2.400,-1.500,-9.600,0.500
'[00:00:03.589 01/01/2011]',-7.600,1.000,2.400,-1.800,-9.600,0.500
'[00:00:03.590 01/01/2011]',-5.100,0.200,2.500,-2.500,-9.500,0.500
'[00:00:03.591 01/01/2011]',-2.300,-0.700,2.600,-3.000,-9.500,0.500
'[00:00:03.592 01/01/2011]',-0.200,-1.200,2.600,-2.900,-9.500,0.500
'[00:00:03.593 01/01/2011]',0.600,-1.300,2.500,-2.300,-9.400,0.500
'[00:00:03.594 01/01/2011]',0.000,-1.200,2.400,-1.500,-9.500,0.500
'[00:00:03.595 01/01/2011]',-1.400,-1.100,2.200,-1.100,-9.600,0.500
'[00:00:03.596 01/01/2011]',-3.000,-1.300,2.100,-1.200,-9.900,0.500
'[00:00:03.597 01/01/2011]',-3.900,-1.700,1.900,-1.900,-10.000,0.500
'[00:00:03.598 01/01/2011]',-3.600,-2.000,1.900,-2.600,-10.000,0.500
'[00:00:03.599 01/01/2011]',-2.200,-1.900,2.000,-2.900,-9.700,0.500
'[00:00:03.600 01/01/2011]',-0.400,-1.400,2.100,-2.700,-9.300,0.500
'[00:00:03.601 01/01/2011]',1.000,-0.600,2.100,-2.000,-8.700,0.500
'[00:00:03.602 01/01/2011]',1.200,0.200,2.100,-1.200,-8.100,0.500
'[00:00:03.603 01/01/2011]',0.100,0.700,2.000,-0.600,-7.700,0.500
'[00:00:03.604 01/01/2011]',-1.400,0.700,1.800,-0.300,-7.400,0.500
'[00:00:03.605 01/01/2011]',-2.500,0.300,1.700,-0.400,-7.200,0.500
'[00:00:03.606 01/01/2011]',-2.500,-0.400,1.700,-0.700,-7.000,0.500
'[00:00:03.607 01/01/2011]',-1.400,-1.000,1.800,-1.200,-6.800,0.500
'[00:00:03.608 01/01/2011]',0.100,-1.500,1.800,-1.800,-6.600,0.500
'[00:00:03.609 01/01/2011]',1.000,-1.800,1.900,-2.300,-6.200,0.500
'[00:00:03.610 01/01/2011]',0.700,-2.000,1.900,-2.600,-5.900,0.500
'[00:00:03.611 01/01/2011]',-0.400,-2.000,1.800,-2.700,-5.700,0.500
'[00:00:03.612 01/01/2011]',-1.500,-2.000,1.600,-2.600,-5.700,0.500
'[00:00:03.613 01/01/2011]',-1.600,-2.000,1.500,-2.400,-5.900,0.500
'[00:00:03.614 01/01/2011]',-0.600,-1.900,1.300,-2.100,-6.300,0.500
'[00:00:03.615 01/01/2011]',1.100,-1.800,1.200,-1.900,-6.800,0.500
'[00:00:03.616 01/01/2011]',2.500,-1.500,1.200,-1.700,-7.000,0.500
'[00:00:03.617 01/01/2011]',3.200,-1.400,1.100,-1.500,-7.000,0.500
'[00:00:03.618 01/01/2011]',3.200,-1.300,1.000,-1.300,-6.800,0.500
'[00:00:03.619 01/01/2011]',3.100,-1.400,0.900,-1.000,-6.600,0.500
'[00:00:03.620 01/01/2011]',3.600,-1.700,0.800,-0.700,-6.400,0.500
'[00:00:03.621 01/01/2011]',4.900,-1.900,0.900,-0.600,-6.500,0.500
'[00:00:03.622 01/01/2011]',6.500,-1.900,1.200,-0.800,-6.700,0.500
'[00:00:03.623 01/01/2011]',8.000,-1.800,1.700,-1.100,-6.800,0.500
'[00:00:03.624 01/01/2011]',8.800,-1.700,2.200,-1.300,-6.700,0.500
'[00:00:03.625 01/01/2011]',8.900,-1.700,2.600,-1.300,-6.300,0.500
'[00:00:03.626 01/01/2011]',8.600,-1.800,2.900,-1.200,-5.500,0.500
'[00:00:03.627 01/01/2011]',8.300,-2.100,3.000,-0.900,-4.600,0.500
'[00:00:03.628 01/01/2011]',7.900,-2.400,3.000,-0.700,-3.800,0.500
'[00:00:03.629 01/01/2011]',7.700,-2.700,3.200,-0.600,-3.300,0.500
'[00:00:03.630 01/01/2011]',7.500,-3.100,3.400,-0.900,-3.200,0.500
'[00:00:03.631 01/01/2011]',7.400,-3.500,3.700,-1.400,-3.400,0.500
'[00:00:03.632 01/01/2011]',7.600,-3.900,3.900,-2.100,-3.600,0.500
'[00:00:03.633 01/01/2011]',8.000,-4.300,3.800,-2.600,-3.900,0.500
'[00:00:03.634 01/01/2011]',8.400,-4.300,3.500,-2.800,-4.000,0.500
'[00:00:03.635 01/01/2011]',8.600,-4.000,3.100,-2.600,-3.900,0.500
'[00:00:03.636 01/01/2011]',8.300,-3.400,2.700,-2.100,-3.800,0.500
'[00:00:03.637 01/01/2011]',8.000,-3.000,2.400,-1.400,-3.600,0.500
'[00:00:03.638 01/01/2011]',8.000,-3.000,2.200,-0.800,-3.400,0.500
'[00:00:03.639 01/01/2011]',8.700,-3.300,1.900,-0.400,-3.100,0.500
'[00:00:03.640 01/01/2011]',10.200,-3.900,1.600,-0.400,-2.900,0.500
'[00:00:03.641 01/01/2011]',11.700,-4.400,1.200,-0.700,-2.700,0.500
'[00:00:03.642 01/01/2011]',12.800,-4.500,0.900,-1.000,-2.700,0.500
'[00:00:03.643 01/01/2011]',12.800,-4.400,0.600,-1.200,-2.800,0.500
'[00:00:03.644 01/01/2011]',12.000,-4.400,0.500,-1.400,-3.000,0.500
'[00:00:03.645 01/01/2011]',10.900,-4.700,0.400,-1.500,-3.200,0.500
'[00:00:03.646 01/01/2011]',10.100,-5.500,0.300,-1.800,-3.200,0.500
'[00:00:03.647 01/01/2011]',10.000,-6.300,0.000,-2.300,-3.100,0.500
'[00:00:03.648 01/01/2011]',10.200,-6.800,-0.400,-2.800,-3.000,0.500
'[00:00:03.649 01/01/2011]',10.400,-6.900,-1.000,-3.300,-3.000,0.500
'[00:00:03.650 01/01/2011]',10.300,-6.500,-1.400,-3.700,-3.200,0.500
'[00:00:03.651 01/01/2011]',10.200,-6.000,-1.700,-3.800,-3.500,0.500
'[00:00:03.652 01/01/2011]',10.200,-5.700,-1.700,-3.700,-3.500,0.500
'[00:00:03.653 01/01/2011]',10.500,-5.700,-1.600,-3.600,-3.200,0.500
'[00:00:03.654 01/01/2011]',11.100,-5.900,-1.500,-3.300,-2.500,0.500
'[00:00:03.655 01/01/2011]',11.400,-6.100,-1.400,-3.100,-1.600,0.500
'[00:00:03.656 01/01/2011]',11.200,-6.200,-1.400,-3.000,-0.800,0.500
'[00:00:03.657 01/01/2011]',10.200,-6.200,-1.600,-2.900,-0.300,0.500
'[00:00:03.658 01/01/2011]',8.600,-6.200,-1.800,-2.800,-0.200,0.500
'[00:00:03.659 01/01/2011]',7.000,-6.300,-1.800,-2.900,-0.200,0.500
'[00:00:03.660 01/01/2011]',5.500,-6.700,-1.800,-3.000,-0.100,0.500
'[00:00:03.661 01/01/2011]',4.400,-7.100,-1.600,-3.100,0.200,0.500
'[00:00:03.662 01/01/2011]',3.600,-7.400,-1.300,-3.100,0.700,0.500
'[00:00:03.663 01/01/2011]',3.200,-7.400,-1.000,-3.000,1.300,0.500
'[00:00:03.664 01/01/2011]',3.100,-7.100,-0.700,-2.700,1.800,0.500
'[00:00:03.665 01/01/2011]',3.300,-6.800,-0.500,-2.500,2.100,0.500
'[00:00:03.666 01/01/2011]',3.600,-6.700,-0.500,-2.200,2.200,0.500
'[00:00:03.667 01/01/2011]',3.700,-7.100,-0.800,-2.000,2.400,0.500
'[00:00:03.668 01/01/2011]',3.300,-7.800,-1.300,-1.900,2.600,0.500
'[00:00:03.669 01/01/2011]',2.500,-8.500,-1.900,-1.900,2.900,0.500
'[00:00:03.670 01/01/2011]',1.900,-9.000,-2.500,-1.900,3.300,0.500
'[00:00:03.671 01/01/2011]',1.900,-9.100,-2.900,-1.900,3.500,0.500
'[00:00:03.672 01/01/2011]',2.500,-8.800,-3.100,-1.900,3.600,0.500
'[00:00:03.673 01/01/2011]',3.400,-8.500,-3.000,-1.900,3.600,0.500
'[00:00:03.674 01/01/2011]',3.800,-8.300,-2.800,-1.800,3.600,0.500
'[00:00:03.675 01/01/2011]',3.400,-8.400,-2.600,-1.700,3.800,0.500
'[00:00:03.676 01/01/2011]',2.100,-8.800,-2.500,-1.700,4.200,0.500
'[00:00:03.677 01/01/2011]',0.800,-9.200,-2.500,-1.800,4.800,0.500
'[00:00:03.678 01/01/2011]',0.200,-9.400,-2.500,-1.800,5.400,0.500
'[00:00:03.679 01/01/2011]',0.700,-9.200,-2.500,-1.800,6.000,0.500
'[00:00:03.680 01/01/2011]',1.900,-8.800,-2.500,-1.600,6.500,0.500
'[00:00:03.681 01/01/2011]',2.900,-8.300,-2.300,-1.100,7.000,0.500
'[00:00:03.682 01/01/2011]',3.300,-8.000,-2.100,-0.400,7.500,0.500
'[00:00:03.683 01/01/2011]',3.000,-8.000,-1.900,0.200,8.000,0.500
'[00:00:03.684 01/01/2011]',2.500,-8.400,-1.900,0.600,8.200,0.500
'[00:00:03.685 01/01/2011]',2.200,-9.000,-2.000,0.600,8.100,0.500
'[00:00:03.686 01/01/2011]',2.500,-9.700,-2.200,0.100,7.700,0.500
'[00:00:03.687 01/01/2011]',2.800,-10.300,-2.400,-0.500,7.400,0.500
'[00:00:03.688 01/01/2011]',2.800,-10.800,-2.400,-1.000,7.200,0.500
'[00:00:03.689 01/01/2011]',2.100,-11.200,-2.300,-1.300,7.400,0.500
'[00:00:03.690 01/01/2011]',1.100,-11.600,-2.100,-1.400,7.800,0.500
'[00:00:03.691 01/01/2011]',0.400,-11.900,-1.900,-1.400,8.300,0.500
'[00:00:03.692 01/01/2011]',0.400,-12.100,-1.800,-1.400,8.500,0.500
'[00:00:03.693 01/01/2011]',1.200,-12.100,-1.900,-1.600,8.500,0.500
'[00:00:03.694 01/01/2011]',2.200,-11.900,-2.200,-1.900,8.300,0.500
'[00:00:03.695 01/01/2011]',2.500,-11.900,-2.500,-2.100,8.300,0.500
'[00:00:03.696 01/01/2011]',1.700,-12.000,-2.800,-2.300,8.500,0.500
'[00:00:03.697 01/01/2011]',0.000,-12.500,-3.000,-2.300,9.000,0.500
'[00:00:03.698 01/01/2011]',-1.600,-13.000,-3.200,-2.400,9.300,0.500
'[00:00:03.699 01/01/2011]',-2.200,-13.500,-3.500,-2.600,9.200,0.500
'[00:00:03.700 01/01/2011]',-1.200,-13.800,-4.100,-2.900,8.700,0.500
'[00:00:03.701 01/01/2011]',1.100,-13.800,-4.800,-3.300,8.000,0.500
'[00:00:03.702 01/01/2011]',3.700,-13.600,-5.500,-3.600,7.500,0.500
'[00:00:03.703 01/01/2011]',5.400,-13.500,-6.000,-3.600,7.400,0.500
'[00:00:03.704 01/01/2011]',5.700,-13.500,-6.000,-3.400,7.800,0.500
'[00:00:03.705 01/01/2011]',4.600,-13.400,-5.800,-3.100,8.400,0.500
'[00:00:03.706 01/01/2011]',3.000,-13.400,-5.400,-2.800,8.800,0.500
'[00:00:03.707 01/01/2011]',1.800,-13.200,-5.100,-2.800,8.900,0.500
'[00:00:03.708 01/01/2011]',1.400,-13.200,-5.100,-2.900,8.700,0.500
'[00:00:03.709 01/01/2011]',2.000,-13.500,-5.400,-3.100,8.200,0.500
'[00:00:03.710 01/01/2011]',2.900,-13.900,-5.800,-3.400,7.700,0.500
'[00:00:03.711 01/01/2011]',3.800,-14.500,-5.900,-3.700,7.400,0.500
'[00:00:03.712 01/01/2011]',4.400,-14.800,-5.700,-4.000,7.500,0.500
'[00:00:03.713 01/01/2011]',4.600,-14.600,-5.100,-4.300,7.800,0.500
'[00:00:03.714 01/01/2011]',4.800,-14.100,-4.400,-4.400,8.200,0.500
'[00:00:03.715 01/01/2011]',4.900,-13.400,-3.900,-4.400,8.800,0.500
'[00:00:03.716 01/01/2011]',4.800,-13.000,-3.800,-4.200,9.300,0.500
'[00:00:03.717 01/01/2011]',4.600,-13.000,-3.800,-3.900,9.700,0.500
'[00:00:03.718 01/01/2011]',4.300,-13.500,-4.000,-3.600,9.900,0.500
'[00:00:03.719 01/01/2011]',4.100,-14.200,-4.000,-3.400,10.000,0.500
'[00:00:03.720 01/01/2011]',4.300,-14.600,-3.800,-3.200,9.900,0.500
'[00:00:03.721 01/01/2011]',4.700,-14.600,-3.400,-2.900,9.800,0.500
'[00:00:03.722 01/01/2011]',5.200,-14.300,-3.000,-2.600,9.800,0.500
'[00:00:03.723 01/01/2011]',5.200,-13.600,-2.600,-2.200,9.900,0.500
'[00:00:03.724 01/01/2011]',4.600,-13.000,-2.400,-1.900,10.200,0.500
'[00:00:03.725 01/01/2011]',3.500,-12.500,-2.300,-1.800,10.400,0.500
'[00:00:03.726 01/01/2011]',2.400,-12.100,-2.200,-1.900,10.500,0.500
'[00:00:03.727 01/01/2011]',1.700,-12.000,-2.200,-2.200,10.400,0.500
'[00:00:03.728 01/01/2011]',1.800,-12.000,-2.200,-2.500,10.100,0.500
'[00:00:03.729 01/01/2011]',2.500,-12.200,-2.200,-2.800,9.700,0.500
'[00:00:03.730 01/01/2011]',3.200,-12.400,-2.200,-3.000,9.400,0.500
'[00:00:03.731 01/01/2011]',3.700,-12.600,-2.100,-3.200,9.200,0.500
'[00:00:03.732 01/01/2011]',3.500,-12.700,-2.000,-3.400,9.000,0.500
'[00:00:03.733 01/01/2011]',2.800,-12.500,-2.000,-3.700,8.600,0.500
'[00:00:03.734 01/01/2011]',1.900,-12.300,-2.200,-4.000,7.700,0.500
'[00:00:03.735 01/01/2011]',1.200,-12.200,-2.600,-4.400,6.600,0.500
'[00:00:03.736 01/01/2011]',0.900,-12.300,-3.300,-4.800,5.400,0.500
'[00:00:03.737 01/01/2011]',0.900,-12.600,-4.100,-5.300,4.400,0.500
'[00:00:03.738 01/01/2011]',1.100,-13.000,-4.700,-5.900,3.900,0.500
'[00:00:03.739 01/01/2011]',1.200,-13.300,-4.900,-6.400,3.900,0.500
'[00:00:03.740 01/01/2011]',0.800,-13.300,-4.800,-6.600,4.100,0.500
'[00:00:03.741 01/01/2011]',0.100,-12.900,-4.400,-6.600,4.300,0.500
'[00:00:03.742 01/01/2011]',-0.900,-12.300,-3.800,-6.200,4.200,0.500
'[00:00:03.743 01/01/2011]',-1.800,-11.600,-3.200,-5.800,3.700,0.500
'[00:00:03.744 01/01/2011]',-2.600,-11.200,-2.800,-5.500,2.900,0.500
'[00:00:03.745 01/01/2011]',-3.100,-11.000,-2.600,-5.400,2.000,0.500
'[00:00:03.746 01/01/2011]',-3.400,-11.000,-2.600,-5.400,1.200,0.500
'[00:00:03.747 01/01/2011]',-3.600,-11.000,-2.800,-5.600,0.400,0.500
'[00:00:03.748 01/01/2011]',-3.700,-10.800,-2.900,-5.600,-0.200,0.500
'[00:00:03.749 01/01/2011]',-3.900,-10.500,-3.000,-5.400,-0.600,0.500
'[00:00:03.750 01/01/2011]',-4.000,-10.100,-3.000,-5.100,-1.000,0.500
'[00:00:03.751 01/01/2011]',-4.100,-9.800,-2.800,-4.900,-1.400,0.500
'[00:00:03.752 01/01/2011]',-4.300,-9.600,-2.400,-4.800,-1.900,0.500
'[00:00:03.753 01/01/2011]',-4.500,-9.400,-1.900,-5.000,-2.500,0.500
'[00:00:03.754 01/01/2011]',-4.900,-9.400,-1.500,-5.500,-3.200,0.500
'[00:00:03.755 01/01/2011]',-5.300,-9.300,-1.500,-6.100,-4.100,0.500
'[00:00:03.756 01/01/2011]',-5.700,-9.200,-1.800,-6.800,-5.000,0.500
'[00:00:03.757 01/01/2011]',-6.200,-9.100,-2.400,-7.300,-5.800,0.500
'[00:00:03.758 01/01/2011]',-6.700,-8.800,-3.000,-7.600,-6.300,0.500
'[00:00:03.759 01/01/2011]',-7.100,-8.400,-3.200,-7.500,-6.500,0.500
'[00:00:03.760 01/01/2011]',-7.400,-7.800,-3.000,-7.200,-6.400,0.500
'[00:00:03.761 01/01/2011]',-7.600,-7.200,-2.300,-6.600,-6.100,0.500
'[00:00:03.762 01/01/2011]',-7.600,-6.700,-1.500,-6.100,-6.000,0.500
'[00:00:03.763 01/01/2011]',-7.600,-6.500,-0.700,-5.700,-6.100,0.500
'[00:00:03.764 01/01/2011]',-7.800,-6.400,-0.200,-5.400,-6.500,0.500
'[00:00:03.765 01/01/2011]',-8.400,-6.500,0.200,-5.200,-6.900,0.500
'[00:00:03.766 01/01/2011]',-8.900,-6.600,0.500,-4.900,-7.100,0.500
'[00:00:03.767 01/01/2011]',-9.200,-6.600,0.900,-4.700,-7.200,0.500
'[00:00:03.768 01/01/2011]',-8.900,-6.500,1.300,-4.600,-7.100,0.500
'[00:00:03.769 01/01/2011]',-8.100,-6.500,1.700,-4.800,-7.300,0.500
'[00:00:03.770 01/01/2011]',-7.200,-6.500,1.900,-5.400,-7.700,0.500
'[00:00:03.771 01/01/2011]',-6.800,-6.400,1.800,-6.100,-8.500,0.500
'[00:00:03.772 01/01/2011]',-7.200,-6.000,1.700,-6.800,-9.500,0.500
'[00:00:03.773 01/01/2011]',-8.200,-5.400,1.700,-7.200,-10.400,0.500
'[00:00:03.774 01/01/2011]',-9.200,-4.600,1.800,-7.000,-11.000,0.500
'[00:00:03.775 01/01/2011]',-9.800,-3.900,2.100,-6.500,-11.400,0.500
'[00:00:03.776 01/01/2011]',-9.600,-3.700,2.500,-5.900,-11.600,0.500
'[00:00:03.777 01/01/2011]',-8.900,-3.900,2.600,-5.500,-11.900,0.500
'[00:00:03.778 01/01/2011]',-8.400,-4.500,2.400,-5.400,-12.200,0.500
'[00:00:03.779 01/01/2011]',-8.500,-4.900,2.100,-5.500,-12.400,0.500
'[00:00:03.780 01/01/2011]',-9.000,-5.000,1.800,-5.600,-12.300,0.500
'[00:00:03.781 01/01/2011]',-9.500,-4.700,1.700,-5.600,-11.800,0.500
'[00:00:03.782 01/01/2011]',-9.400,-4.100,1.900,-5.200,-11.200,0.500
'[00:00:03.783 01/01/2011]',-8.400,-3.600,2.400,-4.800,-10.500,0.500
'[00:00:03.784 01/01/2011]',-7.100,-3.400,2.900,-4.300,-10.200,0.500
'[00:00:03.785 01/01/2011]',-6.300,-3.300,3.200,-4.200,-10.100,0.500
'[00:00:03.786 01/01/2011]',-6.600,-3.100,3.200,-4.300,-10.300,0.500
'[00:00:03.787 01/01/2011]',-7.900,-2.700,2.900,-4.600,-10.700,0.500
'[00:00:03.788 01/01/2011]',-9.400,-2.000,2.600,-4.700,-11.000,0.500
'[00:00:03.789 01/01/2011]',-10.400,-1.400,2.400,-4.400,-11.300,0.500
'[00:00:03.790 01/01/2011]',-10.000,-1.000,2.700,-3.800,-11.600,0.500
'[00:00:03.791 01/01/2011]',-8.700,-0.800,3.200,-3.100,-11.900,0.500
'[00:00:03.792 01/01/2011]',-7.300,-0.700,3.800,-2.500,-12.200,0.500
'[00:00:03.793 01/01/2011]',-6.500,-0.700,4.200,-2.400,-12.400,0.500
'[00:00:03.794 01/01/2011]',-6.700,-0.700,4.400,-2.700,-12.300,0.500
'[00:00:03.795 01/01/2011]',-7.500,-0.700,4.300,-3.300,-12.200,0.500
'[00:00:03.796 01/01/2011]',-8.100,-0.900,4.000,-3.700,-12.000,0.500
'[00:00:03.797 01/01/2011]',-7.900,-1.300,3.800,-3.800,-11.900,0.500
'[00:00:03.798 01/01/2011]',-7.100,-1.700,3.700,-3.400,-11.900,0.500
'[00:00:03.799 01/01/2011]',-6.200,-1.800,3.800,-2.800,-11.900,0.500
'[00:00:03.800 01/01/2011]',-6.100,-1.500,4.000,-2.200,-11.900,0.500
'[00:00:03.801 01/01/2011]',-6.800,-0.800,4.100,-2.000,-11.800,0.500
'[00:00:03.802 01/01/2011]',-7.900,-0.100,4.100,-2.200,-11.700,0.500
'[00:00:03.803 01/01/2011]',-8.700,0.200,4.100,-2.800,-11.600,0.500
'[00:00:03.804 01/01/2011]',-8.700,0.100,3.900,-3.500,-11.600,0.500
'[00:00:03.805 01/01/2011]',-8.000,-0.400,3.800,-3.900,-11.600,0.500
'[00:00:03.806 01/01/2011]',-7.400,-0.700,3.800,-4.000,-11.600,0.500
'[00:00:03.807 01/01/2011]',-7.300,-0.600,3.900,-3.700,-11.600,0.500
'[00:00:03.808 01/01/2011]',-8.100,-0.100,4.000,-3.300,-11.400,0.500
'[00:00:03.809 01/01/2011]',-9.300,0.800,4.100,-2.900,-11.100,0.500
'[00:00:03.810 01/01/2011]',-10.400,1.600,4.300,-2.900,-11.000,0.500
'[00:00:03.811 01/01/2011]',-10.900,2.100,4.500,-3.000,-10.800,0.500
'[00:00:03.812 01/01/2011]',-10.900,2.000,4.700,-3.200,-10.700,0.500
'[00:00:03.813 01/01/2011]',-10.600,1.600,4.900,-3.200,-10.600,0.500
'[00:00:03.814 01/01/2011]',-10.200,1.200,5.000,-3.000,-10.400,0.500
'[00:00:03.815 01/01/2011]',-9.900,0.900,5.000,-2.600,-10.300,0.500
'[00:00:03.816 01/01/2011]',-9.600,1.000,5.000,-2.100,-10.200,0.500
'[00:00:03.817 01/01/2011]',-9.100,1.400,5.000,-1.700,-10.200,0.500
'[00:00:03.818 01/01/2011]',-8.500,1.900,5.000,-1.500,-10.200,0.500
'[00:00:03.819 01/01/2011]',-8.100,2.300,5.100,-1.500,-10.200,0.500
'[00:00:03.820 01/01/2011]',-8.000,2.600,5.100,-1.600,-10.100,0.500
'[00:00:03.821 01/01/2011]',-8.300,2.800,4.900,-1.600,-10.000,0.500
'[00:00:03.822 01/01/2011]',-8.700,2.800,4.700,-1.300,-9.800,0.500
'[00:00:03.823 01/01/2011]',-9.000,2.900,4.500,-0.900,-9.700,0.500
'[00:00:03.824 01/01/2011]',-9.000,2.900,4.400,-0.600,-9.600,0.500
'[00:00:03.825 01/01/2011]',-8.700,2.900,4.500,-0.500,-9.600,0.500
'[00:00:03.826 01/01/2011]',-8.100,2.900,4.600,-0.800,-9.700,0.500
'[00:00:03.827 01/01/2011]',-7.400,2.800,4.600,-1.300,-9.900,0.500
'[00:00:03.828 01/01/2011]',-6.900,2.700,4.500,-1.900,-10.100,0.500
'[00:00:03.829 01/01/2011]',-6.500,2.600,4.500,-2.200,-10.100,0.500
'[00:00:03.830 01/01/2011]',-6.200,2.700,4.600,-2.200,-9.900,0.500
'[00:00:03.831 01/01/2011]',-5.800,3.000,5.200,-1.800,-9.400,0.500
'[00:00:03.832 01/01/2011]',-5.200,3.400,6.100,-1.300,-8.700,0.500
'[00:00:03.833 01/01/2011]',-4.400,3.900,7.000,-0.800,-8.000,0.500
'[00:00:03.834 01/01/2011]',-3.500,4.200,7.500,-0.400,-7.400,0.500
'[00:00:03.835 01/01/2011]',-2.600,4.200,7.600,-0.200,-7.200,0.500
'[00:00:03.836 01/01/2011]',-1.900,4.000,7.200,0.000,-7.200,0.500
'[00:00:03.837 01/01/2011]',-1.400,3.800,6.600,0.300,-7.400,0.500
'[00:00:03.838 01/01/2011]',-1.100,3.600,6.200,0.500,-7.500,0.500
'[00:00:03.839 01/01/2011]',-0.700,3.500,6.100,0.700,-7.700,0.500
'[00:00:03.840 01/01/2011]',-0.100,3.600,6.000,0.900,-7.900,0.500
'[00:00:03.841 01/01/2011]',0.700,3.700,5.700,0.900,-8.200,0.500
'[00:00:03.842 01/01/2011]',1.600,3.700,5.200,0.800,-8.800,0.500
'[00:00:03.843 01/01/2011]',2.300,3.400,4.300,0.500,-9.400,0.500
'[00:00:03.844 01/01/2011]',2.800,3.000,3.600,0.100,-9.900,0.500
'[00:00:03.845 01/01/2011]',2.900,2.500,3.100,-0.600,-10.300,0.500
'[00:00:03.846 01/01/2011]',2.600,2.100,3.100,-1.400,-10.400,0.500
'[00:00:03.847 01/01/2011]',2.000,1.900,3.300,-2.100,-10.400,0.500
'[00:00:03.848 01/01/2011]',1.500,1.800,3.700,-2.700,-10.200,0.500
'[00:00:03.849 01/01/2011]',1.400,1.900,3.900,-2.900,-10.000,0.500
'[00:00:03.850 01/01/2011]',1.900,2.100,3.900,-2.900,-9.800,0.500
'[00:00:03.851 01/01/2011]',2.900,2.400,3.800,-2.600,-9.600,0.500
'[00:00:03.852 01/01/2011]',4.200,2.700,3.600,-2.400,-9.300,0.500
'[00:00:03.853 01/01/2011]',5.300,3.100,3.500,-2.200,-9.100,0.500
'[00:00:03.854 01/01/2011]',5.900,3.400,3.500,-2.200,-9.000,0.500
'[00:00:03.855 01/01/2011]',6.000,3.700,3.500,-2.100,-9.000,0.500
'[00:00:03.856 01/01/2011]',5.600,3.900,3.400,-1.900,-9.200,0.500
'[00:00:03.857 01/01/2011]',5.200,4.100,3.300,-1.400,-9.400,0.500
'[00:00:03.858 01/01/2011]',4.800,4.400,3.100,-0.900,-9.500,0.500
'[00:00:03.859 01/01/2011]',4.200,4.700,2.900,-0.300,-9.400,0.500
'[00:00:03.860 01/01/2011]',3.500,4.900,2.800,0.000,-9.200,0.500
'[00:00:03.861 01/01/2011]',2.500,4.900,2.800,0.100,-8.900,0.500
'[00:00:03.862 01/01/2011]',1.700,4.700,2.900,0.000,-8.600,0.500
'[00:00:03.863 01/01/2011]',1.400,4.500,3.100,0.000,-8.500,0.500
'[00:00:03.864 01/01/2011]',1.800,4.300,3.300,0.100,-8.500,0.500
'[00:00:03.865 01/01/2011]',2.600,4.400,3.500,0.300,-8.600,0.500
'[00:00:03.866 01/01/2011]',3.400,4.500,3.500,0.600,-8.900,0.500
'[00:00:03.867 01/01/2011]',3.800,4.400,3.400,0.600,-9.300,0.500
'[00:00:03.868 01/01/2011]',3.600,4.100,3.200,0.300,-9.800,0.500
'[00:00:03.869 01/01/2011]',2.800,3.600,2.700,-0.200,-10.300,0.500
'[00:00:03.870 01/01/2011]',1.900,3.200,2.200,-0.800,-10.900,0.500
'[00:00:03.871 01/01/2011]',1.100,3.200,1.600,-1.300,-11.400,0.500
'[00:00:03.872 01/01/2011]',0.300,3.700,0.900,-1.400,-11.900,0.500
'[00:00:03.873 01/01/2011]',-0.500,4.700,0.400,-1.400,-12.400,0.500
'[00:00:03.874 01/01/2011]',-1.500,5.600,-0.200,-1.300,-12.800,0.500
'[00:00:03.875 01/01/2011]',-2.800,5.900,-0.500,-1.400,-13.200,0.500
'[00:00:03.876 01/01/2011]',-4.200,5.500,-0.700,-1.800,-13.400,0.500
'[00:00:03.877 01/01/2011]',-5.500,4.700,-0.700,-2.100,-13.400,0.500
'[00:00:03.878 01/01/2011]',-6.800,3.800,-0.400,-2.300,-13.200,0.500
'[00:00:03.879 01/01/2011]',-7.900,3.400,-0.100,-2.200,-12.700,0.500
'[00:00:03.880 01/01/2011]',-8.900,3.800,0.300,-1.800,-12.300,0.500
'[00:00:03.881 01/01/2011]',-9.700,4.600,0.600,-1.200,-11.900,0.500
'[00:00:03.882 01/01/2011]',-10.100,5.400,0.900,-0.600,-11.600,0.500
'[00:00:03.883 01/01/2011]',-10.200,5.700,1.000,-0.200,-11.500,0.500
'[00:00:03.884 01/01/2011]',-10.100,5.300,1.000,-0.200,-11.400,0.500
'[00:00:03.885 01/01/2011]',-10.100,4.400,1.000,-0.400,-11.400,0.500
'[00:00:03.886 01/01/2011]',-10.300,3.600,0.900,-0.900,-11.500,0.500
'[00:00:03.887 01/01/2011]',-11.100,3.200,0.800,-1.600,-11.600,0.500
'[00:00:03.888 01/01/2011]',-12.200,3.500,0.700,-2.200,-11.700,0.500
'[00:00:03.889 01/01/2011]',-13.500,4.100,0.400,-2.700,-11.900,0.500
'[00:00:03.890 01/01/2011]',-14.600,4.800,0.200,-3.100,-12.200,0.500
'[00:00:03.891 01/01/2011]',-15.200,5.100,-0.100,-3.300,-12.400,0.500
'[00:00:03.892 01/01/2011]',-15.200,5.000,-0.400,-3.400,-12.500,0.500
'[00:00:03.893 01/01/2011]',-14.800,4.600,-0.700,-3.600,-12.700,0.500
'[00:00:03.894 01/01/2011]',-14.100,4.300,-0.800,-3.900,-12.800,0.500
'[00:00:03.895 01/01/2011]',-13.700,4.300,-1.000,-4.300,-12.900,0.500
'[00:00:03.896 01/01/2011]',-13.700,4.500,-1.000,-4.600,-12.800,0.500
'[00:00:03.897 01/01/2011]',-14.200,4.600,-1.100,-4.800,-12.600,0.500
'[00:00:03.898 01/01/2011]',-14.800,4.500,-1.100,-4.800,-12.200,0.500
'[00:00:03.899 01/01/2011]',-15.400,4.200,-1.000,-4.500,-11.800,0.500
'[00:00:03.900 01/01/2011]',-15.700,3.600,-0.700,-4.100,-11.500,0.500
'[00:00:03.901 01/01/2011]',-15.700,3.200,-0.500,-3.700,-11.300,0.500
'[00:00:03.902 01/01/2011]',-15.700,3.000,-0.400,-3.400,-11.400,0.500
'[00:00:03.903 01/01/2011]',-15.700,3.100,-0.500,-3.200,-11.700,0.500
'[00:00:03.904 01/01/2011]',-15.900,3.500,-0.900,-3.000,-11.900,0.500
'[00:00:03.905 01/01/2011]',-16.100,3.700,-1.300,-2.800,-11.900,0.500
'[00:00:03.906 01/01/2011]',-16.000,3.900,-1.500,-2.800,-11.800,0.500
'[00:00:03.907 01/01/2011]',-15.500,3.800,-1.300,-2.800,-11.600,0.500
'[00:00:03.908 01/01/2011]',-14.700,3.700,-0.700,-2.900,-11.600,0.500
'[00:00:03.909 01/01/2011]',-13.900,3.700,0.200,-3.100,-11.600,0.500
'[00:00:03.910 01/01/2011]',-13.600,3.800,0.900,-3.100,-11.900,0.500
'[00:00:03.911 01/01/2011]',-14.100,4.100,1.200,-3.100,-12.100,0.500
'[00:00:03.912 01/01/2011]',-15.300,4.200,1.000,-2.900,-12.300,0.500
'[00:00:03.913 01/01/2011]',-16.700,4.100,0.500,-2.500,-12.300,0.500
'[00:00:03.914 01/01/2011]',-17.600,3.700,0.100,-2.200,-12.100,0.500
'[00:00:03.915 01/01/2011]',-17.600,3.000,0.100,-2.000,-11.700,0.500
'[00:00:03.916 01/01/2011]',-16.800,2.400,0.300,-1.900,-11.200,0.500
'[00:00:03.917 01/01/2011]',-15.900,2.100,0.600,-1.900,-10.700,0.500
'[00:00:03.918 01/01/2011]',-15.500,2.100,0.600,-2.100,-10.400,0.500
'[00:00:03.919 01/01/2011]',-16.100,2.500,0.300,-2.400,-10.500,0.500
'[00:00:03.920 01/01/2011]',-17.500,2.800,-0.300,-2.700,-10.800,0.500
'[00:00:03.921 01/01/2011]',-18.800,3.000,-0.900,-2.800,-11.100,0.500
'[00:00:03.922 01/01/2011]',-19.400,2.900,-1.200,-2.800,-11.300,0.500
'[00:00:03.923 01/01/2011]',-18.900,2.500,-1.200,-2.600,-11.100,0.500
'[00:00:03.924 01/01/2011]',-17.600,2.000,-1.000,-2.300,-10.400,0.500
'[00:00:03.925 01/01/2011]',-16.000,1.700,-0.700,-1.900,-9.700,0.500
'[00:00:03.926 01/01/2011]',-14.800,1.700,-0.500,-1.600,-9.000,0.500
'[00:00:03.927 01/01/2011]',-14.200,2.100,-0.500,-1.400,-8.700,0.500
'[00:00:03.928 01/01/2011]',-14.200,2.700,-0.600,-1.200,-8.800,0.500
'[00:00:03.929 01/01/2011]',-14.400,3.200,-0.600,-0.900,-9.100,0.500
'[00:00:03.930 01/01/2011]',-14.800,3.500,-0.400,-0.700,-9.400,0.500
'[00:00:03.931 01/01/2011]',-15.200,3.500,-0.200,-0.400,-9.700,0.500
'[00:00:03.932 01/01/2011]',-15.700,3.200,-0.200,-0.400,-9.900,0.500
'[00:00:03.933 01/01/2011]',-16.100,2.800,-0.400,-0.500,-10.200,0.500
'[00:00:03.934 01/01/2011]',-16.000,2.600,-0.800,-0.800,-10.600,0.500
'[00:00:03.935 01/01/2011]',-15.400,2.500,-1.200,-1.300,-11.100,0.500
'[00:00:03.936 01/01/2011]',-14.300,2.600,-1.400,-1.800,-11.400,0.500
'[00:00:03.937 01/01/2011]',-13.400,2.700,-1.400,-2.200,-11.600,0.500
'[00:00:03.938 01/01/2011]',-13.100,2.500,-1.100,-2.700,-11.600,0.500
'[00:00:03.939 01/01/2011]',-13.600,2.000,-0.800,-3.100,-11.400,0.500
'[00:00:03.940 01/01/2011]',-14.500,1.500,-0.500,-3.600,-11.300,0.500
'[00:00:03.941 01/01/2011]',-15.200,1.200,-0.200,-3.800,-11.100,0.500
'[00:00:03.942 01/01/2011]',-15.200,1.300,-0.100,-3.800,-10.900,0.500
'[00:00:03.943 01/01/2011]',-14.600,1.700,-0.200,-3.500,-10.700,0.500
'[00:00:03.944 01/01/2011]',-13.800,2.300,-0.300,-2.900,-10.400,0.500
'[00:00:03.945 01/01/2011]',-13.300,2.600,-0.700,-2.400,-10.300,0.500
'[00:00:03.946 01/01/2011]',-13.300,2.400,-1.300,-2.300,-10.700,0.500
'[00:00:03.947 01/01/2011]',-13.500,1.700,-2.300,-2.600,-11.700,0.500
'[00:00:03.948 01/01/2011]',-13.800,0.800,-3.400,-3.500,-13.200,0.500
'[00:00:03.949 01/01/2011]',-14.100,0.000,-4.600,-4.500,-15.000,0.500
'[00:00:03.950 01/01/2011]',-14.800,-0.600,-5.800,-5.400,-16.600,0.500
'[00:00:03.951 01/01/2011]',-16.100,-0.900,-6.900,-6.000,-17.800,0.500
'[00:00:03.952 01/01/2011]',-18.200,-1.100,-7.600,-6.000,-18.200,0.500
'[00:00:03.953 01/01/2011]',-20.500,-1.000,-7.800,-5.500,-17.900,0.500
'[00:00:03.954 01/01/2011]',-22.000,-0.700,-7.100,-4.700,-16.900,0.500
'[00:00:03.955 01/01/2011]',-21.500,-0.100,-5.700,-3.600,-15.500,0.500
'[00:00:03.956 01/01/2011]',-18.600,0.800,-3.800,-2.600,-14.000,0.500
'[00:00:03.957 01/01/2011]',-13.500,1.900,-1.800,-1.800,-12.800,0.500
'[00:00:03.958 01/01/2011]',-7.100,2.800,0.000,-1.200,-11.800,0.500
'[00:00:03.959 01/01/2011]',-0.400,3.400,1.400,-0.500,-10.900,0.500
'[00:00:03.960 01/01/2011]',6.400,3.800,2.800,0.300,-9.700,0.500
'[00:00:03.961 01/01/2011]',13.400,4.000,4.300,1.400,-8.000,0.500
'[00:00:03.962 01/01/2011]',21.400,4.200,6.300,2.700,-5.900,0.500
'[00:00:03.963 01/01/2011]',30.900,4.500,8.500,4.100,-3.500,0.500
'[00:00:03.964 01/01/2011]',41.301,4.800,10.700,5.400,-1.100,0.500
'[00:00:03.965 01/01/2011]',51.201,5.000,12.500,6.200,1.000,0.500
'[00:00:03.966 01/01/2011]',58.901,5.300,14.000,6.800,2.800,0.500
'[00:00:03.967 01/01/2011]',63.301,5.500,15.100,7.300,4.500,0.500
'[00:00:03.968 01/01/2011]',64.301,5.800,16.200,8.000,6.200,0.500
'[00:00:03.969 01/01/2011]',63.301,6.200,17.400,9.000,8.100,0.500
'[00:00:03.970 01/01/2011]',61.801,6.600,18.500,10.100,10.000,0.500
'[00:00:03.971 01/01/2011]',60.801,6.800,19.400,11.100,11.600,0.500
'[00:00:03.972 01/01/2011]',60.401,6.900,19.700,11.700,12.700,0.500
'[00:00:03.973 01/01/2011]',60.001,6.900,19.600,11.900,13.300,0.500
'[00:00:03.974 01/01/2011]',58.901,7.000,19.200,11.700,13.400,0.500
'[00:00:03.975 01/01/2011]',56.901,7.200,18.700,11.300,13.000,0.500
'[00:00:03.976 01/01/2011]',54.601,7.500,18.200,10.900,12.300,0.500
'[00:00:03.977 01/01/2011]',52.401,7.800,17.500,10.400,11.200,0.500
'[00:00:03.978 01/01/2011]',50.501,7.800,16.500,9.700,9.600,0.500
'[00:00:03.979 01/01/2011]',48.301,7.500,14.900,8.600,7.500,0.500
'[00:00:03.980 01/01/2011]',44.701,6.800,12.600,7.000,5.000,0.500
'[00:00:03.981 01/01/2011]',38.401,5.800,9.700,4.900,2.000,0.500
'[00:00:03.982 01/01/2011]',29.300,4.700,6.300,2.300,-1.300,0.500
'[00:00:03.983 01/01/2011]',18.000,3.600,2.800,-0.400,-4.700,0.500
'[00:00:03.984 01/01/2011]',5.700,2.600,-0.700,-3.000,-8.000,0.500
'[00:00:03.985 01/01/2011]',-6.300,1.900,-3.800,-5.000,-10.800,0.500
'[00:00:03.986 01/01/2011]',-17.100,1.500,-6.100,-6.000,-12.800,0.500
'[00:00:03.987 01/01/2011]',-26.000,1.400,-7.300,-6.100,-13.900,0.500
'[00:00:03.988 01/01/2011]',-32.600,1.600,-7.300,-5.500,-14.100,0.500
'[00:00:03.989 01/01/2011]',-36.301,2.000,-6.200,-4.500,-13.700,0.500
'[00:00:03.990 01/01/2011]',-36.601,2.400,-4.600,-3.600,-13.100,0.500
'[00:00:03.991 01/01/2011]',-33.301,2.500,-3.200,-3.000,-12.500,0.500
'[00:00:03.992 01/01/2011]',-27.200,2.300,-2.300,-2.500,-12.200,0.500
'[00:00:03.993 01/01/2011]',-19.700,1.900,-2.300,-2.100,-11.900,0.500
'[00:00:03.994 01/01/2011]',-12.600,1.400,-2.700,-1.600,-11.600,0.500
'[00:00:03.995 01/01/2011]',-7.300,1.200,-3.100,-1.000,-11.200,0.500
'[00:00:03.996 01/01/2011]',-4.300,1.400,-3.200,-0.600,-10.600,0.500
'[00:00:03.997 01/01/2011]',-3.400,1.900,-2.700,-0.500,-10.100,0.500
'[00:00:03.998 01/01/2011]',-3.400,2.600,-1.900,-0.800,-9.500,0.500
'[00:00:03.999 01/01/2011]',-3.500,3.200,-1.000,-1.300,-9.100,0.500
'[00:00:04.000 01/01/2011]',-3.200,3.500,-0.400,-1.700,-8.700,0.500
'[00:00:04.001 01/01/2011]',-2.500,3.600,-0.100,-1.800,-8.400,0.500
'[00:00:04.002 01/01/2011]',-1.800,3.600,0.000,-1.700,-8.300,0.500
'[00:00:04.003 01/01/2011]',-1.400,3.600,0.000,-1.600,-8.200,0.500
'[00:00:04.004 01/01/2011]',-1.300,3.600,0.100,-1.500,-8.200,0.500
'[00:00:04.005 01/01/2011]',-1.400,3.500,0.500,-1.700,-8.000,0.500
'[00:00:04.006 01/01/2011]',-1.400,3.300,0.900,-1.800,-7.700,0.500
'[00:00:04.007 01/01/2011]',-1.200,2.900,1.400,-1.900,-7.100,0.500
'[00:00:04.008 01/01/2011]',-0.700,2.600,1.800,-1.800,-6.600,0.500
'[00:00:04.009 01/01/2011]',-0.300,2.300,2.000,-1.600,-6.200,0.500
'[00:00:04.010 01/01/2011]',0.000,2.300,1.900,-1.500,-6.200,0.500
'[00:00:04.011 01/01/2011]',0.100,2.600,1.500,-1.500,-6.600,0.500
'[00:00:04.012 01/01/2011]',0.200,2.800,1.000,-1.500,-7.000,0.500
'[00:00:04.013 01/01/2011]',0.600,3.000,0.500,-1.300,-7.300,0.500
'[00:00:04.014 01/01/2011]',1.400,2.900,0.200,-0.800,-7.300,0.500
'[00:00:04.015 01/01/2011]',2.500,2.700,0.300,-0.100,-6.900,0.500
'[00:00:04.016 01/01/2011]',3.400,2.600,0.700,0.500,-6.300,0.500
'[00:00:04.017 01/01/2011]',3.800,2.800,1.300,0.900,-5.600,0.500
'[00:00:04.018 01/01/2011]',3.200,3.200,1.800,0.900,-4.900,0.500
'[00:00:04.019 01/01/2011]',1.900,3.600,2.000,0.700,-4.400,0.500
'[00:00:04.020 01/01/2011]',0.500,3.700,2.000,0.300,-3.900,0.500
'[00:00:04.021 01/01/2011]',-0.200,3.500,1.900,0.200,-3.400,0.500
'[00:00:04.022 01/01/2011]',0.200,3.400,2.000,0.200,-3.200,0.500
'[00:00:04.023 01/01/2011]',1.500,3.500,2.300,0.500,-3.000,0.500
'[00:00:04.024 01/01/2011]',3.100,4.200,3.000,0.900,-3.100,0.500
'[00:00:04.025 01/01/2011]',4.300,5.200,3.800,1.300,-3.300,0.500
'[00:00:04.026 01/01/2011]',4.600,6.300,4.400,1.700,-3.400,0.500
'[00:00:04.027 01/01/2011]',4.500,6.800,4.800,1.900,-3.400,0.500
'[00:00:04.028 01/01/2011]',4.400,6.700,4.900,2.100,-3.100,0.500
'[00:00:04.029 01/01/2011]',5.100,6.200,4.900,2.200,-2.800,0.500
'[00:00:04.030 01/01/2011]',6.400,5.600,5.000,2.100,-2.400,0.500
'[00:00:04.031 01/01/2011]',7.900,5.400,5.300,2.100,-2.000,0.500
'[00:00:04.032 01/01/2011]',9.000,5.700,5.700,2.000,-1.800,0.500
'[00:00:04.033 01/01/2011]',9.200,6.300,6.000,2.000,-1.600,0.500
'[00:00:04.034 01/01/2011]',8.800,6.700,6.100,1.900,-1.500,0.500
'[00:00:04.035 01/01/2011]',8.300,6.600,6.100,1.700,-1.300,0.500
'[00:00:04.036 01/01/2011]',7.900,6.100,5.900,1.600,-1.000,0.500
'[00:00:04.037 01/01/2011]',7.900,5.500,6.000,1.600,-0.600,0.500
'[00:00:04.038 01/01/2011]',7.700,5.200,6.300,1.800,-0.300,0.500
'[00:00:04.039 01/01/2011]',7.200,5.600,6.800,2.200,0.000,0.500
'[00:00:04.040 01/01/2011]',6.300,6.500,7.300,2.800,0.000,0.500
'[00:00:04.041 01/01/2011]',5.300,7.400,7.800,3.400,-0.100,0.500
'[00:00:04.042 01/01/2011]',4.600,7.900,8.100,3.900,-0.300,0.500
'[00:00:04.043 01/01/2011]',4.700,7.700,8.200,4.100,-0.500,0.500
'[00:00:04.044 01/01/2011]',5.300,6.900,8.100,4.100,-0.600,0.500
'[00:00:04.045 01/01/2011]',6.300,6.100,8.100,4.000,-0.500,0.500
'[00:00:04.046 01/01/2011]',7.500,5.500,8.000,4.100,-0.200,0.500
'[00:00:04.047 01/01/2011]',8.500,5.600,8.000,4.400,0.000,0.500
'[00:00:04.048 01/01/2011]',9.300,6.200,7.900,4.800,0.100,0.500
'[00:00:04.049 01/01/2011]',10.000,7.000,7.900,5.100,0.000,0.500
'[00:00:04.050 01/01/2011]',10.200,7.500,8.000,5.200,-0.100,0.500
'[00:00:04.051 01/01/2011]',10.000,7.500,8.000,5.100,-0.400,0.500
'[00:00:04.052 01/01/2011]',9.300,7.100,7.900,4.800,-0.600,0.500
'[00:00:04.053 01/01/2011]',8.400,6.600,7.700,4.500,-0.700,0.500
'[00:00:04.054 01/01/2011]',7.600,6.500,7.500,4.300,-0.900,0.500
'[00:00:04.055 01/01/2011]',7.100,6.700,7.300,4.200,-1.000,0.500
'[00:00:04.056 01/01/2011]',6.900,7.100,7.200,4.300,-1.200,0.500
'[00:00:04.057 01/01/2011]',6.900,7.500,7.100,4.400,-1.400,0.500
'[00:00:04.058 01/01/2011]',6.900,7.700,7.100,4.400,-1.300,0.500
'[00:00:04.059 01/01/2011]',6.900,7.600,7.100,4.500,-1.100,0.500
'[00:00:04.060 01/01/2011]',7.100,7.400,7.000,4.500,-0.800,0.500
'[00:00:04.061 01/01/2011]',7.600,7.300,7.000,4.300,-0.400,0.500
'[00:00:04.062 01/01/2011]',8.600,7.300,6.900,3.800,-0.300,0.500
'[00:00:04.063 01/01/2011]',9.700,7.200,7.000,3.100,-0.400,0.500
'[00:00:04.064 01/01/2011]',10.400,7.000,7.100,2.400,-0.600,0.500
'[00:00:04.065 01/01/2011]',10.800,6.600,7.200,1.700,-1.000,0.500
'[00:00:04.066 01/01/2011]',10.800,6.100,7.100,1.400,-1.300,0.500
'[00:00:04.067 01/01/2011]',10.800,6.000,7.000,1.500,-1.600,0.500
'[00:00:04.068 01/01/2011]',11.100,6.100,6.800,1.700,-1.900,0.500
'[00:00:04.069 01/01/2011]',11.700,6.500,6.600,2.000,-2.100,0.500
'[00:00:04.070 01/01/2011]',12.100,6.700,6.500,2.300,-2.300,0.500
'[00:00:04.071 01/01/2011]',11.900,6.700,6.500,2.600,-2.500,0.500
'[00:00:04.072 01/01/2011]',11.100,6.300,6.600,2.900,-2.600,0.500
'[00:00:04.073 01/01/2011]',9.900,5.800,6.600,3.200,-2.500,0.500
'[00:00:04.074 01/01/2011]',8.900,5.500,6.600,3.600,-2.400,0.500
'[00:00:04.075 01/01/2011]',8.900,5.700,6.500,3.900,-2.100,0.500
'[00:00:04.076 01/01/2011]',9.800,6.200,6.300,4.200,-1.900,0.500
'[00:00:04.077 01/01/2011]',11.300,6.800,6.000,4.300,-1.700,0.500
'[00:00:04.078 01/01/2011]',13.000,7.300,5.800,4.300,-1.600,0.500
'[00:00:04.079 01/01/2011]',14.100,7.300,5.600,4.100,-1.700,0.500
'[00:00:04.080 01/01/2011]',14.600,6.900,5.500,3.700,-1.800,0.500
'[00:00:04.081 01/01/2011]',14.300,6.200,5.400,3.300,-1.900,0.500
'[00:00:04.082 01/01/2011]',13.600,5.500,5.300,3.100,-1.900,0.500
'[00:00:04.083 01/01/2011]',12.900,4.900,5.200,3.100,-1.700,0.500
'[00:00:04.084 01/01/2011]',12.500,4.600,5.100,3.600,-1.400,0.500
'[00:00:04.085 01/01/2011]',12.600,4.600,5.000,4.300,-1.000,0.500
'[00:00:04.086 01/01/2011]',13.300,4.900,5.000,5.000,-0.600,0.500
'[00:00:04.087 01/01/2011]',14.400,5.300,5.100,5.400,-0.400,0.500
'[00:00:04.088 01/01/2011]',15.600,6.000,5.300,5.400,-0.200,0.500
'[00:00:04.089 01/01/2011]',16.700,6.600,5.600,5.100,-0.100,0.500
'[00:00:04.090 01/01/2011]',17.400,7.200,5.900,4.800,0.300,0.500
'[00:00:04.091 01/01/2011]',17.600,7.400,6.200,4.800,0.800,0.500
'[00:00:04.092 01/01/2011]',17.500,7.400,6.400,5.100,1.300,0.500
'[00:00:04.093 01/01/2011]',17.200,7.200,6.500,5.600,1.700,0.500
'[00:00:04.094 01/01/2011]',16.900,7.100,6.400,6.200,1.900,0.500
'[00:00:04.095 01/01/2011]',16.800,7.000,6.100,6.600,1.900,0.500
'[00:00:04.096 01/01/2011]',16.800,6.900,5.800,6.700,1.800,0.500
'[00:00:04.097 01/01/2011]',17.000,6.800,5.600,6.500,1.900,0.500
'[00:00:04.098 01/01/2011]',17.500,6.600,5.500,6.300,2.200,0.500
'[00:00:04.099 01/01/2011]',18.300,6.300,5.600,6.100,2.800,0.500
'[00:00:04.100 01/01/2011]',19.300,6.000,6.000,6.100,3.300,0.500
'[00:00:04.101 01/01/2011]',19.900,6.100,6.300,6.200,3.800,0.500
'[00:00:04.102 01/01/2011]',20.100,6.400,6.700,6.400,4.000,0.500
'[00:00:04.103 01/01/2011]',19.600,6.900,6.800,6.600,4.100,0.500
'[00:00:04.104 01/01/2011]',18.900,7.300,6.900,6.700,4.100,0.500
'[00:00:04.105 01/01/2011]',18.400,7.400,7.000,6.700,4.200,0.500
'[00:00:04.106 01/01/2011]',18.400,7.100,7.200,6.800,4.300,0.500
'[00:00:04.107 01/01/2011]',19.200,6.700,7.500,6.900,4.400,0.500
'[00:00:04.108 01/01/2011]',20.400,6.200,7.800,7.100,4.500,0.500
'[00:00:04.109 01/01/2011]',21.600,5.900,7.900,7.400,4.500,0.500
'[00:00:04.110 01/01/2011]',22.400,5.700,7.900,7.600,4.700,0.500
'[00:00:04.111 01/01/2011]',22.600,5.600,7.800,7.700,4.800,0.500
'[00:00:04.112 01/01/2011]',22.500,5.400,7.700,7.600,5.000,0.500
'[00:00:04.113 01/01/2011]',22.200,5.300,7.600,7.400,5.100,0.500
'[00:00:04.114 01/01/2011]',21.800,5.200,7.500,7.200,5.300,0.500
'[00:00:04.115 01/01/2011]',21.600,5.200,7.500,7.200,5.400,0.500
'[00:00:04.116 01/01/2011]',21.400,5.300,7.400,7.300,5.600,0.500
'[00:00:04.117 01/01/2011]',21.600,5.500,7.300,7.700,5.900,0.500
'[00:00:04.118 01/01/2011]',22.000,5.800,7.300,8.100,6.100,0.500
'[00:00:04.119 01/01/2011]',22.700,6.200,7.400,8.400,6.400,0.500
'[00:00:04.120 01/01/2011]',23.400,6.700,7.600,8.600,6.500,0.500
'[00:00:04.121 01/01/2011]',23.900,7.200,7.900,8.600,6.600,0.500
'[00:00:04.122 01/01/2011]',24.000,7.500,8.100,8.400,6.500,0.500
'[00:00:04.123 01/01/2011]',23.700,7.500,8.100,8.000,6.300,0.500
'[00:00:04.124 01/01/2011]',23.300,7.200,8.000,7.800,5.900,0.500
'[00:00:04.125 01/01/2011]',23.000,6.900,7.900,7.700,5.500,0.500
'[00:00:04.126 01/01/2011]',23.200,6.700,8.100,7.700,5.100,0.500
'[00:00:04.127 01/01/2011]',23.800,6.900,8.400,8.000,4.900,0.500
'[00:00:04.128 01/01/2011]',24.700,7.400,8.800,8.500,5.000,0.500
'[00:00:04.129 01/01/2011]',25.700,7.900,9.200,9.100,5.400,0.500
'[00:00:04.130 01/01/2011]',26.500,8.200,9.400,9.600,6.000,0.500
'[00:00:04.131 01/01/2011]',27.000,8.000,9.600,9.900,6.500,0.500
'[00:00:04.132 01/01/2011]',27.300,7.500,9.600,9.800,6.600,0.500
'[00:00:04.133 01/01/2011]',27.200,6.800,9.600,9.300,6.400,0.500
'[00:00:04.134 01/01/2011]',26.900,6.300,9.500,8.400,5.800,0.500
'[00:00:04.135 01/01/2011]',26.700,6.100,9.100,7.400,5.000,0.500
'[00:00:04.136 01/01/2011]',26.800,6.300,8.700,6.600,4.300,0.500
'[00:00:04.137 01/01/2011]',27.300,6.600,8.300,6.300,3.800,0.500
'[00:00:04.138 01/01/2011]',27.900,6.900,8.100,6.500,3.700,0.500
'[00:00:04.139 01/01/2011]',28.300,7.100,8.200,7.100,4.000,0.500
'[00:00:04.140 01/01/2011]',28.100,7.200,8.700,7.700,4.300,0.500
'[00:00:04.141 01/01/2011]',27.100,7.100,9.300,8.200,4.700,0.500
'[00:00:04.142 01/01/2011]',25.700,7.000,9.700,8.400,4.900,0.500
'[00:00:04.143 01/01/2011]',24.700,7.000,9.900,8.500,4.800,0.500
'[00:00:04.144 01/01/2011]',24.800,7.000,9.800,8.500,4.600,0.500
'[00:00:04.145 01/01/2011]',25.900,7.100,9.700,8.500,4.400,0.500
'[00:00:04.146 01/01/2011]',27.600,7.200,9.500,8.400,4.500,0.500
'[00:00:04.147 01/01/2011]',29.000,7.300,9.500,8.200,4.900,0.500
'[00:00:04.148 01/01/2011]',29.200,7.200,9.500,7.900,5.600,0.500
'[00:00:04.149 01/01/2011]',28.300,7.100,9.500,7.700,6.300,0.500
'[00:00:04.150 01/01/2011]',26.900,7.100,9.600,7.700,6.900,0.500
'[00:00:04.151 01/01/2011]',26.000,7.200,9.700,8.000,7.100,0.500
'[00:00:04.152 01/01/2011]',26.200,7.500,9.900,8.400,7.000,0.500
'[00:00:04.153 01/01/2011]',27.100,8.000,10.100,8.700,6.600,0.500
'[00:00:04.154 01/01/2011]',28.100,8.400,10.300,8.700,6.200,0.500
'[00:00:04.155 01/01/2011]',28.200,8.500,10.300,8.400,5.700,0.500
'[00:00:04.156 01/01/2011]',27.100,8.400,10.100,7.900,5.300,0.500
'[00:00:04.157 01/01/2011]',25.300,8.200,9.800,7.400,4.900,0.500
'[00:00:04.158 01/01/2011]',23.700,8.200,9.700,7.200,4.600,0.500
'[00:00:04.159 01/01/2011]',22.800,8.700,9.900,7.400,4.300,0.500
'[00:00:04.160 01/01/2011]',23.000,9.500,10.600,7.900,4.000,0.500
'[00:00:04.161 01/01/2011]',23.700,10.500,11.800,8.400,3.500,0.500
'[00:00:04.162 01/01/2011]',24.200,11.500,13.500,8.800,2.900,0.500
'[00:00:04.163 01/01/2011]',24.300,12.400,15.400,9.100,2.200,0.500
'[00:00:04.164 01/01/2011]',23.800,13.100,17.600,9.600,1.600,0.500
'[00:00:04.165 01/01/2011]',23.200,14.000,19.900,10.300,1.100,0.500
'[00:00:04.166 01/01/2011]',22.800,15.000,22.400,11.500,1.000,0.500
'[00:00:04.167 01/01/2011]',22.800,16.100,24.900,13.000,1.300,0.500
'[00:00:04.168 01/01/2011]',23.000,17.100,27.600,14.300,2.100,0.500
'[00:00:04.169 01/01/2011]',23.100,17.900,30.300,15.300,3.100,0.500
'[00:00:04.170 01/01/2011]',22.900,18.300,32.801,15.800,4.300,0.500
'[00:00:04.171 01/01/2011]',22.300,18.400,35.001,16.200,5.600,0.500
'[00:00:04.172 01/01/2011]',21.400,18.300,36.901,16.700,7.100,0.500
'[00:00:04.173 01/01/2011]',20.800,18.100,38.401,17.700,8.900,0.500
'[00:00:04.174 01/01/2011]',20.500,18.100,39.901,19.100,11.000,0.500
'[00:00:04.175 01/01/2011]',20.500,18.100,41.301,20.800,13.600,0.500
'[00:00:04.176 01/01/2011]',20.600,18.100,42.901,22.400,16.700,0.500
'[00:00:04.177 01/01/2011]',20.200,18.100,44.601,24.000,20.300,0.500
'[00:00:04.178 01/01/2011]',19.200,17.900,46.101,25.600,24.400,0.500
'[00:00:04.179 01/01/2011]',17.700,17.300,47.301,27.300,29.100,0.500
'[00:00:04.180 01/01/2011]',16.200,16.400,47.801,29.300,34.201,0.500
'[00:00:04.181 01/01/2011]',15.300,15.100,47.801,31.300,39.601,0.500
'[00:00:04.182 01/01/2011]',15.200,13.500,47.201,33.101,45.201,0.500
'[00:00:04.183 01/01/2011]',15.700,11.900,46.201,34.401,50.801,0.500
'[00:00:04.184 01/01/2011]',16.100,10.300,45.001,35.301,56.401,0.500
'[00:00:04.185 01/01/2011]',15.700,8.700,43.501,36.101,62.101,0.500
'[00:00:04.186 01/01/2011]',14.600,6.800,41.601,37.101,67.701,0.500
'[00:00:04.187 01/01/2011]',13.000,4.500,39.101,38.201,73.301,0.500
'[00:00:04.188 01/01/2011]',11.700,1.700,36.001,39.501,78.901,0.500
'[00:00:04.189 01/01/2011]',11.000,-1.400,32.500,40.601,84.401,0.500
'[00:00:04.190 01/01/2011]',10.600,-4.500,28.600,41.301,89.701,0.500
'[00:00:04.191 01/01/2011]',10.100,-7.300,24.900,41.401,94.601,0.500
'[00:00:04.192 01/01/2011]',8.900,-9.600,21.500,41.201,99.102,0.500
'[00:00:04.193 01/01/2011]',7.100,-11.400,18.700,40.601,102.902,0.500
'[00:00:04.194 01/01/2011]',5.600,-12.900,16.400,39.901,105.902,0.500
'[00:00:04.195 01/01/2011]',4.800,-14.300,14.600,39.101,107.902,0.500
'[00:00:04.196 01/01/2011]',5.100,-15.600,12.900,38.301,108.702,0.500
'[00:00:04.197 01/01/2011]',6.000,-16.700,11.300,37.201,108.002,0.500
'[00:00:04.198 01/01/2011]',6.500,-17.400,9.500,35.901,105.702,0.500
'[00:00:04.199 01/01/2011]',6.200,-17.600,7.100,33.901,101.702,0.500
'[00:00:04.200 01/01/2011]',5.400,-17.500,4.100,31.200,96.201,0.500
'[00:00:04.201 01/01/2011]',4.800,-17.400,0.300,27.800,89.601,0.500
'[00:00:04.202 01/01/2011]',5.300,-17.500,-4.200,23.900,82.501,0.500
'[00:00:04.203 01/01/2011]',7.100,-17.900,-9.300,19.700,75.701,0.500
'[00:00:04.204 01/01/2011]',9.700,-18.600,-14.500,15.800,69.601,0.500
'[00:00:04.205 01/01/2011]',12.100,-19.300,-19.600,12.300,64.301,0.500
'[00:00:04.206 01/01/2011]',13.700,-20.000,-24.200,9.500,59.601,0.500
'[00:00:04.207 01/01/2011]',14.200,-20.500,-28.400,6.900,54.901,0.500
'[00:00:04.208 01/01/2011]',14.300,-20.700,-32.100,4.500,49.701,0.500
'[00:00:04.209 01/01/2011]',14.600,-20.700,-35.301,1.800,43.601,0.500
'[00:00:04.210 01/01/2011]',15.400,-20.600,-38.101,-1.100,36.901,0.500
'[00:00:04.211 01/01/2011]',16.700,-20.400,-40.101,-4.000,30.100,0.500
'[00:00:04.212 01/01/2011]',18.000,-19.900,-41.401,-6.500,23.800,0.500
'[00:00:04.213 01/01/2011]',19.000,-19.200,-41.701,-8.300,18.400,0.500
'[00:00:04.214 01/01/2011]',19.700,-18.000,-41.001,-9.100,14.000,0.500
'[00:00:04.215 01/01/2011]',20.200,-16.400,-39.301,-9.200,10.500,0.500
'[00:00:04.216 01/01/2011]',20.500,-14.600,-37.001,-8.800,7.600,0.500
'[00:00:04.217 01/01/2011]',20.600,-12.900,-34.201,-8.300,4.900,0.500
'[00:00:04.218 01/01/2011]',20.500,-11.400,-31.300,-7.800,2.600,0.500
'[00:00:04.219 01/01/2011]',20.200,-10.300,-28.400,-7.400,0.600,0.500
'[00:00:04.220 01/01/2011]',19.800,-9.500,-25.700,-7.000,-0.800,0.500
'[00:00:04.221 01/01/2011]',19.600,-8.800,-22.900,-6.200,-1.500,0.500
'[00:00:04.222 01/01/2011]',19.800,-7.700,-20.000,-5.200,-1.800,0.500
'[00:00:04.223 01/01/2011]',20.200,-6.200,-16.900,-4.000,-1.700,0.500
'[00:00:04.224 01/01/2011]',20.400,-4.400,-13.700,-2.700,-1.500,0.500
'[00:00:04.225 01/01/2011]',20.100,-2.400,-10.600,-1.700,-1.400,0.500
'[00:00:04.226 01/01/2011]',19.300,-0.800,-7.800,-1.000,-1.400,0.500
'[00:00:04.227 01/01/2011]',18.200,0.200,-5.500,-0.500,-1.500,0.500
'[00:00:04.228 01/01/2011]',17.300,0.600,-3.500,-0.200,-1.400,0.500
'[00:00:04.229 01/01/2011]',16.900,0.800,-1.700,0.300,-1.200,0.500
'[00:00:04.230 01/01/2011]',16.700,1.000,0.000,0.800,-0.800,0.500
'[00:00:04.231 01/01/2011]',16.400,1.700,1.700,1.500,-0.400,0.500
'[00:00:04.232 01/01/2011]',15.600,2.500,3.100,2.000,-0.200,0.500
'[00:00:04.233 01/01/2011]',14.100,3.400,4.100,2.400,-0.200,0.500
'[00:00:04.234 01/01/2011]',12.300,4.000,4.700,2.800,-0.400,0.500
'[00:00:04.235 01/01/2011]',10.800,4.200,5.000,3.100,-0.500,0.500
'[00:00:04.236 01/01/2011]',10.100,4.100,5.300,3.600,-0.500,0.500
'[00:00:04.237 01/01/2011]',10.200,4.100,5.800,4.100,-0.200,0.500
'[00:00:04.238 01/01/2011]',10.800,4.400,6.400,4.500,0.300,0.500
'[00:00:04.239 01/01/2011]',11.400,4.900,7.100,4.500,0.600,0.500
'[00:00:04.240 01/01/2011]',11.500,5.500,7.500,4.300,0.700,0.500
'[00:00:04.241 01/01/2011]',11.200,5.900,7.500,3.900,0.500,0.500
'[00:00:04.242 01/01/2011]',10.600,6.100,7.200,3.600,0.200,0.500
'[00:00:04.243 01/01/2011]',10.200,5.900,6.900,3.600,-0.100,0.500
'[00:00:04.244 01/01/2011]',10.300,5.400,6.800,4.000,-0.100,0.500
'[00:00:04.245 01/01/2011]',10.700,5.000,7.000,4.600,0.100,0.500
'[00:00:04.246 01/01/2011]',11.200,4.900,7.300,5.100,0.400,0.500
'[00:00:04.247 01/01/2011]',11.500,5.100,7.700,5.400,0.500,0.500
'[00:00:04.248 01/01/2011]',11.400,5.700,7.900,5.400,0.400,0.500
'[00:00:04.249 01/01/2011]',11.000,6.300,7.900,5.300,0.000,0.500
'[00:00:04.250 01/01/2011]',10.700,6.800,7.700,5.000,-0.500,0.500
'[00:00:04.251 01/01/2011]',10.800,6.900,7.400,4.700,-0.900,0.500
'[00:00:04.252 01/01/2011]',11.200,6.600,7.200,4.200,-1.000,0.500
'[00:00:04.253 01/01/2011]',11.900,6.200,6.900,3.500,-1.100,0.500
'[00:00:04.254 01/01/2011]',12.300,6.000,6.800,2.700,-1.000,0.500
'[00:00:04.255 01/01/2011]',12.200,6.100,6.800,2.000,-1.000,0.500
'[00:00:04.256 01/01/2011]',11.500,6.600,7.000,1.600,-1.200,0.500
'[00:00:04.257 01/01/2011]',10.600,7.200,7.300,1.700,-1.500,0.500
'[00:00:04.258 01/01/2011]',9.800,7.700,7.800,2.000,-1.800,0.500
'[00:00:04.259 01/01/2011]',9.500,8.100,8.100,2.400,-1.900,0.500
'[00:00:04.260 01/01/2011]',9.500,8.200,8.300,2.700,-1.800,0.500
'[00:00:04.261 01/01/2011]',9.500,8.200,8.400,2.800,-1.600,0.500
'[00:00:04.262 01/01/2011]',9.300,8.200,8.300,2.800,-1.400,0.500
'[00:00:04.263 01/01/2011]',8.600,8.100,8.100,2.900,-1.300,0.500
'[00:00:04.264 01/01/2011]',7.900,7.900,7.900,3.100,-1.400,0.500
'[00:00:04.265 01/01/2011]',7.400,7.700,7.600,3.400,-1.600,0.500
'[00:00:04.266 01/01/2011]',7.500,7.400,7.400,3.600,-1.700,0.500
'[00:00:04.267 01/01/2011]',8.300,7.200,7.400,3.800,-1.600,0.500
'[00:00:04.268 01/01/2011]',9.400,7.100,7.500,3.900,-1.300,0.500
'[00:00:04.269 01/01/2011]',10.500,7.300,7.700,4.100,-0.800,0.500
'[00:00:04.270 01/01/2011]',11.400,7.600,8.000,4.600,-0.400,0.500
'[00:00:04.271 01/01/2011]',11.900,7.900,8.200,5.100,-0.300,0.500
'[00:00:04.272 01/01/2011]',12.000,8.200,8.300,5.600,-0.400,0.500
'[00:00:04.273 01/01/2011]',11.600,8.400,8.400,5.700,-0.700,0.500
'[00:00:04.274 01/01/2011]',10.700,8.700,8.400,5.500,-0.700,0.500
'[00:00:04.275 01/01/2011]',9.700,9.100,8.500,5.100,-0.500,0.500
'[00:00:04.276 01/01/2011]',9.000,9.500,8.600,4.800,-0.100,0.500
'[00:00:04.277 01/01/2011]',9.100,9.900,8.800,4.800,0.400,0.500
'[00:00:04.278 01/01/2011]',9.900,10.200,9.000,5.300,0.800,0.500
'[00:00:04.279 01/01/2011]',11.200,10.300,9.300,5.900,1.000,0.500
'[00:00:04.280 01/01/2011]',12.000,10.300,9.500,6.600,1.200,0.500
'[00:00:04.281 01/01/2011]',11.700,10.300,9.700,6.900,1.400,0.500
'[00:00:04.282 01/01/2011]',10.400,10.300,9.800,6.800,1.500,0.500
'[00:00:04.283 01/01/2011]',8.800,10.200,9.600,6.400,1.300,0.500
'[00:00:04.284 01/01/2011]',7.800,10.000,9.100,5.900,0.900,0.500
'[00:00:04.285 01/01/2011]',7.900,9.600,8.300,5.300,0.300,0.500
'[00:00:04.286 01/01/2011]',8.800,9.200,7.500,4.700,-0.400,0.500
'[00:00:04.287 01/01/2011]',9.700,8.700,7.000,4.200,-0.800,0.500
'[00:00:04.288 01/01/2011]',9.900,8.400,6.900,3.800,-0.800,0.500
'[00:00:04.289 01/01/2011]',9.300,8.300,7.300,3.400,-0.400,0.500
'[00:00:04.290 01/01/2011]',8.800,8.400,7.900,3.300,0.100,0.500
'[00:00:04.291 01/01/2011]',9.100,8.800,8.300,3.500,0.400,0.500
'[00:00:04.292 01/01/2011]',10.600,9.200,8.500,3.900,0.500,0.500
'[00:00:04.293 01/01/2011]',12.700,9.700,8.400,4.600,0.400,0.500
'[00:00:04.294 01/01/2011]',14.300,10.100,8.300,5.100,0.200,0.500
'[00:00:04.295 01/01/2011]',14.500,10.500,8.100,5.500,0.100,0.500
'[00:00:04.296 01/01/2011]',13.300,10.700,8.200,5.600,0.200,0.500
'[00:00:04.297 01/01/2011]',11.500,10.800,8.300,5.500,0.500,0.500
'[00:00:04.298 01/01/2011]',10.300,10.600,8.300,5.400,0.800,0.500
'[00:00:04.299 01/01/2011]',10.200,10.400,8.300,5.600,1.100,0.500
'[00:00:04.300 01/01/2011]',10.900,10.100,8.200,6.100,1.300,0.500
'[00:00:04.301 01/01/2011]',11.800,9.900,8.200,6.600,1.600,0.500
'[00:00:04.302 01/01/2011]',12.200,9.800,8.500,7.100,1.900,0.500
'[00:00:04.303 01/01/2011]',12.200,9.800,8.900,7.300,2.200,0.500
'[00:00:04.304 01/01/2011]',12.400,10.000,9.400,7.200,2.400,0.500
'[00:00:04.305 01/01/2011]',13.300,10.300,10.000,7.000,2.500,0.500
'[00:00:04.306 01/01/2011]',14.900,10.600,10.400,6.800,2.600,0.500
'[00:00:04.307 01/01/2011]',16.600,10.900,10.800,6.800,2.800,0.500
'[00:00:04.308 01/01/2011]',17.500,11.000,11.300,7.000,3.100,0.500
'[00:00:04.309 01/01/2011]',17.300,10.900,11.900,7.100,3.600,0.500
'[00:00:04.310 01/01/2011]',16.000,10.700,12.500,7.200,4.000,0.500
'[00:00:04.311 01/01/2011]',14.700,10.500,12.900,7.200,4.300,0.500
'[00:00:04.312 01/01/2011]',14.100,10.500,13.000,7.300,4.400,0.500
'[00:00:04.313 01/01/2011]',14.500,10.700,12.800,7.500,4.500,0.500
'[00:00:04.314 01/01/2011]',15.800,11.100,12.600,7.800,4.500,0.500
'[00:00:04.315 01/01/2011]',17.100,11.500,12.600,8.100,4.700,0.500
'[00:00:04.316 01/01/2011]',18.000,11.800,13.000,8.400,4.900,0.500
'[00:00:04.317 01/01/2011]',18.200,12.000,13.700,8.500,5.300,0.500
'[00:00:04.318 01/01/2011]',18.000,12.100,14.400,8.500,5.700,0.500
'[00:00:04.319 01/01/2011]',17.900,12.200,14.800,8.500,5.900,0.500
'[00:00:04.320 01/01/2011]',18.000,12.500,14.900,8.600,6.200,0.500
'[00:00:04.321 01/01/2011]',18.300,12.900,14.600,8.900,6.300,0.500
'[00:00:04.322 01/01/2011]',18.700,13.200,14.200,9.200,6.400,0.500
'[00:00:04.323 01/01/2011]',19.000,13.400,14.100,9.400,6.300,0.500
'[00:00:04.324 01/01/2011]',19.000,13.200,14.200,9.400,6.100,0.500
'[00:00:04.325 01/01/2011]',19.100,12.600,14.500,9.200,5.800,0.500
'[00:00:04.326 01/01/2011]',19.200,11.800,14.700,8.700,5.500,0.500
'[00:00:04.327 01/01/2011]',19.500,11.100,14.700,8.200,5.400,0.500
'[00:00:04.328 01/01/2011]',20.100,10.600,14.400,7.700,5.500,0.500
'[00:00:04.329 01/01/2011]',20.800,10.600,14.100,7.300,6.000,0.500
'[00:00:04.330 01/01/2011]',21.600,11.000,13.900,7.100,6.600,0.500
'[00:00:04.331 01/01/2011]',22.400,11.500,13.900,7.100,7.300,0.500
'[00:00:04.332 01/01/2011]',23.100,11.900,14.100,7.300,7.900,0.500
'[00:00:04.333 01/01/2011]',23.600,12.000,14.300,7.500,8.300,0.500
'[00:00:04.334 01/01/2011]',23.500,11.800,14.200,7.600,8.400,0.500
'[00:00:04.335 01/01/2011]',22.800,11.600,13.800,7.500,8.200,0.500
'[00:00:04.336 01/01/2011]',21.400,11.500,13.300,7.400,7.900,0.500
'[00:00:04.337 01/01/2011]',19.900,11.600,12.800,7.300,7.600,0.500
'[00:00:04.338 01/01/2011]',18.700,11.900,12.700,7.500,7.400,0.500
'[00:00:04.339 01/01/2011]',18.600,12.300,12.800,7.900,7.300,0.500
'[00:00:04.340 01/01/2011]',19.500,12.700,13.200,8.700,7.400,0.500
'[00:00:04.341 01/01/2011]',21.300,13.100,13.700,9.400,7.600,0.500
'[00:00:04.342 01/01/2011]',23.000,13.300,14.100,10.100,7.800,0.500
'[00:00:04.343 01/01/2011]',23.900,13.600,14.300,10.600,8.200,0.500
'[00:00:04.344 01/01/2011]',23.700,13.700,14.500,10.900,8.600,0.500
'[00:00:04.345 01/01/2011]',22.600,13.700,14.500,11.100,9.100,0.500
'[00:00:04.346 01/01/2011]',21.300,13.600,14.400,11.200,9.600,0.500
'[00:00:04.347 01/01/2011]',20.500,13.200,14.200,11.100,9.900,0.500
'[00:00:04.348 01/01/2011]',20.500,12.700,13.700,10.900,10.100,0.500
'[00:00:04.349 01/01/2011]',21.100,12.100,13.300,10.700,10.200,0.500
'[00:00:04.350 01/01/2011]',21.400,11.600,13.000,10.400,10.300,0.500
'[00:00:04.351 01/01/2011]',20.900,11.400,12.900,10.200,10.400,0.500
'[00:00:04.352 01/01/2011]',19.400,11.500,13.100,10.200,10.500,0.500
'[00:00:04.353 01/01/2011]',17.300,11.900,13.300,10.400,10.500,0.500
'[00:00:04.354 01/01/2011]',15.400,12.300,13.300,10.700,10.300,0.500
'[00:00:04.355 01/01/2011]',14.400,12.500,13.000,11.100,10.000,0.500
'[00:00:04.356 01/01/2011]',14.300,12.600,12.600,11.300,9.800,0.500
'[00:00:04.357 01/01/2011]',15.000,12.300,12.300,11.500,9.700,0.500
'[00:00:04.358 01/01/2011]',15.700,11.900,12.100,11.600,9.800,0.500
'[00:00:04.359 01/01/2011]',15.600,11.600,12.100,11.600,9.900,0.500
'[00:00:04.360 01/01/2011]',14.700,11.400,12.100,11.700,10.000,0.500
'[00:00:04.361 01/01/2011]',13.000,11.500,11.900,11.700,9.900,0.500
'[00:00:04.362 01/01/2011]',11.200,11.800,11.500,11.600,9.600,0.500
'[00:00:04.363 01/01/2011]',9.800,12.100,10.900,11.600,9.200,0.500
'[00:00:04.364 01/01/2011]',9.300,12.200,10.500,11.500,8.900,0.500
'[00:00:04.365 01/01/2011]',9.400,12.200,10.300,11.300,8.900,0.500
'[00:00:04.366 01/01/2011]',9.800,12.000,10.400,11.100,9.100,0.500
'[00:00:04.367 01/01/2011]',9.900,11.700,10.700,10.900,9.400,0.500
'[00:00:04.368 01/01/2011]',9.800,11.600,11.000,11.000,9.700,0.500
'[00:00:04.369 01/01/2011]',9.500,11.600,11.300,11.100,9.900,0.500
'[00:00:04.370 01/01/2011]',9.600,11.500,11.400,11.400,10.000,0.500
'[00:00:04.371 01/01/2011]',10.200,11.300,11.400,11.500,10.100,0.500
'[00:00:04.372 01/01/2011]',11.100,10.900,11.300,11.300,10.200,0.500
'[00:00:04.373 01/01/2011]',11.500,10.300,11.100,10.800,10.200,0.500
'[00:00:04.374 01/01/2011]',11.100,9.600,10.900,10.100,10.300,0.500
'[00:00:04.375 01/01/2011]',9.700,9.100,10.500,9.500,10.100,0.500
'[00:00:04.376 01/01/2011]',7.900,8.900,10.100,9.200,9.800,0.500
'[00:00:04.377 01/01/2011]',6.400,8.900,9.600,9.200,9.300,0.500
'[00:00:04.378 01/01/2011]',5.800,9.000,9.100,9.300,8.700,0.500
'[00:00:04.379 01/01/2011]',5.900,9.100,8.700,9.300,8.400,0.500
'[00:00:04.380 01/01/2011]',6.500,9.000,8.500,9.000,8.400,0.500
'[00:00:04.381 01/01/2011]',7.000,8.800,8.200,8.600,8.800,0.500
'[00:00:04.382 01/01/2011]',7.200,8.600,8.100,8.100,9.200,0.500
'[00:00:04.383 01/01/2011]',7.200,8.600,8.000,7.800,9.600,0.500
'[00:00:04.384 01/01/2011]',7.400,8.800,7.900,7.900,9.700,0.500
'[00:00:04.385 01/01/2011]',7.800,9.000,8.000,8.200,9.600,0.500
'[00:00:04.386 01/01/2011]',8.400,9.200,8.000,8.600,9.400,0.500
'[00:00:04.387 01/01/2011]',9.100,9.300,8.000,8.900,9.400,0.500
'[00:00:04.388 01/01/2011]',9.600,9.200,7.800,8.900,9.600,0.500
'[00:00:04.389 01/01/2011]',9.900,8.900,7.400,8.800,10.000,0.500
'[00:00:04.390 01/01/2011]',10.100,8.500,6.900,8.600,10.400,0.500
'[00:00:04.391 01/01/2011]',10.200,8.100,6.700,8.600,10.800,0.500
'[00:00:04.392 01/01/2011]',10.100,7.800,6.700,8.700,11.300,0.500
'[00:00:04.393 01/01/2011]',9.700,7.700,7.100,9.100,11.800,0.500
'[00:00:04.394 01/01/2011]',8.900,8.000,7.700,9.500,12.400,0.500
'[00:00:04.395 01/01/2011]',8.000,8.600,8.300,9.800,12.900,0.500
'[00:00:04.396 01/01/2011]',7.400,9.200,8.800,10.000,13.200,0.500
'[00:00:04.397 01/01/2011]',7.200,9.600,8.900,10.100,13.200,0.500
'[00:00:04.398 01/01/2011]',7.500,9.700,8.800,10.100,13.100,0.500
'[00:00:04.399 01/01/2011]',8.000,9.500,8.600,10.200,13.200,0.500
'[00:00:04.400 01/01/2011]',8.500,9.300,8.600,10.600,13.500,0.500
'[00:00:04.401 01/01/2011]',8.700,9.200,8.700,11.100,14.200,0.500
'[00:00:04.402 01/01/2011]',8.700,9.300,9.100,11.600,14.900,0.500
'[00:00:04.403 01/01/2011]',8.800,9.400,9.600,11.900,15.400,0.500
'[00:00:04.404 01/01/2011]',9.000,9.400,10.000,11.900,15.400,0.500
'[00:00:04.405 01/01/2011]',9.400,8.900,10.200,11.700,15.200,0.500
'[00:00:04.406 01/01/2011]',9.800,8.000,10.100,11.400,15.100,0.500
'[00:00:04.407 01/01/2011]',9.900,7.000,9.800,11.300,15.400,0.500
'[00:00:04.408 01/01/2011]',9.600,6.100,9.300,11.400,16.100,0.500
'[00:00:04.409 01/01/2011]',9.000,5.500,8.700,11.600,17.100,0.500
'[00:00:04.410 01/01/2011]',8.100,5.300,8.200,11.800,18.200,0.500
'[00:00:04.411 01/01/2011]',7.100,5.200,8.000,12.000,19.000,0.500
'[00:00:04.412 01/01/2011]',6.200,5.300,7.900,12.100,19.700,0.500
'[00:00:04.413 01/01/2011]',5.400,5.200,8.100,12.400,20.200,0.500
'[00:00:04.414 01/01/2011]',4.800,5.100,8.300,12.700,20.600,0.500
'[00:00:04.415 01/01/2011]',4.700,5.000,8.300,13.100,21.000,0.500
'[00:00:04.416 01/01/2011]',4.900,4.800,8.000,13.400,21.300,0.500
'[00:00:04.417 01/01/2011]',5.300,4.800,7.500,13.400,21.200,0.500
'[00:00:04.418 01/01/2011]',5.800,4.800,6.900,13.100,20.700,0.500
'[00:00:04.419 01/01/2011]',6.000,4.800,6.300,12.600,20.100,0.500
'[00:00:04.420 01/01/2011]',6.000,4.900,6.000,12.200,19.500,0.500
'[00:00:04.421 01/01/2011]',5.800,5.000,5.700,11.900,19.200,0.500
'[00:00:04.422 01/01/2011]',5.700,5.000,5.500,11.700,19.200,0.500
'[00:00:04.423 01/01/2011]',5.800,4.900,5.100,11.500,19.400,0.500
'[00:00:04.424 01/01/2011]',5.900,4.700,4.600,11.200,19.700,0.500
'[00:00:04.425 01/01/2011]',5.600,4.300,4.000,10.600,19.700,0.500
'[00:00:04.426 01/01/2011]',4.500,4.000,3.300,9.800,19.400,0.500
'[00:00:04.427 01/01/2011]',2.500,3.800,2.800,9.000,18.700,0.500
'[00:00:04.428 01/01/2011]',-0.100,3.500,2.100,8.200,17.700,0.500
'[00:00:04.429 01/01/2011]',-2.900,3.200,1.300,7.600,16.500,0.500
'[00:00:04.430 01/01/2011]',-5.300,2.600,0.400,7.100,15.600,0.500
'[00:00:04.431 01/01/2011]',-6.700,2.100,-0.400,7.000,15.100,0.500
'[00:00:04.432 01/01/2011]',-6.900,1.600,-0.600,7.100,15.300,0.500
'[00:00:04.433 01/01/2011]',-5.700,1.400,-0.100,7.500,16.200,0.500
'[00:00:04.434 01/01/2011]',-3.000,1.700,0.900,8.200,17.600,0.500
'[00:00:04.435 01/01/2011]',1.200,2.300,2.200,9.100,18.900,0.500
'[00:00:04.436 01/01/2011]',6.600,3.000,3.400,10.100,19.900,0.500
'[00:00:04.437 01/01/2011]',12.700,3.500,4.300,11.100,20.400,0.500
'[00:00:04.438 01/01/2011]',19.300,3.900,5.000,12.100,20.800,0.500
'[00:00:04.439 01/01/2011]',26.600,4.000,6.100,13.300,21.500,0.500
'[00:00:04.440 01/01/2011]',35.001,4.000,7.700,14.700,23.100,0.500
'[00:00:04.441 01/01/2011]',44.701,4.000,9.800,16.200,25.300,0.500
'[00:00:04.442 01/01/2011]',55.201,4.200,12.000,17.500,28.000,0.500
'[00:00:04.443 01/01/2011]',65.401,4.600,13.900,18.500,30.400,0.500
'[00:00:04.444 01/01/2011]',73.501,5.100,15.100,19.000,32.300,0.500
'[00:00:04.445 01/01/2011]',78.401,5.600,15.900,19.100,33.701,0.500
'[00:00:04.446 01/01/2011]',80.101,6.100,16.600,19.000,34.901,0.500
'[00:00:04.447 01/01/2011]',79.801,6.400,17.600,19.100,36.401,0.500
'[00:00:04.448 01/01/2011]',79.201,6.500,18.900,19.500,38.301,0.500
'[00:00:04.449 01/01/2011]',79.401,6.400,20.300,20.200,40.401,0.500
'[00:00:04.450 01/01/2011]',80.401,6.200,21.300,21.000,42.501,0.500
'[00:00:04.451 01/01/2011]',81.101,6.000,21.800,21.900,44.001,0.500
'[00:00:04.452 01/01/2011]',80.401,6.100,22.000,22.600,44.801,0.500
'[00:00:04.453 01/01/2011]',78.101,6.300,21.900,23.100,45.001,0.500
'[00:00:04.454 01/01/2011]',74.801,6.700,21.800,23.300,44.801,0.500
'[00:00:04.455 01/01/2011]',71.601,6.900,21.700,23.200,44.301,0.500
'[00:00:04.456 01/01/2011]',69.401,6.900,21.300,22.500,43.601,0.500
'[00:00:04.457 01/01/2011]',67.601,6.600,20.400,21.500,42.401,0.500
'[00:00:04.458 01/01/2011]',65.001,6.100,18.700,20.000,40.601,0.500
'[00:00:04.459 01/01/2011]',60.101,5.600,16.300,18.200,38.101,0.500
'[00:00:04.460 01/01/2011]',52.301,5.100,13.300,16.300,35.001,0.500
'[00:00:04.461 01/01/2011]',41.801,4.800,10.100,14.400,31.400,0.500
'[00:00:04.462 01/01/2011]',29.800,4.500,6.800,12.300,27.700,0.500
'[00:00:04.463 01/01/2011]',17.800,4.100,3.800,10.400,24.300,0.500
'[00:00:04.464 01/01/2011]',6.600,3.600,1.400,8.800,21.500,0.500
'[00:00:04.465 01/01/2011]',-2.900,3.100,-0.100,7.700,19.800,0.500
'[00:00:04.466 01/01/2011]',-10.300,2.700,-0.500,7.300,19.100,0.500
'[00:00:04.467 01/01/2011]',-14.900,2.500,0.000,7.700,19.300,0.500
'[00:00:04.468 01/01/2011]',-16.300,2.600,1.200,8.500,20.100,0.500
'[00:00:04.469 01/01/2011]',-14.400,2.900,2.400,9.500,21.100,0.500
'[00:00:04.470 01/01/2011]',-9.600,3.200,3.200,10.300,21.800,0.500
'[00:00:04.471 01/01/2011]',-3.300,3.300,3.500,10.600,22.300,0.500
'[00:00:04.472 01/01/2011]',3.100,3.100,3.400,10.700,22.300,0.500
'[00:00:04.473 01/01/2011]',8.200,2.700,3.200,10.600,22.200,0.500
'[00:00:04.474 01/01/2011]',11.600,2.400,3.300,10.400,22.100,0.500
'[00:00:04.475 01/01/2011]',13.300,2.400,3.800,10.300,22.100,0.500
'[00:00:04.476 01/01/2011]',13.900,2.700,4.700,10.300,22.300,0.500
'[00:00:04.477 01/01/2011]',14.100,3.400,5.800,10.200,22.500,0.500
'[00:00:04.478 01/01/2011]',14.200,4.100,7.000,10.300,22.700,0.500
'[00:00:04.479 01/01/2011]',14.300,4.600,7.900,10.500,22.700,0.500
'[00:00:04.480 01/01/2011]',14.600,4.900,8.600,11.000,22.600,0.500
'[00:00:04.481 01/01/2011]',14.900,5.000,8.900,11.500,22.400,0.500
'[00:00:04.482 01/01/2011]',15.300,5.000,9.000,12.100,22.200,0.500
'[00:00:04.483 01/01/2011]',15.800,5.100,9.000,12.500,21.900,0.500
'[00:00:04.484 01/01/2011]',16.200,5.300,9.000,12.600,21.700,0.500
'[00:00:04.485 01/01/2011]',16.400,5.500,9.200,12.600,21.400,0.500
'[00:00:04.486 01/01/2011]',16.400,5.600,9.600,12.400,21.200,0.500
'[00:00:04.487 01/01/2011]',16.100,5.500,10.100,12.300,21.000,0.500
'[00:00:04.488 01/01/2011]',15.800,5.300,10.600,12.400,21.100,0.500
'[00:00:04.489 01/01/2011]',15.600,5.300,11.000,12.700,21.300,0.500
'[00:00:04.490 01/01/2011]',15.800,5.500,11.100,13.200,21.500,0.500
'[00:00:04.491 01/01/2011]',16.200,5.900,11.200,13.700,21.800,0.500
'[00:00:04.492 01/01/2011]',16.800,6.300,11.400,14.000,21.800,0.500
'[00:00:04.493 01/01/2011]',17.300,6.700,11.700,14.200,21.600,0.500
'[00:00:04.494 01/01/2011]',17.600,7.000,12.100,14.200,21.100,0.500
'[00:00:04.495 01/01/2011]',17.400,7.400,12.500,14.200,20.400,0.500
'[00:00:04.496 01/01/2011]',16.700,7.900,12.800,14.200,19.700,0.500
'[00:00:04.497 01/01/2011]',15.700,8.400,12.800,14.400,19.000,0.500
'[00:00:04.498 01/01/2011]',14.700,9.000,12.800,14.700,18.400,0.500
'[00:00:04.499 01/01/2011]',14.300,9.400,12.800,15.000,18.100,0.500
'[00:00:04.500 01/01/2011]',14.700,9.600,13.200,15.100,18.100,0.500
'[00:00:04.501 01/01/2011]',16.000,9.600,13.900,14.900,18.100,0.500
'[00:00:04.502 01/01/2011]',17.900,9.700,14.900,14.600,18.200,0.500
'[00:00:04.503 01/01/2011]',19.500,9.900,15.800,14.200,18.000,0.500
'[00:00:04.504 01/01/2011]',20.300,10.000,16.500,13.900,17.400,0.500
'[00:00:04.505 01/01/2011]',19.900,9.900,16.700,13.600,16.600,0.500
'[00:00:04.506 01/01/2011]',18.800,9.500,16.500,13.500,15.600,0.500
'[00:00:04.507 01/01/2011]',17.700,9.000,16.200,13.400,14.800,0.500
'[00:00:04.508 01/01/2011]',17.300,8.800,15.800,13.500,14.400,0.500
'[00:00:04.509 01/01/2011]',17.600,9.300,15.600,13.600,14.400,0.500
'[00:00:04.510 01/01/2011]',18.400,10.300,15.500,13.600,14.600,0.500
'[00:00:04.511 01/01/2011]',18.900,11.600,15.400,13.700,14.700,0.500
'[00:00:04.512 01/01/2011]',18.900,12.600,15.200,13.600,14.300,0.500
'[00:00:04.513 01/01/2011]',18.600,12.900,14.700,13.300,13.300,0.500
'[00:00:04.514 01/01/2011]',18.400,12.600,14.200,12.800,11.800,0.500
'[00:00:04.515 01/01/2011]',18.800,11.900,13.800,12.100,10.200,0.500
'[00:00:04.516 01/01/2011]',19.800,11.300,13.500,11.400,8.900,0.500
'[00:00:04.517 01/01/2011]',20.800,11.200,13.300,10.800,8.100,0.500
'[00:00:04.518 01/01/2011]',21.200,11.500,13.000,10.300,7.800,0.500
'[00:00:04.519 01/01/2011]',20.700,11.900,12.500,10.100,7.800,0.500
'[00:00:04.520 01/01/2011]',19.500,12.100,12.000,10.100,7.600,0.500
'[00:00:04.521 01/01/2011]',18.200,12.000,11.500,10.200,7.100,0.500
'[00:00:04.522 01/01/2011]',17.400,11.800,11.400,10.200,6.400,0.500
'[00:00:04.523 01/01/2011]',17.400,11.800,11.700,10.000,5.500,0.500
'[00:00:04.524 01/01/2011]',18.100,11.900,12.200,9.600,4.800,0.500
'[00:00:04.525 01/01/2011]',18.900,12.300,12.500,9.100,4.400,0.500
'[00:00:04.526 01/01/2011]',19.700,12.500,12.500,8.500,4.200,0.500
'[00:00:04.527 01/01/2011]',20.400,12.500,12.100,8.200,4.100,0.500
'[00:00:04.528 01/01/2011]',21.000,12.400,11.600,8.100,4.000,0.500
'[00:00:04.529 01/01/2011]',21.400,12.400,11.300,8.300,3.900,0.500
'[00:00:04.530 01/01/2011]',21.700,12.700,11.400,8.600,3.800,0.500
'[00:00:04.531 01/01/2011]',21.600,13.400,11.700,8.900,3.700,0.500
'[00:00:04.532 01/01/2011]',21.200,14.100,12.000,9.100,3.600,0.500
'[00:00:04.533 01/01/2011]',20.500,14.600,12.100,9.100,3.600,0.500
'[00:00:04.534 01/01/2011]',20.000,14.600,11.800,9.100,3.500,0.500
'[00:00:04.535 01/01/2011]',19.800,14.100,11.500,9.100,3.500,0.500
'[00:00:04.536 01/01/2011]',19.900,13.500,11.300,9.300,3.600,0.500
'[00:00:04.537 01/01/2011]',19.900,13.100,11.500,9.500,3.800,0.500
'[00:00:04.538 01/01/2011]',19.500,13.100,11.900,9.900,4.100,0.500
'[00:00:04.539 01/01/2011]',19.000,13.300,12.400,10.200,4.300,0.500
'[00:00:04.540 01/01/2011]',18.400,13.600,12.600,10.500,4.500,0.500
'[00:00:04.541 01/01/2011]',18.300,13.900,12.500,10.800,4.500,0.500
'[00:00:04.542 01/01/2011]',18.900,14.000,12.200,11.100,4.500,0.500
'[00:00:04.543 01/01/2011]',20.000,14.100,11.900,11.300,4.600,0.500
'[00:00:04.544 01/01/2011]',21.200,14.200,11.800,11.500,4.600,0.500
'[00:00:04.545 01/01/2011]',22.100,14.400,11.900,11.500,4.600,0.500
'[00:00:04.546 01/01/2011]',22.400,14.500,12.100,11.200,4.600,0.500
'[00:00:04.547 01/01/2011]',22.000,14.400,12.200,10.800,4.600,0.500
'[00:00:04.548 01/01/2011]',21.200,14.300,11.900,10.300,4.400,0.500
'[00:00:04.549 01/01/2011]',20.400,14.100,11.400,9.900,4.200,0.500
'[00:00:04.550 01/01/2011]',19.700,13.900,10.800,9.600,3.700,0.500
'[00:00:04.551 01/01/2011]',19.200,14.000,10.100,9.500,3.100,0.500
'[00:00:04.552 01/01/2011]',19.100,14.100,9.700,9.500,2.500,0.500
'[00:00:04.553 01/01/2011]',19.400,14.200,9.600,9.500,2.100,0.500
'[00:00:04.554 01/01/2011]',20.100,14.300,9.700,9.400,1.900,0.500
'[00:00:04.555 01/01/2011]',20.800,14.200,9.900,9.200,2.200,0.500
'[00:00:04.556 01/01/2011]',21.400,14.100,10.200,9.000,2.600,0.500
'[00:00:04.557 01/01/2011]',21.400,13.800,10.500,8.900,2.900,0.500
'[00:00:04.558 01/01/2011]',20.800,13.500,10.500,9.000,2.800,0.500
'[00:00:04.559 01/01/2011]',20.000,13.300,10.400,9.200,2.400,0.500
'[00:00:04.560 01/01/2011]',19.600,13.300,10.300,9.400,1.700,0.500
'[00:00:04.561 01/01/2011]',19.900,13.500,10.200,9.700,1.200,0.500
'[00:00:04.562 01/01/2011]',21.200,14.000,10.200,9.800,1.200,0.500
'[00:00:04.563 01/01/2011]',23.100,14.500,10.100,9.800,1.600,0.500
'[00:00:04.564 01/01/2011]',24.800,15.000,10.000,9.700,2.200,0.500
'[00:00:04.565 01/01/2011]',25.600,15.100,9.800,9.600,2.900,0.500
'[00:00:04.566 01/01/2011]',25.300,14.900,9.400,9.500,3.200,0.500
'[00:00:04.567 01/01/2011]',24.200,14.600,9.000,9.300,3.100,0.500
'[00:00:04.568 01/01/2011]',23.100,14.300,8.700,9.100,2.700,0.500
'[00:00:04.569 01/01/2011]',22.700,14.200,8.600,9.000,2.300,0.500
'[00:00:04.570 01/01/2011]',23.300,14.400,8.900,8.800,2.200,0.500
'[00:00:04.571 01/01/2011]',24.400,14.700,9.300,8.800,2.400,0.500
'[00:00:04.572 01/01/2011]',25.000,15.100,9.800,9.000,2.900,0.500
'[00:00:04.573 01/01/2011]',24.500,15.400,10.200,9.200,3.600,0.500
'[00:00:04.574 01/01/2011]',22.600,15.500,10.400,9.500,4.100,0.500
'[00:00:04.575 01/01/2011]',20.200,15.500,10.600,9.800,4.300,0.500
'[00:00:04.576 01/01/2011]',18.400,15.600,10.700,10.100,4.300,0.500
'[00:00:04.577 01/01/2011]',18.100,15.700,10.900,10.400,4.200,0.500
'[00:00:04.578 01/01/2011]',19.400,15.700,11.200,10.800,4.100,0.500
'[00:00:04.579 01/01/2011]',21.500,15.700,11.600,11.200,4.300,0.500
'[00:00:04.580 01/01/2011]',23.300,15.500,12.000,11.500,4.500,0.500
'[00:00:04.581 01/01/2011]',24.300,15.200,12.600,11.600,4.800,0.500
'[00:00:04.582 01/01/2011]',24.500,14.900,13.100,11.500,4.900,0.500
'[00:00:04.583 01/01/2011]',24.600,14.800,13.500,11.100,4.800,0.500
'[00:00:04.584 01/01/2011]',25.000,15.000,13.700,10.600,4.600,0.500
'[00:00:04.585 01/01/2011]',25.900,15.400,13.800,10.200,4.200,0.500
'[00:00:04.586 01/01/2011]',26.700,15.800,13.600,10.100,4.000,0.500
'[00:00:04.587 01/01/2011]',26.900,16.000,13.400,10.300,4.100,0.500
'[00:00:04.588 01/01/2011]',26.300,16.000,13.000,10.800,4.400,0.500
'[00:00:04.589 01/01/2011]',25.300,15.700,12.700,11.500,4.900,0.500
'[00:00:04.590 01/01/2011]',24.700,15.400,12.400,12.200,5.300,0.500
'[00:00:04.591 01/01/2011]',24.900,15.200,12.200,12.600,5.400,0.500
'[00:00:04.592 01/01/2011]',25.700,15.200,12.000,12.800,5.400,0.500
'[00:00:04.593 01/01/2011]',26.600,15.300,11.900,12.800,5.000,0.500
'[00:00:04.594 01/01/2011]',26.900,15.500,11.700,12.500,4.600,0.500
'[00:00:04.595 01/01/2011]',26.200,15.600,11.500,12.200,4.200,0.500
'[00:00:04.596 01/01/2011]',25.200,15.600,11.200,11.800,4.000,0.500
'[00:00:04.597 01/01/2011]',24.600,15.600,10.800,11.400,4.000,0.500
'[00:00:04.598 01/01/2011]',24.700,15.800,10.400,11.200,4.100,0.500
'[00:00:04.599 01/01/2011]',25.500,16.100,10.200,11.100,4.200,0.500
'[00:00:04.600 01/01/2011]',26.400,16.400,10.100,11.300,4.200,0.500
'[00:00:04.601 01/01/2011]',26.700,16.600,10.200,11.600,3.900,0.500
'[00:00:04.602 01/01/2011]',26.200,16.300,10.200,12.000,3.500,0.500
'[00:00:04.603 01/01/2011]',25.200,15.700,10.100,12.300,3.100,0.500
'[00:00:04.604 01/01/2011]',24.500,14.900,9.900,12.400,2.700,0.500
'[00:00:04.605 01/01/2011]',24.500,14.300,9.500,12.200,2.400,0.500
'[00:00:04.606 01/01/2011]',25.100,14.000,9.200,11.800,2.200,0.500
'[00:00:04.607 01/01/2011]',26.000,14.000,8.800,11.200,1.800,0.500
'[00:00:04.608 01/01/2011]',26.400,14.100,8.600,10.600,1.200,0.500
'[00:00:04.609 01/01/2011]',26.100,14.000,8.300,10.100,0.300,0.500
'[00:00:04.610 01/01/2011]',25.200,13.700,8.000,9.600,-0.800,0.500
'[00:00:04.611 01/01/2011]',24.100,13.300,7.500,9.300,-1.800,0.500
'[00:00:04.612 01/01/2011]',23.400,12.900,7.000,9.100,-2.500,0.500
'[00:00:04.613 01/01/2011]',23.200,12.800,6.600,8.900,-2.700,0.500
'[00:00:04.614 01/01/2011]',23.400,13.000,6.300,8.600,-2.600,0.500
'[00:00:04.615 01/01/2011]',23.500,13.300,6.200,8.400,-2.400,0.500
'[00:00:04.616 01/01/2011]',23.500,13.400,6.200,8.300,-2.300,0.500
'[00:00:04.617 01/01/2011]',23.400,13.300,6.100,8.300,-2.400,0.500
'[00:00:04.618 01/01/2011]',23.400,13.000,6.000,8.400,-2.700,0.500
'[00:00:04.619 01/01/2011]',24.000,12.700,5.800,8.700,-3.000,0.500
'[00:00:04.620 01/01/2011]',24.900,12.700,5.700,8.800,-3.300,0.500
'[00:00:04.621 01/01/2011]',26.000,12.900,5.600,8.700,-3.300,0.500
'[00:00:04.622 01/01/2011]',26.700,13.200,5.700,8.300,-3.200,0.500
'[00:00:04.623 01/01/2011]',26.900,13.500,5.800,7.800,-2.900,0.500
'[00:00:04.624 01/01/2011]',26.400,13.700,6.100,7.400,-2.700,0.500
'[00:00:04.625 01/01/2011]',25.500,13.900,6.400,7.300,-2.400,0.500
'[00:00:04.626 01/01/2011]',24.400,14.200,6.800,7.500,-2.300,0.500
'[00:00:04.627 01/01/2011]',23.400,14.600,7.000,7.900,-2.300,0.500
'[00:00:04.628 01/01/2011]',22.700,15.000,6.900,8.300,-2.500,0.500
'[00:00:04.629 01/01/2011]',22.600,15.000,6.500,8.400,-2.900,0.500
'[00:00:04.630 01/01/2011]',23.000,14.700,5.800,8.300,-3.200,0.500
'[00:00:04.631 01/01/2011]',23.900,14.100,5.100,8.000,-3.300,0.500
'[00:00:04.632 01/01/2011]',24.900,13.300,4.700,7.900,-3.100,0.500
'[00:00:04.633 01/01/2011]',25.400,12.800,4.800,8.100,-2.600,0.500
'[00:00:04.634 01/01/2011]',25.100,12.800,5.300,8.400,-2.000,0.500
'[00:00:04.635 01/01/2011]',23.900,13.300,6.000,8.800,-1.500,0.500
'[00:00:04.636 01/01/2011]',22.200,13.900,6.600,9.000,-1.400,0.500
'[00:00:04.637 01/01/2011]',20.800,14.500,6.700,8.900,-1.600,0.500
'[00:00:04.638 01/01/2011]',20.500,14.700,6.300,8.700,-2.100,0.500
'[00:00:04.639 01/01/2011]',21.400,14.600,5.800,8.600,-2.400,0.500
'[00:00:04.640 01/01/2011]',23.000,14.400,5.500,8.800,-2.600,0.500
'[00:00:04.641 01/01/2011]',24.500,14.200,5.400,9.300,-2.400,0.500
'[00:00:04.642 01/01/2011]',25.100,14.100,5.600,9.800,-2.100,0.500
'[00:00:04.643 01/01/2011]',24.600,14.100,5.900,10.100,-1.600,0.500
'[00:00:04.644 01/01/2011]',23.300,14.200,6.000,10.000,-1.200,0.500
'[00:00:04.645 01/01/2011]',22.100,14.300,5.800,9.800,-0.800,0.500
'[00:00:04.646 01/01/2011]',21.500,14.400,5.400,9.500,-0.500,0.500
'[00:00:04.647 01/01/2011]',22.000,14.600,5.200,9.500,-0.400,0.500
'[00:00:04.648 01/01/2011]',23.000,14.800,5.200,9.700,-0.200,0.500
'[00:00:04.649 01/01/2011]',24.200,15.000,5.700,10.000,-0.100,0.500
'[00:00:04.650 01/01/2011]',24.700,15.100,6.300,10.200,-0.100,0.500
'[00:00:04.651 01/01/2011]',24.500,15.100,6.800,10.200,0.000,0.500
'[00:00:04.652 01/01/2011]',23.600,14.800,7.100,9.900,0.000,0.500
'[00:00:04.653 01/01/2011]',22.600,14.400,6.900,9.600,0.000,0.500
'[00:00:04.654 01/01/2011]',22.100,14.000,6.400,9.300,0.000,0.500
'[00:00:04.655 01/01/2011]',22.200,13.700,5.900,9.200,-0.100,0.500
'[00:00:04.656 01/01/2011]',22.700,13.700,5.500,9.200,-0.200,0.500
'[00:00:04.657 01/01/2011]',23.300,13.800,5.400,9.300,0.000,0.500
'[00:00:04.658 01/01/2011]',23.500,14.100,5.600,9.500,0.300,0.500
'[00:00:04.659 01/01/2011]',23.100,14.300,6.200,9.800,0.900,0.500
'[00:00:04.660 01/01/2011]',22.300,14.200,6.800,10.200,1.600,0.500
'[00:00:04.661 01/01/2011]',21.600,14.000,7.300,10.500,2.200,0.500
'[00:00:04.662 01/01/2011]',21.300,13.800,7.600,10.700,2.400,0.500
'[00:00:04.663 01/01/2011]',21.700,13.800,7.600,10.600,2.100,0.500
'[00:00:04.664 01/01/2011]',22.500,14.100,7.300,10.300,1.500,0.500
'[00:00:04.665 01/01/2011]',23.400,14.800,6.900,9.900,0.800,0.500
'[00:00:04.666 01/01/2011]',23.800,15.400,6.600,9.700,0.300,0.500
'[00:00:04.667 01/01/2011]',23.800,15.800,6.600,9.800,0.200,0.500
'[00:00:04.668 01/01/2011]',23.400,15.700,6.900,10.100,0.500,0.500
'[00:00:04.669 01/01/2011]',22.800,15.300,7.300,10.400,0.900,0.500
'[00:00:04.670 01/01/2011]',22.500,14.700,7.700,10.400,1.200,0.500
'[00:00:04.671 01/01/2011]',22.400,14.300,7.900,10.100,1.000,0.500
'[00:00:04.672 01/01/2011]',22.600,14.100,7.700,9.500,0.300,0.500
'[00:00:04.673 01/01/2011]',22.700,14.300,7.300,8.900,-0.700,0.500
'[00:00:04.674 01/01/2011]',22.600,14.500,6.800,8.600,-1.700,0.500
'[00:00:04.675 01/01/2011]',22.200,14.700,6.400,8.600,-2.400,0.500
'[00:00:04.676 01/01/2011]',21.800,14.800,6.100,8.800,-2.600,0.500
'[00:00:04.677 01/01/2011]',21.500,14.800,6.100,8.900,-2.400,0.500
'[00:00:04.678 01/01/2011]',21.300,14.700,6.100,8.900,-1.900,0.500
'[00:00:04.679 01/01/2011]',21.300,14.800,6.200,8.800,-1.500,0.500
'[00:00:04.680 01/01/2011]',21.100,14.900,6.400,8.900,-1.100,0.500
'[00:00:04.681 01/01/2011]',20.600,15.000,6.700,9.200,-1.000,0.500
'[00:00:04.682 01/01/2011]',19.900,15.200,6.900,9.600,-1.100,0.500
'[00:00:04.683 01/01/2011]',19.100,15.500,7.100,9.900,-1.300,0.500
'[00:00:04.684 01/01/2011]',18.600,15.700,7.200,10.000,-1.400,0.500
'[00:00:04.685 01/01/2011]',18.400,15.800,7.100,9.800,-1.400,0.500
'[00:00:04.686 01/01/2011]',18.700,15.700,6.800,9.600,-1.200,0.500
'[00:00:04.687 01/01/2011]',18.900,15.300,6.500,9.600,-1.000,0.500
'[00:00:04.688 01/01/2011]',18.800,14.900,6.200,9.700,-0.700,0.500
'[00:00:04.689 01/01/2011]',18.200,14.400,5.900,10.000,-0.600,0.500
'[00:00:04.690 01/01/2011]',17.300,14.200,5.600,10.300,-0.600,0.500
'[00:00:04.691 01/01/2011]',16.600,14.200,5.300,10.200,-0.900,0.500
'[00:00:04.692 01/01/2011]',16.300,14.400,5.000,9.800,-1.300,0.500
'[00:00:04.693 01/01/2011]',16.300,14.600,4.600,9.300,-1.900,0.500
'[00:00:04.694 01/01/2011]',16.200,14.700,4.200,8.900,-2.500,0.500
'[00:00:04.695 01/01/2011]',15.600,14.500,3.800,8.700,-3.000,0.500
'[00:00:04.696 01/01/2011]',14.300,14.200,3.500,8.800,-3.300,0.500
'[00:00:04.697 01/01/2011]',12.400,13.800,3.200,9.000,-3.300,0.500
'[00:00:04.698 01/01/2011]',10.700,13.400,3.000,9.200,-3.300,0.500
'[00:00:04.699 01/01/2011]',9.500,13.100,2.700,9.300,-3.200,0.500
'[00:00:04.700 01/01/2011]',9.100,13.200,2.500,9.400,-3.200,0.500
'[00:00:04.701 01/01/2011]',9.000,13.500,2.500,9.500,-3.300,0.500
'[00:00:04.702 01/01/2011]',9.100,14.000,2.700,9.700,-3.400,0.500
'[00:00:04.703 01/01/2011]',9.000,14.600,3.000,10.000,-3.600,0.500
'[00:00:04.704 01/01/2011]',8.700,15.000,3.200,10.200,-3.700,0.500
'[00:00:04.705 01/01/2011]',8.500,15.000,3.400,10.300,-3.700,0.500
'[00:00:04.706 01/01/2011]',8.400,14.800,3.500,10.200,-3.800,0.500
'[00:00:04.707 01/01/2011]',8.300,14.200,3.300,9.900,-3.900,0.500
'[00:00:04.708 01/01/2011]',8.000,13.700,3.100,9.700,-4.300,0.500
'[00:00:04.709 01/01/2011]',7.200,13.200,2.800,9.600,-4.800,0.500
'[00:00:04.710 01/01/2011]',6.100,12.900,2.500,9.400,-5.100,0.500
'[00:00:04.711 01/01/2011]',5.000,12.900,2.300,9.200,-5.200,0.500
'[00:00:04.712 01/01/2011]',4.200,12.900,2.100,8.700,-5.000,0.500
'[00:00:04.713 01/01/2011]',3.900,13.100,2.000,8.100,-4.600,0.500
'[00:00:04.714 01/01/2011]',4.000,13.300,1.900,7.500,-4.200,0.500
'[00:00:04.715 01/01/2011]',4.300,13.500,1.700,7.000,-4.100,0.500
'[00:00:04.716 01/01/2011]',4.300,13.600,1.500,7.000,-4.200,0.500
'[00:00:04.717 01/01/2011]',4.100,13.600,1.200,7.100,-4.500,0.500
'[00:00:04.718 01/01/2011]',3.500,13.400,0.900,7.300,-4.700,0.500
'[00:00:04.719 01/01/2011]',2.800,13.100,0.700,7.300,-4.800,0.500
'[00:00:04.720 01/01/2011]',2.200,12.800,0.700,7.000,-4.500,0.500
'[00:00:04.721 01/01/2011]',1.800,12.600,0.800,6.500,-4.100,0.500
'[00:00:04.722 01/01/2011]',1.700,12.500,1.100,5.800,-3.700,0.500
'[00:00:04.723 01/01/2011]',1.800,12.300,1.300,5.300,-3.600,0.500
'[00:00:04.724 01/01/2011]',2.100,12.300,1.300,5.100,-3.800,0.500
'[00:00:04.725 01/01/2011]',2.100,12.200,1.200,5.200,-4.200,0.500
'[00:00:04.726 01/01/2011]',1.700,12.300,1.000,5.600,-4.500,0.500
'[00:00:04.727 01/01/2011]',0.800,12.500,0.800,6.100,-4.500,0.500
'[00:00:04.728 01/01/2011]',-0.500,12.600,0.700,6.300,-4.200,0.500
'[00:00:04.729 01/01/2011]',-1.600,12.500,0.700,6.100,-3.600,0.500
'[00:00:04.730 01/01/2011]',-2.200,12.000,0.800,5.600,-3.200,0.500
'[00:00:04.731 01/01/2011]',-2.300,11.200,0.700,4.900,-3.200,0.500
'[00:00:04.732 01/01/2011]',-1.900,10.400,0.500,4.300,-3.700,0.500
'[00:00:04.733 01/01/2011]',-1.300,10.000,0.100,4.000,-4.600,0.500
'[00:00:04.734 01/01/2011]',-1.100,10.100,-0.400,4.200,-5.600,0.500
'[00:00:04.735 01/01/2011]',-1.100,10.600,-0.900,4.600,-6.200,0.500
'[00:00:04.736 01/01/2011]',-1.400,11.200,-1.300,5.100,-6.400,0.500
'[00:00:04.737 01/01/2011]',-1.600,11.700,-1.400,5.400,-6.000,0.500
'[00:00:04.738 01/01/2011]',-1.800,11.900,-1.200,5.600,-5.500,0.500
'[00:00:04.739 01/01/2011]',-1.900,11.700,-0.900,5.700,-5.100,0.500
'[00:00:04.740 01/01/2011]',-2.100,11.400,-0.500,5.800,-4.800,0.500
'[00:00:04.741 01/01/2011]',-2.600,11.200,-0.200,5.900,-4.400,0.500
'[00:00:04.742 01/01/2011]',-3.200,11.300,0.000,6.000,-3.800,0.500
'[00:00:04.743 01/01/2011]',-3.700,11.600,0.200,6.000,-3.100,0.500
'[00:00:04.744 01/01/2011]',-3.800,12.000,0.400,6.100,-2.400,0.500
'[00:00:04.745 01/01/2011]',-3.400,12.300,0.800,6.300,-2.100,0.500
'[00:00:04.746 01/01/2011]',-2.600,12.400,1.200,6.500,-2.500,0.500
'[00:00:04.747 01/01/2011]',-2.000,12.300,1.600,6.600,-3.400,0.500
'[00:00:04.748 01/01/2011]',-1.800,12.100,1.800,6.600,-4.500,0.500
'[00:00:04.749 01/01/2011]',-2.200,11.600,1.800,6.200,-5.400,0.500
'[00:00:04.750 01/01/2011]',-2.800,11.100,1.600,5.500,-5.700,0.500
'[00:00:04.751 01/01/2011]',-3.300,10.500,1.400,4.900,-5.400,0.500
'[00:00:04.752 01/01/2011]',-3.500,9.900,1.300,4.500,-4.900,0.500
'[00:00:04.753 01/01/2011]',-3.500,9.400,1.300,4.500,-4.500,0.500
'[00:00:04.754 01/01/2011]',-3.600,9.200,1.500,4.900,-4.400,0.500
'[00:00:04.755 01/01/2011]',-4.100,9.200,1.600,5.300,-4.700,0.500
'[00:00:04.756 01/01/2011]',-5.000,9.700,1.700,5.700,-5.100,0.500
'[00:00:04.757 01/01/2011]',-5.800,10.300,1.700,5.700,-5.400,0.500
'[00:00:04.758 01/01/2011]',-6.100,11.100,1.600,5.500,-5.600,0.500
'[00:00:04.759 01/01/2011]',-5.700,11.600,1.600,5.300,-5.600,0.500
'[00:00:04.760 01/01/2011]',-4.800,11.800,1.600,5.200,-5.500,0.500
'[00:00:04.761 01/01/2011]',-3.800,11.500,1.600,5.300,-5.500,0.500
'[00:00:04.762 01/01/2011]',-3.100,10.800,1.400,5.600,-5.600,0.500
'[00:00:04.763 01/01/2011]',-3.100,10.100,1.100,6.000,-5.700,0.500
'[00:00:04.764 01/01/2011]',-3.600,9.600,0.800,6.400,-5.900,0.500
'[00:00:04.765 01/01/2011]',-3.900,9.300,0.700,6.700,-6.200,0.500
'[00:00:04.766 01/01/2011]',-3.900,9.300,0.800,6.900,-6.400,0.500
'[00:00:04.767 01/01/2011]',-3.400,9.300,1.100,7.000,-6.700,0.500
'[00:00:04.768 01/01/2011]',-2.500,9.300,1.200,7.000,-7.000,0.500
'[00:00:04.769 01/01/2011]',-1.600,9.000,1.100,6.800,-7.200,0.500
'[00:00:04.770 01/01/2011]',-1.000,8.700,0.800,6.500,-7.000,0.500
'[00:00:04.771 01/01/2011]',-0.900,8.400,0.400,6.200,-6.600,0.500
'[00:00:04.772 01/01/2011]',-1.400,8.200,0.200,5.900,-6.100,0.500
'[00:00:04.773 01/01/2011]',-2.400,8.100,0.200,5.600,-5.500,0.500
'[00:00:04.774 01/01/2011]',-3.500,8.100,0.500,5.500,-5.100,0.500
'[00:00:04.775 01/01/2011]',-4.300,8.100,0.800,5.500,-5.100,0.500
'[00:00:04.776 01/01/2011]',-4.500,8.100,1.100,5.600,-5.300,0.500
'[00:00:04.777 01/01/2011]',-4.000,8.200,1.200,5.700,-5.500,0.500
'[00:00:04.778 01/01/2011]',-3.100,8.500,1.200,5.800,-5.600,0.500
'[00:00:04.779 01/01/2011]',-2.200,9.000,1.200,5.900,-5.400,0.500
'[00:00:04.780 01/01/2011]',-1.900,9.500,1.200,5.900,-5.000,0.500
'[00:00:04.781 01/01/2011]',-2.300,10.000,1.200,5.900,-4.500,0.500
'[00:00:04.782 01/01/2011]',-3.000,10.400,1.300,5.900,-4.000,0.500
'[00:00:04.783 01/01/2011]',-3.700,10.600,1.400,6.000,-3.600,0.500
'[00:00:04.784 01/01/2011]',-4.000,10.700,1.500,6.300,-3.100,0.500
'[00:00:04.785 01/01/2011]',-3.900,10.600,1.600,6.700,-2.500,0.500
'[00:00:04.786 01/01/2011]',-3.600,10.300,1.800,7.100,-1.900,0.500
'[00:00:04.787 01/01/2011]',-3.400,10.000,2.000,7.400,-1.500,0.500
'[00:00:04.788 01/01/2011]',-3.100,9.600,2.200,7.500,-1.200,0.500
'[00:00:04.789 01/01/2011]',-2.600,9.300,2.500,7.500,-1.300,0.500
'[00:00:04.790 01/01/2011]',-1.600,9.200,2.800,7.300,-1.600,0.500
'[00:00:04.791 01/01/2011]',-0.100,9.100,3.100,7.100,-1.900,0.500
'[00:00:04.792 01/01/2011]',1.400,9.000,3.300,6.800,-2.000,0.500
'[00:00:04.793 01/01/2011]',2.500,8.900,3.500,6.400,-1.800,0.500
'[00:00:04.794 01/01/2011]',3.000,8.800,3.400,5.800,-1.700,0.500
'[00:00:04.795 01/01/2011]',3.000,8.700,3.200,5.200,-1.600,0.500
'[00:00:04.796 01/01/2011]',3.100,8.700,2.600,4.700,-1.800,0.500
'[00:00:04.797 01/01/2011]',3.400,8.800,2.000,4.500,-2.100,0.500
'[00:00:04.798 01/01/2011]',4.100,8.900,1.300,4.700,-2.500,0.500
'[00:00:04.799 01/01/2011]',4.700,9.000,0.800,5.200,-2.800,0.500
'[00:00:04.800 01/01/2011]',5.100,8.900,0.500,5.900,-3.000,0.500
'[00:00:04.801 01/01/2011]',5.100,8.700,0.600,6.500,-3.100,0.500
'[00:00:04.802 01/01/2011]',4.900,8.400,0.900,6.900,-3.000,0.500
'[00:00:04.803 01/01/2011]',4.800,8.100,1.400,7.300,-2.600,0.500
'[00:00:04.804 01/01/2011]',5.100,7.900,2.000,7.600,-2.000,0.500
'[00:00:04.805 01/01/2011]',5.800,8.000,2.600,7.800,-1.100,0.500
'[00:00:04.806 01/01/2011]',7.000,8.400,3.200,7.900,-0.300,0.500
'[00:00:04.807 01/01/2011]',8.600,8.900,3.600,7.800,0.200,0.500
'[00:00:04.808 01/01/2011]',10.500,9.400,4.000,7.500,0.200,0.500
'[00:00:04.809 01/01/2011]',12.400,9.600,4.200,7.300,-0.100,0.500
'[00:00:04.810 01/01/2011]',13.900,9.400,4.200,7.200,-0.600,0.500
'[00:00:04.811 01/01/2011]',14.700,8.800,4.000,7.100,-1.000,0.500
'[00:00:04.812 01/01/2011]',14.600,8.000,3.800,6.900,-1.200,0.500
'[00:00:04.813 01/01/2011]',13.900,7.300,3.600,6.600,-1.000,0.500
'[00:00:04.814 01/01/2011]',13.000,7.000,3.500,6.000,-0.800,0.500
'[00:00:04.815 01/01/2011]',12.200,7.000,3.600,5.600,-0.800,0.500
'[00:00:04.816 01/01/2011]',11.800,7.300,3.700,5.300,-0.900,0.500
'[00:00:04.817 01/01/2011]',11.500,7.700,3.900,5.500,-1.100,0.500
'[00:00:04.818 01/01/2011]',11.000,8.200,4.000,6.000,-1.300,0.500
'[00:00:04.819 01/01/2011]',10.300,8.500,3.900,6.600,-1.300,0.500
'[00:00:04.820 01/01/2011]',9.700,8.700,3.800,6.900,-1.200,0.500
'[00:00:04.821 01/01/2011]',9.500,8.900,3.600,6.900,-1.000,0.500
'[00:00:04.822 01/01/2011]',10.000,9.100,3.400,6.800,-0.900,0.500
'[00:00:04.823 01/01/2011]',11.000,9.400,3.300,6.700,-1.000,0.500
'[00:00:04.824 01/01/2011]',12.300,9.700,3.300,6.800,-1.200,0.500
'[00:00:04.825 01/01/2011]',13.500,9.900,3.300,7.000,-1.600,0.500
'[00:00:04.826 01/01/2011]',14.300,9.800,3.200,7.200,-1.900,0.500
'[00:00:04.827 01/01/2011]',14.800,9.100,3.100,7.100,-2.400,0.500
'[00:00:04.828 01/01/2011]',14.800,8.200,2.800,6.900,-2.800,0.500
'[00:00:04.829 01/01/2011]',14.200,7.400,2.400,6.700,-3.200,0.500
'[00:00:04.830 01/01/2011]',12.700,6.900,2.000,6.500,-3.600,0.500
'[00:00:04.831 01/01/2011]',10.200,7.200,1.500,6.600,-3.800,0.500
'[00:00:04.832 01/01/2011]',7.400,7.800,1.100,6.600,-4.100,0.500
'[00:00:04.833 01/01/2011]',5.100,8.500,0.800,6.600,-4.300,0.500
'[00:00:04.834 01/01/2011]',4.000,8.900,0.500,6.300,-4.700,0.500
'[00:00:04.835 01/01/2011]',4.200,8.800,0.300,5.800,-5.000,0.500
'[00:00:04.836 01/01/2011]',5.000,8.300,0.100,5.400,-5.300,0.500
'[00:00:04.837 01/01/2011]',5.100,7.800,0.000,5.000,-5.400,0.500
'[00:00:04.838 01/01/2011]',3.900,7.700,0.100,4.800,-5.400,0.500
'[00:00:04.839 01/01/2011]',1.500,7.900,0.200,4.700,-5.400,0.500
'[00:00:04.840 01/01/2011]',-1.400,8.300,0.400,4.600,-5.500,0.500
'[00:00:04.841 01/01/2011]',-3.800,8.700,0.500,4.200,-5.700,0.500
'[00:00:04.842 01/01/2011]',-5.000,8.900,0.500,3.800,-6.000,0.500
'[00:00:04.843 01/01/2011]',-5.100,8.900,0.500,3.400,-6.200,0.500
'[00:00:04.844 01/01/2011]',-4.600,9.000,0.700,3.200,-6.400,0.500
'[00:00:04.845 01/01/2011]',-4.100,9.100,1.000,3.100,-6.500,0.500
'[00:00:04.846 01/01/2011]',-3.700,9.200,1.400,3.100,-6.700,0.500
'[00:00:04.847 01/01/2011]',-3.500,9.100,1.800,3.000,-7.000,0.500
'[00:00:04.848 01/01/2011]',-3.300,8.700,1.900,2.600,-7.500,0.500
'[00:00:04.849 01/01/2011]',-3.700,8.000,1.500,1.900,-8.000,0.500
'[00:00:04.850 01/01/2011]',-4.900,7.200,0.900,1.100,-8.400,0.500
'[00:00:04.851 01/01/2011]',-6.600,6.600,0.200,0.400,-8.600,0.500
'[00:00:04.852 01/01/2011]',-8.400,6.400,-0.300,-0.100,-8.800,0.500
'[00:00:04.853 01/01/2011]',-9.200,6.600,-0.500,-0.200,-9.000,0.500
'[00:00:04.854 01/01/2011]',-8.600,6.900,-0.400,0.100,-9.200,0.500
'[00:00:04.855 01/01/2011]',-7.200,7.200,-0.200,0.600,-9.200,0.500
'[00:00:04.856 01/01/2011]',-6.100,7.400,-0.200,1.100,-8.900,0.500
'[00:00:04.857 01/01/2011]',-6.300,7.300,-0.400,1.300,-8.500,0.500
'[00:00:04.858 01/01/2011]',-8.200,7.100,-0.800,1.100,-8.200,0.500
'[00:00:04.859 01/01/2011]',-10.800,6.900,-1.500,0.500,-8.100,0.500
'[00:00:04.860 01/01/2011]',-12.700,6.700,-2.100,-0.300,-8.400,0.500
'[00:00:04.861 01/01/2011]',-12.900,6.600,-2.500,-1.000,-8.900,0.500
'[00:00:04.862 01/01/2011]',-11.500,6.600,-2.800,-1.200,-9.400,0.500
'[00:00:04.863 01/01/2011]',-9.700,6.900,-2.900,-0.800,-9.500,0.500
'[00:00:04.864 01/01/2011]',-8.800,7.300,-3.000,-0.100,-9.200,0.500
'[00:00:04.865 01/01/2011]',-9.500,7.800,-3.300,0.700,-8.600,0.500
'[00:00:04.866 01/01/2011]',-11.400,8.100,-3.600,1.200,-8.100,0.500
'[00:00:04.867 01/01/2011]',-13.500,7.900,-3.900,1.000,-8.000,0.500
'[00:00:04.868 01/01/2011]',-14.800,7.400,-4.200,0.300,-8.300,0.500
'[00:00:04.869 01/01/2011]',-14.900,6.700,-4.200,-0.600,-8.800,0.500
'[00:00:04.870 01/01/2011]',-14.400,6.200,-4.100,-1.200,-9.200,0.500
'[00:00:04.871 01/01/2011]',-13.800,5.900,-3.900,-1.200,-9.200,0.500
'[00:00:04.872 01/01/2011]',-13.500,6.000,-3.600,-0.700,-9.000,0.500
'[00:00:04.873 01/01/2011]',-13.600,6.100,-3.400,0.100,-8.600,0.500
'[00:00:04.874 01/01/2011]',-13.600,5.900,-3.300,0.700,-8.300,0.500
'[00:00:04.875 01/01/2011]',-13.300,5.300,-3.300,0.800,-8.500,0.500
'[00:00:04.876 01/01/2011]',-12.700,4.500,-3.300,0.500,-9.000,0.500
'[00:00:04.877 01/01/2011]',-12.300,3.700,-3.500,0.000,-9.800,0.500
'[00:00:04.878 01/01/2011]',-12.500,3.200,-3.800,-0.400,-10.400,0.500
'[00:00:04.879 01/01/2011]',-13.300,3.100,-4.400,-0.500,-10.800,0.500
'[00:00:04.880 01/01/2011]',-14.300,3.300,-5.000,-0.200,-10.800,0.500
'[00:00:04.881 01/01/2011]',-14.900,3.600,-5.600,0.200,-10.500,0.500
'[00:00:04.882 01/01/2011]',-14.900,3.900,-5.900,0.800,-9.800,0.500
'[00:00:04.883 01/01/2011]',-14.100,4.100,-5.900,1.200,-9.100,0.500
'[00:00:04.884 01/01/2011]',-13.000,4.200,-5.700,1.400,-8.500,0.500
'[00:00:04.885 01/01/2011]',-12.200,4.300,-5.300,1.600,-8.000,0.500
'[00:00:04.886 01/01/2011]',-12.000,4.100,-5.200,1.600,-7.800,0.500
'[00:00:04.887 01/01/2011]',-12.500,3.800,-5.200,1.500,-7.700,0.500
'[00:00:04.888 01/01/2011]',-13.400,3.400,-5.500,1.200,-7.500,0.500
'[00:00:04.889 01/01/2011]',-14.100,3.100,-5.700,1.000,-7.100,0.500
'[00:00:04.890 01/01/2011]',-14.400,3.000,-5.700,0.700,-6.500,0.500
'[00:00:04.891 01/01/2011]',-14.200,3.100,-5.300,0.500,-5.800,0.500
'[00:00:04.892 01/01/2011]',-13.900,3.300,-4.600,0.400,-5.100,0.500
'[00:00:04.893 01/01/2011]',-13.700,3.400,-3.900,0.200,-4.800,0.500
'[00:00:04.894 01/01/2011]',-13.800,3.400,-3.400,-0.100,-4.800,0.500
'[00:00:04.895 01/01/2011]',-14.100,3.200,-3.300,-0.400,-5.200,0.500
'[00:00:04.896 01/01/2011]',-14.200,3.000,-3.500,-0.700,-5.600,0.500
'[00:00:04.897 01/01/2011]',-14.100,2.700,-3.800,-0.800,-5.800,0.500
'[00:00:04.898 01/01/2011]',-13.700,2.600,-4.000,-0.600,-5.600,0.500
'[00:00:04.899 01/01/2011]',-13.400,2.500,-3.900,-0.200,-4.900,0.500
'[00:00:04.900 01/01/2011]',-13.500,2.400,-3.600,0.300,-4.100,0.500
'[00:00:04.901 01/01/2011]',-14.000,2.400,-3.300,0.700,-3.300,0.500
'[00:00:04.902 01/01/2011]',-14.600,2.500,-3.200,1.000,-3.000,0.500
'[00:00:04.903 01/01/2011]',-14.900,2.700,-3.100,1.100,-3.200,0.500
'[00:00:04.904 01/01/2011]',-14.500,3.000,-3.300,0.900,-3.900,0.500
'[00:00:04.905 01/01/2011]',-13.500,3.200,-3.500,0.500,-5.000,0.500
'[00:00:04.906 01/01/2011]',-12.400,3.300,-4.000,0.000,-6.100,0.500
'[00:00:04.907 01/01/2011]',-11.900,3.200,-4.700,-0.700,-7.100,0.500
'[00:00:04.908 01/01/2011]',-12.700,2.900,-5.700,-1.500,-8.100,0.500
'[00:00:04.909 01/01/2011]',-14.900,2.600,-7.000,-2.300,-9.000,0.500
'[00:00:04.910 01/01/2011]',-18.000,2.200,-8.300,-2.800,-10.000,0.500
'[00:00:04.911 01/01/2011]',-21.000,1.900,-9.400,-3.100,-10.800,0.500
'[00:00:04.912 01/01/2011]',-22.900,1.700,-9.700,-3.000,-11.300,0.500
'[00:00:04.913 01/01/2011]',-22.800,1.700,-9.200,-2.400,-11.200,0.500
'[00:00:04.914 01/01/2011]',-20.500,1.900,-7.900,-1.600,-10.400,0.500
'[00:00:04.915 01/01/2011]',-16.700,2.300,-6.100,-0.700,-9.200,0.500
'[00:00:04.916 01/01/2011]',-12.100,3.000,-4.100,0.200,-7.900,0.500
'[00:00:04.917 01/01/2011]',-7.100,3.800,-2.400,1.000,-6.800,0.500
'[00:00:04.918 01/01/2011]',-1.900,4.600,-0.900,1.900,-6.000,0.500
'[00:00:04.919 01/01/2011]',4.400,5.300,0.600,2.800,-5.300,0.500
'[00:00:04.920 01/01/2011]',12.400,6.000,2.200,4.000,-4.200,0.500
'[00:00:04.921 01/01/2011]',22.300,6.600,4.200,5.200,-2.500,0.500
'[00:00:04.922 01/01/2011]',33.301,7.200,6.500,6.400,-0.300,0.500
'[00:00:04.923 01/01/2011]',43.701,7.700,8.600,7.300,2.100,0.500
'[00:00:04.924 01/01/2011]',52.001,8.200,10.400,8.000,4.100,0.500
'[00:00:04.925 01/01/2011]',57.501,8.500,11.700,8.700,5.500,0.500
'[00:00:04.926 01/01/2011]',60.401,8.600,12.700,9.500,6.700,0.500
'[00:00:04.927 01/01/2011]',61.801,8.500,13.800,10.600,7.800,0.500
'[00:00:04.928 01/01/2011]',62.801,8.500,15.100,11.900,9.400,0.500
'[00:00:04.929 01/01/2011]',63.801,8.700,16.400,13.100,11.300,0.500
'[00:00:04.930 01/01/2011]',64.401,9.200,17.500,13.900,13.300,0.500
'[00:00:04.931 01/01/2011]',63.901,9.800,18.300,14.000,14.800,0.500
'[00:00:04.932 01/01/2011]',61.801,10.300,18.500,13.700,15.600,0.500
'[00:00:04.933 01/01/2011]',58.401,10.600,18.400,13.200,15.600,0.500
'[00:00:04.934 01/01/2011]',54.501,10.700,18.100,12.900,15.100,0.500
'[00:00:04.935 01/01/2011]',51.001,10.600,17.900,12.900,14.300,0.500
'[00:00:04.936 01/01/2011]',48.401,10.500,17.400,13.100,13.600,0.500
'[00:00:04.937 01/01/2011]',46.301,10.500,16.700,12.900,12.700,0.500
'[00:00:04.938 01/01/2011]',44.101,10.700,15.300,12.300,11.500,0.500
'[00:00:04.939 01/01/2011]',41.101,10.800,13.300,10.900,9.600,0.500
'[00:00:04.940 01/01/2011]',36.501,10.500,10.800,9.000,7.100,0.500
'[00:00:04.941 01/01/2011]',29.900,9.900,7.700,6.800,4.000,0.500
'[00:00:04.942 01/01/2011]',21.100,8.900,4.500,4.400,0.600,0.500
'[00:00:04.943 01/01/2011]',10.000,7.600,1.300,2.200,-2.700,0.500
'[00:00:04.944 01/01/2011]',-2.800,6.500,-1.500,0.400,-5.600,0.500
'[00:00:04.945 01/01/2011]',-16.000,5.800,-3.500,-0.900,-7.700,0.500
'[00:00:04.946 01/01/2011]',-27.500,5.600,-4.200,-1.400,-9.000,0.500
'[00:00:04.947 01/01/2011]',-35.501,5.900,-3.500,-1.300,-9.500,0.500
'[00:00:04.948 01/01/2011]',-38.901,6.700,-1.600,-0.500,-9.500,0.500
'[00:00:04.949 01/01/2011]',-37.801,7.600,1.200,0.600,-9.200,0.500
'[00:00:04.950 01/01/2011]',-33.501,8.500,4.300,1.700,-8.800,0.500
'[00:00:04.951 01/01/2011]',-27.900,9.400,7.300,2.600,-8.500,0.500
'[00:00:04.952 01/01/2011]',-22.400,10.400,10.200,3.300,-8.400,0.500
'[00:00:04.953 01/01/2011]',-17.700,11.500,13.000,3.900,-8.500,0.500
'[00:00:04.954 01/01/2011]',-13.600,12.700,15.900,4.700,-8.600,0.500
'[00:00:04.955 01/01/2011]',-9.900,14.100,18.900,5.800,-8.500,0.500
'[00:00:04.956 01/01/2011]',-6.800,15.400,21.800,7.100,-8.200,0.500
'[00:00:04.957 01/01/2011]',-4.800,16.500,24.400,8.500,-7.300,0.500
'[00:00:04.958 01/01/2011]',-4.500,17.400,26.500,9.800,-6.000,0.500
'[00:00:04.959 01/01/2011]',-5.800,17.900,28.100,11.000,-4.300,0.500
'[00:00:04.960 01/01/2011]',-8.200,18.200,29.600,12.000,-2.000,0.500
'[00:00:04.961 01/01/2011]',-10.500,18.300,31.200,13.300,0.700,0.500
'[00:00:04.962 01/01/2011]',-11.900,18.200,33.201,14.900,3.800,0.500
'[00:00:04.963 01/01/2011]',-11.800,18.100,35.401,17.000,7.400,0.500
'[00:00:04.964 01/01/2011]',-11.000,18.000,37.701,19.300,11.300,0.500
'[00:00:04.965 01/01/2011]',-10.300,17.800,39.701,21.600,15.400,0.500
'[00:00:04.966 01/01/2011]',-10.300,17.400,41.101,23.600,19.600,0.500
'[00:00:04.967 01/01/2011]',-11.400,16.500,41.901,25.100,24.000,0.500
'[00:00:04.968 01/01/2011]',-12.900,15.100,42.101,26.100,28.600,0.500
'[00:00:04.969 01/01/2011]',-14.400,13.200,41.801,26.900,33.501,0.500
'[00:00:04.970 01/01/2011]',-15.400,11.100,41.101,27.700,38.801,0.500
'[00:00:04.971 01/01/2011]',-16.100,8.900,39.701,28.600,44.401,0.500
'[00:00:04.972 01/01/2011]',-16.800,6.800,37.701,29.600,50.101,0.500
'[00:00:04.973 01/01/2011]',-17.800,4.800,35.101,30.500,55.801,0.500
'[00:00:04.974 01/01/2011]',-19.300,2.600,32.100,31.200,61.401,0.500
'[00:00:04.975 01/01/2011]',-20.900,0.300,28.900,31.700,66.901,0.500
'[00:00:04.976 01/01/2011]',-22.000,-2.300,25.400,32.100,72.301,0.500
'[00:00:04.977 01/01/2011]',-22.700,-5.100,21.800,32.600,77.601,0.500
'[00:00:04.978 01/01/2011]',-23.000,-7.900,18.100,33.201,82.701,0.500
'[00:00:04.979 01/01/2011]',-23.400,-10.500,14.400,33.901,87.601,0.500
'[00:00:04.980 01/01/2011]',-24.200,-12.900,10.800,34.501,92.101,0.500
'[00:00:04.981 01/01/2011]',-25.400,-15.200,7.600,34.601,96.101,0.500
'[00:00:04.982 01/01/2011]',-26.600,-17.100,4.800,34.201,99.202,0.500
'[00:00:04.983 01/01/2011]',-27.200,-18.900,2.500,32.901,100.902,0.500
'[00:00:04.984 01/01/2011]',-26.800,-20.300,0.500,31.000,100.902,0.500
'[00:00:04.985 01/01/2011]',-25.600,-21.500,-1.500,28.700,99.002,0.500
'[00:00:04.986 01/01/2011]',-23.900,-22.500,-3.800,26.100,95.201,0.500
'[00:00:04.987 01/01/2011]',-22.300,-23.200,-6.400,23.400,90.001,0.500
'[00:00:04.988 01/01/2011]',-21.200,-23.700,-9.400,20.700,83.701,0.500
'[00:00:04.989 01/01/2011]',-20.600,-23.800,-12.700,17.700,77.001,0.500
'[00:00:04.990 01/01/2011]',-19.900,-23.600,-16.400,14.300,70.101,0.500
'[00:00:04.991 01/01/2011]',-18.700,-23.500,-20.200,10.500,63.301,0.500
'[00:00:04.992 01/01/2011]',-16.900,-23.600,-24.300,6.600,56.901,0.500
'[00:00:04.993 01/01/2011]',-14.800,-24.100,-28.600,3.000,50.901,0.500
'[00:00:04.994 01/01/2011]',-12.700,-25.100,-32.801,0.000,45.401,0.500
'[00:00:04.995 01/01/2011]',-11.100,-26.200,-36.801,-2.400,40.201,0.500
'[00:00:04.996 01/01/2011]',-10.100,-26.900,-40.401,-4.400,35.001,0.500
'[00:00:04.997 01/01/2011]',-9.200,-26.800,-43.501,-6.300,29.600,0.500
'[00:00:04.998 01/01/2011]',-8.100,-26.000,-45.901,-8.300,23.900,0.500
'[00:00:04.999 01/01/2011]',-6.700,-24.700,-47.601,-10.600,17.900,0.500
'[00:00:05.000 01/01/2011]',-4.900,-23.200,-48.401,-12.700,12.000,0.708
'[00:00:05.001 01/01/2011]',-3.100,-21.900,-48.401,-14.400,6.600,0.708
'[00:00:05.002 01/01/2011]',-1.700,-20.700,-47.601,-15.500,2.100,0.708
'[00:00:05.003 01/01/2011]',-0.800,-19.600,-45.901,-16.000,-1.400,0.708
'[00:00:05.004 01/01/2011]',-0.300,-18.400,-43.801,-16.200,-4.200,0.708
'[00:00:05.005 01/01/2011]',0.300,-16.900,-41.301,-16.400,-6.500,0.708
'[00:00:05.006 01/01/2011]',1.100,-15.400,-38.901,-16.500,-8.500,0.708
'[00:00:05.007 01/01/2011]',2.000,-14.100,-36.601,-16.500,-10.200,0.708
'[00:00:05.008 01/01/2011]',2.600,-13.200,-34.401,-16.400,-11.400,0.708
'[00:00:05.009 01/01/2011]',2.800,-12.700,-32.200,-15.900,-12.100,0.708
'[00:00:05.010 01/01/2011]',2.300,-12.200,-29.800,-15.200,-12.600,0.578
'[00:00:05.011 01/01/2011]',1.700,-11.400,-27.200,-14.300,-13.000,0.578
'[00:00:05.012 01/01/2011]',1.200,-10.100,-24.300,-13.300,-13.400,0.578
'[00:00:05.013 01/01/2011]',1.400,-8.500,-21.200,-12.400,-13.900,0.578
'[00:00:05.014 01/01/2011]',2.200,-6.900,-18.000,-11.300,-14.400,0.578
'[00:00:05.015 01/01/2011]',3.200,-5.600,-14.900,-10.200,-14.500,0.578
'[00:00:05.016 01/01/2011]',3.800,-4.900,-12.100,-9.000,-14.200,0.578
'[00:00:05.017 01/01/2011]',3.500,-4.600,-9.800,-7.900,-13.600,0.578
'[00:00:05.018 01/01/2011]',2.500,-4.300,-8.100,-7.100,-12.900,0.578
'[00:00:05.019 01/01/2011]',1.200,-3.900,-6.700,-6.500,-12.300,0.578
'[00:00:05.020 01/01/2011]',0.100,-3.300,-5.600,-6.000,-12.000,0.668
'[00:00:05.021 01/01/2011]',-0.200,-2.600,-4.600,-5.600,-12.000,0.668
'[00:00:05.022 01/01/2011]',0.100,-2.000,-3.600,-5.000,-12.000,0.668
'[00:00:05.023 01/01/2011]',0.600,-1.800,-2.700,-4.100,-12.000,0.668
'[00:00:05.024 01/01/2011]',0.900,-1.700,-2.000,-3.200,-11.800,0.668
'[00:00:05.025 01/01/2011]',0.700,-1.600,-1.700,-2.600,-11.500,0.668
'[00:00:05.026 01/01/2011]',0.100,-1.300,-1.800,-2.300,-11.100,0.668
'[00:00:05.027 01/01/2011]',-0.500,-0.700,-1.900,-2.500,-10.800,0.668
'[00:00:05.028 01/01/2011]',-0.600,0.000,-1.900,-3.000,-10.700,0.668
'[00:00:05.029 01/01/2011]',0.100,0.600,-1.500,-3.500,-10.800,0.668
'[00:00:05.030 01/01/2011]',1.200,0.800,-0.900,-3.800,-11.000,0.680
'[00:00:05.031 01/01/2011]',2.500,0.700,-0.400,-3.700,-11.200,0.680
'[00:00:05.032 01/01/2011]',3.300,0.400,0.000,-3.300,-11.400,0.680
'[00:00:05.033 01/01/2011]',3.400,0.200,0.000,-2.700,-11.600,0.680
'[00:00:05.034 01/01/2011]',2.800,0.100,-0.100,-2.200,-11.700,0.680
'[00:00:05.035 01/01/2011]',2.100,0.400,-0.100,-1.800,-11.800,0.680
'[00:00:05.036 01/01/2011]',2.000,0.800,0.100,-1.600,-12.000,0.680
'[00:00:05.037 01/01/2011]',2.800,1.300,0.400,-1.500,-12.200,0.680
'[00:00:05.038 01/01/2011]',4.300,2.000,0.700,-1.400,-12.400,0.680
'[00:00:05.039 01/01/2011]',5.800,2.700,0.800,-1.400,-12.500,0.680
'[00:00:05.040 01/01/2011]',6.500,3.400,0.600,-1.200,-12.200,0.688
'[00:00:05.041 01/01/2011]',5.900,4.000,0.200,-0.900,-11.700,0.688
'[00:00:05.042 01/01/2011]',4.300,4.400,0.000,-0.600,-11.100,0.688
'[00:00:05.043 01/01/2011]',2.700,4.500,0.000,-0.200,-10.400,0.688
'[00:00:05.044 01/01/2011]',2.100,4.200,0.200,0.100,-9.900,0.688
'[00:00:05.045 01/01/2011]',2.800,3.800,0.600,0.200,-9.700,0.688
'[00:00:05.046 01/01/2011]',4.500,3.500,0.900,0.000,-9.800,0.688
'[00:00:05.047 01/01/2011]',6.200,3.400,1.100,-0.200,-10.000,0.688
'[00:00:05.048 01/01/2011]',7.100,3.600,1.000,-0.500,-10.300,0.688
'[00:00:05.049 01/01/2011]',6.800,3.900,0.700,-0.500,-10.600,0.688
'[00:00:05.050 01/01/2011]',5.800,4.200,0.400,-0.200,-10.700,0.579
'[00:00:05.051 01/01/2011]',4.700,4.300,0.100,0.000,-10.700,0.579
'[00:00:05.052 01/01/2011]',4.200,4.200,-0.100,0.100,-10.800,0.579
'[00:00:05.053 01/01/2011]',4.500,3.800,-0.300,-0.400,-10.900,0.579
'[00:00:05.054 01/01/2011]',5.100,3.400,-0.500,-1.300,-11.100,0.579
'[00:00:05.055 01/01/2011]',5.700,3.000,-0.700,-2.400,-11.300,0.579
'[00:00:05.056 01/01/2011]',6.100,2.800,-0.800,-3.000,-11.300,0.579
'[00:00:05.057 01/01/2011]',6.400,2.800,-0.600,-2.800,-11.100,0.579
'[00:00:05.058 01/01/2011]',6.800,3.100,-0.300,-1.800,-10.500,0.579
'[00:00:05.059 01/01/2011]',7.200,3.600,0.200,-0.300,-9.900,0.579
'[00:00:05.060 01/01/2011]',7.500,4.200,0.400,1.000,-9.500,0.822
'[00:00:05.061 01/01/2011]',7.300,4.900,0.400,1.600,-9.500,0.822
'[00:00:05.062 01/01/2011]',6.900,5.500,0.100,1.400,-10.000,0.822
'[00:00:05.063 01/01/2011]',6.600,5.800,-0.400,0.700,-10.800,0.822
'[00:00:05.064 01/01/2011]',6.600,5.800,-1.000,-0.100,-11.500,0.822
'[00:00:05.065 01/01/2011]',7.000,5.400,-1.400,-0.700,-11.900,0.822
'[00:00:05.066 01/01/2011]',7.600,4.700,-1.600,-0.900,-11.900,0.822
'[00:00:05.067 01/01/2011]',7.900,3.900,-1.800,-0.900,-11.500,0.822
'[00:00:05.068 01/01/2011]',7.500,3.100,-2.000,-0.800,-11.100,0.822
'[00:00:05.069 01/01/2011]',6.600,2.600,-2.200,-0.700,-10.900,0.822
'[00:00:05.070 01/01/2011]',5.800,2.300,-2.300,-0.600,-10.900,0.579
'[00:00:05.071 01/01/2011]',5.500,2.300,-2.300,-0.300,-11.100,0.579
'[00:00:05.072 01/01/2011]',6.000,2.400,-2.100,0.100,-11.400,0.579
'[00:00:05.073 01/01/2011]',6.900,2.500,-1.700,0.600,-11.400,0.579
'[00:00:05.074 01/01/2011]',7.800,2.500,-1.200,1.200,-11.200,0.579
'[00:00:05.075 01/01/2011]',8.100,2.800,-0.700,1.800,-10.600,0.579
'[00:00:05.076 01/01/2011]',7.700,3.400,-0.200,2.200,-9.800,0.579
'[00:00:05.077 01/01/2011]',6.800,4.200,0.400,2.500,-9.100,0.579
'[00:00:05.078 01/01/2011]',6.000,5.200,0.900,2.400,-8.400,0.579
'[00:00:05.079 01/01/2011]',5.400,5.900,1.300,2.000,-8.100,0.579
'[00:00:05.080 01/01/2011]',5.000,6.000,1.500,1.400,-7.900,0.668
'[00:00:05.081 01/01/2011]',4.700,5.600,1.400,0.900,-7.800,0.668
'[00:00:05.082 01/01/2011]',4.400,4.900,1.100,0.800,-7.600,0.668
'[00:00:05.083 01/01/2011]',4.000,4.300,0.800,1.300,-7.300,0.668
'[00:00:05.084 01/01/2011]',4.000,4.200,0.600,2.200,-6.800,0.668
'[00:00:05.085 01/01/2011]',4.500,4.600,0.500,3.300,-6.300,0.668
'[00:00:05.086 01/01/2011]',5.600,5.200,0.500,4.000,-5.900,0.668
'[00:00:05.087 01/01/2011]',7.000,5.500,0.400,4.100,-5.700,0.668
'[00:00:05.088 01/01/2011]',8.200,5.400,0.400,3.500,-5.600,0.668
'[00:00:05.089 01/01/2011]',8.900,4.800,0.400,2.500,-5.500,0.668
'[00:00:05.090 01/01/2011]',8.900,4.100,0.600,1.700,-5.500,0.680
'[00:00:05.091 01/01/2011]',8.300,3.700,0.900,1.300,-5.400,0.680
'[00:00:05.092 01/01/2011]',7.400,3.500,1.200,1.300,-5.500,0.680
'[00:00:05.093 01/01/2011]',6.300,3.600,1.300,1.600,-5.600,0.680
'[00:00:05.094 01/01/2011]',5.200,3.900,1.300,1.900,-6.000,0.680
'[00:00:05.095 01/01/2011]',4.000,4.300,1.200,2.200,-6.300,0.680
'[00:00:05.096 01/01/2011]',2.600,4.900,1.200,2.500,-6.600,0.680
'[00:00:05.097 01/01/2011]',1.200,5.500,1.500,2.700,-6.800,0.680
'[00:00:05.098 01/01/2011]',0.200,6.100,1.900,2.900,-6.700,0.680
'[00:00:05.099 01/01/2011]',0.100,6.400,2.300,2.800,-6.600,0.680
'[00:00:05.100 01/01/2011]',1.200,6.400,2.600,2.400,-6.500,0.720
'[00:00:05.101 01/01/2011]',3.100,6.100,2.500,1.900,-6.300,0.720
'[00:00:05.102 01/01/2011]',5.300,5.600,2.100,1.300,-6.200,0.720
'[00:00:05.103 01/01/2011]',6.900,5.300,1.800,0.900,-6.200,0.720
'[00:00:05.104 01/01/2011]',7.300,5.300,1.600,0.900,-6.100,0.720
'[00:00:05.105 01/01/2011]',6.700,5.500,1.700,1.200,-6.200,0.720
'[00:00:05.106 01/01/2011]',5.400,5.700,1.900,1.500,-6.300,0.720
'[00:00:05.107 01/01/2011]',4.400,5.700,2.100,1.800,-6.400,0.720
'[00:00:05.108 01/01/2011]',4.200,5.400,2.300,1.900,-6.500,0.720
'[00:00:05.109 01/01/2011]',4.900,4.900,2.300,1.900,-6.400,0.720
'[00:00:05.110 01/01/2011]',6.000,4.500,2.300,1.900,-6.300,0.579
'[00:00:05.111 01/01/2011]',7.000,4.300,2.300,1.800,-6.100,0.579
'[00:00:05.112 01/01/2011]',7.300,4.300,2.300,1.800,-6.100,0.579
'[00:00:05.113 01/01/2011]',6.800,4.300,2.100,1.600,-6.200,0.579
'[00:00:05.114 01/01/2011]',6.000,4.200,1.900,1.300,-6.500,0.579
'[00:00:05.115 01/01/2011]',5.100,4.000,1.500,1.100,-7.000,0.579
'[00:00:05.116 01/01/2011]',4.500,3.900,1.100,0.900,-7.400,0.579
'[00:00:05.117 01/01/2011]',4.500,4.000,0.700,0.900,-7.800,0.579
'[00:00:05.118 01/01/2011]',4.900,4.400,0.500,1.100,-7.800,0.579
'[00:00:05.119 01/01/2011]',5.800,5.100,0.400,1.400,-7.600,0.579
'[00:00:05.120 01/01/2011]',6.800,5.600,0.500,1.700,-7.100,0.822
'[00:00:05.121 01/01/2011]',7.800,5.900,0.700,1.900,-6.600,0.822
'[00:00:05.122 01/01/2011]',8.400,5.700,1.000,1.900,-6.300,0.822
'[00:00:05.123 01/01/2011]',8.200,5.000,1.200,1.700,-6.200,0.822
'[00:00:05.124 01/01/2011]',7.300,4.000,1.300,1.300,-6.500,0.822
'[00:00:05.125 01/01/2011]',5.800,3.100,1.200,1.000,-7.000,0.822
'[00:00:05.126 01/01/2011]',4.600,2.600,1.000,0.700,-7.400,0.822
'[00:00:05.127 01/01/2011]',4.200,2.600,0.800,0.600,-7.500,0.822
'[00:00:05.128 01/01/2011]',4.800,2.900,0.700,0.900,-7.300,0.822
'[00:00:05.129 01/01/2011]',6.200,3.400,0.700,1.400,-6.900,0.822
'[00:00:05.130 01/01/2011]',7.500,3.500,0.800,1.900,-6.300,0.579
'[00:00:05.131 01/01/2011]',8.000,3.400,0.900,2.300,-5.700,0.579
'[00:00:05.132 01/01/2011]',7.400,3.100,1.200,2.500,-5.100,0.579
'[00:00:05.133 01/01/2011]',6.200,3.000,1.500,2.500,-4.500,0.579
'[00:00:05.134 01/01/2011]',5.100,3.100,2.000,2.400,-3.800,0.579
'[00:00:05.135 01/01/2011]',4.800,3.500,2.500,2.500,-3.000,0.579
'[00:00:05.136 01/01/2011]',5.400,4.100,3.000,2.700,-2.100,0.579
'[00:00:05.137 01/01/2011]',6.400,4.500,3.300,3.000,-1.400,0.579
'[00:00:05.138 01/01/2011]',7.300,4.600,3.400,3.300,-0.900,0.579
'[00:00:05.139 01/01/2011]',7.700,4.300,3.200,3.500,-0.800,0.579
'[00:00:05.140 01/01/2011]',7.700,3.700,3.000,3.400,-1.200,0.668
'[00:00:05.141 01/01/2011]',7.700,3.200,2.800,3.200,-1.800,0.668
'[00:00:05.142 01/01/2011]',7.700,2.900,2.700,2.900,-2.500,0.668
'[00:00:05.143 01/01/2011]',7.700,3.100,2.700,2.600,-2.900,0.668
'[00:00:05.144 01/01/2011]',7.200,3.600,2.700,2.600,-2.800,0.668
'[00:00:05.145 01/01/2011]',6.100,4.100,2.500,2.800,-2.400,0.668
'[00:00:05.146 01/01/2011]',4.400,4.400,2.100,3.100,-2.000,0.668
'[00:00:05.147 01/01/2011]',2.900,4.300,1.600,3.300,-1.800,0.668
'[00:00:05.148 01/01/2011]',2.400,3.800,0.900,3.100,-2.100,0.668
'[00:00:05.149 01/01/2011]',3.200,3.200,0.400,2.700,-2.700,0.668
'[00:00:05.150 01/01/2011]',5.000,2.800,0.100,2.100,-3.300,0.681
'[00:00:05.151 01/01/2011]',6.900,2.800,0.100,1.600,-3.600,0.681
'[00:00:05.152 01/01/2011]',8.100,3.100,0.400,1.600,-3.400,0.681
'[00:00:05.153 01/01/2011]',8.200,3.400,0.800,1.900,-2.800,0.681
'[00:00:05.154 01/01/2011]',7.500,3.400,1.100,2.500,-2.200,0.681
'[00:00:05.155 01/01/2011]',6.600,3.000,1.200,3.000,-1.900,0.681
'[00:00:05.156 01/01/2011]',6.000,2.400,1.000,3.200,-2.000,0.681
'[00:00:05.157 01/01/2011]',5.900,2.000,0.600,2.900,-2.300,0.681
'[00:00:05.158 01/01/2011]',6.100,2.100,0.400,2.400,-2.600,0.681
'[00:00:05.159 01/01/2011]',6.300,2.600,0.400,1.900,-2.600,0.681
'[00:00:05.160 01/01/2011]',6.500,3.100,0.500,1.800,-2.400,0.716
'[00:00:05.161 01/01/2011]',6.500,3.200,0.600,1.900,-2.000,0.716
'[00:00:05.162 01/01/2011]',6.500,2.700,0.600,2.300,-1.700,0.716
'[00:00:05.163 01/01/2011]',6.600,1.700,0.200,2.700,-1.500,0.716
'[00:00:05.164 01/01/2011]',6.700,0.700,-0.400,2.900,-1.500,0.716
'[00:00:05.165 01/01/2011]',6.900,0.100,-1.100,2.900,-1.500,0.716
'[00:00:05.166 01/01/2011]',7.000,0.000,-1.700,2.800,-1.500,0.716
'[00:00:05.167 01/01/2011]',6.800,0.300,-2.100,2.600,-1.300,0.716
'[00:00:05.168 01/01/2011]',6.100,0.600,-2.300,2.400,-1.200,0.716
'[00:00:05.169 01/01/2011]',4.800,0.500,-2.600,2.200,-1.100,0.716
'[00:00:05.170 01/01/2011]',3.200,0.100,-2.900,1.900,-1.100,0.579
'[00:00:05.171 01/01/2011]',1.600,-0.400,-3.500,1.400,-1.300,0.579
'[00:00:05.172 01/01/2011]',0.600,-0.800,-4.200,0.800,-1.600,0.579
'[00:00:05.173 01/01/2011]',0.400,-1.000,-4.900,0.300,-1.900,0.579
'[00:00:05.174 01/01/2011]',0.900,-1.000,-5.300,0.000,-2.000,0.579
'[00:00:05.175 01/01/2011]',1.500,-1.200,-5.400,-0.100,-2.000,0.579
'[00:00:05.176 01/01/2011]',1.600,-1.500,-5.400,-0.100,-1.800,0.579
'[00:00:05.177 01/01/2011]',0.900,-1.900,-5.300,0.000,-1.400,0.579
'[00:00:05.178 01/01/2011]',-0.400,-2.200,-5.400,0.000,-1.100,0.579
'[00:00:05.179 01/01/2011]',-1.400,-2.200,-5.600,-0.100,-0.700,0.579
'[00:00:05.180 01/01/2011]',-1.600,-1.800,-6.000,-0.200,-0.400,0.822
'[00:00:05.181 01/01/2011]',-1.000,-1.300,-6.300,-0.400,-0.100,0.822
'[00:00:05.182 01/01/2011]',-0.100,-1.000,-6.400,-0.600,0.100,0.822
'[00:00:05.183 01/01/2011]',0.200,-1.000,-6.300,-0.800,0.200,0.822
'[00:00:05.184 01/01/2011]',-0.600,-1.500,-6.000,-1.000,0.200,0.822
'[00:00:05.185 01/01/2011]',-1.900,-2.300,-5.900,-1.200,0.100,0.822
'[00:00:05.186 01/01/2011]',-3.100,-3.200,-6.000,-1.300,-0.200,0.822
'[00:00:05.187 01/01/2011]',-3.500,-4.000,-6.500,-1.300,-0.600,0.822
'[00:00:05.188 01/01/2011]',-2.900,-4.700,-7.100,-1.200,-0.900,0.822
'[00:00:05.189 01/01/2011]',-2.100,-5.300,-7.600,-1.200,-1.200,0.822
'[00:00:05.190 01/01/2011]',-2.000,-5.600,-7.800,-1.200,-1.200,0.579
'[00:00:05.191 01/01/2011]',-2.900,-5.700,-7.600,-1.400,-1.100,0.579
'[00:00:05.192 01/01/2011]',-4.600,-5.400,-7.200,-1.500,-0.700,0.579
'[00:00:05.193 01/01/2011]',-5.900,-4.900,-6.800,-1.300,-0.100,0.579
'[00:00:05.194 01/01/2011]',-6.200,-4.300,-6.500,-0.900,0.500,0.579
'[00:00:05.195 01/01/2011]',-5.500,-4.000,-6.400,-0.300,1.200,0.579
'[00:00:05.196 01/01/2011]',-4.500,-4.100,-6.400,0.400,1.900,0.579
'[00:00:05.197 01/01/2011]',-4.300,-4.500,-6.400,0.800,2.600,0.579
'[00:00:05.198 01/01/2011]',-5.300,-5.000,-6.200,0.900,3.200,0.579
'[00:00:05.199 01/01/2011]',-7.200,-5.400,-6.000,0.700,3.900,0.579
'[00:00:05.200 01/01/2011]',-8.900,-5.400,-5.600,0.200,4.700,0.668
'[00:00:05.201 01/01/2011]',-9.500,-5.100,-5.300,-0.100,5.400,0.668
'[00:00:05.202 01/01/2011]',-8.600,-4.800,-5.100,-0.200,6.000,0.668
'[00:00:05.203 01/01/2011]',-6.700,-4.600,-4.900,0.000,6.400,0.668
'[00:00:05.204 01/01/2011]',-5.100,-4.800,-4.900,0.400,6.600,0.668
'[00:00:05.205 01/01/2011]',-4.500,-5.300,-5.000,0.700,6.700,0.668
'[00:00:05.206 01/01/2011]',-5.300,-5.800,-5.200,0.800,6.700,0.668
'[00:00:05.207 01/01/2011]',-7.000,-6.400,-5.500,0.700,6.700,0.668
'[00:00:05.208 01/01/2011]',-8.600,-6.900,-6.100,0.400,6.600,0.668
'[00:00:05.209 01/01/2011]',-9.600,-7.300,-6.700,0.100,6.300,0.668
'[00:00:05.210 01/01/2011]',-9.700,-7.800,-7.500,-0.200,5.900,0.681
'[00:00:05.211 01/01/2011]',-9.200,-8.300,-8.100,-0.400,5.500,0.681
'[00:00:05.212 01/01/2011]',-8.400,-8.500,-8.600,-0.500,5.300,0.681
'[00:00:05.213 01/01/2011]',-8.100,-8.500,-8.700,-0.500,5.500,0.681
'[00:00:05.214 01/01/2011]',-8.300,-8.300,-8.600,-0.500,6.100,0.681
'[00:00:05.215 01/01/2011]',-9.200,-8.000,-8.300,-0.600,6.900,0.681
'[00:00:05.216 01/01/2011]',-10.700,-7.700,-8.000,-0.500,7.600,0.681
'[00:00:05.217 01/01/2011]',-12.300,-7.600,-7.800,-0.400,8.200,0.681
'[00:00:05.218 01/01/2011]',-13.600,-7.700,-7.800,-0.100,8.400,0.681
'[00:00:05.219 01/01/2011]',-14.300,-7.800,-8.000,0.300,8.400,0.681
'[00:00:05.220 01/01/2011]',-14.200,-8.000,-8.000,0.700,8.400,0.712
'[00:00:05.221 01/01/2011]',-13.800,-8.000,-8.000,1.100,8.500,0.712
'[00:00:05.222 01/01/2011]',-13.500,-8.100,-7.700,1.200,8.700,0.712
'[00:00:05.223 01/01/2011]',-13.600,-8.300,-7.500,1.200,8.900,0.712
'[00:00:05.224 01/01/2011]',-13.900,-8.600,-7.400,1.000,9.100,0.712
'[00:00:05.225 01/01/2011]',-13.900,-9.100,-7.500,0.600,9.200,0.712
'[00:00:05.226 01/01/2011]',-13.000,-9.500,-7.900,0.200,9.300,0.712
'[00:00:05.227 01/01/2011]',-11.000,-9.800,-8.300,-0.200,9.500,0.712
'[00:00:05.228 01/01/2011]',-8.700,-9.900,-8.700,-0.300,9.800,0.712
'[00:00:05.229 01/01/2011]',-7.100,-9.800,-8.900,-0.200,10.400,0.712
'[00:00:05.230 01/01/2011]',-7.000,-9.700,-8.800,0.200,11.100,0.579
'[00:00:05.231 01/01/2011]',-8.500,-9.700,-8.700,0.800,11.800,0.579
'[00:00:05.232 01/01/2011]',-10.600,-9.900,-8.700,1.300,12.400,0.579
'[00:00:05.233 01/01/2011]',-12.100,-10.200,-8.800,1.700,12.900,0.579
'[00:00:05.234 01/01/2011]',-12.200,-10.600,-9.100,1.600,13.300,0.579
'[00:00:05.235 01/01/2011]',-11.100,-10.800,-9.500,1.300,13.400,0.579
'[00:00:05.236 01/01/2011]',-9.700,-10.800,-9.700,1.000,13.300,0.579
'[00:00:05.237 01/01/2011]',-9.000,-10.700,-9.800,0.700,13.100,0.579
'[00:00:05.238 01/01/2011]',-9.400,-10.600,-9.800,0.700,12.700,0.579
'[00:00:05.239 01/01/2011]',-10.500,-10.600,-9.700,1.000,12.400,0.579
'[00:00:05.240 01/01/2011]',-11.200,-10.600,-9.800,1.200,12.400,0.822
'[00:00:05.241 01/01/2011]',-11.000,-10.800,-9.900,1.400,12.700,0.822
'[00:00:05.242 01/01/2011]',-9.800,-11.000,-10.100,1.400,13.100,0.822
'[00:00:05.243 01/01/2011]',-8.500,-11.400,-10.400,1.100,13.400,0.822
'[00:00:05.244 01/01/2011]',-7.700,-11.900,-10.700,0.800,13.400,0.822
'[00:00:05.245 01/01/2011]',-7.900,-12.400,-10.800,0.500,13.100,0.822
'[00:00:05.246 01/01/2011]',-8.700,-12.900,-10.900,0.200,12.600,0.822
'[00:00:05.247 01/01/2011]',-9.500,-13.300,-10.800,-0.100,12.300,0.822
'[00:00:05.248 01/01/2011]',-9.700,-13.400,-10.500,-0.200,12.500,0.822
'[00:00:05.249 01/01/2011]',-9.200,-13.300,-10.000,0.000,13.100,0.822
'[00:00:05.250 01/01/2011]',-8.500,-12.900,-9.300,0.300,13.900,0.579
'[00:00:05.251 01/01/2011]',-7.900,-12.600,-8.500,0.700,14.700,0.579
'[00:00:05.252 01/01/2011]',-7.800,-12.400,-7.800,1.100,15.000,0.579
'[00:00:05.253 01/01/2011]',-8.100,-12.500,-7.400,1.200,14.800,0.579
'[00:00:05.254 01/01/2011]',-8.300,-12.700,-7.300,1.100,14.200,0.579
'[00:00:05.255 01/01/2011]',-8.200,-12.800,-7.600,0.900,13.600,0.579
'[00:00:05.256 01/01/2011]',-7.800,-12.800,-8.100,0.800,13.100,0.579
'[00:00:05.257 01/01/2011]',-7.400,-12.600,-8.500,0.900,12.900,0.579
'[00:00:05.258 01/01/2011]',-7.300,-12.300,-8.700,1.000,12.900,0.579
'[00:00:05.259 01/01/2011]',-7.400,-12.200,-8.700,1.100,13.000,0.579
'[00:00:05.260 01/01/2011]',-7.700,-12.400,-8.500,0.900,13.000,0.668
'[00:00:05.261 01/01/2011]',-7.700,-12.900,-8.200,0.400,13.100,0.668
'[00:00:05.262 01/01/2011]',-7.300,-13.300,-8.100,-0.100,13.200,0.668
'[00:00:05.263 01/01/2011]',-6.500,-13.600,-8.100,-0.600,13.300,0.668
'[00:00:05.264 01/01/2011]',-5.700,-13.400,-8.100,-0.600,13.600,0.668
'[00:00:05.265 01/01/2011]',-5.100,-13.000,-8.000,-0.400,13.900,0.668
'[00:00:05.266 01/01/2011]',-4.700,-12.400,-7.400,0.000,14.300,0.668
'[00:00:05.267 01/01/2011]',-4.500,-12.000,-6.500,0.100,14.500,0.668
'[00:00:05.268 01/01/2011]',-4.200,-11.900,-5.500,-0.100,14.500,0.668
'[00:00:05.269 01/01/2011]',-3.700,-12.100,-4.600,-0.400,14.300,0.668
'[00:00:05.270 01/01/2011]',-2.900,-12.300,-4.100,-0.700,14.100,0.681
'[00:00:05.271 01/01/2011]',-2.100,-12.200,-3.900,-0.700,13.800,0.681
'[00:00:05.272 01/01/2011]',-1.400,-11.900,-4.000,-0.400,13.600,0.681
'[00:00:05.273 01/01/2011]',-0.900,-11.300,-3.900,0.100,13.600,0.681
'[00:00:05.274 01/01/2011]',-0.700,-10.800,-3.600,0.600,13.600,0.681
'[00:00:05.275 01/01/2011]',-0.500,-10.600,-3.000,0.800,13.600,0.681
'[00:00:05.276 01/01/2011]',-0.300,-10.500,-2.200,0.700,13.500,0.681
'[00:00:05.277 01/01/2011]',0.100,-10.500,-1.500,0.400,13.100,0.681
'[00:00:05.278 01/01/2011]',0.600,-10.300,-0.900,0.200,12.600,0.681
'[00:00:05.279 01/01/2011]',1.000,-9.900,-0.400,0.100,12.100,0.681
'[00:00:05.280 01/01/2011]',1.200,-9.300,-0.100,0.200,11.700,0.712
'[00:00:05.281 01/01/2011]',1.400,-8.800,0.300,0.300,11.400,0.712
'[00:00:05.282 01/01/2011]',1.800,-8.600,0.700,0.300,11.000,0.712
'[00:00:05.283 01/01/2011]',2.500,-8.600,1.100,0.300,10.600,0.712
'[00:00:05.284 01/01/2011]',3.700,-8.900,1.600,0.100,10.000,0.712
'[00:00:05.285 01/01/2011]',5.000,-9.000,2.000,0.000,9.300,0.712
'[00:00:05.286 01/01/2011]',6.200,-8.800,2.300,0.000,8.900,0.712
'[00:00:05.287 01/01/2011]',7.000,-8.500,2.600,0.100,8.600,0.712
'[00:00:05.288 01/01/2011]',7.600,-8.000,2.700,0.300,8.500,0.712
'[00:00:05.289 01/01/2011]',8.000,-7.500,2.900,0.600,8.300,0.712
'[00:00:05.290 01/01/2011]',8.400,-7.100,2.900,0.900,7.900,0.579
'[00:00:05.291 01/01/2011]',8.900,-6.800,3.000,1.100,7.200,0.579
'[00:00:05.292 01/01/2011]',9.400,-6.500,2.900,1.200,6.500,0.579
'[00:00:05.293 01/01/2011]',9.600,-6.400,2.900,1.000,6.000,0.579
'[00:00:05.294 01/01/2011]',9.400,-6.300,2.900,0.500,5.600,0.579
'[00:00:05.295 01/01/2011]',8.900,-6.400,2.900,-0.100,5.300,0.579
'[00:00:05.296 01/01/2011]',8.300,-6.400,3.000,-0.700,4.800,0.579
'[00:00:05.297 01/01/2011]',8.000,-6.300,3.200,-1.000,4.100,0.579
'[00:00:05.298 01/01/2011]',8.100,-6.100,3.600,-1.000,3.300,0.579
'[00:00:05.299 01/01/2011]',8.400,-5.600,4.000,-0.600,2.700,0.579
'[00:00:05.300 01/01/2011]',8.700,-5.200,4.600,0.100,2.500,0.822
'[00:00:05.301 01/01/2011]',8.700,-5.000,5.100,0.700,2.800,0.822
'[00:00:05.302 01/01/2011]',8.200,-4.900,5.500,1.200,3.300,0.822
'[00:00:05.303 01/01/2011]',7.400,-5.000,5.900,1.500,3.600,0.822
'[00:00:05.304 01/01/2011]',6.600,-5.100,6.100,1.700,3.300,0.822
'[00:00:05.305 01/01/2011]',6.200,-5.000,6.200,1.600,2.400,0.822
'[00:00:05.306 01/01/2011]',6.300,-4.900,6.200,1.400,1.200,0.822
'[00:00:05.307 01/01/2011]',7.000,-4.800,6.000,0.700,0.000,0.822
'[00:00:05.308 01/01/2011]',7.800,-4.700,5.700,-0.200,-1.000,0.822
'[00:00:05.309 01/01/2011]',8.300,-4.700,5.300,-1.300,-1.800,0.822
'[00:00:05.310 01/01/2011]',8.000,-4.700,4.800,-2.100,-2.400,0.579
'[00:00:05.311 01/01/2011]',7.100,-4.600,4.400,-2.500,-2.800,0.579
'[00:00:05.312 01/01/2011]',5.900,-4.300,4.100,-2.400,-2.900,0.579
'[00:00:05.313 01/01/2011]',4.700,-4.100,3.900,-1.800,-2.800,0.579
'[00:00:05.314 01/01/2011]',4.100,-3.900,3.800,-1.200,-2.500,0.579
'[00:00:05.315 01/01/2011]',4.100,-4.000,3.800,-0.900,-2.000,0.579
'[00:00:05.316 01/01/2011]',4.200,-4.300,3.800,-1.100,-1.800,0.579
'[00:00:05.317 01/01/2011]',4.000,-4.800,3.800,-1.700,-1.900,0.579
'[00:00:05.318 01/01/2011]',3.100,-5.400,3.800,-2.500,-2.300,0.579
'[00:00:05.319 01/01/2011]',1.600,-5.700,3.700,-3.200,-3.000,0.579
'[00:00:05.320 01/01/2011]',0.000,-5.800,3.600,-3.400,-3.600,0.668
'[00:00:05.321 01/01/2011]',-1.400,-5.700,3.300,-3.300,-4.200,0.668
'[00:00:05.322 01/01/2011]',-2.200,-5.500,2.900,-2.800,-4.700,0.668
'[00:00:05.323 01/01/2011]',-2.400,-5.200,2.400,-2.500,-5.300,0.668
'[00:00:05.324 01/01/2011]',-2.400,-5.100,1.800,-2.300,-5.900,0.668
'[00:00:05.325 01/01/2011]',-2.400,-5.100,1.400,-2.500,-6.500,0.668
'[00:00:05.326 01/01/2011]',-2.600,-5.300,1.100,-2.800,-7.000,0.668
'[00:00:05.327 01/01/2011]',-2.900,-5.500,1.200,-3.100,-7.100,0.668
'[00:00:05.328 01/01/2011]',-2.700,-5.600,1.400,-3.300,-6.800,0.668
'[00:00:05.329 01/01/2011]',-2.000,-5.600,1.800,-3.400,-6.200,0.668
'[00:00:05.330 01/01/2011]',-0.800,-5.500,2.200,-3.400,-5.500,0.681
'[00:00:05.331 01/01/2011]',0.300,-5.400,2.600,-3.500,-5.200,0.681
'[00:00:05.332 01/01/2011]',0.500,-5.300,2.900,-3.700,-5.200,0.681
'[00:00:05.333 01/01/2011]',-0.500,-5.300,2.900,-3.900,-5.500,0.681
'[00:00:05.334 01/01/2011]',-2.500,-5.400,2.600,-4.100,-5.900,0.681
'[00:00:05.335 01/01/2011]',-4.700,-5.400,1.900,-4.100,-6.300,0.681
'[00:00:05.336 01/01/2011]',-6.000,-5.300,1.200,-3.900,-6.500,0.681
'[00:00:05.337 01/01/2011]',-5.900,-5.100,0.600,-3.800,-6.700,0.681
'[00:00:05.338 01/01/2011]',-4.500,-4.800,0.400,-3.700,-6.900,0.681
'[00:00:05.339 01/01/2011]',-2.400,-4.500,0.700,-3.900,-7.100,0.681
'[00:00:05.340 01/01/2011]',-0.800,-4.300,1.300,-4.000,-7.200,0.708
'[00:00:05.341 01/01/2011]',-0.100,-4.200,2.100,-4.100,-7.100,0.708
'[00:00:05.342 01/01/2011]',-0.600,-4.100,2.700,-4.000,-6.800,0.708
'[00:00:05.343 01/01/2011]',-1.700,-4.200,2.900,-3.700,-6.400,0.708
'[00:00:05.344 01/01/2011]',-3.000,-4.200,2.800,-3.300,-6.000,0.708
'[00:00:05.345 01/01/2011]',-3.800,-4.400,2.400,-3.000,-5.800,0.708
'[00:00:05.346 01/01/2011]',-4.200,-4.700,2.100,-2.900,-6.000,0.708
'[00:00:05.347 01/01/2011]',-4.200,-5.100,1.700,-3.000,-6.400,0.708
'[00:00:05.348 01/01/2011]',-4.100,-5.600,1.300,-3.000,-6.800,0.708
'[00:00:05.349 01/01/2011]',-4.100,-6.000,0.900,-2.900,-7.100,0.708
'[00:00:05.350 01/01/2011]',-4.400,-5.900,0.600,-2.700,-7.200,0.579
'[00:00:05.351 01/01/2011]',-4.800,-5.400,0.300,-2.600,-7.100,0.579
'[00:00:05.352 01/01/2011]',-5.200,-4.700,0.200,-2.700,-6.800,0.579
'[00:00:05.353 01/01/2011]',-5.200,-4.100,0.100,-3.000,-6.700,0.579
'[00:00:05.354 01/01/2011]',-4.800,-4.000,0.000,-3.400,-6.600,0.579
'[00:00:05.355 01/01/2011]',-4.100,-4.400,-0.300,-3.500,-6.700,0.579
'[00:00:05.356 01/01/2011]',-3.400,-4.900,-0.700,-3.300,-6.600,0.579
'[00:00:05.357 01/01/2011]',-3.100,-5.200,-1.000,-2.700,-6.300,0.579
'[00:00:05.358 01/01/2011]',-3.400,-4.900,-1.200,-2.100,-5.900,0.579
'[00:00:05.359 01/01/2011]',-4.000,-4.100,-0.900,-1.800,-5.300,0.579
'[00:00:05.360 01/01/2011]',-4.700,-3.400,-0.400,-2.000,-4.900,0.822
'[00:00:05.361 01/01/2011]',-4.900,-3.000,0.200,-2.600,-4.700,0.822
'[00:00:05.362 01/01/2011]',-4.600,-3.300,0.600,-3.500,-4.500,0.822
'[00:00:05.363 01/01/2011]',-3.900,-4.100,0.700,-4.200,-4.500,0.822
'[00:00:05.364 01/01/2011]',-3.100,-4.900,0.600,-4.500,-4.400,0.822
'[00:00:05.365 01/01/2011]',-2.500,-5.400,0.300,-4.400,-4.300,0.822
'[00:00:05.366 01/01/2011]',-2.100,-5.500,0.200,-4.100,-4.200,0.822
'[00:00:05.367 01/01/2011]',-1.700,-5.300,0.300,-3.800,-4.200,0.822
'[00:00:05.368 01/01/2011]',-1.000,-5.100,0.500,-3.600,-4.400,0.822
'[00:00:05.369 01/01/2011]',-0.200,-5.000,0.800,-3.500,-4.600,0.822
'[00:00:05.370 01/01/2011]',0.800,-5.000,1.100,-3.300,-4.800,0.579
'[00:00:05.371 01/01/2011]',1.500,-5.000,1.300,-3.100,-4.900,0.579
'[00:00:05.372 01/01/2011]',1.800,-4.900,1.400,-2.700,-4.800,0.579
'[00:00:05.373 01/01/2011]',1.800,-4.700,1.500,-2.200,-4.600,0.579
'[00:00:05.374 01/01/2011]',1.500,-4.400,1.500,-1.900,-4.400,0.579
'[00:00:05.375 01/01/2011]',1.200,-4.400,1.500,-1.600,-4.400,0.579
'[00:00:05.376 01/01/2011]',0.900,-4.400,1.400,-1.300,-4.500,0.579
'[00:00:05.377 01/01/2011]',0.800,-4.500,1.200,-1.000,-4.800,0.579
'[00:00:05.378 01/01/2011]',0.600,-4.600,1.100,-0.600,-5.200,0.579
'[00:00:05.379 01/01/2011]',0.400,-4.400,0.800,-0.300,-5.500,0.579
'[00:00:05.380 01/01/2011]',0.000,-4.300,0.600,-0.100,-5.800,0.668
'[00:00:05.381 01/01/2011]',-0.400,-4.300,0.300,-0.200,-6.100,0.668
'[00:00:05.382 01/01/2011]',-0.700,-4.600,0.000,-0.600,-6.300,0.668
'[00:00:05.383 01/01/2011]',-0.900,-5.200,-0.200,-1.200,-6.500,0.668
'[00:00:05.384 01/01/2011]',-1.000,-5.700,-0.600,-1.800,-6.800,0.668
'[00:00:05.385 01/01/2011]',-1.100,-6.200,-1.200,-2.300,-7.200,0.668
'[00:00:05.386 01/01/2011]',-1.500,-6.400,-2.000,-2.800,-7.800,0.668
'[00:00:05.387 01/01/2011]',-2.200,-6.500,-3.200,-3.400,-8.600,0.668
'[00:00:05.388 01/01/2011]',-3.100,-6.600,-4.500,-4.100,-9.500,0.668
'[00:00:05.389 01/01/2011]',-4.000,-6.900,-5.700,-5.100,-10.600,0.668
'[00:00:05.390 01/01/2011]',-4.500,-7.300,-6.700,-6.200,-11.500,0.681
'[00:00:05.391 01/01/2011]',-4.600,-7.500,-7.000,-6.900,-12.000,0.681
'[00:00:05.392 01/01/2011]',-4.300,-7.600,-6.700,-7.100,-11.800,0.681
'[00:00:05.393 01/01/2011]',-3.800,-7.400,-5.900,-6.700,-10.800,0.681
'[00:00:05.394 01/01/2011]',-3.100,-7.000,-4.700,-5.900,-9.400,0.681
'[00:00:05.395 01/01/2011]',-1.800,-6.600,-3.600,-5.100,-7.900,0.681
'[00:00:05.396 01/01/2011]',0.600,-6.400,-2.600,-4.600,-6.900,0.681
'[00:00:05.397 01/01/2011]',4.700,-6.100,-1.700,-4.200,-6.300,0.681
'[00:00:05.398 01/01/2011]',10.700,-5.900,-0.900,-3.900,-6.000,0.681
'[00:00:05.399 01/01/2011]',18.700,-5.600,0.100,-3.200,-5.300,0.681
'[00:00:05.400 01/01/2011]',28.100,-5.400,1.600,-2.000,-3.800,0.704
'[00:00:05.401 01/01/2011]',38.101,-5.400,3.500,-0.400,-1.600,0.704
'[00:00:05.402 01/01/2011]',48.101,-5.600,5.500,1.200,0.700,0.704
'[00:00:05.403 01/01/2011]',57.301,-5.900,7.300,2.400,2.600,0.704
'[00:00:05.404 01/01/2011]',65.201,-6.200,8.500,3.100,3.700,0.704
'[00:00:05.405 01/01/2011]',71.501,-6.200,9.200,3.500,4.100,0.704
'[00:00:05.406 01/01/2011]',76.201,-5.900,9.600,3.700,4.500,0.704
'[00:00:05.407 01/01/2011]',79.401,-5.200,10.100,4.100,5.500,0.704
'[00:00:05.408 01/01/2011]',81.401,-4.400,10.800,4.900,7.300,0.704
'[00:00:05.409 01/01/2011]',82.201,-3.700,11.800,5.700,9.600,0.704
'[00:00:05.410 01/01/2011]',81.801,-3.300,12.700,6.400,11.700,0.579
'[00:00:05.411 01/01/2011]',80.401,-3.400,13.400,6.800,13.000,0.579
'[00:00:05.412 01/01/2011]',77.901,-3.700,13.600,6.800,13.200,0.579
'[00:00:05.413 01/01/2011]',74.901,-4.300,13.500,6.600,12.600,0.579
'[00:00:05.414 01/01/2011]',71.901,-4.700,13.200,6.300,11.800,0.579
'[00:00:05.415 01/01/2011]',69.201,-4.800,12.900,6.100,11.100,0.579
'[00:00:05.416 01/01/2011]',67.101,-4.500,12.500,5.800,10.500,0.579
'[00:00:05.417 01/01/2011]',65.201,-3.900,11.700,5.300,9.600,0.579
'[00:00:05.418 01/01/2011]',62.401,-3.500,10.400,4.300,8.200,0.579
'[00:00:05.419 01/01/2011]',58.101,-3.400,8.400,2.800,5.900,0.579
'[00:00:05.420 01/01/2011]',51.501,-4.100,5.700,0.700,3.000,0.822
'[00:00:05.421 01/01/2011]',42.401,-5.200,2.400,-1.500,-0.400,0.822
'[00:00:05.422 01/01/2011]',31.500,-6.500,-1.000,-3.700,-3.800,0.822
'[00:00:05.423 01/01/2011]',19.600,-7.600,-4.100,-5.500,-6.800,0.822
'[00:00:05.424 01/01/2011]',7.800,-8.400,-6.800,-6.600,-9.100,0.822
'[00:00:05.425 01/01/2011]',-2.700,-8.800,-8.600,-7.200,-10.600,0.822
'[00:00:05.426 01/01/2011]',-11.300,-9.100,-9.600,-7.300,-11.100,0.822
'[00:00:05.427 01/01/2011]',-17.100,-9.300,-9.700,-6.900,-10.900,0.822
'[00:00:05.428 01/01/2011]',-20.000,-9.400,-9.200,-6.200,-10.200,0.822
'[00:00:05.429 01/01/2011]',-20.000,-9.300,-8.100,-5.300,-9.300,0.822
'[00:00:05.430 01/01/2011]',-17.500,-9.000,-7.000,-4.500,-8.500,0.579
'[00:00:05.431 01/01/2011]',-13.400,-8.500,-5.900,-3.800,-8.000,0.579
'[00:00:05.432 01/01/2011]',-8.600,-8.200,-5.300,-3.700,-7.900,0.579
'[00:00:05.433 01/01/2011]',-4.100,-8.100,-5.000,-4.000,-8.100,0.579
'[00:00:05.434 01/01/2011]',-0.400,-8.200,-5.100,-4.600,-8.400,0.579
'[00:00:05.435 01/01/2011]',2.400,-8.500,-5.400,-5.400,-8.600,0.579
'[00:00:05.436 01/01/2011]',4.500,-8.600,-5.600,-5.900,-8.600,0.579
'[00:00:05.437 01/01/2011]',6.200,-8.700,-5.700,-6.000,-8.400,0.579
'[00:00:05.438 01/01/2011]',7.600,-8.600,-5.500,-5.700,-8.200,0.579
'[00:00:05.439 01/01/2011]',8.500,-8.500,-5.300,-5.300,-8.000,0.579
'[00:00:05.440 01/01/2011]',8.700,-8.500,-5.000,-5.000,-7.900,0.668
'[00:00:05.441 01/01/2011]',8.300,-8.500,-4.800,-4.800,-8.000,0.668
'[00:00:05.442 01/01/2011]',7.500,-8.600,-4.800,-4.800,-8.000,0.668
'[00:00:05.443 01/01/2011]',6.800,-8.700,-4.800,-5.100,-8.000,0.668
'[00:00:05.444 01/01/2011]',6.700,-8.700,-5.000,-5.400,-8.000,0.668
'[00:00:05.445 01/01/2011]',7.200,-8.700,-5.100,-5.900,-7.900,0.668
'[00:00:05.446 01/01/2011]',7.900,-8.700,-5.200,-6.400,-7.900,0.668
'[00:00:05.447 01/01/2011]',8.500,-8.900,-5.400,-7.000,-8.100,0.668
'[00:00:05.448 01/01/2011]',8.500,-9.100,-5.700,-7.500,-8.400,0.668
'[00:00:05.449 01/01/2011]',8.200,-9.300,-5.900,-7.700,-8.600,0.668
'[00:00:05.450 01/01/2011]',7.900,-9.600,-6.100,-7.600,-8.500,0.681
'[00:00:05.451 01/01/2011]',7.900,-9.800,-6.000,-7.300,-8.200,0.681
'[00:00:05.452 01/01/2011]',8.200,-9.900,-5.900,-6.900,-7.600,0.681
'[00:00:05.453 01/01/2011]',8.800,-9.700,-5.700,-6.500,-7.100,0.681
'[00:00:05.454 01/01/2011]',9.600,-9.100,-5.600,-6.300,-6.800,0.681
'[00:00:05.455 01/01/2011]',10.300,-8.500,-5.700,-6.100,-6.800,0.681
'[00:00:05.456 01/01/2011]',10.900,-8.000,-5.800,-5.900,-7.000,0.681
'[00:00:05.457 01/01/2011]',11.600,-7.900,-5.800,-5.700,-7.200,0.681
'[00:00:05.458 01/01/2011]',12.100,-8.200,-5.600,-5.400,-7.300,0.681
'[00:00:05.459 01/01/2011]',12.400,-8.500,-5.500,-5.100,-7.300,0.681
'[00:00:05.460 01/01/2011]',12.400,-8.600,-5.400,-4.900,-7.300,0.704
'[00:00:05.461 01/01/2011]',12.200,-8.200,-5.500,-4.800,-7.600,0.704
'[00:00:05.462 01/01/2011]',11.800,-7.500,-5.900,-5.100,-8.000,0.704
'[00:00:05.463 01/01/2011]',11.600,-7.000,-6.400,-5.500,-8.500,0.704
'[00:00:05.464 01/01/2011]',11.800,-7.100,-6.700,-6.100,-8.800,0.704
'[00:00:05.465 01/01/2011]',12.200,-7.800,-6.800,-6.600,-8.900,0.704
'[00:00:05.466 01/01/2011]',12.700,-8.700,-6.600,-7.000,-8.900,0.704
'[00:00:05.467 01/01/2011]',13.000,-9.400,-6.200,-7.200,-8.800,0.704
'[00:00:05.468 01/01/2011]',12.900,-9.600,-5.800,-7.100,-8.700,0.704
'[00:00:05.469 01/01/2011]',12.500,-9.300,-5.500,-6.800,-8.800,0.704
'[00:00:05.470 01/01/2011]',12.000,-8.900,-5.500,-6.500,-9.000,0.579
'[00:00:05.471 01/01/2011]',11.900,-8.700,-5.700,-6.300,-9.000,0.579
'[00:00:05.472 01/01/2011]',12.300,-8.900,-6.000,-6.300,-8.900,0.579
'[00:00:05.473 01/01/2011]',13.300,-9.200,-6.400,-6.500,-8.700,0.579
'[00:00:05.474 01/01/2011]',14.500,-9.400,-6.800,-6.800,-8.400,0.579
'[00:00:05.475 01/01/2011]',15.500,-9.400,-7.000,-7.000,-8.100,0.579
'[00:00:05.476 01/01/2011]',15.600,-9.100,-7.000,-7.100,-7.900,0.579
'[00:00:05.477 01/01/2011]',15.000,-8.800,-6.800,-7.200,-7.700,0.579
'[00:00:05.478 01/01/2011]',14.000,-8.700,-6.600,-7.200,-7.400,0.579
'[00:00:05.479 01/01/2011]',13.100,-8.700,-6.500,-7.200,-7.300,0.579
'[00:00:05.480 01/01/2011]',12.900,-8.800,-6.600,-6.900,-7.300,0.822
'[00:00:05.481 01/01/2011]',13.300,-8.800,-6.700,-6.600,-7.600,0.822
'[00:00:05.482 01/01/2011]',14.000,-8.900,-6.900,-6.000,-8.000,0.822
'[00:00:05.483 01/01/2011]',14.500,-9.100,-7.000,-5.600,-8.300,0.822
'[00:00:05.484 01/01/2011]',14.600,-9.500,-7.000,-5.200,-8.400,0.822
'[00:00:05.485 01/01/2011]',14.300,-9.900,-6.700,-5.100,-8.400,0.822
'[00:00:05.486 01/01/2011]',14.000,-10.300,-6.400,-5.100,-8.400,0.822
'[00:00:05.487 01/01/2011]',14.100,-10.400,-6.100,-5.200,-8.500,0.822
'[00:00:05.488 01/01/2011]',14.600,-10.200,-5.800,-5.100,-8.900,0.822
'[00:00:05.489 01/01/2011]',15.200,-9.800,-5.600,-5.000,-9.400,0.822
'[00:00:05.490 01/01/2011]',15.600,-9.400,-5.600,-5.000,-9.900,0.579
'[00:00:05.491 01/01/2011]',15.700,-9.300,-5.500,-5.100,-10.000,0.579
'[00:00:05.492 01/01/2011]',15.500,-9.200,-5.400,-5.300,-9.600,0.579
'[00:00:05.493 01/01/2011]',15.400,-9.200,-5.200,-5.300,-8.800,0.579
'[00:00:05.494 01/01/2011]',15.700,-9.100,-4.900,-5.100,-7.700,0.579
'[00:00:05.495 01/01/2011]',16.400,-8.900,-4.500,-4.700,-6.800,0.579
'[00:00:05.496 01/01/2011]',17.200,-8.600,-4.200,-4.100,-6.200,0.579
'[00:00:05.497 01/01/2011]',17.700,-8.300,-3.900,-3.700,-5.900,0.579
'[00:00:05.498 01/01/2011]',17.400,-8.200,-3.600,-3.700,-5.900,0.579
'[00:00:05.499 01/01/2011]',16.400,-8.200,-3.200,-3.900,-6.100,0.579
'[00:00:05.500 01/01/2011]',15.300,-8.300,-3.000,-4.200,-6.100,0.668
'[00:00:05.501 01/01/2011]',14.900,-8.600,-2.700,-4.300,-6.100,0.668
'[00:00:05.502 01/01/2011]',15.700,-8.900,-2.600,-4.200,-5.900,0.668
'[00:00:05.503 01/01/2011]',17.500,-9.300,-2.700,-3.700,-5.600,0.668
'[00:00:05.504 01/01/2011]',19.600,-9.500,-3.000,-3.300,-5.300,0.668
'[00:00:05.505 01/01/2011]',21.100,-9.600,-3.400,-3.300,-5.100,0.668
'[00:00:05.506 01/01/2011]',21.300,-9.500,-3.900,-3.700,-4.900,0.668
'[00:00:05.507 01/01/2011]',20.300,-9.200,-4.300,-4.300,-5.000,0.668
'[00:00:05.508 01/01/2011]',18.800,-8.900,-4.700,-4.800,-5.200,0.668
'[00:00:05.509 01/01/2011]',17.700,-8.600,-4.800,-4.900,-5.500,0.668
'[00:00:05.510 01/01/2011]',17.400,-8.500,-4.800,-4.300,-5.700,0.681
'[00:00:05.511 01/01/2011]',17.800,-8.400,-4.500,-3.200,-5.700,0.681
'[00:00:05.512 01/01/2011]',18.300,-8.300,-4.000,-2.000,-5.500,0.681
'[00:00:05.513 01/01/2011]',18.400,-7.900,-3.500,-1.100,-5.200,0.681
'[00:00:05.514 01/01/2011]',17.800,-7.400,-3.100,-0.800,-4.800,0.681
'[00:00:05.515 01/01/2011]',17.000,-6.900,-2.800,-1.000,-4.400,0.681
'[00:00:05.516 01/01/2011]',16.200,-6.600,-2.700,-1.500,-4.100,0.681
'[00:00:05.517 01/01/2011]',16.000,-6.700,-2.800,-1.800,-3.700,0.681
'[00:00:05.518 01/01/2011]',16.100,-7.200,-2.900,-1.700,-3.300,0.681
'[00:00:05.519 01/01/2011]',16.500,-7.700,-3.000,-1.400,-3.000,0.681
'[00:00:05.520 01/01/2011]',17.000,-8.100,-3.000,-1.000,-3.000,0.700
'[00:00:05.521 01/01/2011]',17.700,-8.100,-3.000,-0.800,-3.400,0.700
'[00:00:05.522 01/01/2011]',18.500,-8.000,-3.100,-0.900,-4.200,0.700
'[00:00:05.523 01/01/2011]',19.600,-7.800,-3.300,-1.300,-5.000,0.700
'[00:00:05.524 01/01/2011]',20.600,-8.000,-3.400,-1.800,-5.500,0.700
'[00:00:05.525 01/01/2011]',21.400,-8.600,-3.600,-2.100,-5.400,0.700
'[00:00:05.526 01/01/2011]',21.700,-9.400,-3.600,-2.200,-4.900,0.700
'[00:00:05.527 01/01/2011]',21.500,-10.000,-3.400,-2.000,-4.400,0.700
'[00:00:05.528 01/01/2011]',21.000,-10.000,-3.200,-1.800,-4.200,0.700
'[00:00:05.529 01/01/2011]',20.300,-9.600,-3.000,-1.500,-4.400,0.700
'[00:00:05.530 01/01/2011]',19.700,-8.900,-2.700,-1.300,-4.900,0.579
'[00:00:05.531 01/01/2011]',19.200,-8.300,-2.600,-1.200,-5.400,0.579
'[00:00:05.532 01/01/2011]',18.700,-8.200,-2.500,-1.200,-5.300,0.579
'[00:00:05.533 01/01/2011]',18.200,-8.500,-2.400,-1.300,-4.700,0.579
'[00:00:05.534 01/01/2011]',17.700,-9.000,-2.200,-1.300,-3.700,0.579
'[00:00:05.535 01/01/2011]',17.400,-9.200,-2.000,-1.300,-2.700,0.579
'[00:00:05.536 01/01/2011]',17.200,-9.200,-1.800,-1.300,-2.000,0.579
'[00:00:05.537 01/01/2011]',17.200,-8.800,-1.500,-1.100,-1.800,0.579
'[00:00:05.538 01/01/2011]',17.400,-8.300,-1.200,-1.000,-1.800,0.579
'[00:00:05.539 01/01/2011]',17.500,-8.000,-1.100,-0.800,-1.800,0.579
'[00:00:05.540 01/01/2011]',17.600,-8.000,-1.100,-0.800,-1.700,0.822
'[00:00:05.541 01/01/2011]',17.600,-8.200,-1.100,-0.900,-1.500,0.822
'[00:00:05.542 01/01/2011]',17.500,-8.500,-1.100,-1.000,-1.300,0.822
'[00:00:05.543 01/01/2011]',17.700,-8.700,-0.900,-1.200,-1.200,0.822
'[00:00:05.544 01/01/2011]',18.200,-8.700,-0.700,-1.300,-1.200,0.822
'[00:00:05.545 01/01/2011]',19.200,-8.600,-0.400,-1.300,-1.100,0.822
'[00:00:05.546 01/01/2011]',20.300,-8.400,-0.300,-1.100,-0.900,0.822
'[00:00:05.547 01/01/2011]',21.300,-8.300,-0.300,-1.000,-0.600,0.822
'[00:00:05.548 01/01/2011]',21.700,-8.300,-0.300,-0.800,-0.200,0.822
'[00:00:05.549 01/01/2011]',21.300,-8.400,-0.300,-0.600,0.100,0.822
'[00:00:05.550 01/01/2011]',20.300,-8.400,-0.200,-0.400,0.400,0.579
'[00:00:05.551 01/01/2011]',19.200,-8.300,0.000,-0.200,0.500,0.579
'[00:00:05.552 01/01/2011]',18.500,-7.900,0.400,0.200,0.600,0.579
'[00:00:05.553 01/01/2011]',18.500,-7.300,0.700,0.700,0.500,0.579
'[00:00:05.554 01/01/2011]',19.100,-6.700,0.900,1.200,0.400,0.579
'[00:00:05.555 01/01/2011]',19.900,-6.200,1.000,1.700,0.200,0.579
'[00:00:05.556 01/01/2011]',20.700,-6.100,0.800,1.900,0.100,0.579
'[00:00:05.557 01/01/2011]',21.100,-6.400,0.500,1.800,0.200,0.579
'[00:00:05.558 01/01/2011]',21.200,-7.000,0.000,1.600,0.400,0.579
'[00:00:05.559 01/01/2011]',21.100,-7.500,-0.500,1.300,0.800,0.579
'[00:00:05.560 01/01/2011]',20.800,-7.700,-1.000,1.200,1.100,0.668
'[00:00:05.561 01/01/2011]',20.300,-7.700,-1.400,1.100,1.200,0.668
'[00:00:05.562 01/01/2011]',19.600,-7.500,-1.600,1.200,1.100,0.668
'[00:00:05.563 01/01/2011]',18.800,-7.400,-1.500,1.300,0.800,0.668
'[00:00:05.564 01/01/2011]',18.200,-7.500,-1.300,1.400,0.700,0.668
'[00:00:05.565 01/01/2011]',18.200,-7.900,-0.900,1.300,0.900,0.668
'[00:00:05.566 01/01/2011]',18.800,-8.300,-0.300,1.200,1.200,0.668
'[00:00:05.567 01/01/2011]',19.600,-8.500,0.300,1.300,1.700,0.668
'[00:00:05.568 01/01/2011]',20.000,-8.400,0.800,1.300,2.000,0.668
'[00:00:05.569 01/01/2011]',19.600,-8.100,1.300,1.500,2.000,0.668
'[00:00:05.570 01/01/2011]',18.500,-7.700,1.600,1.500,1.800,0.681
'[00:00:05.571 01/01/2011]',17.100,-7.600,1.700,1.500,1.400,0.681
'[00:00:05.572 01/01/2011]',16.200,-7.700,1.700,1.500,1.300,0.681
'[00:00:05.573 01/01/2011]',16.200,-7.800,1.600,1.500,1.600,0.681
'[00:00:05.574 01/01/2011]',16.900,-8.000,1.500,1.600,2.300,0.681
'[00:00:05.575 01/01/2011]',17.600,-8.000,1.600,1.800,2.900,0.681
'[00:00:05.576 01/01/2011]',17.700,-8.000,1.700,1.800,3.300,0.681
'[00:00:05.577 01/01/2011]',16.800,-8.100,1.800,1.500,3.100,0.681
'[00:00:05.578 01/01/2011]',15.400,-8.300,1.800,1.000,2.500,0.681
'[00:00:05.579 01/01/2011]',14.000,-8.400,1.700,0.300,1.700,0.681
'[00:00:05.580 01/01/2011]',13.300,-8.400,1.500,-0.200,1.300,0.700
'[00:00:05.581 01/01/2011]',13.300,-8.300,1.200,-0.400,1.300,0.700
'[00:00:05.582 01/01/2011]',13.800,-8.000,1.000,-0.300,1.600,0.700
'[00:00:05.583 01/01/2011]',14.000,-8.000,0.900,-0.200,2.000,0.700
'[00:00:05.584 01/01/2011]',13.800,-8.200,0.800,-0.300,2.000,0.700
'[00:00:05.585 01/01/2011]',13.100,-8.600,0.800,-0.700,1.600,0.700
'[00:00:05.586 01/01/2011]',12.400,-8.900,0.900,-1.100,1.000,0.700
'[00:00:05.587 01/01/2011]',12.200,-8.800,0.900,-1.300,0.600,0.700
'[00:00:05.588 01/01/2011]',12.400,-8.300,0.800,-1.000,0.500,0.700
'[00:00:05.589 01/01/2011]',12.800,-7.700,0.600,-0.300,0.800,0.700
'[00:00:05.590 01/01/2011]',13.100,-7.300,0.300,0.500,1.200,0.579
'[00:00:05.591 01/01/2011]',13.300,-7.300,-0.200,1.000,1.400,0.579
'[00:00:05.592 01/01/2011]',13.500,-7.700,-0.900,1.000,1.000,0.579
'[00:00:05.593 01/01/2011]',14.000,-8.200,-1.500,0.500,0.300,0.579
'[00:00:05.594 01/01/2011]',14.800,-8.400,-1.900,-0.100,-0.300,0.579
'[00:00:05.595 01/01/2011]',15.500,-8.300,-2.100,-0.400,-0.500,0.579
'[00:00:05.596 01/01/2011]',15.800,-7.900,-2.000,-0.100,-0.100,0.579
'[00:00:05.597 01/01/2011]',15.500,-7.600,-1.600,0.600,0.600,0.579
'[00:00:05.598 01/01/2011]',14.500,-7.400,-1.100,1.100,1.400,0.579
'[00:00:05.599 01/01/2011]',13.500,-7.400,-0.600,1.200,1.800,0.579
'[00:00:05.600 01/01/2011]',13.000,-7.500,-0.200,0.700,1.900,0.822
'[00:00:05.601 01/01/2011]',13.200,-7.700,-0.100,-0.200,1.700,0.822
'[00:00:05.602 01/01/2011]',14.000,-7.900,0.000,-1.100,1.400,0.822
'[00:00:05.603 01/01/2011]',14.800,-8.300,-0.100,-1.600,1.000,0.822
'[00:00:05.604 01/01/2011]',15.200,-8.700,-0.200,-1.700,0.500,0.822
'[00:00:05.605 01/01/2011]',15.200,-8.900,-0.500,-1.600,-0.100,0.822
'[00:00:05.606 01/01/2011]',14.900,-8.900,-0.800,-1.600,-0.800,0.822
'[00:00:05.607 01/01/2011]',14.600,-8.800,-1.200,-2.000,-1.500,0.822
'[00:00:05.608 01/01/2011]',14.500,-8.800,-1.700,-2.700,-2.000,0.822
'[00:00:05.609 01/01/2011]',14.500,-9.100,-2.000,-3.600,-2.200,0.822
'[00:00:05.610 01/01/2011]',14.700,-9.600,-2.300,-4.400,-2.300,0.579
'[00:00:05.611 01/01/2011]',14.800,-10.000,-2.400,-4.700,-2.400,0.579
'[00:00:05.612 01/01/2011]',14.800,-10.100,-2.500,-4.600,-2.700,0.579
'[00:00:05.613 01/01/2011]',14.800,-9.600,-2.600,-4.100,-3.200,0.579
'[00:00:05.614 01/01/2011]',14.700,-8.800,-2.900,-3.700,-3.700,0.579
'[00:00:05.615 01/01/2011]',14.500,-8.200,-3.200,-3.500,-4.000,0.579
'[00:00:05.616 01/01/2011]',14.200,-8.100,-3.400,-3.700,-4.100,0.579
'[00:00:05.617 01/01/2011]',13.900,-8.700,-3.500,-4.100,-3.900,0.579
'[00:00:05.618 01/01/2011]',13.500,-9.600,-3.400,-4.600,-3.700,0.579
'[00:00:05.619 01/01/2011]',13.500,-10.400,-3.200,-5.000,-3.500,0.579
'[00:00:05.620 01/01/2011]',14.000,-10.900,-3.100,-5.200,-3.500,0.500
'[00:00:05.621 01/01/2011]',15.000,-11.100,-3.100,-5.100,-3.600,0.500
'[00:00:05.622 01/01/2011]',16.200,-11.400,-3.300,-5.000,-3.800,0.500
'[00:00:05.623 01/01/2011]',17.300,-11.900,-3.500,-5.000,-3.800,0.500
'[00:00:05.624 01/01/2011]',17.700,-12.700,-3.600,-5.200,-3.800,0.500
'[00:00:05.625 01/01/2011]',17.100,-13.200,-3.500,-5.600,-3.800,0.500
'[00:00:05.626 01/01/2011]',15.900,-13.300,-3.200,-5.900,-3.600,0.500
'[00:00:05.627 01/01/2011]',14.500,-12.900,-2.900,-5.800,-3.200,0.500
'[00:00:05.628 01/01/2011]',13.700,-12.300,-2.700,-5.300,-2.700,0.500
'[00:00:05.629 01/01/2011]',13.700,-11.900,-2.500,-4.500,-2.100,0.500
'[00:00:05.630 01/01/2011]',14.300,-12.000,-2.500,-3.600,-1.600,0.500
'[00:00:05.631 01/01/2011]',15.100,-12.400,-2.500,-2.900,-1.400,0.500
'[00:00:05.632 01/01/2011]',15.500,-12.800,-2.800,-2.700,-1.600,0.500
'[00:00:05.633 01/01/2011]',15.200,-12.900,-3.200,-2.800,-2.200,0.500
'[00:00:05.634 01/01/2011]',14.500,-12.500,-3.700,-3.200,-2.800,0.500
'[00:00:05.635 01/01/2011]',13.900,-11.900,-4.200,-3.600,-3.300,0.500
'[00:00:05.636 01/01/2011]',13.700,-11.200,-4.600,-3.800,-3.400,0.500
'[00:00:05.637 01/01/2011]',13.900,-10.800,-4.600,-4.000,-3.100,0.500
'[00:00:05.638 01/01/2011]',14.000,-10.800,-4.500,-4.300,-2.700,0.500
'[00:00:05.639 01/01/2011]',13.400,-11.000,-4.100,-4.700,-2.400,0.500
'[00:00:05.640 01/01/2011]',12.100,-11.500,-3.800,-5.200,-2.400,0.500
'[00:00:05.641 01/01/2011]',10.600,-12.200,-3.700,-5.800,-2.700,0.500
'[00:00:05.642 01/01/2011]',9.700,-13.000,-3.900,-6.300,-3.100,0.500
'[00:00:05.643 01/01/2011]',9.800,-13.800,-4.300,-6.600,-3.600,0.500
'[00:00:05.644 01/01/2011]',10.900,-14.500,-4.800,-6.700,-3.900,0.500
'[00:00:05.645 01/01/2011]',12.300,-14.800,-5.200,-6.700,-4.000,0.500
'[00:00:05.646 01/01/2011]',13.300,-14.800,-5.400,-6.800,-4.000,0.500
'[00:00:05.647 01/01/2011]',13.300,-14.300,-5.400,-6.900,-3.800,0.500
'[00:00:05.648 01/01/2011]',12.700,-13.700,-5.300,-7.100,-3.700,0.500
'[00:00:05.649 01/01/2011]',12.000,-13.000,-5.200,-7.400,-3.700,0.500
'[00:00:05.650 01/01/2011]',11.900,-12.400,-5.300,-7.700,-3.700,0.500
'[00:00:05.651 01/01/2011]',12.300,-12.000,-5.500,-7.700,-3.800,0.500
'[00:00:05.652 01/01/2011]',12.900,-11.900,-5.800,-7.600,-4.000,0.500
'[00:00:05.653 01/01/2011]',13.000,-11.900,-6.100,-7.500,-4.300,0.500
'[00:00:05.654 01/01/2011]',12.500,-12.100,-6.400,-7.300,-4.700,0.500
'[00:00:05.655 01/01/2011]',11.700,-12.500,-6.700,-7.400,-5.200,0.500
'[00:00:05.656 01/01/2011]',11.300,-13.000,-7.100,-7.700,-5.700,0.500
'[00:00:05.657 01/01/2011]',11.900,-13.400,-7.600,-8.100,-6.100,0.500
'[00:00:05.658 01/01/2011]',13.200,-13.500,-7.900,-8.700,-6.300,0.500
'[00:00:05.659 01/01/2011]',14.500,-13.400,-8.000,-9.100,-6.300,0.500
'[00:00:05.660 01/01/2011]',15.100,-13.000,-7.800,-9.200,-6.200,0.500
'[00:00:05.661 01/01/2011]',14.300,-12.700,-7.400,-9.000,-6.000,0.500
'[00:00:05.662 01/01/2011]',12.700,-12.500,-7.100,-8.700,-5.800,0.500
'[00:00:05.663 01/01/2011]',11.000,-12.800,-7.000,-8.500,-5.600,0.500
'[00:00:05.664 01/01/2011]',10.100,-13.300,-7.200,-8.500,-5.500,0.500
'[00:00:05.665 01/01/2011]',10.400,-14.000,-7.700,-8.800,-5.500,0.500
'[00:00:05.666 01/01/2011]',11.300,-14.400,-8.200,-9.300,-5.600,0.500
'[00:00:05.667 01/01/2011]',11.900,-14.400,-8.600,-9.900,-5.800,0.500
'[00:00:05.668 01/01/2011]',11.800,-14.100,-8.800,-10.200,-6.100,0.500
'[00:00:05.669 01/01/2011]',10.800,-13.500,-8.800,-10.100,-6.400,0.500
'[00:00:05.670 01/01/2011]',9.500,-13.000,-8.700,-9.600,-6.600,0.500
'[00:00:05.671 01/01/2011]',8.600,-12.800,-8.600,-8.800,-6.700,0.500
'[00:00:05.672 01/01/2011]',8.300,-12.800,-8.600,-8.200,-6.700,0.500
'[00:00:05.673 01/01/2011]',8.300,-12.800,-8.700,-7.800,-6.800,0.500
'[00:00:05.674 01/01/2011]',8.400,-12.900,-8.900,-7.800,-6.900,0.500
'[00:00:05.675 01/01/2011]',8.200,-12.800,-9.100,-8.100,-7.000,0.500
'[00:00:05.676 01/01/2011]',7.800,-12.600,-9.300,-8.500,-6.900,0.500
'[00:00:05.677 01/01/2011]',7.500,-12.600,-9.500,-8.700,-6.700,0.500
'[00:00:05.678 01/01/2011]',7.700,-12.800,-9.800,-8.800,-6.500,0.500
'[00:00:05.679 01/01/2011]',8.200,-13.400,-10.200,-8.900,-6.400,0.500
'[00:00:05.680 01/01/2011]',8.500,-14.300,-10.600,-9.000,-6.500,0.500
'[00:00:05.681 01/01/2011]',8.200,-15.300,-10.900,-9.300,-6.900,0.500
'[00:00:05.682 01/01/2011]',7.100,-16.300,-11.100,-9.900,-7.600,0.500
'[00:00:05.683 01/01/2011]',5.400,-17.000,-11.200,-10.500,-8.100,0.500
'[00:00:05.684 01/01/2011]',4.000,-17.400,-11.200,-11.000,-8.300,0.500
'[00:00:05.685 01/01/2011]',3.300,-17.400,-11.100,-11.300,-8.200,0.500
'[00:00:05.686 01/01/2011]',3.600,-17.100,-11.200,-11.300,-7.700,0.500
'[00:00:05.687 01/01/2011]',4.600,-16.800,-11.500,-11.200,-7.300,0.500
'[00:00:05.688 01/01/2011]',5.600,-16.800,-11.900,-11.000,-7.100,0.500
'[00:00:05.689 01/01/2011]',6.100,-17.100,-12.400,-11.200,-7.300,0.500
'[00:00:05.690 01/01/2011]',5.700,-17.800,-12.900,-11.500,-7.800,0.500
'[00:00:05.691 01/01/2011]',4.600,-18.400,-13.400,-12.100,-8.500,0.500
'[00:00:05.692 01/01/2011]',3.200,-18.800,-13.700,-12.600,-9.100,0.500
'[00:00:05.693 01/01/2011]',2.000,-18.700,-14.000,-12.900,-9.700,0.500
'[00:00:05.694 01/01/2011]',1.400,-18.300,-14.100,-13.100,-10.200,0.500
'[00:00:05.695 01/01/2011]',1.200,-17.900,-14.300,-13.400,-10.900,0.500
'[00:00:05.696 01/01/2011]',1.500,-17.800,-14.400,-13.800,-11.700,0.500
'[00:00:05.697 01/01/2011]',1.900,-18.100,-14.500,-14.400,-12.600,0.500
'[00:00:05.698 01/01/2011]',2.200,-18.700,-14.700,-15.100,-13.300,0.500
'[00:00:05.699 01/01/2011]',2.300,-19.300,-14.800,-15.700,-13.500,0.500
'[00:00:05.700 01/01/2011]',2.100,-19.500,-14.900,-16.000,-13.400,0.500
'[00:00:05.701 01/01/2011]',1.700,-19.300,-14.800,-16.000,-13.100,0.500
'[00:00:05.702 01/01/2011]',1.400,-18.700,-14.400,-15.700,-12.700,0.500
'[00:00:05.703 01/01/2011]',1.300,-17.900,-13.700,-15.400,-12.600,0.500
'[00:00:05.704 01/01/2011]',1.800,-17.200,-12.800,-15.100,-12.500,0.500
'[00:00:05.705 01/01/2011]',2.700,-16.800,-12.000,-14.700,-12.500,0.500
'[00:00:05.706 01/01/2011]',3.800,-16.700,-11.400,-14.500,-12.300,0.500
'[00:00:05.707 01/01/2011]',4.600,-16.900,-11.100,-14.200,-11.900,0.500
'[00:00:05.708 01/01/2011]',4.600,-17.300,-11.000,-14.100,-11.400,0.500
'[00:00:05.709 01/01/2011]',3.800,-17.700,-11.100,-14.100,-11.000,0.500
'[00:00:05.710 01/01/2011]',2.400,-18.000,-11.200,-14.200,-11.000,0.500
'[00:00:05.711 01/01/2011]',0.800,-18.300,-11.300,-14.300,-11.300,0.500
'[00:00:05.712 01/01/2011]',-0.400,-18.300,-11.400,-14.400,-11.900,0.500
'[00:00:05.713 01/01/2011]',-1.300,-18.100,-11.500,-14.300,-12.600,0.500
'[00:00:05.714 01/01/2011]',-2.000,-17.800,-11.800,-14.200,-13.300,0.500
'[00:00:05.715 01/01/2011]',-2.600,-17.400,-12.000,-14.200,-13.800,0.500
'[00:00:05.716 01/01/2011]',-3.300,-17.000,-12.300,-14.300,-14.100,0.500
'[00:00:05.717 01/01/2011]',-4.000,-16.700,-12.500,-14.400,-14.300,0.500
'[00:00:05.718 01/01/2011]',-4.200,-16.700,-12.600,-14.500,-14.500,0.500
'[00:00:05.719 01/01/2011]',-3.800,-16.800,-12.700,-14.600,-14.600,0.500
'[00:00:05.720 01/01/2011]',-2.900,-16.900,-12.800,-14.500,-14.600,0.500
'[00:00:05.721 01/01/2011]',-1.700,-17.100,-12.700,-14.400,-14.600,0.500
'[00:00:05.722 01/01/2011]',-0.800,-17.200,-12.600,-14.400,-14.600,0.500
'[00:00:05.723 01/01/2011]',-0.500,-17.200,-12.300,-14.500,-14.500,0.500
'[00:00:05.724 01/01/2011]',-0.900,-17.300,-11.900,-14.500,-14.300,0.500
'[00:00:05.725 01/01/2011]',-1.600,-17.500,-11.600,-14.300,-14.000,0.500
'[00:00:05.726 01/01/2011]',-2.300,-17.700,-11.400,-14.000,-13.800,0.500
'[00:00:05.727 01/01/2011]',-2.500,-17.800,-11.400,-13.500,-13.700,0.500
'[00:00:05.728 01/01/2011]',-2.200,-17.600,-11.400,-13.000,-13.800,0.500
'[00:00:05.729 01/01/2011]',-1.800,-17.300,-11.400,-12.700,-14.100,0.500
'[00:00:05.730 01/01/2011]',-1.600,-16.700,-11.100,-12.500,-14.500,0.500
'[00:00:05.731 01/01/2011]',-1.900,-16.000,-10.500,-12.600,-14.700,0.500
'[00:00:05.732 01/01/2011]',-2.700,-15.400,-9.400,-12.700,-14.800,0.500
'[00:00:05.733 01/01/2011]',-3.700,-14.800,-8.000,-12.700,-14.800,0.500
'[00:00:05.734 01/01/2011]',-4.600,-14.200,-6.400,-12.600,-14.900,0.500
'[00:00:05.735 01/01/2011]',-5.200,-13.500,-4.500,-12.300,-15.100,0.500
'[00:00:05.736 01/01/2011]',-5.300,-12.500,-2.300,-11.800,-15.700,0.500
'[00:00:05.737 01/01/2011]',-5.100,-11.500,0.100,-11.100,-16.400,0.500
'[00:00:05.738 01/01/2011]',-4.900,-10.500,2.700,-10.200,-17.000,0.500
'[00:00:05.739 01/01/2011]',-5.000,-9.700,5.600,-9.100,-17.400,0.500
'[00:00:05.740 01/01/2011]',-5.600,-9.200,8.400,-7.900,-17.300,0.500
'[00:00:05.741 01/01/2011]',-6.400,-8.900,11.100,-6.800,-16.600,0.500
'[00:00:05.742 01/01/2011]',-7.300,-8.800,13.400,-5.600,-15.300,0.500
'[00:00:05.743 01/01/2011]',-7.900,-8.700,15.400,-4.400,-13.500,0.500
'[00:00:05.744 01/01/2011]',-7.900,-8.700,17.400,-2.900,-11.200,0.500
'[00:00:05.745 01/01/2011]',-7.500,-8.600,19.400,-1.200,-8.400,0.500
'[00:00:05.746 01/01/2011]',-7.000,-8.500,21.600,0.800,-5.200,0.500
'[00:00:05.747 01/01/2011]',-6.700,-8.200,24.000,2.900,-1.500,0.500
'[00:00:05.748 01/01/2011]',-6.900,-7.900,26.400,4.900,2.600,0.500
'[00:00:05.749 01/01/2011]',-7.400,-7.600,28.600,6.800,7.100,0.500
'[00:00:05.750 01/01/2011]',-8.100,-7.500,30.200,8.700,12.000,0.500
'[00:00:05.751 01/01/2011]',-8.500,-7.800,31.400,10.500,17.300,0.500
'[00:00:05.752 01/01/2011]',-8.700,-8.700,31.900,12.500,23.000,0.500
'[00:00:05.753 01/01/2011]',-9.000,-10.000,31.800,14.400,28.800,0.500
'[00:00:05.754 01/01/2011]',-9.500,-11.600,30.900,16.300,34.801,0.500
'[00:00:05.755 01/01/2011]',-10.600,-13.300,29.400,17.700,40.501,0.500
'[00:00:05.756 01/01/2011]',-12.200,-15.200,27.000,18.600,46.001,0.500
'[00:00:05.757 01/01/2011]',-13.700,-17.100,24.200,19.000,51.301,0.500
'[00:00:05.758 01/01/2011]',-14.700,-19.300,21.000,19.100,56.501,0.500
'[00:00:05.759 01/01/2011]',-15.000,-21.900,17.700,19.200,61.801,0.500
'[00:00:05.760 01/01/2011]',-14.700,-24.900,14.600,19.600,67.501,0.500
'[00:00:05.761 01/01/2011]',-14.200,-28.000,11.500,20.200,73.301,0.500
'[00:00:05.762 01/01/2011]',-13.600,-31.200,8.500,21.000,79.201,0.500
'[00:00:05.763 01/01/2011]',-13.200,-34.201,5.700,21.800,84.701,0.500
'[00:00:05.764 01/01/2011]',-13.200,-36.701,3.000,22.300,89.401,0.500
'[00:00:05.765 01/01/2011]',-13.500,-38.601,0.400,22.500,92.901,0.500
'[00:00:05.766 01/01/2011]',-14.200,-40.101,-2.000,22.200,94.901,0.500
'[00:00:05.767 01/01/2011]',-15.000,-41.301,-4.200,21.400,95.401,0.500
'[00:00:05.768 01/01/2011]',-16.000,-42.201,-6.300,20.200,94.401,0.500
'[00:00:05.769 01/01/2011]',-16.600,-42.801,-8.400,18.400,92.001,0.500
'[00:00:05.770 01/01/2011]',-16.500,-43.001,-10.500,16.300,88.401,0.500
'[00:00:05.771 01/01/2011]',-15.400,-42.601,-12.800,13.800,83.701,0.500
'[00:00:05.772 01/01/2011]',-13.500,-41.801,-15.400,11.000,77.901,0.500
'[00:00:05.773 01/01/2011]',-11.200,-40.801,-18.500,7.900,71.001,0.500
'[00:00:05.774 01/01/2011]',-9.000,-40.001,-21.900,4.400,63.301,0.500
'[00:00:05.775 01/01/2011]',-7.200,-39.901,-25.900,0.600,55.301,0.500
'[00:00:05.776 01/01/2011]',-5.900,-40.401,-30.100,-3.300,47.401,0.500
'[00:00:05.777 01/01/2011]',-4.800,-41.401,-34.601,-7.200,40.301,0.500
'[00:00:05.778 01/01/2011]',-3.600,-42.301,-39.101,-10.800,33.901,0.500
'[00:00:05.779 01/01/2011]',-2.000,-42.801,-43.301,-13.900,28.000,0.500
'[00:00:05.780 01/01/2011]',0.100,-42.701,-47.201,-16.800,22.000,0.500
'[00:00:05.781 01/01/2011]',2.600,-42.101,-50.501,-19.600,15.500,0.500
'[00:00:05.782 01/01/2011]',5.000,-41.401,-53.001,-22.300,8.600,0.500
'[00:00:05.783 01/01/2011]',7.000,-40.801,-54.601,-25.000,1.800,0.500
'[00:00:05.784 01/01/2011]',8.500,-40.501,-55.201,-27.400,-4.100,0.500
'[00:00:05.785 01/01/2011]',9.400,-40.101,-54.801,-29.200,-8.700,0.500
'[00:00:05.786 01/01/2011]',9.800,-39.501,-53.701,-30.300,-12.000,0.500
'[00:00:05.787 01/01/2011]',9.800,-38.601,-52.101,-30.600,-14.400,0.500
'[00:00:05.788 01/01/2011]',9.600,-37.301,-50.201,-30.500,-16.400,0.500
'[00:00:05.789 01/01/2011]',9.100,-35.801,-48.101,-30.200,-18.400,0.500
'[00:00:05.790 01/01/2011]',8.400,-34.101,-45.901,-29.700,-20.400,0.500
'[00:00:05.791 01/01/2011]',7.300,-32.400,-43.701,-29.000,-22.000,0.500
'[00:00:05.792 01/01/2011]',6.100,-30.800,-41.501,-28.300,-23.000,0.500
'[00:00:05.793 01/01/2011]',4.800,-29.300,-39.301,-27.300,-23.200,0.500
'[00:00:05.794 01/01/2011]',3.500,-28.000,-36.901,-26.200,-22.900,0.500
'[00:00:05.795 01/01/2011]',2.400,-26.900,-34.301,-25.000,-22.400,0.500
'[00:00:05.796 01/01/2011]',1.400,-26.200,-31.500,-23.800,-21.900,0.500
'[00:00:05.797 01/01/2011]',0.500,-25.700,-28.500,-22.600,-21.500,0.500
'[00:00:05.798 01/01/2011]',-0.200,-25.300,-25.400,-21.500,-21.100,0.500
'[00:00:05.799 01/01/2011]',-1.000,-25.000,-22.500,-20.600,-20.400,0.500
'[00:00:05.800 01/01/2011]',-1.600,-24.500,-19.800,-19.900,-19.600,0.500
'[00:00:05.801 01/01/2011]',-2.200,-24.000,-17.500,-19.300,-18.600,0.500
'[00:00:05.802 01/01/2011]',-2.800,-23.500,-15.400,-18.900,-17.700,0.500
'[00:00:05.803 01/01/2011]',-3.500,-23.100,-13.600,-18.400,-17.000,0.500
'[00:00:05.804 01/01/2011]',-4.500,-22.800,-12.000,-17.800,-16.500,0.500
'[00:00:05.805 01/01/2011]',-5.500,-22.600,-10.900,-17.100,-16.100,0.500
'[00:00:05.806 01/01/2011]',-6.500,-22.300,-10.200,-16.400,-15.800,0.500
'[00:00:05.807 01/01/2011]',-7.200,-21.800,-9.800,-15.800,-15.400,0.500
'[00:00:05.808 01/01/2011]',-7.300,-21.000,-9.500,-15.200,-15.200,0.500
'[00:00:05.809 01/01/2011]',-6.900,-20.000,-9.100,-14.600,-15.100,0.500
'[00:00:05.810 01/01/2011]',-6.000,-18.900,-8.500,-13.800,-15.200,0.500
'[00:00:05.811 01/01/2011]',-5.000,-18.000,-7.800,-12.900,-15.500,0.500
'[00:00:05.812 01/01/2011]',-4.200,-17.500,-7.200,-11.900,-16.000,0.500
'[00:00:05.813 01/01/2011]',-3.900,-17.200,-6.800,-11.300,-16.500,0.500
'[00:00:05.814 01/01/2011]',-4.100,-17.200,-6.800,-11.200,-17.000,0.500
'[00:00:05.815 01/01/2011]',-4.900,-17.300,-7.100,-11.600,-17.400,0.500
'[00:00:05.816 01/01/2011]',-6.000,-17.300,-7.500,-12.300,-17.500,0.500
'[00:00:05.817 01/01/2011]',-7.200,-17.300,-7.600,-12.800,-17.400,0.500
'[00:00:05.818 01/01/2011]',-8.100,-17.200,-7.500,-12.800,-17.100,0.500
'[00:00:05.819 01/01/2011]',-8.400,-17.100,-7.100,-12.300,-16.900,0.500
'[00:00:05.820 01/01/2011]',-8.200,-17.000,-6.700,-11.600,-16.700,0.500
'[00:00:05.821 01/01/2011]',-7.400,-16.900,-6.500,-11.100,-16.700,0.500
'[00:00:05.822 01/01/2011]',-6.400,-16.800,-6.400,-10.900,-16.800,0.500
'[00:00:05.823 01/01/2011]',-5.700,-16.800,-6.500,-11.100,-16.800,0.500
'[00:00:05.824 01/01/2011]',-5.700,-16.900,-6.500,-11.500,-16.500,0.500
'[00:00:05.825 01/01/2011]',-6.600,-16.900,-6.300,-11.800,-15.900,0.500
'[00:00:05.826 01/01/2011]',-7.800,-16.800,-5.900,-11.700,-15.100,0.500
'[00:00:05.827 01/01/2011]',-8.900,-16.400,-5.300,-11.500,-14.300,0.500
'[00:00:05.828 01/01/2011]',-9.100,-15.900,-4.700,-11.300,-13.700,0.500
'[00:00:05.829 01/01/2011]',-8.100,-15.300,-4.300,-11.400,-13.600,0.500
'[00:00:05.830 01/01/2011]',-6.400,-14.800,-4.100,-11.900,-13.700,0.500
'[00:00:05.831 01/01/2011]',-4.700,-14.600,-4.300,-12.400,-14.000,0.500
'[00:00:05.832 01/01/2011]',-3.800,-14.600,-4.600,-12.800,-14.100,0.500
'[00:00:05.833 01/01/2011]',-4.100,-14.700,-4.900,-12.700,-13.900,0.500
'[00:00:05.834 01/01/2011]',-5.200,-14.700,-5.100,-12.300,-13.500,0.500
'[00:00:05.835 01/01/2011]',-6.200,-14.400,-5.100,-11.700,-13.100,0.500
'[00:00:05.836 01/01/2011]',-6.600,-14.000,-4.900,-11.200,-12.900,0.500
'[00:00:05.837 01/01/2011]',-6.200,-13.700,-4.700,-11.000,-12.900,0.500
'[00:00:05.838 01/01/2011]',-5.700,-13.500,-4.500,-11.100,-13.200,0.500
'[00:00:05.839 01/01/2011]',-5.900,-13.500,-4.400,-11.300,-13.700,0.500
'[00:00:05.840 01/01/2011]',-7.000,-13.800,-4.400,-11.600,-14.100,0.500
'[00:00:05.841 01/01/2011]',-8.800,-14.200,-4.500,-11.700,-14.500,0.500
'[00:00:05.842 01/01/2011]',-10.300,-14.500,-4.600,-11.700,-14.600,0.500
'[00:00:05.843 01/01/2011]',-10.600,-14.500,-4.600,-11.600,-14.500,0.500
'[00:00:05.844 01/01/2011]',-9.400,-14.200,-4.500,-11.300,-14.200,0.500
'[00:00:05.845 01/01/2011]',-7.400,-14.000,-4.300,-11.100,-13.800,0.500
'[00:00:05.846 01/01/2011]',-5.800,-13.800,-4.100,-10.900,-13.600,0.500
'[00:00:05.847 01/01/2011]',-5.600,-13.900,-3.800,-10.900,-13.500,0.500
'[00:00:05.848 01/01/2011]',-6.900,-14.000,-3.700,-11.200,-13.600,0.500
'[00:00:05.849 01/01/2011]',-9.200,-14.100,-3.700,-11.800,-13.800,0.500
'[00:00:05.850 01/01/2011]',-11.200,-14.000,-3.700,-12.500,-14.200,0.500
'[00:00:05.851 01/01/2011]',-12.100,-13.500,-3.700,-13.000,-14.400,0.500
'[00:00:05.852 01/01/2011]',-11.500,-12.900,-3.500,-13.200,-14.400,0.500
'[00:00:05.853 01/01/2011]',-9.900,-12.400,-3.200,-13.100,-14.300,0.500
'[00:00:05.854 01/01/2011]',-8.100,-12.200,-2.900,-12.900,-14.200,0.500
'[00:00:05.855 01/01/2011]',-7.100,-12.300,-2.800,-12.800,-14.100,0.500
'[00:00:05.856 01/01/2011]',-7.100,-12.600,-3.100,-12.900,-14.300,0.500
'[00:00:05.857 01/01/2011]',-8.100,-13.000,-3.800,-13.200,-14.400,0.500
'[00:00:05.858 01/01/2011]',-9.500,-13.300,-4.700,-13.700,-14.500,0.500
'[00:00:05.859 01/01/2011]',-10.800,-13.400,-5.500,-14.000,-14.500,0.500
'[00:00:05.860 01/01/2011]',-11.400,-13.500,-6.000,-14.200,-14.400,0.500
'[00:00:05.861 01/01/2011]',-11.300,-13.600,-6.300,-14.200,-14.600,0.500
'[00:00:05.862 01/01/2011]',-10.800,-13.900,-6.400,-14.100,-15.200,0.500
'[00:00:05.863 01/01/2011]',-10.500,-14.300,-6.500,-14.100,-16.200,0.500
'[00:00:05.864 01/01/2011]',-10.900,-14.800,-7.000,-14.300,-17.500,0.500
'[00:00:05.865 01/01/2011]',-12.200,-15.300,-7.900,-14.900,-18.800,0.500
'[00:00:05.866 01/01/2011]',-14.200,-15.800,-9.100,-15.600,-19.900,0.500
'[00:00:05.867 01/01/2011]',-16.500,-16.300,-10.400,-16.400,-20.600,0.500
'[00:00:05.868 01/01/2011]',-18.300,-16.500,-11.400,-16.900,-20.900,0.500
'[00:00:05.869 01/01/2011]',-19.000,-16.400,-11.900,-16.700,-20.700,0.500
'[00:00:05.870 01/01/2011]',-18.400,-15.800,-11.600,-15.800,-20.100,0.500
'[00:00:05.871 01/01/2011]',-16.500,-14.800,-10.700,-14.400,-19.100,0.500
'[00:00:05.872 01/01/2011]',-13.600,-13.500,-9.300,-12.900,-17.800,0.500
'[00:00:05.873 01/01/2011]',-9.800,-12.200,-7.800,-11.700,-16.500,0.500
'[00:00:05.874 01/01/2011]',-5.200,-11.400,-6.400,-11.100,-15.400,0.500
'[00:00:05.875 01/01/2011]',0.600,-11.000,-5.200,-11.000,-14.800,0.500
'[00:00:05.876 01/01/2011]',7.700,-11.100,-3.900,-10.900,-14.300,0.500
'[00:00:05.877 01/01/2011]',16.200,-11.400,-2.400,-10.500,-13.700,0.500
'[00:00:05.878 01/01/2011]',25.800,-11.500,-0.400,-9.400,-12.600,0.500
'[00:00:05.879 01/01/2011]',36.001,-11.300,2.000,-7.800,-10.800,0.500
'[00:00:05.880 01/01/2011]',45.601,-11.000,4.300,-6.200,-8.500,0.500
'[00:00:05.881 01/01/2011]',53.801,-10.600,6.200,-4.900,-6.100,0.500
'[00:00:05.882 01/01/2011]',59.701,-10.300,7.400,-4.200,-3.900,0.500
'[00:00:05.883 01/01/2011]',63.301,-10.100,8.200,-3.800,-2.000,0.500
'[00:00:05.884 01/01/2011]',65.301,-9.800,8.800,-3.200,-0.300,0.500
'[00:00:05.885 01/01/2011]',66.401,-9.200,9.800,-2.300,1.300,0.500
'[00:00:05.886 01/01/2011]',67.401,-8.400,11.200,-1.000,2.900,0.500
'[00:00:05.887 01/01/2011]',68.301,-7.600,12.700,0.300,4.300,0.500
'[00:00:05.888 01/01/2011]',68.701,-7.000,13.900,1.200,5.200,0.500
'[00:00:05.889 01/01/2011]',67.801,-6.600,14.400,1.600,5.800,0.500
'[00:00:05.890 01/01/2011]',65.501,-6.400,14.300,1.500,5.900,0.500
'[00:00:05.891 01/01/2011]',62.001,-6.200,13.800,1.200,5.900,0.500
'[00:00:05.892 01/01/2011]',58.401,-5.700,13.300,1.000,5.900,0.500
'[00:00:05.893 01/01/2011]',55.401,-5.000,13.100,0.900,5.800,0.500
'[00:00:05.894 01/01/2011]',53.501,-4.300,13.100,0.800,5.300,0.500
'[00:00:05.895 01/01/2011]',51.901,-4.200,12.900,0.200,4.100,0.500
'[00:00:05.896 01/01/2011]',49.601,-4.600,11.900,-1.100,2.100,0.500
'[00:00:05.897 01/01/2011]',45.101,-5.700,9.900,-3.000,-0.700,0.500
'[00:00:05.898 01/01/2011]',37.701,-7.200,6.700,-5.400,-3.900,0.500
'[00:00:05.899 01/01/2011]',27.400,-8.600,2.900,-7.700,-7.000,0.500
'[00:00:05.900 01/01/2011]',15.100,-9.800,-0.900,-9.700,-9.800,0.500
'[00:00:05.901 01/01/2011]',2.100,-10.600,-4.000,-11.100,-12.000,0.500
'[00:00:05.902 01/01/2011]',-10.000,-11.100,-6.100,-12.000,-13.600,0.500
'[00:00:05.903 01/01/2011]',-19.800,-11.200,-6.900,-12.500,-14.500,0.500
'[00:00:05.904 01/01/2011]',-26.200,-11.200,-6.900,-12.500,-14.900,0.500
'[00:00:05.905 01/01/2011]',-28.800,-11.000,-6.200,-12.300,-14.800,0.500
'[00:00:05.906 01/01/2011]',-27.800,-10.600,-5.200,-11.700,-14.200,0.500
'[00:00:05.907 01/01/2011]',-24.100,-10.100,-4.200,-10.900,-13.300,0.500
'[00:00:05.908 01/01/2011]',-19.100,-9.600,-3.400,-9.900,-12.100,0.500
'[00:00:05.909 01/01/2011]',-14.300,-9.000,-2.600,-9.100,-10.900,0.500
'[00:00:05.910 01/01/2011]',-10.400,-8.400,-2.100,-8.500,-10.000,0.500
'[00:00:05.911 01/01/2011]',-7.800,-7.800,-1.800,-8.300,-9.500,0.500
'[00:00:05.912 01/01/2011]',-6.000,-7.500,-1.600,-8.600,-9.600,0.500
'[00:00:05.913 01/01/2011]',-4.400,-7.500,-1.700,-9.200,-10.100,0.500
'[00:00:05.914 01/01/2011]',-2.700,-7.700,-2.000,-9.900,-10.700,0.500
'[00:00:05.915 01/01/2011]',-0.900,-8.100,-2.300,-10.400,-11.100,0.500
'[00:00:05.916 01/01/2011]',0.600,-8.500,-2.600,-10.700,-11.200,0.500
'[00:00:05.917 01/01/2011]',1.200,-8.900,-2.900,-10.500,-11.100,0.500
'[00:00:05.918 01/01/2011]',0.700,-9.300,-3.100,-10.200,-10.900,0.500
'[00:00:05.919 01/01/2011]',-0.700,-9.800,-3.300,-10.000,-10.900,0.500
'[00:00:05.920 01/01/2011]',-2.200,-10.300,-3.500,-10.100,-11.300,0.500
'[00:00:05.921 01/01/2011]',-3.200,-10.700,-3.700,-10.700,-11.900,0.500
'[00:00:05.922 01/01/2011]',-3.400,-10.900,-4.000,-11.700,-12.400,0.500
'[00:00:05.923 01/01/2011]',-2.800,-10.600,-4.300,-12.700,-12.500,0.500
'[00:00:05.924 01/01/2011]',-2.200,-10.200,-4.400,-13.400,-12.200,0.500
'[00:00:05.925 01/01/2011]',-1.900,-9.900,-4.400,-13.500,-11.600,0.500
'[00:00:05.926 01/01/2011]',-2.200,-9.800,-4.200,-13.000,-11.000,0.500
'[00:00:05.927 01/01/2011]',-2.700,-10.000,-3.900,-12.200,-10.700,0.500
'[00:00:05.928 01/01/2011]',-2.900,-10.400,-3.800,-11.300,-10.700,0.500
'[00:00:05.929 01/01/2011]',-2.500,-10.400,-3.800,-10.900,-10.900,0.500
'[00:00:05.930 01/01/2011]',-1.800,-10.000,-4.000,-11.000,-11.100,0.500
'[00:00:05.931 01/01/2011]',-1.100,-9.200,-4.200,-11.400,-11.200,0.500
'[00:00:05.932 01/01/2011]',-0.900,-8.400,-4.400,-11.900,-11.100,0.500
'[00:00:05.933 01/01/2011]',-1.300,-7.800,-4.500,-12.300,-10.900,0.500
'[00:00:05.934 01/01/2011]',-2.000,-7.800,-4.500,-12.200,-10.700,0.500
'[00:00:05.935 01/01/2011]',-2.600,-8.300,-4.300,-11.800,-10.600,0.500
'[00:00:05.936 01/01/2011]',-2.500,-8.900,-4.000,-11.200,-10.500,0.500
'[00:00:05.937 01/01/2011]',-1.900,-9.500,-3.600,-10.700,-10.300,0.500
'[00:00:05.938 01/01/2011]',-1.200,-9.800,-3.300,-10.400,-10.200,0.500
'[00:00:05.939 01/01/2011]',-0.600,-9.900,-3.100,-10.300,-10.100,0.500
'[00:00:05.940 01/01/2011]',-0.700,-9.800,-3.200,-10.400,-10.000,0.500
'[00:00:05.941 01/01/2011]',-1.200,-9.900,-3.400,-10.500,-9.900,0.500
'[00:00:05.942 01/01/2011]',-1.800,-10.100,-3.800,-10.400,-9.700,0.500
'[00:00:05.943 01/01/2011]',-2.100,-10.400,-4.200,-10.200,-9.300,0.500
'[00:00:05.944 01/01/2011]',-1.900,-10.700,-4.400,-10.000,-8.800,0.500
'[00:00:05.945 01/01/2011]',-1.300,-11.000,-4.500,-10.000,-8.300,0.500
'[00:00:05.946 01/01/2011]',-0.900,-11.100,-4.400,-10.200,-8.000,0.500
'[00:00:05.947 01/01/2011]',-1.000,-11.100,-4.300,-10.600,-8.100,0.500
'[00:00:05.948 01/01/2011]',-1.500,-11.000,-4.300,-11.000,-8.400,0.500
'[00:00:05.949 01/01/2011]',-2.300,-10.800,-4.500,-11.400,-8.800,0.500
'[00:00:05.950 01/01/2011]',-2.800,-10.600,-5.000,-11.700,-9.200,0.500
'[00:00:05.951 01/01/2011]',-2.700,-10.300,-5.400,-11.800,-9.400,0.500
'[00:00:05.952 01/01/2011]',-2.100,-10.100,-5.900,-11.900,-9.400,0.500
'[00:00:05.953 01/01/2011]',-1.400,-9.900,-6.100,-11.900,-9.500,0.500
'[00:00:05.954 01/01/2011]',-1.000,-9.800,-6.200,-11.900,-9.600,0.500
'[00:00:05.955 01/01/2011]',-1.100,-9.600,-6.200,-11.600,-9.700,0.500
'[00:00:05.956 01/01/2011]',-1.400,-9.600,-6.000,-11.200,-9.500,0.500
'[00:00:05.957 01/01/2011]',-1.400,-9.700,-5.700,-10.600,-9.000,0.500
'[00:00:05.958 01/01/2011]',-0.900,-10.100,-5.400,-10.000,-8.100,0.500
'[00:00:05.959 01/01/2011]',-0.100,-10.600,-5.100,-9.700,-7.100,0.500
'[00:00:05.960 01/01/2011]',0.300,-11.300,-4.900,-9.700,-6.200,0.500
'[00:00:05.961 01/01/2011]',0.000,-11.700,-4.800,-9.900,-5.700,0.500
'[00:00:05.962 01/01/2011]',-0.900,-12.000,-4.700,-10.200,-5.600,0.500
'[00:00:05.963 01/01/2011]',-2.100,-11.900,-4.600,-10.300,-5.600,0.500
'[00:00:05.964 01/01/2011]',-2.800,-11.800,-4.600,-10.100,-5.600,0.500
'[00:00:05.965 01/01/2011]',-2.700,-11.600,-4.600,-9.700,-5.400,0.500
'[00:00:05.966 01/01/2011]',-2.100,-11.500,-4.600,-9.200,-4.800,0.500
'[00:00:05.967 01/01/2011]',-1.500,-11.400,-4.700,-8.800,-4.200,0.500
'[00:00:05.968 01/01/2011]',-1.400,-11.300,-4.700,-8.500,-3.600,0.500
'[00:00:05.969 01/01/2011]',-1.700,-11.000,-4.700,-8.500,-3.200,0.500
'[00:00:05.970 01/01/2011]',-1.900,-10.700,-4.600,-8.600,-3.000,0.500
'[00:00:05.971 01/01/2011]',-1.700,-10.600,-4.500,-8.700,-2.900,0.500
'[00:00:05.972 01/01/2011]',-0.800,-10.600,-4.400,-8.600,-2.600,0.500
'[00:00:05.973 01/01/2011]',0.100,-10.800,-4.400,-8.200,-2.100,0.500
'[00:00:05.974 01/01/2011]',0.400,-10.900,-4.200,-7.800,-1.400,0.500
'[00:00:05.975 01/01/2011]',-0.500,-10.800,-3.800,-7.400,-0.700,0.500
'[00:00:05.976 01/01/2011]',-2.200,-10.500,-3.200,-7.000,0.000,0.500
'[00:00:05.977 01/01/2011]',-4.000,-10.100,-2.400,-6.800,0.600,0.500
'[00:00:05.978 01/01/2011]',-5.200,-9.900,-1.500,-6.700,1.300,0.500
'[00:00:05.979 01/01/2011]',-5.200,-10.000,-0.900,-6.500,2.000,0.500
'[00:00:05.980 01/01/2011]',-4.500,-10.400,-0.500,-6.500,2.600,0.500
'[00:00:05.981 01/01/2011]',-3.700,-10.800,-0.400,-6.600,3.100,0.500
'[00:00:05.982 01/01/2011]',-3.400,-11.200,-0.600,-6.900,3.600,0.500
'[00:00:05.983 01/01/2011]',-3.900,-11.500,-0.800,-7.300,3.900,0.500
'[00:00:05.984 01/01/2011]',-4.600,-11.600,-1.100,-7.700,4.200,0.500
'[00:00:05.985 01/01/2011]',-5.300,-11.600,-1.500,-7.900,4.600,0.500
'[00:00:05.986 01/01/2011]',-5.500,-11.700,-1.800,-7.600,5.100,0.500
'[00:00:05.987 01/01/2011]',-5.400,-11.700,-2.100,-7.100,5.500,0.500
'[00:00:05.988 01/01/2011]',-5.300,-11.700,-2.400,-6.500,5.900,0.500
'[00:00:05.989 01/01/2011]',-5.500,-11.700,-2.600,-6.100,6.100,0.500
'[00:00:05.990 01/01/2011]',-5.800,-11.600,-2.800,-6.000,6.300,0.500
'[00:00:05.991 01/01/2011]',-6.100,-11.700,-3.000,-6.000,6.600,0.500
'[00:00:05.992 01/01/2011]',-6.000,-11.700,-3.200,-6.300,6.900,0.500
'[00:00:05.993 01/01/2011]',-5.600,-11.900,-3.400,-6.600,7.300,0.500
'[00:00:05.994 01/01/2011]',-5.300,-12.100,-3.600,-6.900,7.400,0.500
'[00:00:05.995 01/01/2011]',-5.600,-12.300,-3.900,-7.300,7.400,0.500
'[00:00:05.996 01/01/2011]',-6.800,-12.700,-4.100,-7.600,7.200,0.500
'[00:00:05.997 01/01/2011]',-8.700,-13.300,-4.300,-7.700,7.300,0.500
'[00:00:05.998 01/01/2011]',-10.500,-13.900,-4.400,-7.600,7.800,0.500
'[00:00:05.999 01/01/2011]',-11.300,-14.400,-4.100,-7.200,8.800,0.500
'[00:00:06.000 01/01/2011]',-10.700,-14.700,-3.700,-6.700,10.100,0.500
'[00:00:06.001 01/01/2011]',-9.000,-14.700,-3.100,-6.000,11.300,0.500
'[00:00:06.002 01/01/2011]',-6.800,-14.500,-2.700,-5.400,12.100,0.500
'[00:00:06.003 01/01/2011]',-5.200,-14.400,-2.500,-4.900,12.400,0.500
'[00:00:06.004 01/01/2011]',-4.400,-14.500,-2.600,-4.500,12.400,0.500
'[00:00:06.005 01/01/2011]',-4.600,-14.800,-2.700,-4.300,12.200,0.500
'[00:00:06.006 01/01/2011]',-5.100,-15.300,-2.800,-4.300,12.100,0.500
'[00:00:06.007 01/01/2011]',-5.500,-15.700,-2.700,-4.600,12.200,0.500
'[00:00:06.008 01/01/2011]',-5.600,-15.800,-2.500,-5.000,12.400,0.500
'[00:00:06.009 01/01/2011]',-5.500,-15.700,-2.200,-5.300,12.600,0.500
'[00:00:06.010 01/01/2011]',-5.400,-15.500,-2.000,-5.600,12.800,0.500
'[00:00:06.011 01/01/2011]',-5.600,-15.300,-2.000,-5.600,12.900,0.500
'[00:00:06.012 01/01/2011]',-6.000,-15.200,-2.000,-5.400,13.000,0.500
'[00:00:06.013 01/01/2011]',-6.500,-15.300,-2.200,-5.400,13.100,0.500
'[00:00:06.014 01/01/2011]',-6.900,-15.400,-2.300,-5.400,13.100,0.500
'[00:00:06.015 01/01/2011]',-6.800,-15.600,-2.500,-5.700,13.000,0.500
'[00:00:06.016 01/01/2011]',-6.300,-15.900,-2.800,-6.000,12.800,0.500
'[00:00:06.017 01/01/2011]',-5.500,-16.100,-3.100,-6.200,12.600,0.500
'[00:00:06.018 01/01/2011]',-4.600,-16.300,-3.400,-6.100,12.500,0.500
'[00:00:06.019 01/01/2011]',-4.100,-16.500,-3.700,-5.800,12.400,0.500
'[00:00:06.020 01/01/2011]',-4.000,-16.700,-3.800,-5.500,12.300,0.500
'[00:00:06.021 01/01/2011]',-4.400,-16.900,-3.900,-5.400,12.400,0.500
'[00:00:06.022 01/01/2011]',-5.000,-17.200,-4.000,-5.400,12.600,0.500
'[00:00:06.023 01/01/2011]',-5.300,-17.500,-4.100,-5.600,13.000,0.500
'[00:00:06.024 01/01/2011]',-5.000,-17.900,-4.200,-5.800,13.500,0.500
'[00:00:06.025 01/01/2011]',-4.300,-18.400,-4.200,-5.800,14.200,0.500
'[00:00:06.026 01/01/2011]',-3.500,-18.800,-4.100,-5.700,14.900,0.500
'[00:00:06.027 01/01/2011]',-3.000,-18.900,-3.800,-5.600,15.400,0.500
'[00:00:06.028 01/01/2011]',-3.100,-18.900,-3.600,-5.500,15.700,0.500
'[00:00:06.029 01/01/2011]',-3.600,-18.500,-3.400,-5.500,15.700,0.500
'[00:00:06.030 01/01/2011]',-4.000,-18.100,-3.200,-5.700,15.600,0.500
'[00:00:06.031 01/01/2011]',-3.900,-17.500,-2.900,-5.800,15.500,0.500
'[00:00:06.032 01/01/2011]',-3.200,-17.100,-2.600,-5.900,15.400,0.500
'[00:00:06.033 01/01/2011]',-2.400,-16.800,-2.300,-5.800,15.500,0.500
'[00:00:06.034 01/01/2011]',-1.700,-16.700,-2.000,-5.800,15.700,0.500
'[00:00:06.035 01/01/2011]',-1.600,-16.700,-1.700,-5.900,15.900,0.500
'[00:00:06.036 01/01/2011]',-2.000,-16.900,-1.600,-6.000,15.900,0.500
'[00:00:06.037 01/01/2011]',-2.600,-17.100,-1.400,-6.000,15.800,0.500
'[00:00:06.038 01/01/2011]',-3.200,-17.200,-1.000,-5.900,15.500,0.500
'[00:00:06.039 01/01/2011]',-3.400,-17.400,-0.600,-5.500,15.300,0.500
'[00:00:06.040 01/01/2011]',-3.300,-17.600,-0.100,-5.100,15.200,0.500
'[00:00:06.041 01/01/2011]',-3.200,-17.900,0.400,-4.800,15.300,0.500
'[00:00:06.042 01/01/2011]',-3.400,-18.200,0.700,-4.800,15.500,0.500
'[00:00:06.043 01/01/2011]',-3.800,-18.500,0.900,-5.100,15.700,0.500
'[00:00:06.044 01/01/2011]',-4.400,-18.600,1.100,-5.400,15.800,0.500
'[00:00:06.045 01/01/2011]',-5.000,-18.500,1.400,-5.600,15.700,0.500
'[00:00:06.046 01/01/2011]',-5.200,-18.100,1.800,-5.500,15.600,0.500
'[00:00:06.047 01/01/2011]',-5.100,-17.600,2.300,-5.000,15.500,0.500
'[00:00:06.048 01/01/2011]',-4.600,-17.100,2.800,-4.600,15.400,0.500
'[00:00:06.049 01/01/2011]',-4.000,-16.600,3.100,-4.300,15.200,0.500
'[00:00:06.050 01/01/2011]',-3.500,-16.300,3.400,-4.300,15.000,0.500
'[00:00:06.051 01/01/2011]',-3.300,-15.900,3.600,-4.500,14.800,0.500
'[00:00:06.052 01/01/2011]',-3.200,-15.500,3.700,-4.600,14.500,0.500
'[00:00:06.053 01/01/2011]',-3.200,-15.000,3.700,-4.400,14.300,0.500
'[00:00:06.054 01/01/2011]',-3.100,-14.600,3.700,-4.000,14.100,0.500
'[00:00:06.055 01/01/2011]',-3.000,-14.500,3.900,-3.600,13.900,0.500
'[00:00:06.056 01/01/2011]',-3.000,-14.700,4.100,-3.600,13.700,0.500
'[00:00:06.057 01/01/2011]',-3.200,-15.000,4.600,-3.900,13.300,0.500
'[00:00:06.058 01/01/2011]',-3.800,-15.400,5.000,-4.600,12.700,0.500
'[00:00:06.059 01/01/2011]',-4.600,-15.600,5.300,-5.200,12.000,0.500
'[00:00:06.060 01/01/2011]',-5.300,-15.600,5.500,-5.500,11.400,0.500
'[00:00:06.061 01/01/2011]',-5.700,-15.300,5.500,-5.300,11.100,0.500
'[00:00:06.062 01/01/2011]',-5.700,-14.800,5.600,-4.700,11.000,0.500
'[00:00:06.063 01/01/2011]',-5.400,-14.200,5.900,-4.100,11.000,0.500
'[00:00:06.064 01/01/2011]',-5.000,-13.500,6.500,-3.600,11.000,0.500
'[00:00:06.065 01/01/2011]',-4.800,-12.800,7.200,-3.500,10.800,0.500
'[00:00:06.066 01/01/2011]',-4.600,-12.100,7.900,-3.700,10.500,0.500
'[00:00:06.067 01/01/2011]',-4.400,-11.500,8.400,-4.000,10.000,0.500
'[00:00:06.068 01/01/2011]',-4.100,-11.000,8.500,-4.300,9.500,0.500
'[00:00:06.069 01/01/2011]',-3.800,-10.700,8.300,-4.500,9.000,0.500
'[00:00:06.070 01/01/2011]',-3.700,-10.400,8.000,-4.800,8.600,0.500
'[00:00:06.071 01/01/2011]',-4.000,-10.100,7.800,-5.000,8.200,0.500
'[00:00:06.072 01/01/2011]',-4.500,-9.600,8.000,-5.000,7.900,0.500
'[00:00:06.073 01/01/2011]',-4.900,-8.900,8.500,-4.700,7.500,0.500
'[00:00:06.074 01/01/2011]',-4.900,-8.200,9.200,-4.100,7.200,0.500
'[00:00:06.075 01/01/2011]',-4.300,-7.600,10.000,-3.100,7.000,0.500
'[00:00:06.076 01/01/2011]',-3.200,-7.500,10.700,-2.200,6.800,0.500
'[00:00:06.077 01/01/2011]',-2.300,-7.700,11.200,-1.500,6.600,0.500
'[00:00:06.078 01/01/2011]',-1.700,-8.200,11.200,-1.400,6.300,0.500
'[00:00:06.079 01/01/2011]',-1.800,-8.600,10.900,-1.600,5.800,0.500
'[00:00:06.080 01/01/2011]',-2.400,-8.800,10.500,-2.000,5.100,0.500
'[00:00:06.081 01/01/2011]',-3.400,-8.600,10.100,-2.200,4.300,0.500
'[00:00:06.082 01/01/2011]',-4.500,-8.100,10.000,-2.100,3.600,0.500
'[00:00:06.083 01/01/2011]',-5.700,-7.600,10.200,-1.800,3.200,0.500
'[00:00:06.084 01/01/2011]',-6.900,-7.200,10.400,-1.600,3.300,0.500
'[00:00:06.085 01/01/2011]',-7.900,-6.800,10.600,-1.600,3.600,0.500
'[00:00:06.086 01/01/2011]',-8.300,-6.400,10.700,-2.000,4.100,0.500
'[00:00:06.087 01/01/2011]',-7.900,-6.000,10.700,-2.400,4.300,0.500
'[00:00:06.088 01/01/2011]',-6.700,-5.500,10.700,-2.800,4.300,0.500
'[00:00:06.089 01/01/2011]',-5.100,-5.000,10.900,-2.900,3.900,0.500
'[00:00:06.090 01/01/2011]',-3.700,-4.700,11.200,-2.800,3.400,0.500
'[00:00:06.091 01/01/2011]',-3.000,-4.400,11.500,-2.400,2.900,0.500
'[00:00:06.092 01/01/2011]',-3.100,-4.200,11.700,-2.000,2.400,0.500
'[00:00:06.093 01/01/2011]',-3.700,-3.800,11.600,-1.500,2.000,0.500
'[00:00:06.094 01/01/2011]',-4.500,-3.300,11.100,-1.200,1.700,0.500
'[00:00:06.095 01/01/2011]',-5.300,-2.900,10.600,-1.000,1.400,0.500
'[00:00:06.096 01/01/2011]',-6.200,-2.700,10.100,-1.000,1.200,0.500
'[00:00:06.097 01/01/2011]',-7.300,-2.800,10.000,-1.200,1.100,0.500
'[00:00:06.098 01/01/2011]',-8.500,-3.100,10.200,-1.500,1.100,0.500
'[00:00:06.099 01/01/2011]',-9.500,-3.300,10.700,-2.000,1.300,0.500
'[00:00:06.100 01/01/2011]',-9.800,-3.400,11.200,-2.500,1.600,0.500
'[00:00:06.101 01/01/2011]',-9.200,-3.300,11.500,-3.000,1.800,0.500
'[00:00:06.102 01/01/2011]',-8.000,-3.100,11.600,-3.400,1.700,0.500
'[00:00:06.103 01/01/2011]',-6.500,-2.800,11.400,-3.800,1.400,0.500
'[00:00:06.104 01/01/2011]',-5.100,-2.600,11.200,-4.000,0.800,0.500
'[00:00:06.105 01/01/2011]',-4.200,-2.500,11.100,-3.800,0.200,0.500
'[00:00:06.106 01/01/2011]',-3.800,-2.300,11.200,-3.300,-0.300,0.500
'[00:00:06.107 01/01/2011]',-3.800,-2.100,11.300,-2.400,-0.600,0.500
'[00:00:06.108 01/01/2011]',-4.200,-1.900,11.200,-1.700,-0.700,0.500
'[00:00:06.109 01/01/2011]',-4.800,-1.700,10.900,-1.200,-0.800,0.500
'[00:00:06.110 01/01/2011]',-5.300,-1.400,10.400,-1.300,-0.900,0.500
'[00:00:06.111 01/01/2011]',-5.700,-1.000,9.900,-1.800,-1.200,0.500
'[00:00:06.112 01/01/2011]',-5.700,-0.400,9.700,-2.400,-1.500,0.500
'[00:00:06.113 01/01/2011]',-5.600,0.200,9.800,-2.800,-2.000,0.500
'[00:00:06.114 01/01/2011]',-5.500,0.800,10.100,-2.800,-2.400,0.500
'[00:00:06.115 01/01/2011]',-5.900,0.900,10.400,-2.600,-2.700,0.500
'[00:00:06.116 01/01/2011]',-6.600,0.500,10.500,-2.500,-2.800,0.500
'[00:00:06.117 01/01/2011]',-7.600,-0.300,10.500,-2.700,-2.700,0.500
'[00:00:06.118 01/01/2011]',-8.500,-1.200,10.300,-3.000,-2.500,0.500
'[00:00:06.119 01/01/2011]',-9.300,-1.800,10.100,-3.500,-2.400,0.500
'[00:00:06.120 01/01/2011]',-9.800,-2.100,10.000,-3.900,-2.400,0.500
'[00:00:06.121 01/01/2011]',-10.300,-2.200,10.000,-4.200,-2.600,0.500
'[00:00:06.122 01/01/2011]',-10.900,-2.400,9.800,-4.500,-2.900,0.500
'[00:00:06.123 01/01/2011]',-11.200,-2.800,9.400,-5.000,-3.300,0.500
'[00:00:06.124 01/01/2011]',-11.100,-3.300,8.800,-5.500,-3.600,0.500
'[00:00:06.125 01/01/2011]',-10.600,-3.500,8.200,-6.000,-3.800,0.500
'[00:00:06.126 01/01/2011]',-9.800,-3.100,7.700,-6.100,-3.900,0.500
'[00:00:06.127 01/01/2011]',-9.300,-2.100,7.600,-5.700,-3.900,0.500
'[00:00:06.128 01/01/2011]',-9.500,-0.800,7.700,-5.200,-3.700,0.500
'[00:00:06.129 01/01/2011]',-10.300,0.100,7.900,-4.700,-3.600,0.500
'[00:00:06.130 01/01/2011]',-11.300,0.400,7.900,-4.400,-3.400,0.500
'[00:00:06.131 01/01/2011]',-12.100,0.100,7.700,-4.300,-3.200,0.500
'[00:00:06.132 01/01/2011]',-12.400,-0.400,7.400,-4.300,-3.000,0.500
'[00:00:06.133 01/01/2011]',-12.600,-0.700,7.100,-4.200,-2.700,0.500
'[00:00:06.134 01/01/2011]',-13.000,-0.600,7.100,-3.900,-2.500,0.500
'[00:00:06.135 01/01/2011]',-13.800,-0.200,7.300,-3.700,-2.400,0.500
'[00:00:06.136 01/01/2011]',-14.900,0.200,7.800,-3.600,-2.400,0.500
'[00:00:06.137 01/01/2011]',-15.700,0.200,8.300,-3.900,-2.400,0.500
'[00:00:06.138 01/01/2011]',-15.900,-0.200,8.700,-4.300,-2.600,0.500
'[00:00:06.139 01/01/2011]',-15.500,-0.900,8.800,-4.800,-2.900,0.500
'[00:00:06.140 01/01/2011]',-15.100,-1.600,8.600,-5.000,-3.300,0.500
'[00:00:06.141 01/01/2011]',-15.000,-2.200,8.200,-5.100,-3.700,0.500
'[00:00:06.142 01/01/2011]',-15.400,-2.500,7.800,-5.100,-4.100,0.500
'[00:00:06.143 01/01/2011]',-16.300,-2.700,7.500,-5.000,-4.200,0.500
'[00:00:06.144 01/01/2011]',-17.100,-2.800,7.300,-5.100,-4.200,0.500
'[00:00:06.145 01/01/2011]',-17.900,-2.900,7.100,-5.200,-4.100,0.500
'[00:00:06.146 01/01/2011]',-18.700,-2.900,7.100,-5.300,-4.000,0.500
'[00:00:06.147 01/01/2011]',-19.900,-2.700,7.100,-5.500,-4.200,0.500
'[00:00:06.148 01/01/2011]',-21.400,-2.400,7.200,-5.800,-4.400,0.500
'[00:00:06.149 01/01/2011]',-23.100,-2.000,7.300,-6.200,-4.400,0.500
'[00:00:06.150 01/01/2011]',-24.400,-1.600,7.600,-6.500,-4.200,0.500
'[00:00:06.151 01/01/2011]',-24.800,-1.300,7.800,-6.400,-3.700,0.500
'[00:00:06.152 01/01/2011]',-24.400,-1.100,8.000,-5.900,-3.000,0.500
'[00:00:06.153 01/01/2011]',-23.700,-0.900,7.900,-5.100,-2.600,0.500
'[00:00:06.154 01/01/2011]',-23.200,-0.600,7.700,-4.200,-2.500,0.500
'[00:00:06.155 01/01/2011]',-23.500,-0.400,7.300,-3.500,-2.700,0.500
'[00:00:06.156 01/01/2011]',-24.200,-0.200,7.100,-3.000,-2.900,0.500
'[00:00:06.157 01/01/2011]',-25.100,-0.100,7.200,-2.800,-2.900,0.500
'[00:00:06.158 01/01/2011]',-25.800,-0.200,7.600,-2.700,-2.400,0.500
'[00:00:06.159 01/01/2011]',-26.100,-0.500,8.200,-2.600,-1.700,0.500
'[00:00:06.160 01/01/2011]',-26.400,-0.700,8.900,-2.400,-0.900,0.500
'[00:00:06.161 01/01/2011]',-27.000,-0.900,9.300,-2.300,-0.400,0.500
'[00:00:06.162 01/01/2011]',-28.200,-1.000,9.300,-2.300,-0.400,0.500
'[00:00:06.163 01/01/2011]',-29.600,-1.000,9.000,-2.300,-0.900,0.500
'[00:00:06.164 01/01/2011]',-30.700,-1.000,8.500,-2.400,-1.500,0.500
'[00:00:06.165 01/01/2011]',-31.300,-1.000,8.100,-2.400,-2.000,0.500
'[00:00:06.166 01/01/2011]',-31.000,-1.000,7.900,-2.200,-2.100,0.500
'[00:00:06.167 01/01/2011]',-30.000,-1.100,8.000,-2.000,-1.800,0.500
'[00:00:06.168 01/01/2011]',-28.800,-1.200,8.100,-1.800,-1.300,0.500
'[00:00:06.169 01/01/2011]',-27.700,-1.200,8.300,-1.500,-0.600,0.500
'[00:00:06.170 01/01/2011]',-26.800,-1.000,8.500,-1.200,0.100,0.500
'[00:00:06.171 01/01/2011]',-26.300,-0.500,8.600,-1.000,0.800,0.500
'[00:00:06.172 01/01/2011]',-26.100,0.100,8.700,-0.600,1.300,0.500
'[00:00:06.173 01/01/2011]',-26.100,0.900,8.800,-0.400,1.800,0.500
'[00:00:06.174 01/01/2011]',-26.300,1.600,9.000,-0.200,2.200,0.500
'[00:00:06.175 01/01/2011]',-26.600,2.000,9.300,-0.200,2.500,0.500
'[00:00:06.176 01/01/2011]',-26.900,2.100,9.400,-0.300,2.600,0.500
'[00:00:06.177 01/01/2011]',-27.200,1.800,9.500,-0.600,2.600,0.500
'[00:00:06.178 01/01/2011]',-27.400,1.500,9.600,-0.800,2.600,0.500
'[00:00:06.179 01/01/2011]',-27.600,1.100,9.600,-0.900,2.600,0.500
'[00:00:06.180 01/01/2011]',-27.700,0.800,9.800,-0.900,2.600,0.500
'[00:00:06.181 01/01/2011]',-28.100,0.600,10.100,-0.900,2.600,0.500
'[00:00:06.182 01/01/2011]',-28.500,0.500,10.700,-0.800,2.500,0.500
'[00:00:06.183 01/01/2011]',-29.000,0.700,11.300,-0.800,2.400,0.500
'[00:00:06.184 01/01/2011]',-29.300,1.000,11.700,-0.800,2.200,0.500
'[00:00:06.185 01/01/2011]',-29.100,1.500,11.800,-0.800,2.100,0.500
'[00:00:06.186 01/01/2011]',-28.400,2.100,11.600,-0.800,2.000,0.500
'[00:00:06.187 01/01/2011]',-27.400,2.500,11.400,-0.700,2.200,0.500
'[00:00:06.188 01/01/2011]',-26.600,2.700,11.400,-0.600,2.600,0.500
'[00:00:06.189 01/01/2011]',-26.100,2.500,11.600,-0.400,3.200,0.500
'[00:00:06.190 01/01/2011]',-26.100,2.300,12.000,-0.300,3.800,0.500
'[00:00:06.191 01/01/2011]',-26.400,2.200,12.400,-0.200,4.200,0.500
'[00:00:06.192 01/01/2011]',-26.700,2.500,12.500,-0.100,4.200,0.500
'[00:00:06.193 01/01/2011]',-26.900,3.100,12.300,0.000,3.900,0.500
'[00:00:06.194 01/01/2011]',-26.800,3.700,11.900,0.200,3.500,0.500
'[00:00:06.195 01/01/2011]',-26.600,3.800,11.600,0.400,3.300,0.500
'[00:00:06.196 01/01/2011]',-26.300,3.500,11.700,0.600,3.400,0.500
'[00:00:06.197 01/01/2011]',-25.900,2.900,12.000,0.800,3.800,0.500
'[00:00:06.198 01/01/2011]',-25.300,2.300,12.500,0.900,4.300,0.500
'[00:00:06.199 01/01/2011]',-24.700,2.100,12.900,0.800,4.600,0.500
'[00:00:06.200 01/01/2011]',-24.500,2.300,13.200,0.600,4.500,0.500
'[00:00:06.201 01/01/2011]',-24.800,2.600,13.300,0.300,4.100,0.500
'[00:00:06.202 01/01/2011]',-25.700,2.700,13.300,0.100,3.700,0.500
'[00:00:06.203 01/01/2011]',-26.900,2.600,13.300,0.100,3.500,0.500
'[00:00:06.204 01/01/2011]',-27.600,2.300,13.300,0.400,3.400,0.500
'[00:00:06.205 01/01/2011]',-27.600,2.000,13.100,0.700,3.500,0.500
'[00:00:06.206 01/01/2011]',-26.700,1.900,12.800,0.900,3.500,0.500
'[00:00:06.207 01/01/2011]',-25.600,2.200,12.300,1.000,3.400,0.500
'[00:00:06.208 01/01/2011]',-25.100,2.600,11.800,1.000,3.100,0.500
'[00:00:06.209 01/01/2011]',-25.500,3.000,11.500,1.200,3.000,0.500
'[00:00:06.210 01/01/2011]',-26.700,3.400,11.700,1.600,3.200,0.500
'[00:00:06.211 01/01/2011]',-28.100,3.700,12.100,2.300,3.800,0.500
'[00:00:06.212 01/01/2011]',-28.800,3.900,12.700,3.000,4.500,0.500
'[00:00:06.213 01/01/2011]',-28.800,3.900,13.300,3.600,5.100,0.500
'[00:00:06.214 01/01/2011]',-28.200,3.800,13.500,3.700,5.300,0.500
'[00:00:06.215 01/01/2011]',-27.600,3.500,13.500,3.400,5.100,0.500
'[00:00:06.216 01/01/2011]',-27.500,3.200,13.400,2.800,4.700,0.500
'[00:00:06.217 01/01/2011]',-27.700,3.000,13.400,2.300,4.400,0.500
'[00:00:06.218 01/01/2011]',-28.100,3.000,13.400,2.100,4.500,0.500
'[00:00:06.219 01/01/2011]',-28.400,3.100,13.600,2.300,4.900,0.500
'[00:00:06.220 01/01/2011]',-28.500,3.300,13.800,2.600,5.500,0.500
'[00:00:06.221 01/01/2011]',-28.700,3.500,13.800,2.900,6.100,0.500
'[00:00:06.222 01/01/2011]',-29.300,3.500,13.600,2.800,6.400,0.500
'[00:00:06.223 01/01/2011]',-30.100,3.500,13.300,2.300,6.200,0.500
'[00:00:06.224 01/01/2011]',-30.900,3.300,12.900,1.500,5.800,0.500
'[00:00:06.225 01/01/2011]',-31.100,3.200,12.500,0.800,5.100,0.500
'[00:00:06.226 01/01/2011]',-30.500,3.300,12.200,0.300,4.500,0.500
'[00:00:06.227 01/01/2011]',-29.400,3.500,12.200,0.000,4.300,0.500
'[00:00:06.228 01/01/2011]',-28.100,3.800,12.400,0.100,4.400,0.500
'[00:00:06.229 01/01/2011]',-27.200,4.300,12.900,0.400,4.900,0.500
'[00:00:06.230 01/01/2011]',-26.800,4.700,13.500,0.800,5.600,0.500
'[00:00:06.231 01/01/2011]',-26.900,5.200,14.200,1.200,6.000,0.500
'[00:00:06.232 01/01/2011]',-27.200,5.400,14.700,1.500,6.200,0.500
'[00:00:06.233 01/01/2011]',-27.300,5.500,14.800,1.800,6.200,0.500
'[00:00:06.234 01/01/2011]',-27.200,5.300,14.700,2.100,6.200,0.500
'[00:00:06.235 01/01/2011]',-26.600,5.000,14.400,2.200,6.400,0.500
'[00:00:06.236 01/01/2011]',-25.900,4.700,14.400,2.200,6.900,0.500
'[00:00:06.237 01/01/2011]',-24.900,4.500,14.600,2.100,7.500,0.500
'[00:00:06.238 01/01/2011]',-24.000,4.400,15.100,1.900,8.200,0.500
'[00:00:06.239 01/01/2011]',-23.100,4.200,15.500,1.700,8.700,0.500
'[00:00:06.240 01/01/2011]',-22.600,4.000,15.800,1.600,8.900,0.500
'[00:00:06.241 01/01/2011]',-22.400,3.700,15.700,1.600,8.800,0.500
'[00:00:06.242 01/01/2011]',-22.500,3.400,15.400,1.600,8.600,0.500
'[00:00:06.243 01/01/2011]',-22.600,3.200,15.000,1.500,8.400,0.500
'[00:00:06.244 01/01/2011]',-22.500,3.100,14.700,1.300,8.200,0.500
'[00:00:06.245 01/01/2011]',-22.000,3.200,14.500,0.800,7.900,0.500
'[00:00:06.246 01/01/2011]',-21.400,3.300,14.400,0.200,7.500,0.500
'[00:00:06.247 01/01/2011]',-20.800,3.300,14.500,-0.100,7.100,0.500
'[00:00:06.248 01/01/2011]',-20.300,3.200,14.600,-0.100,6.900,0.500
'[00:00:06.249 01/01/2011]',-20.200,3.000,14.900,0.500,7.000,0.500
'[00:00:06.250 01/01/2011]',-20.000,3.100,15.200,1.300,7.300,0.500
'[00:00:06.251 01/01/2011]',-19.500,3.300,15.400,2.000,7.700,0.500
'[00:00:06.252 01/01/2011]',-18.700,3.800,15.500,2.300,7.800,0.500
'[00:00:06.253 01/01/2011]',-17.600,4.400,15.300,2.100,7.600,0.500
'[00:00:06.254 01/01/2011]',-16.500,5.000,15.000,1.500,7.200,0.500
'[00:00:06.255 01/01/2011]',-15.800,5.300,14.600,0.800,6.700,0.500
'[00:00:06.256 01/01/2011]',-15.600,5.400,14.200,0.300,6.500,0.500
'[00:00:06.257 01/01/2011]',-15.800,5.200,13.900,0.100,6.500,0.500
'[00:00:06.258 01/01/2011]',-16.200,4.800,13.800,0.100,6.700,0.500
'[00:00:06.259 01/01/2011]',-16.500,4.200,13.700,0.200,7.000,0.500
'[00:00:06.260 01/01/2011]',-16.800,3.500,13.700,0.300,7.000,0.500
'[00:00:06.261 01/01/2011]',-17.100,2.900,13.700,0.400,6.700,0.500
'[00:00:06.262 01/01/2011]',-17.600,2.400,13.700,0.400,6.100,0.500
'[00:00:06.263 01/01/2011]',-18.100,2.200,13.800,0.300,5.500,0.500
'[00:00:06.264 01/01/2011]',-18.400,2.300,13.800,0.200,4.900,0.500
'[00:00:06.265 01/01/2011]',-18.400,2.600,13.800,0.100,4.600,0.500
'[00:00:06.266 01/01/2011]',-17.900,2.900,13.700,0.000,4.400,0.500
'[00:00:06.267 01/01/2011]',-17.200,3.100,13.400,-0.100,4.500,0.500
'[00:00:06.268 01/01/2011]',-16.600,3.300,13.200,0.000,4.600,0.500
'[00:00:06.269 01/01/2011]',-16.500,3.400,13.100,0.200,4.700,0.500
'[00:00:06.270 01/01/2011]',-16.800,3.500,13.200,0.400,4.700,0.500
'[00:00:06.271 01/01/2011]',-17.300,3.700,13.500,0.700,4.800,0.500
'[00:00:06.272 01/01/2011]',-17.700,3.900,13.900,0.900,4.700,0.500
'[00:00:06.273 01/01/2011]',-17.600,3.800,14.200,1.000,4.600,0.500
'[00:00:06.274 01/01/2011]',-17.400,3.400,14.400,1.000,4.500,0.500
'[00:00:06.275 01/01/2011]',-17.300,2.800,14.300,0.900,4.400,0.500
'[00:00:06.276 01/01/2011]',-17.800,2.300,14.000,0.700,4.500,0.500
'[00:00:06.277 01/01/2011]',-19.000,2.000,13.500,0.400,4.600,0.500
'[00:00:06.278 01/01/2011]',-20.800,2.000,13.000,0.200,4.800,0.500
'[00:00:06.279 01/01/2011]',-22.800,2.100,12.500,0.000,5.100,0.500
'[00:00:06.280 01/01/2011]',-24.500,2.000,12.300,-0.300,5.300,0.500
'[00:00:06.281 01/01/2011]',-25.500,1.700,12.500,-0.500,5.500,0.500
'[00:00:06.282 01/01/2011]',-25.700,1.200,13.000,-0.700,5.600,0.500
'[00:00:06.283 01/01/2011]',-25.500,0.800,13.600,-1.000,5.600,0.500
'[00:00:06.284 01/01/2011]',-25.300,0.700,14.200,-1.200,5.600,0.500
'[00:00:06.285 01/01/2011]',-25.700,1.000,14.400,-1.300,5.700,0.500
'[00:00:06.286 01/01/2011]',-26.800,1.500,14.200,-1.300,5.800,0.500
'[00:00:06.287 01/01/2011]',-28.400,2.000,13.700,-1.200,5.900,0.500
'[00:00:06.288 01/01/2011]',-30.000,2.300,13.100,-1.100,6.000,0.500
'[00:00:06.289 01/01/2011]',-31.000,2.300,12.500,-1.100,5.800,0.500
'[00:00:06.290 01/01/2011]',-31.200,2.200,12.000,-1.200,5.400,0.500
'[00:00:06.291 01/01/2011]',-30.600,2.300,11.600,-1.300,4.800,0.500
'[00:00:06.292 01/01/2011]',-30.000,2.700,11.300,-1.400,4.100,0.500
'[00:00:06.293 01/01/2011]',-29.800,3.300,11.100,-1.400,3.800,0.500
'[00:00:06.294 01/01/2011]',-30.500,3.900,11.100,-1.100,3.900,0.500
'[00:00:06.295 01/01/2011]',-32.000,4.000,11.300,-0.800,4.500,0.500
'[00:00:06.296 01/01/2011]',-33.801,3.600,11.700,-0.500,5.500,0.500
'[00:00:06.297 01/01/2011]',-35.201,2.800,12.300,-0.400,6.400,0.500
'[00:00:06.298 01/01/2011]',-35.901,2.100,12.800,-0.500,6.900,0.500
'[00:00:06.299 01/01/2011]',-35.801,1.600,13.100,-0.900,6.900,0.500
'[00:00:06.300 01/01/2011]',-35.101,1.700,13.200,-1.200,6.500,0.500
'[00:00:06.301 01/01/2011]',-34.501,2.200,13.000,-1.400,6.000,0.500
'[00:00:06.302 01/01/2011]',-34.201,2.800,12.800,-1.400,5.800,0.500
'[00:00:06.303 01/01/2011]',-34.401,3.000,12.800,-1.300,6.000,0.500
'[00:00:06.304 01/01/2011]',-34.801,2.800,13.000,-1.300,6.500,0.500
'[00:00:06.305 01/01/2011]',-35.101,2.300,13.400,-1.400,7.100,0.500
'[00:00:06.306 01/01/2011]',-35.001,1.900,13.800,-1.500,7.700,0.500
'[00:00:06.307 01/01/2011]',-34.401,1.800,13.900,-1.600,8.000,0.500
'[00:00:06.308 01/01/2011]',-33.501,2.000,13.600,-1.600,7.900,0.500
'[00:00:06.309 01/01/2011]',-32.801,2.500,12.900,-1.300,7.500,0.500
'[00:00:06.310 01/01/2011]',-32.600,2.900,12.100,-0.800,6.900,0.500
'[00:00:06.311 01/01/2011]',-32.901,3.000,11.600,-0.400,6.400,0.500
'[00:00:06.312 01/01/2011]',-33.301,2.700,11.300,-0.200,6.100,0.500
'[00:00:06.313 01/01/2011]',-33.401,2.200,11.500,-0.100,6.100,0.500
'[00:00:06.314 01/01/2011]',-33.101,1.700,11.800,-0.200,6.400,0.500
'[00:00:06.315 01/01/2011]',-32.500,1.200,12.200,-0.500,6.800,0.500
'[00:00:06.316 01/01/2011]',-31.900,0.800,12.500,-0.900,7.200,0.500
'[00:00:06.317 01/01/2011]',-31.700,0.600,12.600,-1.200,7.200,0.500
'[00:00:06.318 01/01/2011]',-32.100,0.500,12.600,-1.400,7.000,0.500
'[00:00:06.319 01/01/2011]',-32.700,0.600,12.700,-1.300,6.800,0.500
'[00:00:06.320 01/01/2011]',-33.301,0.700,12.800,-0.900,6.600,0.500
'[00:00:06.321 01/01/2011]',-33.501,0.800,13.000,-0.400,6.900,0.500
'[00:00:06.322 01/01/2011]',-33.401,0.800,13.400,0.300,7.500,0.500
'[00:00:06.323 01/01/2011]',-33.301,0.700,13.700,0.800,8.200,0.500
'[00:00:06.324 01/01/2011]',-33.501,0.700,14.000,1.100,8.700,0.500
'[00:00:06.325 01/01/2011]',-34.001,1.000,14.100,1.200,8.900,0.500
'[00:00:06.326 01/01/2011]',-34.701,1.600,14.100,1.100,8.800,0.500
'[00:00:06.327 01/01/2011]',-35.101,2.500,14.000,0.900,8.600,0.500
'[00:00:06.328 01/01/2011]',-34.801,3.400,14.000,0.600,8.500,0.500
'[00:00:06.329 01/01/2011]',-34.001,4.100,14.200,0.400,8.500,0.500
'[00:00:06.330 01/01/2011]',-32.801,4.200,14.600,0.100,8.600,0.500
'[00:00:06.331 01/01/2011]',-31.600,4.000,15.100,0.000,8.800,0.500
'[00:00:06.332 01/01/2011]',-30.800,3.700,15.600,0.000,8.900,0.500
'[00:00:06.333 01/01/2011]',-30.500,3.400,15.900,0.300,8.900,0.500
'[00:00:06.334 01/01/2011]',-30.700,3.500,16.000,0.700,8.900,0.500
'[00:00:06.335 01/01/2011]',-31.300,3.700,15.900,1.300,8.800,0.500
'[00:00:06.336 01/01/2011]',-32.000,4.000,15.800,1.900,8.800,0.500
'[00:00:06.337 01/01/2011]',-32.600,4.000,15.800,2.400,8.800,0.500
'[00:00:06.338 01/01/2011]',-33.001,3.700,16.000,2.700,8.900,0.500
'[00:00:06.339 01/01/2011]',-33.001,3.000,16.200,2.800,9.000,0.500
'[00:00:06.340 01/01/2011]',-32.600,2.300,16.400,2.700,9.300,0.500
'[00:00:06.341 01/01/2011]',-31.900,1.800,16.400,2.300,9.800,0.500
'[00:00:06.342 01/01/2011]',-31.000,1.800,16.300,1.800,10.300,0.500
'[00:00:06.343 01/01/2011]',-30.000,2.200,16.300,1.400,11.000,0.500
'[00:00:06.344 01/01/2011]',-29.200,3.000,16.400,1.300,11.500,0.500
'[00:00:06.345 01/01/2011]',-28.600,3.700,16.600,1.700,11.800,0.500
'[00:00:06.346 01/01/2011]',-28.500,4.200,16.900,2.400,11.800,0.500
'[00:00:06.347 01/01/2011]',-28.800,4.400,17.000,3.300,11.600,0.500
'[00:00:06.348 01/01/2011]',-29.200,4.200,16.900,3.900,11.400,0.500
'[00:00:06.349 01/01/2011]',-29.400,3.900,16.500,4.000,11.300,0.500
'[00:00:06.350 01/01/2011]',-29.100,3.700,16.000,3.500,11.300,0.500
'[00:00:06.351 01/01/2011]',-28.200,3.800,15.400,2.600,11.300,0.500
'[00:00:06.352 01/01/2011]',-27.400,4.000,14.800,1.500,11.200,0.500
'[00:00:06.353 01/01/2011]',-27.400,4.100,14.000,0.400,10.700,0.500
'[00:00:06.354 01/01/2011]',-28.500,3.800,13.000,-0.500,9.800,0.500
'[00:00:06.355 01/01/2011]',-30.900,3.100,11.900,-1.400,8.500,0.500
'[00:00:06.356 01/01/2011]',-33.701,2.200,10.800,-2.300,7.100,0.500
'[00:00:06.357 01/01/2011]',-36.101,1.600,9.900,-3.000,6.000,0.500
'[00:00:06.358 01/01/2011]',-37.401,1.600,9.400,-3.300,5.400,0.500
'[00:00:06.359 01/01/2011]',-37.201,2.000,9.600,-3.000,5.300,0.500
'[00:00:06.360 01/01/2011]',-35.901,2.800,10.400,-2.000,5.900,0.500
'[00:00:06.361 01/01/2011]',-33.601,3.300,11.400,-0.500,6.700,0.500
'[00:00:06.362 01/01/2011]',-30.500,3.400,12.600,1.100,7.600,0.500
'[00:00:06.363 01/01/2011]',-26.500,3.000,13.600,2.400,8.300,0.500
'[00:00:06.364 01/01/2011]',-21.200,2.700,14.400,3.100,8.900,0.500
'[00:00:06.365 01/01/2011]',-14.200,2.700,15.200,3.400,9.600,0.500
'[00:00:06.366 01/01/2011]',-5.800,3.500,16.300,3.700,10.600,0.500
'[00:00:06.367 01/01/2011]',3.800,4.800,17.600,4.300,12.100,0.500
'[00:00:06.368 01/01/2011]',13.800,6.100,19.400,5.500,14.100,0.500
'[00:00:06.369 01/01/2011]',23.400,7.100,21.200,7.000,16.200,0.500
'[00:00:06.370 01/01/2011]',31.800,7.500,22.900,8.300,18.100,0.500
'[00:00:06.371 01/01/2011]',38.501,7.500,24.100,9.200,19.500,0.500
'[00:00:06.372 01/01/2011]',43.301,7.300,24.900,9.700,20.500,0.500
'[00:00:06.373 01/01/2011]',46.601,7.300,25.600,10.200,21.700,0.500
'[00:00:06.374 01/01/2011]',48.701,7.500,26.400,11.000,23.200,0.500
'[00:00:06.375 01/01/2011]',50.101,7.900,27.500,12.300,25.300,0.500
'[00:00:06.376 01/01/2011]',51.001,8.200,28.800,14.000,27.600,0.500
'[00:00:06.377 01/01/2011]',51.201,8.400,30.100,15.600,29.600,0.500
'[00:00:06.378 01/01/2011]',50.401,8.400,31.000,16.700,30.800,0.500
'[00:00:06.379 01/01/2011]',48.601,8.500,31.500,17.200,31.200,0.500
'[00:00:06.380 01/01/2011]',46.201,8.500,31.700,17.100,30.800,0.500
'[00:00:06.381 01/01/2011]',43.601,8.600,31.700,16.800,30.100,0.500
'[00:00:06.382 01/01/2011]',41.701,8.500,31.600,16.300,29.300,0.500
'[00:00:06.383 01/01/2011]',40.601,8.300,31.200,15.700,28.500,0.500
'[00:00:06.384 01/01/2011]',39.601,8.000,30.100,14.900,27.500,0.500
'[00:00:06.385 01/01/2011]',37.801,7.700,28.300,13.700,26.000,0.500
'[00:00:06.386 01/01/2011]',34.201,7.500,25.700,12.100,23.900,0.500
'[00:00:06.387 01/01/2011]',27.800,7.400,22.600,10.200,21.200,0.500
'[00:00:06.388 01/01/2011]',18.500,7.200,19.100,8.100,18.000,0.500
'[00:00:06.389 01/01/2011]',6.800,6.600,15.600,5.900,14.500,0.500
'[00:00:06.390 01/01/2011]',-6.400,5.800,12.200,3.700,11.200,0.500
'[00:00:06.391 01/01/2011]',-19.700,5.000,9.100,1.900,8.300,0.500
'[00:00:06.392 01/01/2011]',-31.700,4.300,6.600,0.500,6.300,0.500
'[00:00:06.393 01/01/2011]',-41.201,4.200,5.100,-0.100,5.100,0.500
'[00:00:06.394 01/01/2011]',-47.301,4.500,4.600,0.100,4.800,0.500
'[00:00:06.395 01/01/2011]',-49.801,5.100,5.200,0.900,5.200,0.500
'[00:00:06.396 01/01/2011]',-48.901,5.500,6.400,2.100,5.900,0.500
'[00:00:06.397 01/01/2011]',-45.001,5.600,7.900,3.000,6.600,0.500
'[00:00:06.398 01/01/2011]',-39.001,5.100,9.100,3.600,7.100,0.500
'[00:00:06.399 01/01/2011]',-31.800,4.300,9.900,3.700,7.400,0.500
'[00:00:06.400 01/01/2011]',-24.800,3.700,10.300,3.600,7.600,0.500
'[00:00:06.401 01/01/2011]',-19.100,3.500,10.700,3.600,7.800,0.500
'[00:00:06.402 01/01/2011]',-15.800,3.900,11.400,3.800,8.300,0.500
'[00:00:06.403 01/01/2011]',-15.100,4.600,12.300,4.400,8.900,0.500
'[00:00:06.404 01/01/2011]',-16.300,5.300,13.400,5.000,9.600,0.500
'[00:00:06.405 01/01/2011]',-18.200,5.600,14.300,5.400,10.100,0.500
'[00:00:06.406 01/01/2011]',-19.600,5.400,14.800,5.600,10.500,0.500
'[00:00:06.407 01/01/2011]',-19.600,5.000,14.900,5.700,10.800,0.500
'[00:00:06.408 01/01/2011]',-18.400,4.700,14.600,5.700,10.900,0.500
'[00:00:06.409 01/01/2011]',-16.800,4.900,14.200,5.900,10.900,0.500
'[00:00:06.410 01/01/2011]',-15.800,5.600,13.800,6.200,11.000,0.500
'[00:00:06.411 01/01/2011]',-15.700,6.300,13.600,6.400,11.000,0.500
'[00:00:06.412 01/01/2011]',-16.300,6.700,13.600,6.100,11.100,0.500
'[00:00:06.413 01/01/2011]',-17.000,6.600,13.800,5.500,11.200,0.500
'[00:00:06.414 01/01/2011]',-17.300,6.100,14.000,4.700,11.400,0.500
'[00:00:06.415 01/01/2011]',-17.200,5.600,14.200,3.900,11.500,0.500
'[00:00:06.416 01/01/2011]',-17.100,5.400,14.100,3.500,11.700,0.500
'[00:00:06.417 01/01/2011]',-17.300,5.600,13.800,3.600,11.800,0.500
'[00:00:06.418 01/01/2011]',-17.800,6.000,13.400,4.000,11.800,0.500
'[00:00:06.419 01/01/2011]',-18.400,6.300,13.100,4.400,11.800,0.500
'[00:00:06.420 01/01/2011]',-18.500,6.200,13.200,4.700,11.800,0.500
'[00:00:06.421 01/01/2011]',-17.900,5.900,13.600,4.700,11.600,0.500
'[00:00:06.422 01/01/2011]',-16.900,5.600,14.200,4.600,11.400,0.500
'[00:00:06.423 01/01/2011]',-16.300,5.600,14.600,4.500,11.000,0.500
'[00:00:06.424 01/01/2011]',-16.400,5.800,14.600,4.500,10.300,0.500
'[00:00:06.425 01/01/2011]',-17.400,6.200,14.100,4.500,9.600,0.500
'[00:00:06.426 01/01/2011]',-18.600,6.400,13.400,4.400,8.900,0.500
'[00:00:06.427 01/01/2011]',-19.200,6.400,12.800,4.300,8.600,0.500
'[00:00:06.428 01/01/2011]',-18.500,6.300,12.600,4.400,8.700,0.500
'[00:00:06.429 01/01/2011]',-16.600,6.300,12.800,4.700,9.300,0.500
'[00:00:06.430 01/01/2011]',-14.300,6.500,13.300,5.400,10.000,0.500
'[00:00:06.431 01/01/2011]',-12.600,6.800,13.700,6.200,10.500,0.500
'[00:00:06.432 01/01/2011]',-12.200,7.000,14.000,7.100,10.800,0.500
'[00:00:06.433 01/01/2011]',-13.200,7.100,14.000,7.700,10.800,0.500
'[00:00:06.434 01/01/2011]',-14.800,6.900,13.900,8.000,10.600,0.500
'[00:00:06.435 01/01/2011]',-16.100,6.600,13.700,8.000,10.400,0.500
'[00:00:06.436 01/01/2011]',-16.500,6.300,13.500,7.800,10.400,0.500
'[00:00:06.437 01/01/2011]',-15.800,6.200,13.100,7.500,10.400,0.500
'[00:00:06.438 01/01/2011]',-14.700,6.200,12.700,7.100,10.400,0.500
'[00:00:06.439 01/01/2011]',-13.700,6.300,12.100,6.700,10.200,0.500
'[00:00:06.440 01/01/2011]',-13.500,6.000,11.500,6.300,10.000,0.500
'[00:00:06.441 01/01/2011]',-13.800,5.500,11.200,5.900,9.800,0.500
'[00:00:06.442 01/01/2011]',-14.200,4.700,11.100,5.600,9.700,0.500
'[00:00:06.443 01/01/2011]',-14.000,3.800,11.200,5.400,9.800,0.500
'[00:00:06.444 01/01/2011]',-13.100,3.200,11.300,5.300,9.900,0.500
'[00:00:06.445 01/01/2011]',-11.900,3.000,11.300,5.200,10.000,0.500
'[00:00:06.446 01/01/2011]',-11.100,3.200,11.000,5.100,9.800,0.500
'[00:00:06.447 01/01/2011]',-11.100,3.700,10.500,5.000,9.400,0.500
'[00:00:06.448 01/01/2011]',-11.600,4.200,9.900,5.100,8.900,0.500
'[00:00:06.449 01/01/2011]',-12.000,4.600,9.500,5.500,8.700,0.500
'[00:00:06.450 01/01/2011]',-11.600,4.700,9.300,6.300,8.700,0.500
'[00:00:06.451 01/01/2011]',-10.400,4.900,9.400,7.100,9.000,0.500
'[00:00:06.452 01/01/2011]',-9.100,5.100,9.800,7.900,9.600,0.500
'[00:00:06.453 01/01/2011]',-8.700,5.400,10.200,8.500,10.200,0.500
'[00:00:06.454 01/01/2011]',-9.500,5.700,10.500,8.800,10.900,0.500
'[00:00:06.455 01/01/2011]',-11.000,5.900,10.700,9.000,11.400,0.500
'[00:00:06.456 01/01/2011]',-12.200,5.700,10.600,9.100,11.700,0.500
'[00:00:06.457 01/01/2011]',-11.900,5.200,10.400,9.200,11.800,0.500
'[00:00:06.458 01/01/2011]',-10.200,4.500,10.200,9.200,11.800,0.500
'[00:00:06.459 01/01/2011]',-7.800,3.600,10.200,9.000,11.700,0.500
'[00:00:06.460 01/01/2011]',-6.100,2.800,10.400,8.500,11.900,0.500
'[00:00:06.461 01/01/2011]',-6.000,2.200,10.700,8.000,12.200,0.500
'[00:00:06.462 01/01/2011]',-7.400,1.900,11.200,7.700,12.900,0.500
'[00:00:06.463 01/01/2011]',-9.600,1.800,11.600,7.800,13.700,0.500
'[00:00:06.464 01/01/2011]',-11.200,2.000,11.900,8.100,14.500,0.500
'[00:00:06.465 01/01/2011]',-11.700,2.500,12.100,8.500,15.100,0.500
'[00:00:06.466 01/01/2011]',-11.000,3.000,12.200,8.800,15.400,0.500
'[00:00:06.467 01/01/2011]',-9.600,3.600,12.100,8.800,15.500,0.500
'[00:00:06.468 01/01/2011]',-8.200,4.100,12.000,8.600,15.300,0.500
'[00:00:06.469 01/01/2011]',-7.000,4.400,11.900,8.400,15.000,0.500
'[00:00:06.470 01/01/2011]',-6.000,4.700,11.900,8.300,14.600,0.500
'[00:00:06.471 01/01/2011]',-5.300,4.800,11.800,8.400,14.200,0.500
'[00:00:06.472 01/01/2011]',-5.100,4.900,11.600,8.500,13.900,0.500
'[00:00:06.473 01/01/2011]',-5.500,5.000,11.500,8.500,13.700,0.500
'[00:00:06.474 01/01/2011]',-6.700,5.100,11.300,8.300,13.600,0.500
'[00:00:06.475 01/01/2011]',-8.400,5.000,11.100,7.700,13.400,0.500
'[00:00:06.476 01/01/2011]',-9.900,4.700,11.100,7.100,13.100,0.500
'[00:00:06.477 01/01/2011]',-10.700,4.400,11.100,6.400,12.600,0.500
'[00:00:06.478 01/01/2011]',-10.200,4.000,11.300,5.800,12.000,0.500
'[00:00:06.479 01/01/2011]',-8.800,3.800,11.500,5.500,11.300,0.500
'[00:00:06.480 01/01/2011]',-7.100,3.900,11.700,5.500,10.900,0.500
'[00:00:06.481 01/01/2011]',-5.700,4.300,11.800,5.600,10.800,0.500
'[00:00:06.482 01/01/2011]',-5.200,4.700,11.800,5.900,11.100,0.500
'[00:00:06.483 01/01/2011]',-5.500,5.100,11.800,6.400,11.500,0.500
'[00:00:06.484 01/01/2011]',-6.100,5.300,11.800,6.900,11.900,0.500
'[00:00:06.485 01/01/2011]',-6.500,5.200,11.900,7.500,12.100,0.500
'[00:00:06.486 01/01/2011]',-6.300,5.100,12.000,8.100,12.000,0.500
'[00:00:06.487 01/01/2011]',-5.500,4.900,12.100,8.500,11.800,0.500
'[00:00:06.488 01/01/2011]',-4.800,4.700,12.300,8.900,11.600,0.500
'[00:00:06.489 01/01/2011]',-4.400,4.700,12.400,9.100,11.500,0.500
'[00:00:06.490 01/01/2011]',-4.700,4.700,12.600,9.300,11.500,0.500
'[00:00:06.491 01/01/2011]',-5.500,4.900,12.800,9.300,11.700,0.500
'[00:00:06.492 01/01/2011]',-6.200,5.300,12.900,9.300,11.900,0.500
'[00:00:06.493 01/01/2011]',-6.500,5.800,13.000,9.200,12.100,0.500
'[00:00:06.494 01/01/2011]',-6.000,6.100,13.000,9.100,12.200,0.500
'[00:00:06.495 01/01/2011]',-5.000,6.200,13.000,8.900,12.300,0.500
'[00:00:06.496 01/01/2011]',-4.000,5.900,13.100,8.700,12.400,0.500
'[00:00:06.497 01/01/2011]',-3.300,5.200,13.200,8.400,12.400,0.500
'[00:00:06.498 01/01/2011]',-3.300,4.500,13.400,8.100,12.400,0.500
'[00:00:06.499 01/01/2011]',-3.600,3.800,13.600,7.700,12.400,0.500
'[00:00:06.500 01/01/2011]',-3.900,3.300,13.800,7.400,12.500,0.500
'[00:00:06.501 01/01/2011]',-4.000,3.200,14.000,7.200,12.600,0.500
'[00:00:06.502 01/01/2011]',-3.900,3.500,14.100,7.200,12.800,0.500
'[00:00:06.503 01/01/2011]',-3.700,4.100,14.400,7.500,13.000,0.500
'[00:00:06.504 01/01/2011]',-3.400,4.800,14.900,8.200,13.300,0.500
'[00:00:06.505 01/01/2011]',-2.900,5.500,15.500,9.000,13.500,0.500
'[00:00:06.506 01/01/2011]',-1.800,6.100,16.200,9.800,13.600,0.500
'[00:00:06.507 01/01/2011]',-0.200,6.500,16.900,10.300,13.400,0.500
'[00:00:06.508 01/01/2011]',1.400,6.700,17.400,10.300,13.100,0.500
'[00:00:06.509 01/01/2011]',2.300,6.900,17.700,9.800,12.600,0.500
'[00:00:06.510 01/01/2011]',1.900,7.200,18.000,9.000,12.100,0.500
'[00:00:06.511 01/01/2011]',0.300,7.800,18.700,8.400,11.500,0.500
'[00:00:06.512 01/01/2011]',-1.600,8.800,20.000,8.100,10.700,0.500
'[00:00:06.513 01/01/2011]',-3.000,9.900,22.200,8.300,9.800,0.500
'[00:00:06.514 01/01/2011]',-3.300,11.200,25.000,8.900,9.000,0.500
'[00:00:06.515 01/01/2011]',-2.700,12.300,28.100,9.800,8.500,0.500
'[00:00:06.516 01/01/2011]',-2.000,13.200,31.100,10.800,8.400,0.500
'[00:00:06.517 01/01/2011]',-2.000,14.000,33.701,11.700,8.600,0.500
'[00:00:06.518 01/01/2011]',-2.900,14.600,35.701,12.700,9.100,0.500
'[00:00:06.519 01/01/2011]',-4.400,15.200,37.401,13.700,9.600,0.500
'[00:00:06.520 01/01/2011]',-5.500,15.600,38.901,14.900,10.400,0.500
'[00:00:06.521 01/01/2011]',-5.800,15.800,40.401,16.200,11.500,0.500
'[00:00:06.522 01/01/2011]',-5.300,15.600,42.101,17.700,13.200,0.500
'[00:00:06.523 01/01/2011]',-4.500,15.200,43.801,19.400,15.600,0.500
'[00:00:06.524 01/01/2011]',-4.100,14.800,45.401,21.200,18.800,0.500
'[00:00:06.525 01/01/2011]',-4.400,14.700,46.901,23.200,22.400,0.500
'[00:00:06.526 01/01/2011]',-5.400,14.700,48.501,25.100,26.400,0.500
'[00:00:06.527 01/01/2011]',-6.600,14.900,49.901,26.900,30.600,0.500
'[00:00:06.528 01/01/2011]',-7.800,14.900,51.301,28.500,35.001,0.500
'[00:00:06.529 01/01/2011]',-8.700,14.400,52.301,30.000,39.701,0.500
'[00:00:06.530 01/01/2011]',-9.500,13.400,52.801,31.500,44.901,0.500
'[00:00:06.531 01/01/2011]',-10.400,11.800,52.601,33.201,50.501,0.500
'[00:00:06.532 01/01/2011]',-11.500,9.900,51.801,35.101,56.501,0.500
'[00:00:06.533 01/01/2011]',-12.500,7.800,50.501,37.201,62.501,0.500
'[00:00:06.534 01/01/2011]',-13.400,5.700,48.901,39.201,68.501,0.500
'[00:00:06.535 01/01/2011]',-14.100,3.400,47.001,40.901,74.401,0.500
'[00:00:06.536 01/01/2011]',-14.800,0.900,44.901,42.101,80.201,0.500
'[00:00:06.537 01/01/2011]',-15.600,-1.900,42.501,42.601,86.201,0.500
'[00:00:06.538 01/01/2011]',-16.500,-4.700,39.801,42.701,92.101,0.500
'[00:00:06.539 01/01/2011]',-17.500,-7.600,36.901,42.601,98.001,0.500
'[00:00:06.540 01/01/2011]',-18.100,-10.400,34.001,42.401,103.602,0.500
'[00:00:06.541 01/01/2011]',-18.200,-13.000,31.300,42.301,108.602,0.500
'[00:00:06.542 01/01/2011]',-17.800,-15.200,28.600,42.401,112.702,0.500
'[00:00:06.543 01/01/2011]',-17.300,-17.100,26.100,42.301,115.902,0.500
'[00:00:06.544 01/01/2011]',-17.000,-18.500,23.600,41.901,117.802,0.500
'[00:00:06.545 01/01/2011]',-17.100,-19.400,21.300,41.101,118.602,0.500
'[00:00:06.546 01/01/2011]',-17.700,-19.800,19.200,39.801,118.002,0.500
'[00:00:06.547 01/01/2011]',-18.500,-20.000,17.300,37.801,116.002,0.500
'[00:00:06.548 01/01/2011]',-19.200,-20.300,15.200,35.201,112.702,0.500
'[00:00:06.549 01/01/2011]',-19.600,-20.600,12.700,32.000,108.102,0.500
'[00:00:06.550 01/01/2011]',-19.400,-20.900,9.300,28.300,102.602,0.500
'[00:00:06.551 01/01/2011]',-18.500,-21.200,5.000,24.200,96.301,0.500
'[00:00:06.552 01/01/2011]',-16.900,-21.400,0.000,20.100,89.701,0.500
'[00:00:06.553 01/01/2011]',-14.500,-21.600,-5.300,16.200,83.301,0.500
'[00:00:06.554 01/01/2011]',-11.800,-22.100,-10.400,12.900,77.401,0.500
'[00:00:06.555 01/01/2011]',-9.200,-22.900,-14.900,10.100,72.101,0.500
'[00:00:06.556 01/01/2011]',-7.000,-24.200,-18.800,7.700,67.401,0.500
'[00:00:06.557 01/01/2011]',-5.600,-25.500,-22.000,5.400,62.701,0.500
'[00:00:06.558 01/01/2011]',-4.800,-26.300,-24.700,3.000,57.501,0.500
'[00:00:06.559 01/01/2011]',-4.200,-26.300,-26.900,0.400,51.601,0.500
'[00:00:06.560 01/01/2011]',-3.400,-25.300,-28.500,-2.100,45.101,0.500
'[00:00:06.561 01/01/2011]',-1.800,-23.500,-29.400,-4.200,38.501,0.500
'[00:00:06.562 01/01/2011]',0.600,-21.400,-29.500,-5.700,32.600,0.500
'[00:00:06.563 01/01/2011]',3.500,-19.600,-28.900,-6.400,27.600,0.500
'[00:00:06.564 01/01/2011]',6.300,-18.200,-27.500,-6.700,23.600,0.500
'[00:00:06.565 01/01/2011]',8.300,-17.300,-25.700,-6.800,20.500,0.500
'[00:00:06.566 01/01/2011]',9.300,-16.600,-23.400,-7.000,17.800,0.500
'[00:00:06.567 01/01/2011]',9.000,-15.600,-20.800,-7.100,15.500,0.500
'[00:00:06.568 01/01/2011]',8.000,-14.200,-17.900,-6.900,13.500,0.500
'[00:00:06.569 01/01/2011]',6.600,-12.500,-14.800,-6.100,12.000,0.500
'[00:00:06.570 01/01/2011]',5.400,-10.600,-11.500,-4.700,11.000,0.500
'[00:00:06.571 01/01/2011]',4.900,-8.900,-8.100,-2.900,10.300,0.500
'[00:00:06.572 01/01/2011]',5.000,-7.700,-5.000,-1.300,9.700,0.500
'[00:00:06.573 01/01/2011]',5.600,-6.900,-2.000,0.000,9.000,0.500
'[00:00:06.574 01/01/2011]',6.100,-6.300,0.700,0.800,8.300,0.500
'[00:00:06.575 01/01/2011]',6.400,-5.700,3.300,1.200,7.900,0.500
'[00:00:06.576 01/01/2011]',6.200,-4.800,5.900,1.600,7.800,0.500
'[00:00:06.577 01/01/2011]',5.600,-3.700,8.300,2.200,8.100,0.500
'[00:00:06.578 01/01/2011]',4.800,-2.600,10.500,2.900,8.700,0.500
'[00:00:06.579 01/01/2011]',3.800,-1.600,12.100,3.600,9.400,0.500
'[00:00:06.580 01/01/2011]',3.000,-0.900,13.200,4.100,9.800,0.500
'[00:00:06.581 01/01/2011]',2.300,-0.600,13.800,4.300,10.000,0.500
'[00:00:06.582 01/01/2011]',1.800,-0.500,14.200,4.200,10.100,0.500
'[00:00:06.583 01/01/2011]',1.600,-0.400,14.600,4.100,9.900,0.500
'[00:00:06.584 01/01/2011]',1.800,-0.100,15.100,4.100,9.700,0.500
'[00:00:06.585 01/01/2011]',2.200,0.400,15.500,4.100,9.400,0.500
'[00:00:06.586 01/01/2011]',2.700,1.100,15.900,4.100,9.000,0.500
'[00:00:06.587 01/01/2011]',3.000,1.900,16.000,4.000,8.600,0.500
'[00:00:06.588 01/01/2011]',3.200,2.600,15.900,3.800,8.400,0.500
'[00:00:06.589 01/01/2011]',3.200,2.900,15.700,3.500,8.200,0.500
'[00:00:06.590 01/01/2011]',3.300,3.100,15.700,3.400,8.100,0.500
'[00:00:06.591 01/01/2011]',3.600,3.100,15.800,3.500,8.000,0.500
'[00:00:06.592 01/01/2011]',4.100,3.300,16.100,3.800,7.700,0.500
'[00:00:06.593 01/01/2011]',4.600,3.600,16.500,4.300,7.400,0.500
'[00:00:06.594 01/01/2011]',4.800,4.000,16.800,5.000,7.300,0.500
'[00:00:06.595 01/01/2011]',4.400,4.300,17.000,5.600,7.400,0.500
'[00:00:06.596 01/01/2011]',3.600,4.600,17.300,6.200,7.800,0.500
'[00:00:06.597 01/01/2011]',2.800,4.600,17.500,6.500,8.200,0.500
'[00:00:06.598 01/01/2011]',2.500,4.500,17.700,6.600,8.500,0.500
'[00:00:06.599 01/01/2011]',2.700,4.400,17.800,6.300,8.600,0.500
'[00:00:06.600 01/01/2011]',3.200,4.300,17.900,5.800,8.400,0.500
'[00:00:06.601 01/01/2011]',3.300,4.400,18.000,5.400,8.200,0.500
'[00:00:06.602 01/01/2011]',2.900,4.600,18.300,5.100,8.300,0.500
'[00:00:06.603 01/01/2011]',1.800,4.900,18.600,5.100,8.700,0.500
'[00:00:06.604 01/01/2011]',0.700,5.100,19.000,5.400,9.200,0.500
'[00:00:06.605 01/01/2011]',0.200,5.400,19.200,5.800,9.500,0.500
'[00:00:06.606 01/01/2011]',0.500,5.600,19.300,6.100,9.500,0.500
'[00:00:06.607 01/01/2011]',1.400,5.900,19.300,6.300,9.200,0.500
'[00:00:06.608 01/01/2011]',2.300,6.200,19.200,6.500,8.900,0.500
'[00:00:06.609 01/01/2011]',2.500,6.700,19.100,6.800,8.800,0.500
'[00:00:06.610 01/01/2011]',2.200,7.200,19.100,7.400,8.900,0.500
'[00:00:06.611 01/01/2011]',1.600,7.700,19.300,8.000,9.200,0.500
'[00:00:06.612 01/01/2011]',1.400,8.000,19.400,8.500,9.400,0.500
'[00:00:06.613 01/01/2011]',1.800,8.200,19.600,8.600,9.400,0.500
'[00:00:06.614 01/01/2011]',2.600,8.300,19.500,8.300,9.200,0.500
'[00:00:06.615 01/01/2011]',3.100,8.300,19.400,7.700,8.900,0.500
'[00:00:06.616 01/01/2011]',2.700,8.300,19.300,7.300,8.800,0.500
'[00:00:06.617 01/01/2011]',1.600,8.300,19.300,7.300,8.900,0.500
'[00:00:06.618 01/01/2011]',0.200,8.400,19.500,7.900,9.200,0.500
'[00:00:06.619 01/01/2011]',-0.800,8.400,20.000,8.600,9.400,0.500
'[00:00:06.620 01/01/2011]',-1.100,8.200,20.600,9.300,9.600,0.500
'[00:00:06.621 01/01/2011]',-1.100,8.100,21.200,9.600,9.700,0.500
'[00:00:06.622 01/01/2011]',-1.200,8.000,21.500,9.700,9.800,0.500
'[00:00:06.623 01/01/2011]',-1.800,8.100,21.500,9.700,10.200,0.500
'[00:00:06.624 01/01/2011]',-2.800,8.300,21.200,9.800,10.700,0.500
'[00:00:06.625 01/01/2011]',-3.500,8.600,20.700,10.000,11.300,0.500
'[00:00:06.626 01/01/2011]',-3.700,8.800,20.300,10.300,11.500,0.500
'[00:00:06.627 01/01/2011]',-3.200,8.800,19.900,10.300,11.300,0.500
'[00:00:06.628 01/01/2011]',-2.600,8.500,19.600,9.900,10.700,0.500
'[00:00:06.629 01/01/2011]',-2.300,8.200,19.300,9.200,9.800,0.500
'[00:00:06.630 01/01/2011]',-2.800,8.000,18.900,8.600,9.000,0.500
'[00:00:06.631 01/01/2011]',-3.600,8.000,18.500,8.200,8.300,0.500
'[00:00:06.632 01/01/2011]',-4.400,8.200,18.100,8.000,7.800,0.500
'[00:00:06.633 01/01/2011]',-4.700,8.300,17.600,8.100,7.500,0.500
'[00:00:06.634 01/01/2011]',-4.400,8.200,17.100,8.100,7.300,0.500
'[00:00:06.635 01/01/2011]',-4.100,7.900,16.700,8.000,7.300,0.500
'[00:00:06.636 01/01/2011]',-4.000,7.500,16.500,7.900,7.300,0.500
'[00:00:06.637 01/01/2011]',-4.500,7.200,16.500,8.000,7.600,0.500
'[00:00:06.638 01/01/2011]',-5.400,7.100,16.800,8.300,8.000,0.500
'[00:00:06.639 01/01/2011]',-6.400,7.200,17.400,8.700,8.500,0.500
'[00:00:06.640 01/01/2011]',-7.200,7.300,18.000,9.200,8.900,0.500
'[00:00:06.641 01/01/2011]',-7.600,7.400,18.400,9.600,9.100,0.500
'[00:00:06.642 01/01/2011]',-7.700,7.600,18.500,9.700,9.100,0.500
'[00:00:06.643 01/01/2011]',-7.700,7.800,18.500,9.600,9.200,0.500
'[00:00:06.644 01/01/2011]',-7.600,8.200,18.500,9.500,9.300,0.500
'[00:00:06.645 01/01/2011]',-7.500,8.600,18.500,9.500,9.500,0.500
'[00:00:06.646 01/01/2011]',-7.400,8.900,18.600,9.500,9.800,0.500
'[00:00:06.647 01/01/2011]',-7.500,9.000,18.500,9.400,9.800,0.500
'[00:00:06.648 01/01/2011]',-7.600,8.900,18.100,9.100,9.500,0.500
'[00:00:06.649 01/01/2011]',-8.100,8.900,17.500,8.700,8.900,0.500
'[00:00:06.650 01/01/2011]',-8.700,9.000,16.900,8.400,8.200,0.500
'[00:00:06.651 01/01/2011]',-9.600,9.200,16.300,8.300,7.800,0.500
'[00:00:06.652 01/01/2011]',-10.600,9.500,16.200,8.300,7.700,0.500
'[00:00:06.653 01/01/2011]',-11.600,9.700,16.400,8.500,7.900,0.500
'[00:00:06.654 01/01/2011]',-12.400,9.700,16.800,8.400,8.200,0.500
'[00:00:06.655 01/01/2011]',-12.700,9.400,17.100,8.100,8.300,0.500
'[00:00:06.656 01/01/2011]',-12.100,8.900,17.100,7.500,8.300,0.500
'[00:00:06.657 01/01/2011]',-10.800,8.500,16.900,6.800,8.000,0.500
'[00:00:06.658 01/01/2011]',-9.200,8.100,16.500,6.200,7.700,0.500
'[00:00:06.659 01/01/2011]',-8.200,7.800,16.100,5.900,7.500,0.500
'[00:00:06.660 01/01/2011]',-8.400,7.600,15.700,5.700,7.300,0.500
'[00:00:06.661 01/01/2011]',-9.800,7.500,15.300,5.500,6.900,0.500
'[00:00:06.662 01/01/2011]',-11.800,7.500,14.900,5.100,6.200,0.500
'[00:00:06.663 01/01/2011]',-13.400,7.500,14.300,4.400,5.400,0.500
'[00:00:06.664 01/01/2011]',-13.800,7.600,13.700,3.800,4.500,0.500
'[00:00:06.665 01/01/2011]',-13.000,7.700,13.100,3.300,3.900,0.500
'[00:00:06.666 01/01/2011]',-11.700,7.800,12.600,3.400,3.700,0.500
'[00:00:06.667 01/01/2011]',-10.800,7.800,12.200,3.800,3.800,0.500
'[00:00:06.668 01/01/2011]',-10.900,7.700,11.700,4.300,4.000,0.500
'[00:00:06.669 01/01/2011]',-11.900,7.400,11.300,4.600,4.200,0.500
'[00:00:06.670 01/01/2011]',-12.800,7.000,10.800,4.400,4.200,0.500
'[00:00:06.671 01/01/2011]',-12.900,6.500,10.300,3.900,4.000,0.500
'[00:00:06.672 01/01/2011]',-12.100,6.100,10.100,3.300,3.600,0.500
'[00:00:06.673 01/01/2011]',-11.100,6.000,10.000,2.800,3.100,0.500
'[00:00:06.674 01/01/2011]',-10.600,6.100,10.100,2.600,2.600,0.500
'[00:00:06.675 01/01/2011]',-11.200,6.200,10.200,2.700,2.300,0.500
'[00:00:06.676 01/01/2011]',-12.700,6.200,10.100,2.700,2.100,0.500
'[00:00:06.677 01/01/2011]',-14.200,5.900,9.800,2.500,2.100,0.500
'[00:00:06.678 01/01/2011]',-15.100,5.400,9.300,1.900,2.200,0.500
'[00:00:06.679 01/01/2011]',-14.900,4.800,8.800,1.200,2.300,0.500
'[00:00:06.680 01/01/2011]',-13.900,4.200,8.300,0.500,2.100,0.500
'[00:00:06.681 01/01/2011]',-12.800,3.900,7.900,0.100,1.800,0.500
'[00:00:06.682 01/01/2011]',-12.100,3.800,7.700,0.100,1.400,0.500
'[00:00:06.683 01/01/2011]',-12.000,3.900,7.600,0.300,1.000,0.500
'[00:00:06.684 01/01/2011]',-12.500,4.100,7.700,0.700,0.900,0.500
'[00:00:06.685 01/01/2011]',-13.000,4.300,7.800,0.900,0.900,0.500
'[00:00:06.686 01/01/2011]',-13.600,4.500,7.900,0.900,1.000,0.500
'[00:00:06.687 01/01/2011]',-14.000,4.700,7.800,0.700,1.100,0.500
'[00:00:06.688 01/01/2011]',-14.300,4.700,7.400,0.500,0.900,0.500
'[00:00:06.689 01/01/2011]',-14.700,4.700,6.800,0.400,0.500,0.500
'[00:00:06.690 01/01/2011]',-15.100,4.500,6.100,0.400,0.200,0.500
'[00:00:06.691 01/01/2011]',-15.300,4.300,5.600,0.600,0.000,0.500
'[00:00:06.692 01/01/2011]',-15.300,4.100,5.300,0.800,0.100,0.500
'[00:00:06.693 01/01/2011]',-14.900,4.100,5.100,0.900,0.300,0.500
'[00:00:06.694 01/01/2011]',-14.300,4.100,5.200,0.800,0.500,0.500
'[00:00:06.695 01/01/2011]',-13.500,4.100,5.100,0.800,0.700,0.500
'[00:00:06.696 01/01/2011]',-12.800,4.100,5.000,0.700,0.600,0.500
'[00:00:06.697 01/01/2011]',-12.200,4.100,4.800,0.700,0.400,0.500
'[00:00:06.698 01/01/2011]',-11.700,4.200,4.700,0.700,0.100,0.500
'[00:00:06.699 01/01/2011]',-11.500,4.400,4.600,0.700,-0.100,0.500
'[00:00:06.700 01/01/2011]',-11.600,4.600,4.600,0.600,-0.300,0.500
'[00:00:06.701 01/01/2011]',-11.900,4.600,4.600,0.400,-0.400,0.500
'[00:00:06.702 01/01/2011]',-12.300,4.200,4.500,0.200,-0.500,0.500
'[00:00:06.703 01/01/2011]',-13.000,3.500,4.300,0.100,-0.500,0.500
'[00:00:06.704 01/01/2011]',-13.500,2.700,3.800,-0.100,-0.400,0.500
'[00:00:06.705 01/01/2011]',-13.900,2.200,3.300,-0.100,-0.200,0.500
'[00:00:06.706 01/01/2011]',-13.900,2.000,2.900,0.000,0.100,0.500
'[00:00:06.707 01/01/2011]',-13.500,2.400,2.600,0.200,0.400,0.500
'[00:00:06.708 01/01/2011]',-12.900,3.000,2.700,0.500,0.500,0.500
'[00:00:06.709 01/01/2011]',-12.500,3.500,3.000,0.600,0.600,0.500
'[00:00:06.710 01/01/2011]',-12.500,3.700,3.500,0.600,0.800,0.500
'[00:00:06.711 01/01/2011]',-12.800,3.500,4.000,0.500,1.300,0.500
'[00:00:06.712 01/01/2011]',-13.100,3.200,4.600,0.200,2.000,0.500
'[00:00:06.713 01/01/2011]',-13.100,3.000,4.900,-0.200,2.800,0.500
'[00:00:06.714 01/01/2011]',-12.600,2.900,5.200,-0.500,3.600,0.500
'[00:00:06.715 01/01/2011]',-11.900,2.900,5.300,-0.600,4.000,0.500
'[00:00:06.716 01/01/2011]',-11.100,2.900,5.300,-0.600,4.100,0.500
'[00:00:06.717 01/01/2011]',-10.800,2.700,5.300,-0.500,4.200,0.500
'[00:00:06.718 01/01/2011]',-11.000,2.400,5.400,-0.200,4.400,0.500
'[00:00:06.719 01/01/2011]',-11.600,2.000,5.500,0.000,4.800,0.500
'[00:00:06.720 01/01/2011]',-12.200,1.700,5.700,0.200,5.400,0.500
'[00:00:06.721 01/01/2011]',-12.400,1.600,5.800,0.300,5.800,0.500
'[00:00:06.722 01/01/2011]',-12.000,1.800,6.000,0.400,5.700,0.500
'[00:00:06.723 01/01/2011]',-11.300,2.100,6.000,0.300,5.200,0.500
'[00:00:06.724 01/01/2011]',-10.500,2.500,6.100,0.300,4.500,0.500
'[00:00:06.725 01/01/2011]',-10.100,3.000,6.200,0.300,3.900,0.500
'[00:00:06.726 01/01/2011]',-10.100,3.500,6.300,0.400,3.900,0.500
'[00:00:06.727 01/01/2011]',-10.400,4.100,6.600,0.500,4.500,0.500
'[00:00:06.728 01/01/2011]',-10.400,4.800,6.800,0.600,5.400,0.500
'[00:00:06.729 01/01/2011]',-9.700,5.400,6.900,0.900,6.300,0.500
'[00:00:06.730 01/01/2011]',-8.400,6.000,7.100,1.300,7.000,0.500
'[00:00:06.731 01/01/2011]',-6.500,6.200,7.100,1.700,7.400,0.500
'[00:00:06.732 01/01/2011]',-4.700,6.100,7.100,2.200,7.600,0.500
'[00:00:06.733 01/01/2011]',-3.500,5.800,7.100,2.500,7.800,0.500
'[00:00:06.734 01/01/2011]',-3.200,5.200,7.000,2.600,8.000,0.500
'[00:00:06.735 01/01/2011]',-3.800,4.700,7.000,2.500,8.300,0.500
'[00:00:06.736 01/01/2011]',-4.700,4.300,6.900,2.200,8.600,0.500
'[00:00:06.737 01/01/2011]',-5.400,3.900,7.000,1.800,8.700,0.500
'[00:00:06.738 01/01/2011]',-5.500,3.400,7.100,1.800,8.900,0.500
'[00:00:06.739 01/01/2011]',-4.800,2.900,7.300,2.100,9.000,0.500
'[00:00:06.740 01/01/2011]',-3.800,2.400,7.500,2.700,9.200,0.500
'[00:00:06.741 01/01/2011]',-3.100,2.100,7.700,3.400,9.400,0.500
'[00:00:06.742 01/01/2011]',-3.200,2.100,7.800,3.900,9.700,0.500
'[00:00:06.743 01/01/2011]',-4.100,2.500,7.700,4.000,10.000,0.500
'[00:00:06.744 01/01/2011]',-5.200,2.900,7.500,3.700,10.200,0.500
'[00:00:06.745 01/01/2011]',-5.700,3.400,7.400,3.200,10.400,0.500
'[00:00:06.746 01/01/2011]',-5.100,3.800,7.400,3.000,10.700,0.500
'[00:00:06.747 01/01/2011]',-3.400,4.000,7.700,3.200,11.100,0.500
'[00:00:06.748 01/01/2011]',-1.300,4.300,8.100,4.100,11.500,0.500
'[00:00:06.749 01/01/2011]',0.200,4.600,8.600,5.100,12.000,0.500
'[00:00:06.750 01/01/2011]',0.500,4.700,8.900,6.000,12.400,0.500
'[00:00:06.751 01/01/2011]',-0.200,4.600,8.800,6.400,12.800,0.500
'[00:00:06.752 01/01/2011]',-1.300,4.100,8.400,6.400,13.100,0.500
'[00:00:06.753 01/01/2011]',-1.800,3.400,7.800,6.000,13.300,0.500
'[00:00:06.754 01/01/2011]',-1.500,2.600,7.100,5.500,13.500,0.500
'[00:00:06.755 01/01/2011]',-0.500,2.100,6.600,5.200,13.700,0.500
'[00:00:06.756 01/01/2011]',0.400,1.900,6.300,5.100,13.900,0.500
'[00:00:06.757 01/01/2011]',0.600,2.000,6.300,5.100,14.200,0.500
'[00:00:06.758 01/01/2011]',0.000,2.100,6.300,5.000,14.400,0.500
'[00:00:06.759 01/01/2011]',-1.000,2.200,6.300,4.900,14.700,0.500
'[00:00:06.760 01/01/2011]',-2.100,2.200,6.100,4.700,15.000,0.500
'[00:00:06.761 01/01/2011]',-2.800,2.000,5.700,4.500,15.300,0.500
'[00:00:06.762 01/01/2011]',-3.400,1.800,5.200,4.400,16.000,0.500
'[00:00:06.763 01/01/2011]',-4.100,1.600,4.900,4.400,16.900,0.500
'[00:00:06.764 01/01/2011]',-4.900,1.500,4.800,4.600,17.900,0.500
'[00:00:06.765 01/01/2011]',-5.900,1.400,5.000,5.000,18.700,0.500
'[00:00:06.766 01/01/2011]',-6.500,1.400,5.100,5.400,19.000,0.500
'[00:00:06.767 01/01/2011]',-6.500,1.500,5.100,5.800,18.700,0.500
'[00:00:06.768 01/01/2011]',-6.000,1.800,4.800,6.100,17.900,0.500
'[00:00:06.769 01/01/2011]',-5.400,2.200,4.200,6.200,17.000,0.500
'[00:00:06.770 01/01/2011]',-5.500,2.400,3.500,6.200,16.400,0.500
'[00:00:06.771 01/01/2011]',-6.400,2.200,2.900,6.100,16.300,0.500
'[00:00:06.772 01/01/2011]',-8.100,1.700,2.600,6.100,16.500,0.500
'[00:00:06.773 01/01/2011]',-10.100,1.000,2.600,6.100,16.900,0.500
'[00:00:06.774 01/01/2011]',-11.700,0.200,2.700,6.100,17.000,0.500
'[00:00:06.775 01/01/2011]',-12.800,-0.500,2.700,6.000,16.900,0.500
'[00:00:06.776 01/01/2011]',-13.500,-1.000,2.600,5.800,16.500,0.500
'[00:00:06.777 01/01/2011]',-14.100,-1.400,2.200,5.400,16.000,0.500
'[00:00:06.778 01/01/2011]',-14.900,-1.700,1.600,4.900,15.600,0.500
'[00:00:06.779 01/01/2011]',-15.900,-2.000,0.900,4.300,15.200,0.500
'[00:00:06.780 01/01/2011]',-16.900,-2.400,0.200,3.900,14.800,0.500
'[00:00:06.781 01/01/2011]',-17.700,-2.700,-0.400,3.500,14.400,0.500
'[00:00:06.782 01/01/2011]',-18.100,-2.800,-0.800,3.300,14.200,0.500
'[00:00:06.783 01/01/2011]',-18.000,-2.700,-1.100,3.100,14.100,0.500
'[00:00:06.784 01/01/2011]',-17.800,-2.500,-1.200,2.900,14.300,0.500
'[00:00:06.785 01/01/2011]',-17.800,-2.300,-1.400,2.800,14.700,0.500
'[00:00:06.786 01/01/2011]',-18.300,-2.300,-1.700,2.900,15.000,0.500
'[00:00:06.787 01/01/2011]',-19.300,-2.500,-2.100,3.100,15.100,0.500
'[00:00:06.788 01/01/2011]',-20.600,-2.800,-2.500,3.500,15.200,0.500
'[00:00:06.789 01/01/2011]',-22.000,-3.100,-2.700,3.800,15.100,0.500
'[00:00:06.790 01/01/2011]',-22.800,-3.100,-2.700,4.000,15.100,0.500
'[00:00:06.791 01/01/2011]',-22.800,-2.900,-2.500,3.800,15.200,0.500
'[00:00:06.792 01/01/2011]',-21.800,-2.700,-2.100,3.400,15.300,0.500
'[00:00:06.793 01/01/2011]',-20.400,-2.700,-1.800,2.900,15.400,0.500
'[00:00:06.794 01/01/2011]',-19.100,-3.000,-1.600,2.400,15.600,0.500
'[00:00:06.795 01/01/2011]',-18.700,-3.600,-1.600,2.000,15.700,0.500
'[00:00:06.796 01/01/2011]',-19.200,-4.500,-1.800,1.500,15.900,0.500
'[00:00:06.797 01/01/2011]',-20.400,-5.300,-2.100,1.100,16.100,0.500
'[00:00:06.798 01/01/2011]',-21.700,-6.000,-2.400,0.600,16.300,0.500
'[00:00:06.799 01/01/2011]',-22.300,-6.400,-2.600,0.200,16.400,0.500
'[00:00:06.800 01/01/2011]',-22.100,-6.400,-2.800,0.000,16.400,0.500
'[00:00:06.801 01/01/2011]',-21.300,-6.200,-2.800,0.000,16.300,0.500
'[00:00:06.802 01/01/2011]',-20.500,-5.900,-2.900,0.300,16.300,0.500
'[00:00:06.803 01/01/2011]',-20.200,-5.600,-3.000,0.600,16.300,0.500
'[00:00:06.804 01/01/2011]',-20.500,-5.300,-3.100,1.000,16.300,0.500
'[00:00:06.805 01/01/2011]',-21.100,-5.000,-3.200,1.500,16.300,0.500
'[00:00:06.806 01/01/2011]',-21.500,-4.700,-3.300,2.100,16.200,0.500
'[00:00:06.807 01/01/2011]',-21.300,-4.300,-3.200,2.700,16.100,0.500
'[00:00:06.808 01/01/2011]',-20.500,-4.100,-3.100,3.100,16.000,0.500
'[00:00:06.809 01/01/2011]',-19.600,-4.100,-3.100,3.300,15.800,0.500
'[00:00:06.810 01/01/2011]',-19.000,-4.500,-3.200,3.000,15.600,0.500
'[00:00:06.811 01/01/2011]',-18.900,-5.100,-3.400,2.400,15.200,0.500
'[00:00:06.812 01/01/2011]',-19.400,-5.900,-3.600,1.800,14.800,0.500
'[00:00:06.813 01/01/2011]',-20.000,-6.400,-3.800,1.300,14.400,0.500
'[00:00:06.814 01/01/2011]',-20.200,-6.500,-3.800,1.100,14.000,0.500
'[00:00:06.815 01/01/2011]',-20.100,-6.400,-3.700,1.000,13.700,0.500
'[00:00:06.816 01/01/2011]',-19.600,-6.200,-3.500,1.000,13.500,0.500
'[00:00:06.817 01/01/2011]',-19.200,-6.100,-3.400,0.700,13.400,0.500
'[00:00:06.818 01/01/2011]',-19.200,-6.300,-3.300,0.300,13.400,0.500
'[00:00:06.819 01/01/2011]',-19.500,-6.600,-3.000,-0.100,13.200,0.500
'[00:00:06.820 01/01/2011]',-19.900,-6.800,-2.600,-0.400,12.800,0.500
'[00:00:06.821 01/01/2011]',-20.100,-6.800,-2.100,-0.700,12.100,0.500
'[00:00:06.822 01/01/2011]',-19.900,-6.600,-1.600,-1.000,11.100,0.500
'[00:00:06.823 01/01/2011]',-19.200,-6.200,-1.200,-1.500,10.100,0.500
'[00:00:06.824 01/01/2011]',-18.200,-6.000,-1.000,-1.800,9.300,0.500
'[00:00:06.825 01/01/2011]',-17.100,-5.800,-0.800,-2.000,8.900,0.500
'[00:00:06.826 01/01/2011]',-16.200,-5.600,-0.700,-1.900,8.900,0.500
'[00:00:06.827 01/01/2011]',-15.700,-5.500,-0.600,-1.500,9.100,0.500
'[00:00:06.828 01/01/2011]',-15.600,-5.500,-0.500,-1.100,9.100,0.500
'[00:00:06.829 01/01/2011]',-16.000,-5.600,-0.700,-1.000,8.700,0.500
'[00:00:06.830 01/01/2011]',-16.800,-6.100,-1.000,-1.500,7.900,0.500
'[00:00:06.831 01/01/2011]',-17.700,-6.700,-1.600,-2.400,6.800,0.500
'[00:00:06.832 01/01/2011]',-18.400,-7.300,-2.100,-3.500,5.800,0.500
'[00:00:06.833 01/01/2011]',-18.400,-7.500,-2.500,-4.500,5.000,0.500
'[00:00:06.834 01/01/2011]',-17.600,-7.500,-2.700,-5.100,4.500,0.500
'[00:00:06.835 01/01/2011]',-16.100,-7.300,-2.600,-5.500,4.200,0.500
'[00:00:06.836 01/01/2011]',-14.300,-7.100,-2.300,-5.700,4.000,0.500
'[00:00:06.837 01/01/2011]',-12.800,-7.200,-2.000,-5.800,3.600,0.500
'[00:00:06.838 01/01/2011]',-12.000,-7.500,-1.900,-6.000,2.900,0.500
'[00:00:06.839 01/01/2011]',-11.900,-7.800,-2.000,-6.100,2.100,0.500
'[00:00:06.840 01/01/2011]',-12.400,-7.800,-2.300,-6.100,1.200,0.500
'[00:00:06.841 01/01/2011]',-13.000,-7.600,-2.700,-6.000,0.500,0.500
'[00:00:06.842 01/01/2011]',-13.400,-7.400,-3.000,-5.900,0.000,0.500
'[00:00:06.843 01/01/2011]',-13.000,-7.200,-3.200,-5.700,-0.300,0.500
'[00:00:06.844 01/01/2011]',-11.900,-7.200,-3.100,-5.600,-0.700,0.500
'[00:00:06.845 01/01/2011]',-10.500,-7.200,-2.900,-5.700,-1.400,0.500
'[00:00:06.846 01/01/2011]',-9.200,-7.200,-3.000,-5.900,-2.600,0.500
'[00:00:06.847 01/01/2011]',-9.000,-6.900,-3.500,-6.300,-4.200,0.500
'[00:00:06.848 01/01/2011]',-10.100,-6.500,-4.700,-7.200,-6.100,0.500
'[00:00:06.849 01/01/2011]',-12.700,-6.300,-6.300,-8.200,-8.000,0.500
'[00:00:06.850 01/01/2011]',-16.100,-6.400,-7.900,-9.300,-9.400,0.500
'[00:00:06.851 01/01/2011]',-19.000,-6.700,-9.000,-10.100,-10.300,0.500
'[00:00:06.852 01/01/2011]',-20.500,-7.100,-9.300,-10.300,-10.600,0.500
'[00:00:06.853 01/01/2011]',-19.900,-7.100,-8.600,-10.000,-10.700,0.500
'[00:00:06.854 01/01/2011]',-17.100,-6.800,-7.400,-9.200,-10.600,0.500
'[00:00:06.855 01/01/2011]',-12.700,-6.300,-6.000,-8.500,-10.600,0.500
'[00:00:06.856 01/01/2011]',-7.300,-5.900,-4.900,-8.000,-10.800,0.500
'[00:00:06.857 01/01/2011]',-1.200,-5.900,-4.100,-7.900,-11.000,0.500
'[00:00:06.858 01/01/2011]',5.400,-6.000,-3.400,-8.000,-11.000,0.500
'[00:00:06.859 01/01/2011]',12.900,-6.100,-2.400,-7.800,-10.700,0.500
'[00:00:06.860 01/01/2011]',21.400,-5.800,-0.900,-7.100,-10.000,0.500
'[00:00:06.861 01/01/2011]',30.600,-5.000,1.000,-5.900,-9.000,0.500
'[00:00:06.862 01/01/2011]',40.001,-4.000,3.000,-4.400,-7.600,0.500
'[00:00:06.863 01/01/2011]',48.701,-3.200,4.800,-3.100,-6.200,0.500
'[00:00:06.864 01/01/2011]',56.101,-2.800,6.000,-2.100,-4.800,0.500
'[00:00:06.865 01/01/2011]',61.601,-2.600,6.900,-1.400,-3.300,0.500
'[00:00:06.866 01/01/2011]',65.001,-2.400,7.900,-0.800,-1.700,0.500
'[00:00:06.867 01/01/2011]',66.901,-1.800,9.300,-0.100,0.200,0.500
'[00:00:06.868 01/01/2011]',67.701,-0.900,11.000,0.700,2.000,0.500
'[00:00:06.869 01/01/2011]',67.901,0.000,12.800,1.600,3.600,0.500
'[00:00:06.870 01/01/2011]',67.701,0.600,14.100,2.100,4.600,0.500
'[00:00:06.871 01/01/2011]',67.201,0.700,14.500,2.000,4.700,0.500
'[00:00:06.872 01/01/2011]',66.101,0.300,14.100,1.300,4.200,0.500
'[00:00:06.873 01/01/2011]',64.301,-0.200,13.400,0.200,3.200,0.500
'[00:00:06.874 01/01/2011]',62.001,-0.500,12.700,-0.800,2.300,0.500
'[00:00:06.875 01/01/2011]',59.201,-0.500,12.400,-1.600,1.500,0.500
'[00:00:06.876 01/01/2011]',56.301,-0.500,12.200,-2.000,0.900,0.500
'[00:00:06.877 01/01/2011]',53.401,-0.600,11.800,-2.400,-0.100,0.500
'[00:00:06.878 01/01/2011]',50.301,-1.100,10.500,-3.200,-1.800,0.500
'[00:00:06.879 01/01/2011]',46.601,-1.700,8.200,-4.600,-4.300,0.500
'[00:00:06.880 01/01/2011]',41.501,-2.300,4.800,-6.900,-7.800,0.500
'[00:00:06.881 01/01/2011]',34.501,-3.000,0.600,-9.600,-11.900,0.500
'[00:00:06.882 01/01/2011]',25.000,-3.800,-3.800,-12.500,-16.200,0.500
'[00:00:06.883 01/01/2011]',13.300,-4.700,-7.900,-15.100,-20.200,0.500
'[00:00:06.884 01/01/2011]',0.300,-5.900,-11.300,-16.900,-23.700,0.500
'[00:00:06.885 01/01/2011]',-12.600,-7.000,-13.800,-18.000,-26.300,0.500
'[00:00:06.886 01/01/2011]',-23.400,-7.800,-15.400,-18.400,-27.900,0.500
'[00:00:06.887 01/01/2011]',-30.700,-7.900,-16.000,-18.300,-28.600,0.500
'[00:00:06.888 01/01/2011]',-33.601,-7.200,-15.900,-18.000,-28.600,0.500
'[00:00:06.889 01/01/2011]',-32.400,-6.200,-15.000,-17.400,-28.200,0.500
'[00:00:06.890 01/01/2011]',-28.400,-5.300,-13.800,-16.800,-27.500,0.500
'[00:00:06.891 01/01/2011]',-22.900,-5.000,-12.500,-16.200,-26.900,0.500
'[00:00:06.892 01/01/2011]',-17.100,-5.300,-11.500,-15.800,-26.300,0.500
'[00:00:06.893 01/01/2011]',-11.700,-6.000,-10.800,-15.400,-25.900,0.500
'[00:00:06.894 01/01/2011]',-7.200,-6.500,-10.700,-15.300,-25.500,0.500
'[00:00:06.895 01/01/2011]',-3.700,-6.700,-11.000,-15.200,-25.300,0.500
'[00:00:06.896 01/01/2011]',-1.500,-6.500,-11.300,-15.300,-25.200,0.500
'[00:00:06.897 01/01/2011]',-0.600,-6.200,-11.500,-15.300,-25.100,0.500
'[00:00:06.898 01/01/2011]',-1.000,-6.100,-11.500,-15.300,-25.300,0.500
'[00:00:06.899 01/01/2011]',-2.000,-6.400,-11.700,-15.500,-25.600,0.500
'[00:00:06.900 01/01/2011]',-2.900,-7.000,-12.000,-15.900,-26.200,0.500
'[00:00:06.901 01/01/2011]',-3.100,-7.600,-12.700,-16.700,-27.000,0.500
'[00:00:06.902 01/01/2011]',-2.400,-7.900,-13.600,-17.600,-28.100,0.500
'[00:00:06.903 01/01/2011]',-1.000,-7.500,-14.500,-18.700,-29.100,0.500
'[00:00:06.904 01/01/2011]',0.300,-6.700,-15.000,-19.700,-29.900,0.500
'[00:00:06.905 01/01/2011]',1.100,-5.800,-15.300,-20.400,-30.400,0.500
'[00:00:06.906 01/01/2011]',1.200,-5.200,-15.400,-20.600,-30.400,0.500
'[00:00:06.907 01/01/2011]',1.100,-4.900,-15.700,-20.500,-30.300,0.500
'[00:00:06.908 01/01/2011]',0.900,-5.100,-16.100,-20.100,-30.100,0.500
'[00:00:06.909 01/01/2011]',1.100,-5.500,-16.500,-19.700,-30.000,0.500
'[00:00:06.910 01/01/2011]',1.300,-6.000,-16.900,-19.300,-30.100,0.500
'[00:00:06.911 01/01/2011]',1.500,-6.500,-17.000,-19.200,-30.100,0.500
'[00:00:06.912 01/01/2011]',1.400,-7.100,-16.900,-19.200,-30.000,0.500
'[00:00:06.913 01/01/2011]',1.000,-7.600,-16.700,-19.300,-29.700,0.500
'[00:00:06.914 01/01/2011]',0.700,-8.200,-16.600,-19.300,-29.200,0.500
'[00:00:06.915 01/01/2011]',0.700,-8.800,-16.700,-19.300,-28.800,0.500
'[00:00:06.916 01/01/2011]',1.000,-9.300,-16.900,-19.300,-28.700,0.500
'[00:00:06.917 01/01/2011]',1.400,-9.700,-17.100,-19.300,-28.900,0.500
'[00:00:06.918 01/01/2011]',1.700,-9.900,-17.200,-19.500,-29.400,0.500
'[00:00:06.919 01/01/2011]',1.600,-10.100,-17.100,-20.000,-30.100,0.500
'[00:00:06.920 01/01/2011]',1.500,-10.200,-16.900,-20.700,-30.700,0.500
'[00:00:06.921 01/01/2011]',1.600,-10.300,-16.900,-21.400,-31.300,0.500
'[00:00:06.922 01/01/2011]',2.300,-10.500,-17.100,-21.800,-31.600,0.500
'[00:00:06.923 01/01/2011]',3.400,-10.600,-17.400,-21.900,-31.800,0.500
'[00:00:06.924 01/01/2011]',4.600,-10.600,-17.800,-21.600,-31.900,0.500
'[00:00:06.925 01/01/2011]',5.500,-10.500,-18.200,-21.100,-32.100,0.500
'[00:00:06.926 01/01/2011]',5.600,-10.200,-18.600,-20.500,-32.400,0.500
'[00:00:06.927 01/01/2011]',5.000,-9.900,-18.900,-20.100,-32.801,0.500
'[00:00:06.928 01/01/2011]',4.000,-9.500,-19.300,-19.900,-33.201,0.500
'[00:00:06.929 01/01/2011]',2.700,-9.100,-19.600,-19.900,-33.501,0.500
'[00:00:06.930 01/01/2011]',1.600,-8.800,-19.800,-20.200,-33.701,0.500
'[00:00:06.931 01/01/2011]',0.600,-8.900,-19.900,-20.500,-33.501,0.500
'[00:00:06.932 01/01/2011]',0.000,-9.200,-20.000,-20.900,-33.201,0.500
'[00:00:06.933 01/01/2011]',-0.400,-9.600,-19.900,-21.100,-32.901,0.500
'[00:00:06.934 01/01/2011]',-0.600,-10.100,-19.700,-21.100,-32.600,0.500
'[00:00:06.935 01/01/2011]',-0.500,-10.400,-19.600,-20.800,-32.500,0.500
'[00:00:06.936 01/01/2011]',-0.500,-10.600,-19.500,-20.400,-32.700,0.500
'[00:00:06.937 01/01/2011]',-0.500,-10.800,-19.500,-20.100,-32.901,0.500
'[00:00:06.938 01/01/2011]',-0.500,-11.000,-19.500,-20.100,-33.101,0.500
'[00:00:06.939 01/01/2011]',-0.300,-11.300,-19.600,-20.400,-33.201,0.500
'[00:00:06.940 01/01/2011]',0.400,-11.400,-19.500,-21.100,-33.101,0.500
'[00:00:06.941 01/01/2011]',1.900,-11.300,-19.400,-21.900,-32.801,0.500
'[00:00:06.942 01/01/2011]',3.800,-10.900,-19.300,-22.600,-32.500,0.500
'[00:00:06.943 01/01/2011]',5.500,-10.400,-19.200,-23.200,-32.300,0.500
'[00:00:06.944 01/01/2011]',6.300,-9.900,-19.200,-23.500,-32.200,0.500
'[00:00:06.945 01/01/2011]',5.900,-9.600,-19.400,-23.500,-32.400,0.500
'[00:00:06.946 01/01/2011]',4.400,-9.300,-19.700,-23.500,-32.500,0.500
'[00:00:06.947 01/01/2011]',2.700,-9.000,-19.900,-23.300,-32.600,0.500
'[00:00:06.948 01/01/2011]',1.800,-8.800,-20.000,-23.000,-32.400,0.500
'[00:00:06.949 01/01/2011]',2.000,-8.700,-19.900,-22.700,-32.200,0.500
'[00:00:06.950 01/01/2011]',3.400,-9.000,-19.600,-22.200,-31.900,0.500
'[00:00:06.951 01/01/2011]',5.200,-9.600,-19.500,-21.800,-31.700,0.500
'[00:00:06.952 01/01/2011]',6.600,-10.400,-19.500,-21.500,-31.600,0.500
'[00:00:06.953 01/01/2011]',6.900,-11.200,-20.000,-21.300,-31.800,0.500
'[00:00:06.954 01/01/2011]',6.100,-11.800,-20.700,-21.400,-32.100,0.500
'[00:00:06.955 01/01/2011]',4.900,-12.200,-21.600,-21.700,-32.500,0.500
'[00:00:06.956 01/01/2011]',3.700,-12.400,-22.300,-22.000,-32.901,0.500
'[00:00:06.957 01/01/2011]',3.100,-12.600,-22.800,-22.200,-33.101,0.500
'[00:00:06.958 01/01/2011]',3.000,-12.900,-22.900,-22.200,-33.201,0.500
'[00:00:06.959 01/01/2011]',3.200,-13.000,-22.500,-21.800,-33.001,0.500
'[00:00:06.960 01/01/2011]',3.500,-12.800,-21.800,-21.300,-32.600,0.500
'[00:00:06.961 01/01/2011]',3.700,-12.300,-21.000,-20.600,-32.300,0.500
'[00:00:06.962 01/01/2011]',4.000,-11.600,-20.300,-19.900,-32.200,0.500
'[00:00:06.963 01/01/2011]',4.600,-11.100,-20.000,-19.400,-32.400,0.500
'[00:00:06.964 01/01/2011]',5.300,-11.000,-20.000,-19.200,-32.700,0.500
'[00:00:06.965 01/01/2011]',6.000,-11.000,-20.300,-19.100,-33.101,0.500
'[00:00:06.966 01/01/2011]',6.400,-11.100,-20.600,-19.300,-33.301,0.500
'[00:00:06.967 01/01/2011]',6.500,-10.900,-20.800,-19.500,-33.401,0.500
'[00:00:06.968 01/01/2011]',6.400,-10.400,-20.700,-19.900,-33.501,0.500
'[00:00:06.969 01/01/2011]',6.300,-10.000,-20.500,-20.300,-33.601,0.500
'[00:00:06.970 01/01/2011]',6.100,-9.900,-20.300,-20.600,-34.001,0.500
'[00:00:06.971 01/01/2011]',5.800,-10.300,-20.300,-20.900,-34.401,0.500
'[00:00:06.972 01/01/2011]',5.200,-10.900,-20.500,-21.000,-34.801,0.500
'[00:00:06.973 01/01/2011]',4.500,-11.400,-20.800,-21.100,-35.201,0.500
'[00:00:06.974 01/01/2011]',4.200,-11.600,-21.100,-21.000,-35.501,0.500
'[00:00:06.975 01/01/2011]',4.500,-11.500,-21.400,-20.900,-35.901,0.500
'[00:00:06.976 01/01/2011]',5.600,-11.300,-21.700,-20.900,-36.301,0.500
'[00:00:06.977 01/01/2011]',7.100,-11.400,-22.100,-21.000,-36.901,0.500
'[00:00:06.978 01/01/2011]',8.200,-11.600,-22.400,-21.200,-37.301,0.500
'[00:00:06.979 01/01/2011]',8.400,-12.000,-22.600,-21.400,-37.501,0.500
'[00:00:06.980 01/01/2011]',7.700,-12.200,-22.600,-21.700,-37.301,0.500
'[00:00:06.981 01/01/2011]',6.700,-12.000,-22.400,-21.700,-36.801,0.500
'[00:00:06.982 01/01/2011]',6.200,-11.400,-22.000,-21.500,-36.301,0.500
'[00:00:06.983 01/01/2011]',6.600,-10.700,-21.600,-21.100,-36.001,0.500
'[00:00:06.984 01/01/2011]',7.700,-10.200,-21.400,-20.400,-36.101,0.500
'[00:00:06.985 01/01/2011]',8.900,-10.000,-21.400,-19.800,-36.301,0.500
'[00:00:06.986 01/01/2011]',9.500,-10.100,-21.700,-19.500,-36.701,0.500
'[00:00:06.987 01/01/2011]',9.300,-10.400,-21.900,-19.500,-36.901,0.500
'[00:00:06.988 01/01/2011]',8.700,-10.700,-22.100,-20.000,-37.001,0.500
'[00:00:06.989 01/01/2011]',8.400,-10.700,-22.100,-20.600,-37.101,0.500
'[00:00:06.990 01/01/2011]',8.600,-10.400,-22.100,-21.000,-37.001,0.500
'[00:00:06.991 01/01/2011]',9.300,-10.000,-22.200,-21.200,-36.901,0.500
'[00:00:06.992 01/01/2011]',9.900,-9.700,-22.300,-21.000,-36.701,0.500
'[00:00:06.993 01/01/2011]',10.200,-9.700,-22.400,-20.700,-36.401,0.500
'[00:00:06.994 01/01/2011]',9.900,-10.200,-22.600,-20.500,-36.101,0.500
'[00:00:06.995 01/01/2011]',9.500,-11.000,-22.700,-20.800,-36.101,0.500
'[00:00:06.996 01/01/2011]',9.300,-12.000,-22.900,-21.700,-36.501,0.500
'[00:00:06.997 01/01/2011]',9.800,-12.800,-23.100,-22.900,-37.201,0.500
'[00:00:06.998 01/01/2011]',11.100,-13.200,-23.500,-24.100,-38.101,0.500
'[00:00:06.999 01/01/2011]',12.700,-13.200,-24.000,-24.900,-38.701,0.500
'[00:00:07.000 01/01/2011]',14.200,-12.800,-24.600,-25.200,-38.701,0.500
'[00:00:07.001 01/01/2011]',15.100,-12.400,-24.900,-25.000,-38.301,0.500
'[00:00:07.002 01/01/2011]',15.100,-12.000,-25.100,-24.700,-37.701,0.500
'[00:00:07.003 01/01/2011]',14.400,-11.900,-25.000,-24.400,-37.501,0.500
'[00:00:07.004 01/01/2011]',13.200,-11.900,-24.700,-24.300,-37.601,0.500
'[00:00:07.005 01/01/2011]',12.000,-11.900,-24.400,-24.500,-38.101,0.500
'[00:00:07.006 01/01/2011]',11.200,-11.800,-24.300,-24.700,-38.701,0.500
'[00:00:07.007 01/01/2011]',11.100,-11.400,-24.300,-24.800,-39.001,0.500
'[00:00:07.008 01/01/2011]',11.700,-10.900,-24.600,-24.700,-39.101,0.500
'[00:00:07.009 01/01/2011]',12.600,-10.400,-25.100,-24.500,-39.101,0.500
'[00:00:07.010 01/01/2011]',13.300,-10.100,-25.600,-24.500,-39.101,0.500
'[00:00:07.011 01/01/2011]',13.400,-10.300,-25.900,-24.700,-39.301,0.500
'[00:00:07.012 01/01/2011]',12.800,-11.000,-26.100,-25.200,-39.601,0.500
'[00:00:07.013 01/01/2011]',11.800,-12.000,-26.300,-25.900,-39.701,0.500
'[00:00:07.014 01/01/2011]',10.800,-13.100,-26.500,-26.700,-39.701,0.500
'[00:00:07.015 01/01/2011]',10.100,-14.000,-26.900,-27.400,-39.701,0.500
'[00:00:07.016 01/01/2011]',10.000,-14.500,-27.300,-27.800,-39.801,0.500
'[00:00:07.017 01/01/2011]',10.500,-14.800,-27.600,-27.900,-40.001,0.500
'[00:00:07.018 01/01/2011]',11.100,-15.000,-27.700,-27.900,-40.201,0.500
'[00:00:07.019 01/01/2011]',11.900,-15.200,-27.500,-27.800,-40.301,0.500
'[00:00:07.020 01/01/2011]',12.600,-15.400,-27.100,-27.700,-40.101,0.500
'[00:00:07.021 01/01/2011]',13.300,-15.400,-26.700,-27.600,-39.801,0.500
'[00:00:07.022 01/01/2011]',14.000,-15.100,-26.600,-27.600,-39.701,0.500
'[00:00:07.023 01/01/2011]',14.600,-14.500,-26.800,-27.600,-39.701,0.500
'[00:00:07.024 01/01/2011]',15.200,-13.900,-27.200,-27.800,-40.001,0.500
'[00:00:07.025 01/01/2011]',15.500,-13.700,-27.800,-28.100,-40.501,0.500
'[00:00:07.026 01/01/2011]',15.400,-13.900,-28.400,-28.600,-41.101,0.500
'[00:00:07.027 01/01/2011]',14.700,-14.500,-29.000,-29.300,-41.601,0.500
'[00:00:07.028 01/01/2011]',13.900,-15.200,-29.700,-30.000,-42.301,0.500
'[00:00:07.029 01/01/2011]',13.000,-15.900,-30.500,-30.600,-43.101,0.500
'[00:00:07.030 01/01/2011]',12.500,-16.300,-31.500,-31.100,-44.001,0.500
'[00:00:07.031 01/01/2011]',12.400,-16.500,-32.500,-31.400,-44.801,0.500
'[00:00:07.032 01/01/2011]',12.700,-16.600,-33.201,-31.600,-45.401,0.500
'[00:00:07.033 01/01/2011]',13.200,-16.600,-33.501,-31.800,-45.601,0.500
'[00:00:07.034 01/01/2011]',13.600,-16.700,-33.501,-32.000,-45.601,0.500
'[00:00:07.035 01/01/2011]',13.600,-16.800,-33.201,-32.200,-45.501,0.500
'[00:00:07.036 01/01/2011]',13.300,-17.200,-32.901,-32.300,-45.701,0.500
'[00:00:07.037 01/01/2011]',12.900,-17.800,-33.001,-32.500,-46.101,0.500
'[00:00:07.038 01/01/2011]',12.600,-18.600,-33.401,-32.700,-46.701,0.500
'[00:00:07.039 01/01/2011]',12.800,-19.500,-34.201,-33.101,-47.201,0.500
'[00:00:07.040 01/01/2011]',13.400,-20.100,-35.001,-33.701,-47.401,0.500
'[00:00:07.041 01/01/2011]',14.200,-20.100,-35.401,-34.301,-47.301,0.500
'[00:00:07.042 01/01/2011]',14.800,-19.700,-35.401,-34.701,-47.201,0.500
'[00:00:07.043 01/01/2011]',14.900,-18.900,-34.901,-34.801,-47.101,0.500
'[00:00:07.044 01/01/2011]',14.700,-18.300,-34.401,-34.401,-47.201,0.500
'[00:00:07.045 01/01/2011]',14.200,-18.200,-34.201,-33.801,-47.501,0.500
'[00:00:07.046 01/01/2011]',13.600,-18.500,-34.501,-33.401,-47.901,0.500
'[00:00:07.047 01/01/2011]',13.000,-18.900,-35.301,-33.401,-48.201,0.500
'[00:00:07.048 01/01/2011]',12.600,-19.300,-36.301,-33.801,-48.501,0.500
'[00:00:07.049 01/01/2011]',12.200,-19.300,-37.001,-34.401,-48.701,0.500
'[00:00:07.050 01/01/2011]',12.000,-19.200,-37.301,-34.801,-49.001,0.500
'[00:00:07.051 01/01/2011]',11.900,-19.100,-37.101,-34.801,-49.301,0.500
'[00:00:07.052 01/01/2011]',12.000,-19.400,-36.901,-34.501,-49.701,0.500
'[00:00:07.053 01/01/2011]',12.200,-19.900,-36.901,-34.301,-50.301,0.500
'[00:00:07.054 01/01/2011]',12.300,-20.500,-37.301,-34.301,-51.001,0.500
'[00:00:07.055 01/01/2011]',12.000,-21.100,-38.001,-34.801,-51.601,0.500
'[00:00:07.056 01/01/2011]',11.100,-21.400,-38.701,-35.601,-52.201,0.500
'[00:00:07.057 01/01/2011]',9.700,-21.500,-39.401,-36.201,-52.501,0.500
'[00:00:07.058 01/01/2011]',8.400,-21.600,-39.801,-36.501,-52.701,0.500
'[00:00:07.059 01/01/2011]',7.700,-21.900,-40.101,-36.401,-52.501,0.500
'[00:00:07.060 01/01/2011]',7.900,-22.300,-40.301,-36.101,-52.301,0.500
'[00:00:07.061 01/01/2011]',8.900,-22.700,-40.601,-36.101,-52.101,0.500
'[00:00:07.062 01/01/2011]',10.200,-23.000,-41.001,-36.601,-52.101,0.500
'[00:00:07.063 01/01/2011]',11.400,-23.100,-41.401,-37.601,-52.301,0.500
'[00:00:07.064 01/01/2011]',12.000,-23.000,-41.701,-38.801,-52.701,0.500
'[00:00:07.065 01/01/2011]',12.000,-22.800,-42.101,-39.901,-53.101,0.500
'[00:00:07.066 01/01/2011]',11.700,-22.700,-42.501,-40.701,-53.601,0.500
'[00:00:07.067 01/01/2011]',11.300,-22.600,-43.001,-41.001,-54.201,0.500
'[00:00:07.068 01/01/2011]',10.800,-22.500,-43.401,-41.001,-54.601,0.500
'[00:00:07.069 01/01/2011]',10.400,-22.600,-43.801,-40.901,-55.001,0.500
'[00:00:07.070 01/01/2011]',10.100,-22.800,-44.001,-41.001,-55.301,0.500
'[00:00:07.071 01/01/2011]',9.700,-23.200,-44.101,-41.301,-55.401,0.500
'[00:00:07.072 01/01/2011]',9.500,-23.800,-44.301,-41.901,-55.501,0.500
'[00:00:07.073 01/01/2011]',9.300,-24.400,-44.501,-42.701,-55.701,0.500
'[00:00:07.074 01/01/2011]',9.200,-25.100,-44.901,-43.201,-56.101,0.500
'[00:00:07.075 01/01/2011]',9.200,-25.800,-45.401,-43.601,-56.801,0.500
'[00:00:07.076 01/01/2011]',9.500,-26.500,-45.901,-43.701,-57.601,0.500
'[00:00:07.077 01/01/2011]',9.900,-27.400,-46.201,-43.801,-58.301,0.500
'[00:00:07.078 01/01/2011]',10.600,-28.300,-46.601,-44.101,-58.701,0.500
'[00:00:07.079 01/01/2011]',11.300,-28.800,-46.801,-44.701,-58.501,0.500
'[00:00:07.080 01/01/2011]',11.800,-28.800,-47.001,-45.401,-58.001,0.500
'[00:00:07.081 01/01/2011]',11.800,-28.200,-47.101,-45.901,-57.501,0.500
'[00:00:07.082 01/01/2011]',11.500,-27.100,-47.301,-45.901,-57.101,0.500
'[00:00:07.083 01/01/2011]',11.200,-26.100,-47.501,-45.401,-57.201,0.500
'[00:00:07.084 01/01/2011]',11.200,-25.500,-47.801,-44.701,-57.601,0.500
'[00:00:07.085 01/01/2011]',11.900,-25.500,-48.201,-44.101,-58.301,0.500
'[00:00:07.086 01/01/2011]',12.700,-26.000,-48.801,-43.901,-59.101,0.500
'[00:00:07.087 01/01/2011]',13.000,-26.600,-49.601,-44.301,-59.901,0.500
'[00:00:07.088 01/01/2011]',12.400,-27.000,-50.401,-45.001,-60.701,0.500
'[00:00:07.089 01/01/2011]',11.000,-27.200,-51.101,-45.701,-61.601,0.500
'[00:00:07.090 01/01/2011]',9.300,-27.200,-51.801,-46.101,-62.501,0.500
'[00:00:07.091 01/01/2011]',8.400,-27.400,-52.201,-46.501,-63.501,0.500
'[00:00:07.092 01/01/2011]',8.800,-28.000,-52.601,-46.901,-64.401,0.500
'[00:00:07.093 01/01/2011]',10.300,-28.800,-52.901,-47.601,-65.101,0.500
'[00:00:07.094 01/01/2011]',12.200,-29.600,-53.201,-48.501,-65.601,0.500
'[00:00:07.095 01/01/2011]',13.400,-30.200,-53.501,-49.601,-65.701,0.500
'[00:00:07.096 01/01/2011]',13.500,-30.700,-53.801,-50.501,-65.501,0.500
'[00:00:07.097 01/01/2011]',12.400,-30.900,-54.101,-51.101,-65.301,0.500
'[00:00:07.098 01/01/2011]',10.900,-31.200,-54.501,-51.401,-65.201,0.500
'[00:00:07.099 01/01/2011]',9.500,-31.500,-54.801,-51.501,-65.201,0.500
'[00:00:07.100 01/01/2011]',8.800,-31.900,-54.901,-51.701,-65.401,0.500
'[00:00:07.101 01/01/2011]',8.700,-32.100,-54.901,-51.901,-65.601,0.500
'[00:00:07.102 01/01/2011]',9.000,-32.200,-54.801,-52.101,-65.701,0.500
'[00:00:07.103 01/01/2011]',9.100,-32.100,-54.701,-52.301,-65.701,0.500
'[00:00:07.104 01/01/2011]',8.900,-31.900,-54.701,-52.101,-65.601,0.500
'[00:00:07.105 01/01/2011]',8.300,-31.500,-54.801,-51.801,-65.501,0.500
'[00:00:07.106 01/01/2011]',7.500,-31.100,-55.101,-51.501,-65.601,0.500
'[00:00:07.107 01/01/2011]',6.800,-30.600,-55.201,-51.101,-65.901,0.500
'[00:00:07.108 01/01/2011]',6.300,-30.300,-55.301,-51.001,-66.301,0.500
'[00:00:07.109 01/01/2011]',6.200,-30.300,-55.201,-51.201,-66.701,0.500
'[00:00:07.110 01/01/2011]',6.200,-30.600,-55.201,-51.601,-67.001,0.500
'[00:00:07.111 01/01/2011]',6.300,-31.400,-55.401,-52.101,-67.101,0.500
'[00:00:07.112 01/01/2011]',6.300,-32.300,-55.901,-52.601,-67.301,0.500
'[00:00:07.113 01/01/2011]',6.300,-33.101,-56.501,-53.001,-67.601,0.500
'[00:00:07.114 01/01/2011]',6.100,-33.501,-57.101,-53.201,-68.101,0.500
'[00:00:07.115 01/01/2011]',5.700,-33.601,-57.401,-53.201,-68.701,0.500
'[00:00:07.116 01/01/2011]',5.000,-33.801,-57.601,-53.101,-69.401,0.500
'[00:00:07.117 01/01/2011]',3.800,-34.301,-57.701,-53.101,-70.101,0.500
'[00:00:07.118 01/01/2011]',2.300,-35.101,-57.901,-53.301,-70.601,0.500
'[00:00:07.119 01/01/2011]',1.000,-36.001,-58.201,-53.801,-70.801,0.500
'[00:00:07.120 01/01/2011]',0.300,-36.701,-58.601,-54.401,-70.601,0.500
'[00:00:07.121 01/01/2011]',0.500,-36.801,-59.001,-54.801,-70.101,0.500
'[00:00:07.122 01/01/2011]',1.300,-36.201,-59.201,-55.001,-69.601,0.500
'[00:00:07.123 01/01/2011]',2.200,-35.201,-59.301,-54.801,-69.201,0.500
'[00:00:07.124 01/01/2011]',2.400,-34.301,-59.301,-54.301,-69.101,0.500
'[00:00:07.125 01/01/2011]',1.700,-33.601,-59.501,-53.801,-69.601,0.500
'[00:00:07.126 01/01/2011]',0.500,-33.201,-59.801,-53.401,-70.201,0.500
'[00:00:07.127 01/01/2011]',-0.300,-33.101,-60.201,-53.201,-70.901,0.500
'[00:00:07.128 01/01/2011]',-0.200,-33.001,-60.601,-53.101,-71.401,0.500
'[00:00:07.129 01/01/2011]',0.700,-33.001,-61.001,-53.001,-71.501,0.500
'[00:00:07.130 01/01/2011]',1.800,-33.101,-61.301,-52.901,-71.601,0.500
'[00:00:07.131 01/01/2011]',2.200,-33.401,-61.301,-52.801,-71.601,0.500
'[00:00:07.132 01/01/2011]',1.500,-34.101,-61.201,-52.701,-71.701,0.500
'[00:00:07.133 01/01/2011]',-0.100,-34.901,-60.801,-52.801,-71.801,0.500
'[00:00:07.134 01/01/2011]',-1.700,-35.701,-60.201,-53.001,-71.901,0.500
'[00:00:07.135 01/01/2011]',-2.700,-36.201,-59.701,-53.301,-71.901,0.500
'[00:00:07.136 01/01/2011]',-2.600,-36.501,-59.301,-53.701,-71.901,0.500
'[00:00:07.137 01/01/2011]',-1.900,-36.601,-59.101,-54.101,-71.801,0.500
'[00:00:07.138 01/01/2011]',-1.100,-36.601,-59.101,-54.501,-71.801,0.500
'[00:00:07.139 01/01/2011]',-0.900,-36.701,-59.201,-54.801,-71.701,0.500
'[00:00:07.140 01/01/2011]',-1.300,-36.701,-59.101,-55.101,-71.401,0.500
'[00:00:07.141 01/01/2011]',-2.000,-36.701,-58.801,-55.401,-70.801,0.500
'[00:00:07.142 01/01/2011]',-2.500,-36.501,-58.301,-55.601,-70.001,0.500
'[00:00:07.143 01/01/2011]',-2.400,-36.201,-57.901,-55.701,-69.201,0.500
'[00:00:07.144 01/01/2011]',-1.900,-35.801,-57.801,-55.701,-68.701,0.500
'[00:00:07.145 01/01/2011]',-1.500,-35.401,-57.901,-55.501,-68.501,0.500
'[00:00:07.146 01/01/2011]',-1.800,-34.901,-58.101,-55.201,-68.601,0.500
'[00:00:07.147 01/01/2011]',-2.900,-34.501,-58.201,-54.901,-68.801,0.500
'[00:00:07.148 01/01/2011]',-4.300,-34.101,-58.201,-54.501,-68.901,0.500
'[00:00:07.149 01/01/2011]',-5.500,-33.801,-57.901,-54.201,-68.901,0.500
'[00:00:07.150 01/01/2011]',-5.600,-33.901,-57.601,-54.101,-68.801,0.500
'[00:00:07.151 01/01/2011]',-4.500,-34.201,-57.401,-54.201,-68.601,0.500
'[00:00:07.152 01/01/2011]',-2.500,-34.901,-57.301,-54.501,-68.401,0.500
'[00:00:07.153 01/01/2011]',-0.400,-35.701,-57.401,-54.901,-68.301,0.500
'[00:00:07.154 01/01/2011]',0.900,-36.301,-57.501,-55.001,-68.301,0.500
'[00:00:07.155 01/01/2011]',1.000,-36.801,-57.601,-54.901,-68.301,0.500
'[00:00:07.156 01/01/2011]',0.100,-37.001,-57.401,-54.601,-68.301,0.500
'[00:00:07.157 01/01/2011]',-1.300,-37.001,-57.101,-54.101,-68.201,0.500
'[00:00:07.158 01/01/2011]',-2.500,-37.001,-56.801,-53.601,-68.001,0.500
'[00:00:07.159 01/01/2011]',-3.300,-36.901,-56.401,-53.301,-67.701,0.500
'[00:00:07.160 01/01/2011]',-3.500,-36.901,-56.201,-53.101,-67.301,0.500
'[00:00:07.161 01/01/2011]',-3.500,-36.801,-56.101,-53.101,-66.701,0.500
'[00:00:07.162 01/01/2011]',-3.500,-36.501,-56.001,-53.301,-66.101,0.500
'[00:00:07.163 01/01/2011]',-3.600,-36.101,-56.001,-53.501,-65.601,0.500
'[00:00:07.164 01/01/2011]',-3.700,-35.701,-56.001,-53.701,-65.101,0.500
'[00:00:07.165 01/01/2011]',-3.700,-35.201,-56.101,-53.901,-64.701,0.500
'[00:00:07.166 01/01/2011]',-3.700,-34.701,-56.401,-53.901,-64.401,0.500
'[00:00:07.167 01/01/2011]',-3.700,-34.401,-56.801,-53.701,-64.201,0.500
'[00:00:07.168 01/01/2011]',-3.800,-34.101,-57.201,-53.301,-64.001,0.500
'[00:00:07.169 01/01/2011]',-3.600,-33.801,-57.401,-52.601,-63.701,0.500
'[00:00:07.170 01/01/2011]',-3.200,-33.401,-57.101,-52.001,-63.401,0.500
'[00:00:07.171 01/01/2011]',-2.300,-33.001,-56.501,-51.301,-62.901,0.500
'[00:00:07.172 01/01/2011]',-1.200,-32.801,-55.701,-50.801,-62.401,0.500
'[00:00:07.173 01/01/2011]',-0.300,-32.700,-55.001,-50.501,-62.001,0.500
'[00:00:07.174 01/01/2011]',-0.200,-32.901,-54.601,-50.301,-61.801,0.500
'[00:00:07.175 01/01/2011]',-0.800,-33.401,-54.401,-50.201,-61.801,0.500
'[00:00:07.176 01/01/2011]',-1.900,-34.101,-54.201,-50.301,-61.901,0.500
'[00:00:07.177 01/01/2011]',-2.900,-34.701,-53.801,-50.501,-62.001,0.500
'[00:00:07.178 01/01/2011]',-3.200,-35.301,-53.101,-50.801,-62.001,0.500
'[00:00:07.179 01/01/2011]',-2.700,-35.501,-52.301,-51.201,-61.901,0.500
'[00:00:07.180 01/01/2011]',-1.700,-35.301,-51.701,-51.401,-61.801,0.500
'[00:00:07.181 01/01/2011]',-0.600,-34.801,-51.401,-51.301,-61.801,0.500
'[00:00:07.182 01/01/2011]',0.000,-34.201,-51.501,-50.901,-61.901,0.500
'[00:00:07.183 01/01/2011]',0.000,-33.701,-51.701,-50.401,-62.001,0.500
'[00:00:07.184 01/01/2011]',-0.500,-33.401,-51.801,-50.001,-61.801,0.500
'[00:00:07.185 01/01/2011]',-1.200,-33.101,-51.701,-49.601,-61.201,0.500
'[00:00:07.186 01/01/2011]',-1.800,-32.801,-51.201,-49.501,-60.201,0.500
'[00:00:07.187 01/01/2011]',-2.000,-32.300,-50.701,-49.401,-59.101,0.500
'[00:00:07.188 01/01/2011]',-1.900,-31.700,-50.401,-49.201,-58.201,0.500
'[00:00:07.189 01/01/2011]',-1.500,-31.200,-50.401,-48.801,-57.701,0.500
'[00:00:07.190 01/01/2011]',-0.900,-30.900,-50.401,-48.301,-57.801,0.500
'[00:00:07.191 01/01/2011]',-0.400,-30.800,-50.301,-47.801,-58.001,0.500
'[00:00:07.192 01/01/2011]',-0.300,-30.900,-50.101,-47.601,-58.201,0.500
'[00:00:07.193 01/01/2011]',-0.500,-31.000,-49.601,-47.601,-58.301,0.500
'[00:00:07.194 01/01/2011]',-0.900,-31.100,-49.101,-47.801,-58.101,0.500
'[00:00:07.195 01/01/2011]',-1.200,-31.200,-48.701,-47.901,-57.801,0.500
'[00:00:07.196 01/01/2011]',-1.400,-31.500,-48.401,-47.901,-57.401,0.500
'[00:00:07.197 01/01/2011]',-1.300,-31.900,-48.201,-47.701,-56.901,0.500
'[00:00:07.198 01/01/2011]',-1.000,-32.400,-48.001,-47.301,-56.201,0.500
'[00:00:07.199 01/01/2011]',-0.900,-32.700,-47.501,-47.001,-55.501,0.500
'[00:00:07.200 01/01/2011]',-1.100,-32.700,-47.001,-46.601,-54.701,0.500
'[00:00:07.201 01/01/2011]',-1.600,-32.200,-46.301,-46.301,-54.101,0.500
'[00:00:07.202 01/01/2011]',-2.100,-31.700,-45.801,-45.901,-53.701,0.500
'[00:00:07.203 01/01/2011]',-2.400,-31.100,-45.301,-45.301,-53.501,0.500
'[00:00:07.204 01/01/2011]',-2.300,-30.800,-44.901,-44.601,-53.501,0.500
'[00:00:07.205 01/01/2011]',-1.700,-30.500,-44.601,-43.701,-53.501,0.500
'[00:00:07.206 01/01/2011]',-0.800,-30.000,-44.301,-42.901,-53.501,0.500
'[00:00:07.207 01/01/2011]',0.100,-29.400,-43.901,-42.301,-53.301,0.500
'[00:00:07.208 01/01/2011]',0.600,-28.600,-43.501,-41.701,-53.201,0.500
'[00:00:07.209 01/01/2011]',0.700,-27.900,-43.101,-41.301,-53.101,0.500
'[00:00:07.210 01/01/2011]',0.300,-27.500,-42.701,-41.001,-53.001,0.500
'[00:00:07.211 01/01/2011]',-0.300,-27.400,-42.401,-40.901,-52.901,0.500
'[00:00:07.212 01/01/2011]',-0.900,-27.600,-41.901,-40.801,-52.601,0.500
'[00:00:07.213 01/01/2011]',-1.200,-27.900,-41.301,-40.901,-52.101,0.500
'[00:00:07.214 01/01/2011]',-1.200,-28.000,-40.501,-41.101,-51.401,0.500
'[00:00:07.215 01/01/2011]',-1.000,-28.100,-39.601,-41.301,-50.701,0.500
'[00:00:07.216 01/01/2011]',-0.600,-28.400,-38.701,-41.601,-50.001,0.500
'[00:00:07.217 01/01/2011]',-0.200,-28.800,-37.901,-41.701,-49.601,0.500
'[00:00:07.218 01/01/2011]',0.200,-29.200,-37.201,-41.701,-49.501,0.500
'[00:00:07.219 01/01/2011]',0.600,-29.400,-36.801,-41.601,-49.601,0.500
'[00:00:07.220 01/01/2011]',1.000,-29.100,-36.401,-41.301,-49.901,0.500
'[00:00:07.221 01/01/2011]',1.400,-28.300,-35.901,-40.701,-50.101,0.500
'[00:00:07.222 01/01/2011]',1.800,-27.200,-35.401,-40.101,-50.101,0.500
'[00:00:07.223 01/01/2011]',2.100,-26.100,-34.701,-39.401,-49.801,0.500
'[00:00:07.224 01/01/2011]',2.500,-25.400,-34.101,-38.901,-49.401,0.500
'[00:00:07.225 01/01/2011]',3.300,-25.100,-33.701,-38.601,-48.901,0.500
'[00:00:07.226 01/01/2011]',4.400,-24.900,-33.601,-38.401,-48.401,0.500
'[00:00:07.227 01/01/2011]',5.800,-24.700,-33.801,-38.301,-48.001,0.500
'[00:00:07.228 01/01/2011]',7.100,-24.300,-34.101,-38.101,-47.801,0.500
'[00:00:07.229 01/01/2011]',8.000,-23.600,-34.501,-37.801,-47.601,0.500
'[00:00:07.230 01/01/2011]',8.300,-23.200,-34.801,-37.501,-47.401,0.500
'[00:00:07.231 01/01/2011]',8.000,-23.100,-34.801,-37.301,-47.201,0.500
'[00:00:07.232 01/01/2011]',7.400,-23.400,-34.501,-37.101,-47.001,0.500
'[00:00:07.233 01/01/2011]',6.700,-23.900,-34.101,-37.101,-46.801,0.500
'[00:00:07.234 01/01/2011]',6.200,-24.300,-33.501,-37.001,-46.601,0.500
'[00:00:07.235 01/01/2011]',5.900,-24.400,-32.901,-36.801,-46.401,0.500
'[00:00:07.236 01/01/2011]',5.800,-24.300,-32.300,-36.401,-46.201,0.500
'[00:00:07.237 01/01/2011]',6.100,-24.000,-31.500,-35.901,-46.001,0.500
'[00:00:07.238 01/01/2011]',6.900,-23.900,-30.800,-35.501,-45.901,0.500
'[00:00:07.239 01/01/2011]',8.200,-24.000,-30.300,-35.201,-45.801,0.500
'[00:00:07.240 01/01/2011]',10.000,-24.200,-30.300,-35.301,-46.001,0.500
'[00:00:07.241 01/01/2011]',11.800,-24.300,-30.800,-35.701,-46.301,0.500
'[00:00:07.242 01/01/2011]',13.200,-24.200,-31.800,-36.301,-46.601,0.500
'[00:00:07.243 01/01/2011]',13.700,-23.800,-33.001,-36.701,-47.001,0.500
'[00:00:07.244 01/01/2011]',13.500,-23.200,-33.801,-36.801,-47.301,0.500
'[00:00:07.245 01/01/2011]',12.700,-22.600,-34.101,-36.501,-47.301,0.500
'[00:00:07.246 01/01/2011]',12.000,-21.900,-33.801,-35.801,-47.001,0.500
'[00:00:07.247 01/01/2011]',11.900,-21.200,-33.101,-34.901,-46.501,0.500
'[00:00:07.248 01/01/2011]',12.200,-20.400,-32.600,-34.101,-45.901,0.500
'[00:00:07.249 01/01/2011]',12.700,-19.700,-32.500,-33.501,-45.401,0.500
'[00:00:07.250 01/01/2011]',12.900,-19.300,-32.901,-33.301,-45.101,0.500
'[00:00:07.251 01/01/2011]',12.400,-19.300,-33.601,-33.501,-45.001,0.500
'[00:00:07.252 01/01/2011]',11.400,-19.800,-34.201,-33.801,-45.101,0.500
'[00:00:07.253 01/01/2011]',10.200,-20.700,-34.501,-34.201,-45.401,0.500
'[00:00:07.254 01/01/2011]',9.500,-21.800,-34.501,-34.401,-45.701,0.500
'[00:00:07.255 01/01/2011]',9.500,-22.800,-34.101,-34.601,-45.801,0.500
'[00:00:07.256 01/01/2011]',10.100,-23.500,-33.701,-34.801,-45.801,0.500
'[00:00:07.257 01/01/2011]',10.600,-23.900,-33.501,-35.001,-45.401,0.500
'[00:00:07.258 01/01/2011]',10.900,-24.200,-33.401,-35.101,-44.801,0.500
'[00:00:07.259 01/01/2011]',10.900,-24.200,-33.401,-35.201,-44.101,0.500
'[00:00:07.260 01/01/2011]',10.800,-24.100,-33.601,-35.101,-43.401,0.500
'[00:00:07.261 01/01/2011]',10.800,-23.800,-34.001,-35.001,-42.901,0.500
'[00:00:07.262 01/01/2011]',11.000,-23.500,-34.501,-34.801,-42.601,0.500
'[00:00:07.263 01/01/2011]',10.900,-23.200,-35.001,-34.801,-42.601,0.500
'[00:00:07.264 01/01/2011]',10.200,-22.900,-35.701,-35.001,-42.801,0.500
'[00:00:07.265 01/01/2011]',8.800,-22.700,-36.201,-35.301,-43.001,0.500
'[00:00:07.266 01/01/2011]',6.900,-22.400,-36.601,-35.601,-43.201,0.500
'[00:00:07.267 01/01/2011]',5.100,-22.000,-36.901,-35.601,-43.501,0.500
'[00:00:07.268 01/01/2011]',3.800,-21.500,-37.101,-35.401,-43.801,0.500
'[00:00:07.269 01/01/2011]',2.800,-21.300,-37.301,-35.101,-44.201,0.500
'[00:00:07.270 01/01/2011]',1.800,-21.600,-37.501,-35.001,-44.501,0.500
'[00:00:07.271 01/01/2011]',0.300,-22.400,-37.901,-35.201,-44.501,0.500
'[00:00:07.272 01/01/2011]',-1.700,-23.500,-38.101,-35.701,-44.201,0.500
'[00:00:07.273 01/01/2011]',-3.700,-24.500,-38.201,-36.301,-43.701,0.500
'[00:00:07.274 01/01/2011]',-5.000,-25.200,-38.101,-36.701,-43.001,0.500
'[00:00:07.275 01/01/2011]',-5.100,-25.400,-37.701,-37.101,-42.501,0.500
'[00:00:07.276 01/01/2011]',-4.400,-25.400,-37.201,-37.301,-42.101,0.500
'[00:00:07.277 01/01/2011]',-3.700,-25.600,-36.801,-37.501,-42.101,0.500
'[00:00:07.278 01/01/2011]',-4.000,-26.000,-36.401,-37.701,-42.101,0.500
'[00:00:07.279 01/01/2011]',-5.200,-26.400,-36.301,-37.901,-42.101,0.500
'[00:00:07.280 01/01/2011]',-6.800,-26.600,-36.301,-37.901,-42.001,0.500
'[00:00:07.281 01/01/2011]',-7.900,-26.200,-36.201,-37.701,-41.601,0.500
'[00:00:07.282 01/01/2011]',-7.700,-25.300,-36.101,-37.201,-41.201,0.500
'[00:00:07.283 01/01/2011]',-6.100,-24.300,-35.901,-36.701,-40.801,0.500
'[00:00:07.284 01/01/2011]',-4.100,-23.600,-35.701,-36.301,-40.401,0.500
'[00:00:07.285 01/01/2011]',-2.400,-23.200,-35.701,-36.101,-40.201,0.500
'[00:00:07.286 01/01/2011]',-1.700,-23.100,-35.701,-35.901,-40.101,0.500
'[00:00:07.287 01/01/2011]',-2.100,-22.800,-35.901,-35.701,-40.101,0.500
'[00:00:07.288 01/01/2011]',-3.000,-22.100,-35.901,-35.301,-40.101,0.500
'[00:00:07.289 01/01/2011]',-4.100,-21.200,-35.801,-34.701,-40.001,0.500
'[00:00:07.290 01/01/2011]',-5.100,-20.700,-35.401,-34.201,-39.901,0.500
'[00:00:07.291 01/01/2011]',-6.100,-20.800,-34.801,-34.001,-39.701,0.500
'[00:00:07.292 01/01/2011]',-7.000,-21.600,-34.001,-34.101,-39.301,0.500
'[00:00:07.293 01/01/2011]',-7.800,-22.700,-33.101,-34.501,-38.701,0.500
'[00:00:07.294 01/01/2011]',-7.800,-23.400,-32.300,-34.801,-38.001,0.500
'[00:00:07.295 01/01/2011]',-7.000,-23.500,-31.500,-34.801,-37.401,0.500
'[00:00:07.296 01/01/2011]',-5.600,-23.100,-30.900,-34.601,-36.801,0.500
'[00:00:07.297 01/01/2011]',-4.300,-22.600,-30.400,-34.201,-36.301,0.500
'[00:00:07.298 01/01/2011]',-3.800,-22.400,-30.100,-33.701,-35.901,0.500
'[00:00:07.299 01/01/2011]',-4.600,-22.600,-29.800,-33.301,-35.501,0.500
'[00:00:07.300 01/01/2011]',-6.200,-22.800,-29.500,-33.201,-35.201,0.500
'[00:00:07.301 01/01/2011]',-7.600,-22.600,-29.100,-33.101,-35.101,0.500
'[00:00:07.302 01/01/2011]',-7.800,-21.900,-28.600,-33.101,-35.401,0.500
'[00:00:07.303 01/01/2011]',-6.500,-20.900,-28.200,-33.101,-36.001,0.500
'[00:00:07.304 01/01/2011]',-4.600,-20.000,-27.900,-32.801,-36.601,0.500
'[00:00:07.305 01/01/2011]',-3.100,-19.300,-27.900,-32.300,-37.001,0.500
'[00:00:07.306 01/01/2011]',-2.900,-18.800,-27.900,-31.400,-37.101,0.500
'[00:00:07.307 01/01/2011]',-4.300,-18.200,-27.900,-30.400,-36.901,0.500
'[00:00:07.308 01/01/2011]',-6.500,-17.400,-27.600,-29.400,-36.601,0.500
'[00:00:07.309 01/01/2011]',-8.300,-16.400,-27.100,-28.800,-36.401,0.500
'[00:00:07.310 01/01/2011]',-8.800,-15.800,-26.500,-28.700,-36.401,0.500
'[00:00:07.311 01/01/2011]',-8.100,-15.700,-26.000,-29.000,-36.401,0.500
'[00:00:07.312 01/01/2011]',-6.700,-16.300,-25.900,-29.300,-36.301,0.500
'[00:00:07.313 01/01/2011]',-5.500,-17.100,-26.100,-29.400,-35.901,0.500
'[00:00:07.314 01/01/2011]',-5.200,-17.600,-26.200,-29.200,-35.201,0.500
'[00:00:07.315 01/01/2011]',-5.900,-17.700,-26.000,-28.700,-34.401,0.500
'[00:00:07.316 01/01/2011]',-7.100,-17.500,-25.300,-28.200,-33.701,0.500
'[00:00:07.317 01/01/2011]',-8.000,-17.300,-24.300,-27.900,-33.201,0.500
'[00:00:07.318 01/01/2011]',-8.300,-17.500,-23.300,-27.800,-32.901,0.500
'[00:00:07.319 01/01/2011]',-8.000,-18.100,-22.500,-27.900,-32.901,0.500
'[00:00:07.320 01/01/2011]',-7.200,-18.500,-22.200,-28.200,-33.001,0.500
'[00:00:07.321 01/01/2011]',-6.600,-18.600,-22.200,-28.400,-33.101,0.500
'[00:00:07.322 01/01/2011]',-6.200,-18.000,-22.300,-28.600,-33.301,0.500
'[00:00:07.323 01/01/2011]',-6.000,-17.000,-22.300,-28.600,-33.501,0.500
'[00:00:07.324 01/01/2011]',-6.100,-15.900,-21.900,-28.300,-33.701,0.500
'[00:00:07.325 01/01/2011]',-6.100,-15.000,-20.900,-27.800,-33.901,0.500
'[00:00:07.326 01/01/2011]',-5.900,-14.100,-19.500,-26.900,-34.001,0.500
'[00:00:07.327 01/01/2011]',-5.600,-13.000,-17.500,-25.900,-34.201,0.500
'[00:00:07.328 01/01/2011]',-5.300,-11.500,-15.100,-24.800,-34.601,0.500
'[00:00:07.329 01/01/2011]',-5.200,-9.800,-12.400,-24.000,-35.201,0.500
'[00:00:07.330 01/01/2011]',-5.300,-8.200,-9.700,-23.500,-36.001,0.500
'[00:00:07.331 01/01/2011]',-5.900,-7.000,-7.100,-23.200,-36.501,0.500
'[00:00:07.332 01/01/2011]',-6.800,-6.300,-4.600,-22.800,-36.401,0.500
'[00:00:07.333 01/01/2011]',-7.800,-5.800,-2.300,-21.900,-35.401,0.500
'[00:00:07.334 01/01/2011]',-8.600,-5.400,0.000,-20.400,-33.501,0.500
'[00:00:07.335 01/01/2011]',-8.900,-4.900,2.300,-18.600,-31.000,0.500
'[00:00:07.336 01/01/2011]',-8.700,-4.700,4.600,-16.700,-28.100,0.500
'[00:00:07.337 01/01/2011]',-8.100,-4.900,6.900,-15.100,-25.400,0.500
'[00:00:07.338 01/01/2011]',-7.900,-5.800,8.900,-14.100,-22.900,0.500
'[00:00:07.339 01/01/2011]',-8.700,-7.000,10.600,-13.300,-20.600,0.500
'[00:00:07.340 01/01/2011]',-11.000,-8.000,11.800,-12.700,-18.400,0.500
'[00:00:07.341 01/01/2011]',-14.600,-8.500,12.600,-11.700,-16.000,0.500
'[00:00:07.342 01/01/2011]',-18.700,-8.500,12.800,-10.400,-13.200,0.500
'[00:00:07.343 01/01/2011]',-22.300,-8.300,12.400,-8.900,-10.000,0.500
'[00:00:07.344 01/01/2011]',-24.600,-8.500,11.600,-7.400,-6.100,0.500
'[00:00:07.345 01/01/2011]',-25.300,-9.100,10.700,-5.700,-1.300,0.500
'[00:00:07.346 01/01/2011]',-24.500,-10.200,10.100,-3.900,4.400,0.500
'[00:00:07.347 01/01/2011]',-22.700,-11.400,9.900,-1.800,11.100,0.500
'[00:00:07.348 01/01/2011]',-20.400,-12.400,10.000,0.600,18.300,0.500
'[00:00:07.349 01/01/2011]',-17.600,-13.300,10.000,3.100,25.800,0.500
'[00:00:07.350 01/01/2011]',-13.700,-14.600,9.400,5.300,33.001,0.500
'[00:00:07.351 01/01/2011]',-8.300,-16.500,8.200,7.300,40.101,0.500
'[00:00:07.352 01/01/2011]',-0.900,-19.000,6.300,9.100,47.201,0.500
'[00:00:07.353 01/01/2011]',8.200,-21.900,4.300,11.100,54.801,0.500
'[00:00:07.354 01/01/2011]',18.200,-24.700,2.500,13.100,62.701,0.500
'[00:00:07.355 01/01/2011]',28.000,-27.100,1.000,15.100,70.501,0.500
'[00:00:07.356 01/01/2011]',36.301,-29.100,-0.100,16.700,77.501,0.500
'[00:00:07.357 01/01/2011]',42.501,-30.900,-1.200,17.400,83.101,0.500
'[00:00:07.358 01/01/2011]',46.401,-32.700,-2.200,17.400,86.901,0.500
'[00:00:07.359 01/01/2011]',48.501,-34.201,-3.300,16.900,89.301,0.500
'[00:00:07.360 01/01/2011]',49.601,-35.501,-4.300,16.200,90.601,0.500
'[00:00:07.361 01/01/2011]',50.301,-36.201,-5.300,15.400,90.801,0.500
'[00:00:07.362 01/01/2011]',51.001,-36.301,-6.500,14.300,89.901,0.500
'[00:00:07.363 01/01/2011]',51.601,-36.101,-8.100,12.600,87.301,0.500
'[00:00:07.364 01/01/2011]',51.801,-35.701,-10.600,9.900,82.801,0.500
'[00:00:07.365 01/01/2011]',51.501,-35.201,-13.900,6.400,76.701,0.500
'[00:00:07.366 01/01/2011]',50.701,-34.501,-17.900,2.600,69.501,0.500
'[00:00:07.367 01/01/2011]',49.901,-33.801,-22.400,-1.000,62.301,0.500
'[00:00:07.368 01/01/2011]',49.501,-33.301,-27.000,-4.200,55.701,0.500
'[00:00:07.369 01/01/2011]',49.601,-33.201,-31.800,-7.200,49.801,0.500
'[00:00:07.370 01/01/2011]',49.601,-33.701,-36.701,-10.300,44.101,0.500
'[00:00:07.371 01/01/2011]',48.801,-35.001,-41.901,-14.100,37.901,0.500
'[00:00:07.372 01/01/2011]',46.001,-36.501,-47.401,-18.500,30.700,0.500
'[00:00:07.373 01/01/2011]',40.701,-37.901,-53.001,-23.300,22.400,0.500
'[00:00:07.374 01/01/2011]',32.400,-38.601,-58.301,-28.100,13.200,0.500
'[00:00:07.375 01/01/2011]',21.900,-38.701,-63.101,-32.500,4.000,0.500
'[00:00:07.376 01/01/2011]',10.200,-38.501,-66.801,-36.101,-4.700,0.500
'[00:00:07.377 01/01/2011]',-1.400,-38.301,-69.201,-38.701,-12.200,0.500
'[00:00:07.378 01/01/2011]',-11.500,-38.001,-70.201,-40.401,-18.300,0.500
'[00:00:07.379 01/01/2011]',-19.100,-37.401,-69.601,-41.101,-22.900,0.500
'[00:00:07.380 01/01/2011]',-23.800,-35.901,-67.701,-41.001,-26.400,0.500
'[00:00:07.381 01/01/2011]',-25.400,-33.501,-64.801,-40.301,-28.900,0.500
'[00:00:07.382 01/01/2011]',-24.300,-30.600,-61.201,-39.201,-30.600,0.500
'[00:00:07.383 01/01/2011]',-20.800,-27.800,-57.401,-37.801,-31.700,0.500
'[00:00:07.384 01/01/2011]',-15.300,-25.600,-53.701,-36.401,-32.300,0.500
'[00:00:07.385 01/01/2011]',-8.500,-24.100,-50.201,-34.901,-32.600,0.500
'[00:00:07.386 01/01/2011]',-1.200,-23.000,-47.001,-33.401,-32.500,0.500
'[00:00:07.387 01/01/2011]',5.200,-21.800,-43.801,-31.900,-32.400,0.500
'[00:00:07.388 01/01/2011]',9.500,-20.300,-40.601,-30.500,-32.300,0.500
'[00:00:07.389 01/01/2011]',11.300,-18.700,-37.201,-29.300,-32.200,0.500
'[00:00:07.390 01/01/2011]',10.700,-17.400,-33.901,-28.200,-32.200,0.500
'[00:00:07.391 01/01/2011]',8.900,-16.800,-30.700,-27.200,-32.200,0.500
'[00:00:07.392 01/01/2011]',7.300,-16.800,-28.100,-26.300,-32.200,0.500
'[00:00:07.393 01/01/2011]',6.800,-17.300,-26.100,-25.600,-32.000,0.500
'[00:00:07.394 01/01/2011]',7.400,-17.700,-24.700,-25.000,-31.700,0.500
'[00:00:07.395 01/01/2011]',8.400,-17.700,-23.800,-24.600,-31.300,0.500
'[00:00:07.396 01/01/2011]',8.900,-17.400,-22.900,-24.400,-30.900,0.500
'[00:00:07.397 01/01/2011]',8.300,-16.900,-21.900,-24.500,-30.700,0.500
'[00:00:07.398 01/01/2011]',6.800,-16.400,-20.800,-24.700,-30.600,0.500
'[00:00:07.399 01/01/2011]',5.200,-15.900,-19.800,-24.800,-30.500,0.500
'[00:00:07.400 01/01/2011]',4.100,-15.200,-18.900,-24.700,-30.400,0.500
'[00:00:07.401 01/01/2011]',4.000,-14.200,-18.300,-24.200,-30.000,0.500
'[00:00:07.402 01/01/2011]',4.600,-13.100,-18.000,-23.500,-29.600,0.500
'[00:00:07.403 01/01/2011]',5.400,-12.200,-17.800,-22.800,-29.300,0.500
'[00:00:07.404 01/01/2011]',5.900,-11.700,-17.600,-22.300,-29.200,0.500
'[00:00:07.405 01/01/2011]',6.000,-11.400,-17.400,-22.000,-29.400,0.500
'[00:00:07.406 01/01/2011]',5.700,-11.000,-17.000,-21.800,-29.700,0.500
'[00:00:07.407 01/01/2011]',5.200,-10.500,-16.700,-21.500,-29.800,0.500
'[00:00:07.408 01/01/2011]',4.600,-9.600,-16.300,-21.000,-29.400,0.500
'[00:00:07.409 01/01/2011]',4.200,-8.600,-16.000,-20.400,-28.700,0.500
'[00:00:07.410 01/01/2011]',4.100,-7.800,-15.500,-19.800,-28.000,0.500
'[00:00:07.411 01/01/2011]',4.400,-7.500,-15.100,-19.400,-27.500,0.500
'[00:00:07.412 01/01/2011]',5.200,-7.600,-14.700,-19.200,-27.300,0.500
'[00:00:07.413 01/01/2011]',6.300,-7.900,-14.400,-19.000,-27.400,0.500
'[00:00:07.414 01/01/2011]',7.200,-8.100,-14.100,-18.700,-27.500,0.500
'[00:00:07.415 01/01/2011]',7.600,-8.100,-13.900,-18.300,-27.500,0.500
'[00:00:07.416 01/01/2011]',7.400,-8.200,-13.600,-17.800,-27.300,0.500
'[00:00:07.417 01/01/2011]',6.900,-8.400,-13.200,-17.300,-27.100,0.500
'[00:00:07.418 01/01/2011]',6.500,-8.800,-12.700,-17.000,-26.800,0.500
'[00:00:07.419 01/01/2011]',6.500,-9.100,-12.100,-16.800,-26.500,0.500
'[00:00:07.420 01/01/2011]',6.700,-8.900,-11.500,-16.500,-26.000,0.500
'[00:00:07.421 01/01/2011]',6.900,-8.300,-11.000,-16.100,-25.100,0.500
'[00:00:07.422 01/01/2011]',6.800,-7.200,-10.500,-15.300,-23.800,0.500
'[00:00:07.423 01/01/2011]',6.500,-6.200,-10.000,-14.300,-22.300,0.500
'[00:00:07.424 01/01/2011]',6.200,-5.400,-9.500,-13.300,-21.000,0.500
'[00:00:07.425 01/01/2011]',6.400,-5.000,-9.200,-12.800,-20.300,0.500
'[00:00:07.426 01/01/2011]',7.100,-4.700,-9.100,-12.700,-20.300,0.500
'[00:00:07.427 01/01/2011]',7.900,-4.400,-9.300,-13.000,-20.800,0.500
'[00:00:07.428 01/01/2011]',8.200,-3.900,-9.700,-13.600,-21.700,0.500
'[00:00:07.429 01/01/2011]',7.600,-3.400,-10.300,-14.000,-22.600,0.500
'[00:00:07.430 01/01/2011]',6.400,-3.200,-10.700,-14.000,-23.100,0.500
'[00:00:07.431 01/01/2011]',5.200,-3.200,-10.900,-13.700,-23.200,0.500
'[00:00:07.432 01/01/2011]',4.800,-3.400,-10.900,-13.200,-23.000,0.500
'[00:00:07.433 01/01/2011]',5.700,-3.400,-10.800,-12.500,-22.700,0.500
'[00:00:07.434 01/01/2011]',7.500,-3.300,-10.700,-12.100,-22.300,0.500
'[00:00:07.435 01/01/2011]',9.400,-3.100,-10.700,-11.900,-22.100,0.500
'[00:00:07.436 01/01/2011]',10.700,-3.000,-10.600,-12.000,-21.900,0.500
'[00:00:07.437 01/01/2011]',11.000,-3.300,-10.300,-12.300,-21.700,0.500
'[00:00:07.438 01/01/2011]',10.600,-3.900,-9.900,-12.700,-21.400,0.500
'[00:00:07.439 01/01/2011]',9.800,-4.500,-9.500,-13.000,-21.100,0.500
'[00:00:07.440 01/01/2011]',9.100,-4.800,-9.200,-13.100,-20.700,0.500
'[00:00:07.441 01/01/2011]',8.700,-4.500,-9.100,-13.000,-20.200,0.500
'[00:00:07.442 01/01/2011]',8.400,-3.800,-9.300,-12.700,-19.700,0.500
'[00:00:07.443 01/01/2011]',8.300,-3.100,-9.500,-12.400,-19.300,0.500
'[00:00:07.444 01/01/2011]',8.100,-2.600,-9.500,-12.200,-19.000,0.500
'[00:00:07.445 01/01/2011]',7.900,-2.500,-9.300,-11.900,-18.800,0.500
'[00:00:07.446 01/01/2011]',7.900,-2.200,-8.800,-11.600,-18.700,0.500
'[00:00:07.447 01/01/2011]',8.200,-1.600,-8.200,-11.300,-18.800,0.500
'[00:00:07.448 01/01/2011]',8.500,-0.600,-7.800,-10.900,-18.900,0.500
'[00:00:07.449 01/01/2011]',8.700,0.500,-7.500,-10.400,-18.900,0.500
'[00:00:07.450 01/01/2011]',8.700,1.200,-7.400,-9.900,-18.800,0.500
'[00:00:07.451 01/01/2011]',8.500,1.200,-7.400,-9.500,-18.400,0.500
'[00:00:07.452 01/01/2011]',8.100,0.300,-7.200,-9.200,-17.800,0.500
'[00:00:07.453 01/01/2011]',7.700,-0.800,-6.900,-8.900,-17.300,0.500
'[00:00:07.454 01/01/2011]',7.600,-1.900,-6.500,-8.600,-17.000,0.500
'[00:00:07.455 01/01/2011]',8.000,-2.500,-6.100,-8.400,-16.900,0.500
'[00:00:07.456 01/01/2011]',9.200,-2.700,-5.800,-8.300,-17.100,0.500
'[00:00:07.457 01/01/2011]',10.800,-2.700,-5.800,-8.300,-17.300,0.500
'[00:00:07.458 01/01/2011]',12.400,-2.800,-6.100,-8.700,-17.600,0.500
'[00:00:07.459 01/01/2011]',13.300,-2.900,-6.500,-9.200,-17.800,0.500
'[00:00:07.460 01/01/2011]',13.300,-2.900,-7.000,-9.700,-18.000,0.500
'[00:00:07.461 01/01/2011]',12.600,-2.500,-7.300,-10.000,-18.200,0.500
'[00:00:07.462 01/01/2011]',11.700,-1.700,-7.200,-10.000,-18.300,0.500
'[00:00:07.463 01/01/2011]',11.300,-0.700,-6.700,-9.500,-18.200,0.500
'[00:00:07.464 01/01/2011]',11.400,0.000,-6.000,-8.800,-18.000,0.500
'[00:00:07.465 01/01/2011]',11.800,0.500,-5.300,-8.100,-17.600,0.500
'[00:00:07.466 01/01/2011]',12.100,0.800,-4.800,-7.700,-17.300,0.500
'[00:00:07.467 01/01/2011]',12.000,1.200,-4.700,-7.600,-16.900,0.500
'[00:00:07.468 01/01/2011]',11.500,1.700,-4.700,-7.700,-16.600,0.500
'[00:00:07.469 01/01/2011]',11.100,2.300,-4.800,-7.800,-16.100,0.500
'[00:00:07.470 01/01/2011]',10.900,2.700,-4.600,-7.600,-15.600,0.500
'[00:00:07.471 01/01/2011]',11.200,2.600,-4.300,-7.200,-14.900,0.500
'[00:00:07.472 01/01/2011]',11.700,2.200,-3.800,-6.600,-14.100,0.500
'[00:00:07.473 01/01/2011]',12.200,1.500,-3.500,-6.100,-13.300,0.500
'[00:00:07.474 01/01/2011]',12.600,0.800,-3.500,-5.900,-12.700,0.500
'[00:00:07.475 01/01/2011]',12.800,0.000,-3.800,-6.100,-12.300,0.500
'[00:00:07.476 01/01/2011]',13.300,-0.700,-4.200,-6.400,-12.200,0.500
'[00:00:07.477 01/01/2011]',14.000,-1.500,-4.600,-6.800,-12.400,0.500
'[00:00:07.478 01/01/2011]',14.900,-2.100,-4.700,-7.100,-12.700,0.500
'[00:00:07.479 01/01/2011]',15.700,-2.400,-4.500,-7.100,-13.000,0.500
'[00:00:07.480 01/01/2011]',15.900,-2.100,-4.300,-7.000,-13.200,0.500
'[00:00:07.481 01/01/2011]',15.700,-1.300,-4.100,-6.900,-13.200,0.500
'[00:00:07.482 01/01/2011]',15.000,-0.400,-4.200,-6.700,-12.900,0.500
'[00:00:07.483 01/01/2011]',14.400,0.500,-4.500,-6.500,-12.400,0.500
'[00:00:07.484 01/01/2011]',14.000,1.000,-4.800,-6.100,-11.800,0.500
'[00:00:07.485 01/01/2011]',14.200,1.500,-5.000,-5.500,-11.300,0.500
'[00:00:07.486 01/01/2011]',14.700,2.100,-4.800,-4.800,-10.900,0.500
'[00:00:07.487 01/01/2011]',15.500,3.000,-4.200,-3.900,-10.700,0.500
'[00:00:07.488 01/01/2011]',16.100,4.000,-3.400,-3.200,-10.600,0.500
'[00:00:07.489 01/01/2011]',16.300,4.900,-2.500,-2.700,-10.300,0.500
'[00:00:07.490 01/01/2011]',15.900,5.100,-1.800,-2.400,-9.700,0.500
'[00:00:07.491 01/01/2011]',14.900,4.600,-1.500,-2.100,-8.900,0.500
'[00:00:07.492 01/01/2011]',13.500,3.700,-1.500,-1.600,-8.100,0.500
'[00:00:07.493 01/01/2011]',12.200,2.700,-1.800,-1.200,-7.800,0.500
'[00:00:07.494 01/01/2011]',11.500,2.100,-2.100,-0.800,-7.900,0.500
'[00:00:07.495 01/01/2011]',11.700,1.900,-2.400,-0.600,-8.400,0.500
'[00:00:07.496 01/01/2011]',12.600,1.800,-2.400,-0.800,-9.000,0.500
'[00:00:07.497 01/01/2011]',13.800,1.800,-2.100,-1.100,-9.400,0.500
'[00:00:07.498 01/01/2011]',15.000,1.500,-1.700,-1.400,-9.400,0.500
'[00:00:07.499 01/01/2011]',15.800,1.200,-1.000,-1.600,-8.900,0.500
'[00:00:07.500 01/01/2011]',16.400,1.200,-0.400,-1.400,-8.100,0.500
'[00:00:07.501 01/01/2011]',17.200,1.600,0.200,-1.100,-7.400,0.500
'[00:00:07.502 01/01/2011]',18.400,2.500,0.600,-0.800,-6.800,0.500
'[00:00:07.503 01/01/2011]',19.600,3.700,0.900,-0.800,-6.500,0.500
'[00:00:07.504 01/01/2011]',20.500,4.900,1.000,-1.000,-6.500,0.500
'[00:00:07.505 01/01/2011]',20.500,5.800,0.900,-1.500,-6.500,0.500
'[00:00:07.506 01/01/2011]',19.600,6.300,0.900,-1.900,-6.500,0.500
'[00:00:07.507 01/01/2011]',18.300,6.600,0.900,-2.200,-6.300,0.500
'[00:00:07.508 01/01/2011]',17.400,6.800,0.900,-2.100,-6.200,0.500
'[00:00:07.509 01/01/2011]',17.100,6.900,1.100,-1.500,-6.000,0.500
'[00:00:07.510 01/01/2011]',17.600,6.800,1.200,-0.700,-5.800,0.500
'[00:00:07.511 01/01/2011]',18.100,6.600,1.200,0.200,-5.800,0.500
'[00:00:07.512 01/01/2011]',18.100,6.200,1.100,1.000,-5.800,0.500
'[00:00:07.513 01/01/2011]',17.300,5.800,0.800,1.500,-5.700,0.500
'[00:00:07.514 01/01/2011]',16.100,5.500,0.500,1.600,-5.400,0.500
'[00:00:07.515 01/01/2011]',15.200,5.500,0.200,1.400,-4.900,0.500
'[00:00:07.516 01/01/2011]',15.300,5.500,0.000,1.000,-4.300,0.500
'[00:00:07.517 01/01/2011]',16.100,5.500,-0.100,0.700,-3.600,0.500
'[00:00:07.518 01/01/2011]',17.400,5.100,-0.100,0.400,-3.200,0.500
'[00:00:07.519 01/01/2011]',18.200,4.500,-0.200,0.300,-3.200,0.500
'[00:00:07.520 01/01/2011]',18.300,3.900,-0.500,0.200,-3.500,0.500
'[00:00:07.521 01/01/2011]',17.700,3.400,-0.900,0.200,-4.100,0.500
'[00:00:07.522 01/01/2011]',17.000,3.400,-1.400,0.200,-4.600,0.500
'[00:00:07.523 01/01/2011]',16.500,3.900,-1.700,0.000,-4.900,0.500
'[00:00:07.524 01/01/2011]',16.400,4.600,-1.700,-0.300,-4.900,0.500
'[00:00:07.525 01/01/2011]',16.500,5.500,-1.700,-0.800,-4.700,0.500
'[00:00:07.526 01/01/2011]',16.300,6.300,-1.700,-1.200,-4.500,0.500
'[00:00:07.527 01/01/2011]',15.900,7.000,-1.900,-1.400,-4.300,0.500
'[00:00:07.528 01/01/2011]',15.700,7.400,-2.300,-1.000,-4.100,0.500
'[00:00:07.529 01/01/2011]',16.000,7.400,-2.800,-0.200,-3.900,0.500
'[00:00:07.530 01/01/2011]',17.100,6.900,-3.100,1.000,-3.500,0.500
'[00:00:07.531 01/01/2011]',18.600,6.200,-3.100,2.100,-2.900,0.500
'[00:00:07.532 01/01/2011]',19.800,5.600,-2.600,2.700,-2.500,0.500
'[00:00:07.533 01/01/2011]',19.900,5.100,-2.000,2.700,-2.200,0.500
'[00:00:07.534 01/01/2011]',19.000,5.100,-1.400,2.200,-2.300,0.500
'[00:00:07.535 01/01/2011]',17.400,5.300,-1.000,1.600,-2.400,0.500
'[00:00:07.536 01/01/2011]',16.200,5.400,-1.000,1.200,-2.500,0.500
'[00:00:07.537 01/01/2011]',15.900,5.000,-1.200,1.300,-2.300,0.500
'[00:00:07.538 01/01/2011]',16.700,4.200,-1.200,1.600,-1.800,0.500
'[00:00:07.539 01/01/2011]',17.800,3.200,-1.100,1.900,-1.300,0.500
'[00:00:07.540 01/01/2011]',18.500,2.600,-0.900,1.800,-1.100,0.500
'[00:00:07.541 01/01/2011]',18.300,2.600,-0.600,1.300,-1.200,0.500
'[00:00:07.542 01/01/2011]',17.400,3.200,-0.500,0.700,-1.500,0.500
'[00:00:07.543 01/01/2011]',16.400,4.100,-0.600,0.300,-1.900,0.500
'[00:00:07.544 01/01/2011]',16.100,4.800,-0.900,0.400,-2.100,0.500
'[00:00:07.545 01/01/2011]',16.600,5.200,-1.400,1.000,-2.100,0.500
'[00:00:07.546 01/01/2011]',17.400,5.300,-1.900,1.700,-1.900,0.500
'[00:00:07.547 01/01/2011]',17.800,5.400,-2.300,2.300,-1.700,0.500
'[00:00:07.548 01/01/2011]',17.500,5.500,-2.700,2.500,-1.600,0.500
'[00:00:07.549 01/01/2011]',16.400,5.500,-3.000,2.400,-1.600,0.500
'[00:00:07.550 01/01/2011]',15.000,5.300,-3.100,2.200,-1.300,0.500
'[00:00:07.551 01/01/2011]',14.100,4.600,-3.000,2.100,-0.800,0.500
'[00:00:07.552 01/01/2011]',14.000,3.700,-2.800,2.300,-0.100,0.500
'[00:00:07.553 01/01/2011]',14.500,2.800,-2.500,2.700,0.400,0.500
'[00:00:07.554 01/01/2011]',15.100,2.400,-2.100,3.300,0.600,0.500
'[00:00:07.555 01/01/2011]',15.400,2.500,-1.700,3.800,0.500,0.500
'[00:00:07.556 01/01/2011]',15.200,2.800,-1.300,4.100,0.300,0.500
'[00:00:07.557 01/01/2011]',14.600,2.800,-1.000,4.200,0.300,0.500
'[00:00:07.558 01/01/2011]',14.100,2.300,-0.700,4.100,0.500,0.500
'[00:00:07.559 01/01/2011]',13.800,1.600,-0.600,3.900,1.000,0.500
'[00:00:07.560 01/01/2011]',13.700,1.100,-0.300,3.800,1.500,0.500
'[00:00:07.561 01/01/2011]',13.700,1.200,-0.100,3.800,1.800,0.500
'[00:00:07.562 01/01/2011]',13.600,1.900,0.100,3.900,2.000,0.500
'[00:00:07.563 01/01/2011]',13.300,3.000,0.200,4.000,2.100,0.500
'[00:00:07.564 01/01/2011]',12.900,3.700,0.000,4.200,2.100,0.500
'[00:00:07.565 01/01/2011]',12.500,4.000,-0.400,4.300,2.300,0.500
'[00:00:07.566 01/01/2011]',12.200,3.800,-1.100,4.400,2.500,0.500
'[00:00:07.567 01/01/2011]',12.000,3.800,-1.900,4.500,2.600,0.500
'[00:00:07.568 01/01/2011]',11.700,4.200,-2.600,4.600,2.700,0.500
'[00:00:07.569 01/01/2011]',11.100,4.900,-3.000,4.700,2.600,0.500
'[00:00:07.570 01/01/2011]',10.200,5.600,-3.200,4.600,2.700,0.500
'[00:00:07.571 01/01/2011]',9.300,5.500,-3.200,4.500,3.000,0.500
'[00:00:07.572 01/01/2011]',8.600,4.600,-3.100,4.100,3.600,0.500
'[00:00:07.573 01/01/2011]',8.300,3.200,-2.800,3.800,4.400,0.500
'[00:00:07.574 01/01/2011]',8.500,1.900,-2.700,3.500,5.200,0.500
'[00:00:07.575 01/01/2011]',9.000,1.100,-2.600,3.300,5.800,0.500
'[00:00:07.576 01/01/2011]',9.400,0.900,-2.700,3.300,6.100,0.500
'[00:00:07.577 01/01/2011]',9.700,1.000,-2.900,3.300,6.200,0.500
'[00:00:07.578 01/01/2011]',9.900,0.800,-3.300,3.300,6.200,0.500
'[00:00:07.579 01/01/2011]',9.900,0.300,-3.600,3.500,6.200,0.500
'[00:00:07.580 01/01/2011]',9.800,-0.400,-3.800,3.800,6.500,0.500
'[00:00:07.581 01/01/2011]',9.600,-0.900,-3.800,4.300,6.900,0.500
'[00:00:07.582 01/01/2011]',9.200,-0.800,-3.800,4.800,7.400,0.500
'[00:00:07.583 01/01/2011]',8.700,-0.100,-3.700,5.300,7.900,0.500
'[00:00:07.584 01/01/2011]',8.000,0.900,-3.700,5.500,8.100,0.500
'[00:00:07.585 01/01/2011]',7.300,1.700,-3.800,5.500,8.100,0.500
'[00:00:07.586 01/01/2011]',6.700,2.200,-3.900,5.300,8.000,0.500
'[00:00:07.587 01/01/2011]',6.100,2.600,-4.200,5.100,8.100,0.500
'[00:00:07.588 01/01/2011]',5.600,2.900,-4.600,5.200,8.400,0.500
'[00:00:07.589 01/01/2011]',4.900,3.200,-4.900,5.500,9.100,0.500
'[00:00:07.590 01/01/2011]',4.100,3.600,-5.200,6.000,9.900,0.500
'[00:00:07.591 01/01/2011]',3.300,3.800,-5.400,6.500,10.600,0.500
'[00:00:07.592 01/01/2011]',2.700,3.800,-5.600,6.900,11.100,0.500
'[00:00:07.593 01/01/2011]',2.300,3.500,-5.700,7.000,11.400,0.500
'[00:00:07.594 01/01/2011]',2.200,3.200,-5.800,7.000,11.600,0.500
'[00:00:07.595 01/01/2011]',2.100,2.900,-6.000,7.000,12.000,0.500
'[00:00:07.596 01/01/2011]',2.000,2.700,-6.100,7.200,12.400,0.500
'[00:00:07.597 01/01/2011]',1.700,2.500,-6.100,7.500,13.000,0.500
'[00:00:07.598 01/01/2011]',1.100,2.200,-5.900,8.000,13.300,0.500
'[00:00:07.599 01/01/2011]',0.500,2.000,-5.700,8.400,13.500,0.500
'[00:00:07.600 01/01/2011]',-0.100,1.900,-5.600,8.700,13.600,0.500
'[00:00:07.601 01/01/2011]',-0.400,2.000,-5.700,8.600,13.700,0.500
'[00:00:07.602 01/01/2011]',-0.600,2.400,-6.100,8.400,14.100,0.500
'[00:00:07.603 01/01/2011]',-0.700,3.000,-6.500,8.000,14.900,0.500
'[00:00:07.604 01/01/2011]',-0.900,3.700,-6.700,7.700,15.800,0.500
'[00:00:07.605 01/01/2011]',-1.200,4.300,-6.600,7.500,16.700,0.500
'[00:00:07.606 01/01/2011]',-1.300,4.900,-6.300,7.600,17.200,0.500
'[00:00:07.607 01/01/2011]',-1.100,5.300,-6.000,7.700,17.400,0.500
'[00:00:07.608 01/01/2011]',-0.800,5.700,-6.000,7.800,17.400,0.500
'[00:00:07.609 01/01/2011]',-0.600,5.900,-6.200,7.900,17.500,0.500
'[00:00:07.610 01/01/2011]',-0.900,5.800,-6.600,8.000,17.600,0.500
'[00:00:07.611 01/01/2011]',-1.900,5.500,-7.000,8.100,17.900,0.500
'[00:00:07.612 01/01/2011]',-3.600,5.000,-7.200,8.100,18.100,0.500
'[00:00:07.613 01/01/2011]',-5.500,4.300,-7.100,8.100,18.300,0.500
'[00:00:07.614 01/01/2011]',-7.000,3.600,-6.700,8.000,18.300,0.500
'[00:00:07.615 01/01/2011]',-7.800,3.100,-6.400,7.800,18.200,0.500
'[00:00:07.616 01/01/2011]',-7.800,2.700,-6.200,7.400,18.100,0.500
'[00:00:07.617 01/01/2011]',-7.600,2.500,-6.200,6.800,18.000,0.500
'[00:00:07.618 01/01/2011]',-7.600,2.600,-6.200,6.100,17.800,0.500
'[00:00:07.619 01/01/2011]',-8.000,2.800,-6.300,5.600,17.500,0.500
'[00:00:07.620 01/01/2011]',-8.700,3.300,-6.300,5.400,17.100,0.500
'[00:00:07.621 01/01/2011]',-9.400,4.000,-6.100,5.500,16.700,0.500
'[00:00:07.622 01/01/2011]',-9.700,4.700,-5.800,5.900,16.500,0.500
'[00:00:07.623 01/01/2011]',-9.900,5.300,-5.500,6.500,16.500,0.500
'[00:00:07.624 01/01/2011]',-10.100,5.500,-5.200,7.100,16.700,0.500
'[00:00:07.625 01/01/2011]',-10.800,5.500,-5.100,7.500,17.000,0.500
'[00:00:07.626 01/01/2011]',-11.800,5.400,-5.100,7.800,17.200,0.500
'[00:00:07.627 01/01/2011]',-12.700,5.400,-5.100,7.900,17.400,0.500
'[00:00:07.628 01/01/2011]',-13.100,5.500,-5.200,8.000,17.600,0.500
'[00:00:07.629 01/01/2011]',-12.800,5.700,-5.200,7.800,17.800,0.500
'[00:00:07.630 01/01/2011]',-12.000,5.700,-5.200,7.500,18.000,0.500
'[00:00:07.631 01/01/2011]',-11.600,5.200,-5.400,7.000,18.000,0.500
'[00:00:07.632 01/01/2011]',-12.000,4.300,-5.800,6.400,17.500,0.500
'[00:00:07.633 01/01/2011]',-13.100,3.300,-6.300,5.800,16.800,0.500
'[00:00:07.634 01/01/2011]',-14.400,2.500,-6.800,5.700,16.000,0.500
'[00:00:07.635 01/01/2011]',-15.100,2.200,-7.000,5.900,15.400,0.500
'[00:00:07.636 01/01/2011]',-14.900,2.300,-6.800,6.600,15.400,0.500
'[00:00:07.637 01/01/2011]',-13.700,2.600,-6.100,7.500,15.800,0.500
'[00:00:07.638 01/01/2011]',-12.400,2.800,-5.100,8.100,16.300,0.500
'[00:00:07.639 01/01/2011]',-11.700,2.800,-4.200,8.200,16.500,0.500
'[00:00:07.640 01/01/2011]',-12.000,2.800,-3.500,7.900,16.200,0.500
'[00:00:07.641 01/01/2011]',-12.900,3.000,-3.200,7.300,15.300,0.500
'[00:00:07.642 01/01/2011]',-14.000,3.600,-3.200,6.700,14.400,0.500
'[00:00:07.643 01/01/2011]',-14.400,4.600,-3.300,6.400,13.600,0.500
'[00:00:07.644 01/01/2011]',-14.200,5.600,-3.400,6.300,13.400,0.500
'[00:00:07.645 01/01/2011]',-13.600,6.300,-3.300,6.500,13.700,0.500
'[00:00:07.646 01/01/2011]',-13.200,6.700,-3.200,6.800,14.100,0.500
'[00:00:07.647 01/01/2011]',-13.300,6.800,-3.100,7.000,14.400,0.500
'[00:00:07.648 01/01/2011]',-13.900,6.800,-3.000,7.100,14.300,0.500
'[00:00:07.649 01/01/2011]',-14.900,7.000,-2.900,7.100,13.600,0.500
'[00:00:07.650 01/01/2011]',-15.800,7.100,-2.800,6.800,12.600,0.500
'[00:00:07.651 01/01/2011]',-16.400,6.800,-2.700,6.300,11.500,0.500
'[00:00:07.652 01/01/2011]',-16.600,5.900,-2.700,5.500,10.600,0.500
'[00:00:07.653 01/01/2011]',-16.700,4.500,-2.600,4.500,10.000,0.500
'[00:00:07.654 01/01/2011]',-16.700,3.200,-2.600,3.500,9.800,0.500
'[00:00:07.655 01/01/2011]',-16.700,2.300,-2.400,2.700,9.800,0.500
'[00:00:07.656 01/01/2011]',-16.500,2.400,-2.100,2.200,9.800,0.500
'[00:00:07.657 01/01/2011]',-16.000,3.200,-1.800,2.200,9.700,0.500
'[00:00:07.658 01/01/2011]',-15.300,4.200,-1.400,2.600,9.200,0.500
'[00:00:07.659 01/01/2011]',-14.600,5.000,-1.000,3.300,8.400,0.500
'[00:00:07.660 01/01/2011]',-14.000,5.200,-0.700,4.100,7.300,0.500
'[00:00:07.661 01/01/2011]',-13.800,5.000,-0.500,4.800,6.400,0.500
'[00:00:07.662 01/01/2011]',-13.900,4.800,-0.400,5.200,5.600,0.500
'[00:00:07.663 01/01/2011]',-14.000,5.100,-0.300,5.300,5.200,0.500
'[00:00:07.664 01/01/2011]',-14.000,5.900,-0.300,5.100,5.100,0.500
'[00:00:07.665 01/01/2011]',-14.000,6.900,-0.300,4.800,5.200,0.500
'[00:00:07.666 01/01/2011]',-14.100,7.600,-0.100,4.600,5.300,0.500
'[00:00:07.667 01/01/2011]',-14.500,7.700,0.100,4.600,5.500,0.500
'[00:00:07.668 01/01/2011]',-15.300,7.200,0.400,4.700,5.700,0.500
'[00:00:07.669 01/01/2011]',-16.400,6.500,0.700,4.800,5.800,0.500
'[00:00:07.670 01/01/2011]',-17.700,5.900,0.800,4.700,5.900,0.500
'[00:00:07.671 01/01/2011]',-18.500,5.800,0.700,4.400,5.600,0.500
'[00:00:07.672 01/01/2011]',-18.700,6.000,0.500,3.900,5.100,0.500
'[00:00:07.673 01/01/2011]',-18.100,6.400,0.300,3.400,4.400,0.500
'[00:00:07.674 01/01/2011]',-16.900,6.700,0.300,3.100,3.600,0.500
'[00:00:07.675 01/01/2011]',-15.400,6.700,0.500,3.000,2.900,0.500
'[00:00:07.676 01/01/2011]',-14.200,6.400,1.000,2.900,2.500,0.500
'[00:00:07.677 01/01/2011]',-13.500,5.900,1.500,2.800,2.200,0.500
'[00:00:07.678 01/01/2011]',-13.500,5.500,1.900,2.500,2.000,0.500
'[00:00:07.679 01/01/2011]',-14.100,5.500,2.000,2.100,1.700,0.500
'[00:00:07.680 01/01/2011]',-15.000,5.800,2.000,1.900,1.300,0.500
'[00:00:07.681 01/01/2011]',-16.000,6.600,1.900,1.800,0.800,0.500
'[00:00:07.682 01/01/2011]',-16.700,7.600,1.800,1.800,0.200,0.500
'[00:00:07.683 01/01/2011]',-17.100,8.400,1.700,1.900,-0.200,0.500
'[00:00:07.684 01/01/2011]',-17.100,8.800,1.600,1.800,-0.700,0.500
'[00:00:07.685 01/01/2011]',-16.700,8.700,1.300,1.500,-1.200,0.500
'[00:00:07.686 01/01/2011]',-15.900,8.400,0.900,1.000,-1.800,0.500
'[00:00:07.687 01/01/2011]',-14.900,8.200,0.500,0.600,-2.400,0.500
'[00:00:07.688 01/01/2011]',-14.200,8.300,0.200,0.400,-2.900,0.500
'[00:00:07.689 01/01/2011]',-14.100,8.800,0.300,0.600,-3.200,0.500
'[00:00:07.690 01/01/2011]',-14.800,9.300,0.800,1.300,-3.200,0.500
'[00:00:07.691 01/01/2011]',-16.000,9.300,1.400,2.100,-3.100,0.500
'[00:00:07.692 01/01/2011]',-17.300,8.600,2.000,2.800,-2.900,0.500
'[00:00:07.693 01/01/2011]',-18.000,7.500,2.300,3.200,-2.600,0.500
'[00:00:07.694 01/01/2011]',-18.000,6.400,2.500,3.100,-2.700,0.500
'[00:00:07.695 01/01/2011]',-17.400,5.600,2.300,2.600,-3.000,0.500
'[00:00:07.696 01/01/2011]',-16.700,5.400,1.900,1.900,-3.800,0.500
'[00:00:07.697 01/01/2011]',-16.300,5.600,1.300,1.100,-4.800,0.500
'[00:00:07.698 01/01/2011]',-16.300,6.000,0.700,0.600,-6.000,0.500
'[00:00:07.699 01/01/2011]',-16.400,6.300,0.100,0.400,-7.000,0.500
'[00:00:07.700 01/01/2011]',-16.300,6.400,-0.300,0.500,-7.800,0.500
'[00:00:07.701 01/01/2011]',-16.000,6.600,-0.500,0.800,-8.300,0.500
'[00:00:07.702 01/01/2011]',-15.900,6.900,-0.600,1.000,-8.600,0.500
'[00:00:07.703 01/01/2011]',-16.000,7.200,-0.700,0.900,-8.800,0.500
'[00:00:07.704 01/01/2011]',-16.300,7.300,-0.900,0.500,-9.100,0.500
'[00:00:07.705 01/01/2011]',-16.200,7.300,-1.200,-0.100,-9.500,0.500
'[00:00:07.706 01/01/2011]',-15.200,7.000,-1.500,-0.800,-9.700,0.500
'[00:00:07.707 01/01/2011]',-13.200,6.700,-1.800,-1.200,-9.800,0.500
'[00:00:07.708 01/01/2011]',-10.900,6.300,-1.800,-1.500,-9.700,0.500
'[00:00:07.709 01/01/2011]',-9.400,5.900,-1.700,-1.600,-9.400,0.500
'[00:00:07.710 01/01/2011]',-9.400,5.400,-1.400,-1.700,-9.000,0.500
'[00:00:07.711 01/01/2011]',-10.700,4.900,-1.100,-1.800,-8.700,0.500
'[00:00:07.712 01/01/2011]',-12.400,4.400,-0.900,-2.000,-8.500,0.500
'[00:00:07.713 01/01/2011]',-13.500,4.200,-0.700,-2.100,-8.400,0.500
'[00:00:07.714 01/01/2011]',-13.100,4.500,-0.600,-2.200,-8.300,0.500
'[00:00:07.715 01/01/2011]',-11.500,5.100,-0.400,-2.000,-8.200,0.500
'[00:00:07.716 01/01/2011]',-9.600,5.800,-0.200,-1.800,-8.100,0.500
'[00:00:07.717 01/01/2011]',-8.100,6.200,0.000,-1.500,-8.100,0.500
'[00:00:07.718 01/01/2011]',-7.600,6.100,0.100,-1.300,-8.100,0.500
'[00:00:07.719 01/01/2011]',-7.700,5.400,0.000,-1.200,-8.000,0.500
'[00:00:07.720 01/01/2011]',-7.900,4.600,-0.200,-1.200,-7.800,0.500
'[00:00:07.721 01/01/2011]',-7.700,3.900,-0.400,-1.100,-7.600,0.500
'[00:00:07.722 01/01/2011]',-7.000,3.500,-0.600,-1.000,-7.500,0.500
'[00:00:07.723 01/01/2011]',-5.900,3.300,-0.800,-0.900,-7.500,0.500
'[00:00:07.724 01/01/2011]',-4.600,3.200,-0.800,-0.900,-7.700,0.500
'[00:00:07.725 01/01/2011]',-3.200,3.000,-0.700,-1.100,-7.800,0.500
'[00:00:07.726 01/01/2011]',-1.900,2.800,-0.600,-1.400,-8.000,0.500
'[00:00:07.727 01/01/2011]',-1.100,2.700,-0.500,-1.800,-8.000,0.500
'[00:00:07.728 01/01/2011]',-0.700,2.700,-0.500,-2.100,-8.000,0.500
'[00:00:07.729 01/01/2011]',-0.700,3.000,-0.400,-2.100,-7.800,0.500
'[00:00:07.730 01/01/2011]',-0.600,3.100,-0.300,-1.700,-7.600,0.500
'[00:00:07.731 01/01/2011]',-0.100,3.000,-0.200,-0.900,-7.400,0.500
'[00:00:07.732 01/01/2011]',1.200,2.500,0.000,0.000,-7.100,0.500
'[00:00:07.733 01/01/2011]',2.900,1.700,0.200,0.800,-6.700,0.500
'[00:00:07.734 01/01/2011]',4.300,0.900,0.400,1.300,-6.200,0.500
'[00:00:07.735 01/01/2011]',4.700,0.300,0.500,1.500,-5.700,0.500
'[00:00:07.736 01/01/2011]',4.000,0.000,0.700,1.400,-5.300,0.500
'[00:00:07.737 01/01/2011]',2.600,0.100,0.800,1.100,-5.000,0.500
'[00:00:07.738 01/01/2011]',1.600,0.300,0.900,0.800,-4.900,0.500
'[00:00:07.739 01/01/2011]',1.700,0.500,1.000,0.700,-5.000,0.500
'[00:00:07.740 01/01/2011]',3.000,0.500,1.100,0.600,-5.000,0.500
'[00:00:07.741 01/01/2011]',4.700,0.200,1.200,0.600,-4.900,0.500
'[00:00:07.742 01/01/2011]',5.900,-0.200,1.300,0.600,-4.700,0.500
'[00:00:07.743 01/01/2011]',6.000,-0.500,1.500,0.600,-4.300,0.500
'[00:00:07.744 01/01/2011]',4.800,-0.700,1.700,0.400,-3.900,0.500
'[00:00:07.745 01/01/2011]',3.000,-0.700,2.000,0.200,-3.700,0.500
'[00:00:07.746 01/01/2011]',1.300,-0.700,2.300,0.100,-3.800,0.500
'[00:00:07.747 01/01/2011]',0.500,-0.900,2.500,-0.100,-4.100,0.500
'[00:00:07.748 01/01/2011]',0.600,-1.500,2.400,-0.300,-4.600,0.500
'[00:00:07.749 01/01/2011]',1.300,-2.300,2.100,-0.400,-4.900,0.500
'[00:00:07.750 01/01/2011]',2.200,-3.200,1.800,-0.400,-5.000,0.500
'[00:00:07.751 01/01/2011]',3.100,-4.100,1.300,-0.400,-4.900,0.500
'[00:00:07.752 01/01/2011]',3.800,-4.700,1.000,-0.200,-4.700,0.500
'[00:00:07.753 01/01/2011]',4.100,-5.100,0.700,-0.100,-4.600,0.500
'[00:00:07.754 01/01/2011]',3.900,-5.300,0.500,-0.100,-4.800,0.500
'[00:00:07.755 01/01/2011]',3.300,-5.300,0.400,-0.300,-5.200,0.500
'[00:00:07.756 01/01/2011]',2.200,-5.200,0.200,-0.700,-5.700,0.500
'[00:00:07.757 01/01/2011]',0.800,-5.100,-0.100,-1.300,-6.200,0.500
'[00:00:07.758 01/01/2011]',-0.500,-5.100,-0.300,-2.100,-6.500,0.500
'[00:00:07.759 01/01/2011]',-1.600,-5.200,-0.600,-2.800,-6.700,0.500
'[00:00:07.760 01/01/2011]',-2.600,-5.500,-0.800,-3.200,-6.800,0.500
'[00:00:07.761 01/01/2011]',-3.700,-5.700,-0.900,-3.300,-6.700,0.500
'[00:00:07.762 01/01/2011]',-5.000,-5.700,-0.800,-3.100,-6.500,0.500
'[00:00:07.763 01/01/2011]',-6.600,-5.500,-0.600,-2.700,-6.100,0.500
'[00:00:07.764 01/01/2011]',-8.200,-5.100,-0.300,-2.400,-5.600,0.500
'[00:00:07.765 01/01/2011]',-9.700,-4.600,0.100,-2.400,-5.100,0.500
'[00:00:07.766 01/01/2011]',-10.900,-4.300,0.200,-2.600,-4.700,0.500
'[00:00:07.767 01/01/2011]',-11.900,-4.200,0.300,-2.900,-4.500,0.500
'[00:00:07.768 01/01/2011]',-13.000,-4.200,0.100,-3.200,-4.300,0.500
'[00:00:07.769 01/01/2011]',-14.100,-4.400,-0.200,-3.200,-4.100,0.500
'[00:00:07.770 01/01/2011]',-15.100,-4.500,-0.500,-3.100,-3.900,0.500
'[00:00:07.771 01/01/2011]',-15.800,-4.500,-0.700,-3.000,-3.600,0.500
'[00:00:07.772 01/01/2011]',-16.100,-4.400,-0.800,-3.200,-3.300,0.500
'[00:00:07.773 01/01/2011]',-16.100,-4.300,-0.800,-3.600,-3.400,0.500
'[00:00:07.774 01/01/2011]',-16.300,-4.200,-0.700,-4.100,-3.800,0.500
'[00:00:07.775 01/01/2011]',-16.800,-4.100,-0.700,-4.600,-4.400,0.500
'[00:00:07.776 01/01/2011]',-17.600,-4.000,-0.900,-4.800,-5.000,0.500
'[00:00:07.777 01/01/2011]',-18.300,-3.600,-1.300,-4.400,-5.300,0.500
'[00:00:07.778 01/01/2011]',-18.800,-2.800,-2.000,-3.500,-5.300,0.500
'[00:00:07.779 01/01/2011]',-18.700,-1.500,-2.700,-2.300,-5.000,0.500
'[00:00:07.780 01/01/2011]',-18.200,0.100,-3.400,-1.100,-4.700,0.500
'[00:00:07.781 01/01/2011]',-17.600,2.000,-3.900,-0.100,-4.500,0.500
'[00:00:07.782 01/01/2011]',-17.100,3.700,-4.100,0.500,-4.700,0.500
'[00:00:07.783 01/01/2011]',-17.100,5.000,-4.000,0.800,-5.000,0.500
'[00:00:07.784 01/01/2011]',-17.300,5.700,-3.700,1.000,-5.200,0.500
'[00:00:07.785 01/01/2011]',-17.900,6.000,-3.300,1.100,-5.200,0.500
'[00:00:07.786 01/01/2011]',-18.600,6.000,-2.900,1.300,-5.000,0.500
'[00:00:07.787 01/01/2011]',-19.400,6.200,-2.600,1.500,-4.600,0.500
'[00:00:07.788 01/01/2011]',-19.900,6.700,-2.200,1.800,-4.300,0.500
'[00:00:07.789 01/01/2011]',-20.100,7.600,-1.700,2.000,-4.200,0.500
'[00:00:07.790 01/01/2011]',-19.800,8.800,-1.100,2.200,-4.200,0.500
'[00:00:07.791 01/01/2011]',-19.200,10.000,-0.400,2.500,-4.100,0.500
'[00:00:07.792 01/01/2011]',-18.300,11.100,0.300,2.900,-3.900,0.500
'[00:00:07.793 01/01/2011]',-17.600,11.800,0.800,3.300,-3.500,0.500
'[00:00:07.794 01/01/2011]',-17.100,12.100,0.900,3.700,-3.100,0.500
'[00:00:07.795 01/01/2011]',-17.200,12.300,0.700,3.800,-3.000,0.500
'[00:00:07.796 01/01/2011]',-17.600,12.700,0.100,3.800,-3.200,0.500
'[00:00:07.797 01/01/2011]',-18.400,13.300,-0.700,3.800,-3.700,0.500
'[00:00:07.798 01/01/2011]',-19.300,14.100,-1.300,4.000,-4.100,0.500
'[00:00:07.799 01/01/2011]',-20.100,15.100,-1.800,4.400,-4.300,0.500
'[00:00:07.800 01/01/2011]',-20.500,15.800,-2.000,5.100,-4.300,0.500
'[00:00:07.801 01/01/2011]',-20.700,16.300,-2.000,5.600,-4.100,0.500
'[00:00:07.802 01/01/2011]',-20.800,16.500,-2.000,5.800,-4.100,0.500
'[00:00:07.803 01/01/2011]',-21.000,16.600,-2.200,5.700,-4.500,0.500
'[00:00:07.804 01/01/2011]',-21.200,16.600,-2.500,5.200,-5.200,0.500
'[00:00:07.805 01/01/2011]',-21.300,16.800,-3.000,4.700,-5.900,0.500
'[00:00:07.806 01/01/2011]',-21.100,17.200,-3.500,4.400,-6.500,0.500
'[00:00:07.807 01/01/2011]',-20.600,17.600,-3.700,4.400,-6.800,0.500
'[00:00:07.808 01/01/2011]',-20.000,18.000,-3.700,4.700,-6.700,0.500
'[00:00:07.809 01/01/2011]',-19.700,18.300,-3.500,5.100,-6.500,0.500
'[00:00:07.810 01/01/2011]',-19.900,18.500,-3.200,5.600,-6.300,0.500
'[00:00:07.811 01/01/2011]',-20.400,18.700,-2.800,6.100,-6.100,0.500
'[00:00:07.812 01/01/2011]',-20.900,19.000,-2.500,6.700,-6.000,0.500
'[00:00:07.813 01/01/2011]',-20.800,19.400,-2.400,7.400,-6.000,0.500
'[00:00:07.814 01/01/2011]',-20.200,19.800,-2.200,7.900,-6.000,0.500
'[00:00:07.815 01/01/2011]',-19.700,20.200,-2.100,8.200,-5.900,0.500
'[00:00:07.816 01/01/2011]',-19.700,20.500,-1.900,8.100,-5.800,0.500
'[00:00:07.817 01/01/2011]',-20.700,20.600,-1.700,7.800,-5.600,0.500
'[00:00:07.818 01/01/2011]',-22.400,20.500,-1.400,7.400,-5.400,0.500
'[00:00:07.819 01/01/2011]',-24.000,20.100,-1.300,7.100,-5.200,0.500
'[00:00:07.820 01/01/2011]',-24.900,19.500,-1.500,7.000,-5.100,0.500
'[00:00:07.821 01/01/2011]',-24.700,18.900,-1.800,7.000,-5.200,0.500
'[00:00:07.822 01/01/2011]',-23.700,18.400,-2.300,7.100,-5.400,0.500
'[00:00:07.823 01/01/2011]',-22.400,18.300,-2.500,7.100,-5.500,0.500
'[00:00:07.824 01/01/2011]',-21.500,18.500,-2.300,7.000,-5.400,0.500
'[00:00:07.825 01/01/2011]',-21.100,18.700,-1.600,6.800,-4.900,0.500
'[00:00:07.826 01/01/2011]',-21.200,18.800,-0.600,6.800,-4.100,0.500
'[00:00:07.827 01/01/2011]',-21.500,18.500,0.200,6.900,-3.300,0.500
'[00:00:07.828 01/01/2011]',-21.900,17.900,0.500,7.100,-2.800,0.500
'[00:00:07.829 01/01/2011]',-22.100,17.300,0.200,7.200,-2.600,0.500
'[00:00:07.830 01/01/2011]',-22.300,17.000,-0.300,7.300,-2.700,0.500
'[00:00:07.831 01/01/2011]',-22.400,17.000,-0.700,7.400,-2.800,0.500
'[00:00:07.832 01/01/2011]',-22.500,17.200,-0.600,7.700,-2.800,0.500
'[00:00:07.833 01/01/2011]',-22.400,17.500,0.000,8.100,-2.600,0.500
'[00:00:07.834 01/01/2011]',-22.300,17.600,0.600,8.600,-2.300,0.500
'[00:00:07.835 01/01/2011]',-22.100,17.500,0.800,8.900,-2.200,0.500
'[00:00:07.836 01/01/2011]',-22.100,17.200,0.300,8.700,-2.700,0.500
'[00:00:07.837 01/01/2011]',-22.400,17.000,-1.000,7.800,-3.700,0.500
'[00:00:07.838 01/01/2011]',-23.500,16.900,-2.600,6.500,-5.000,0.500
'[00:00:07.839 01/01/2011]',-25.200,16.700,-4.100,5.100,-6.300,0.500
'[00:00:07.840 01/01/2011]',-27.300,16.500,-5.100,4.200,-7.000,0.500
'[00:00:07.841 01/01/2011]',-29.300,16.200,-5.400,3.900,-7.100,0.500
'[00:00:07.842 01/01/2011]',-30.300,16.000,-5.000,4.600,-6.400,0.500
'[00:00:07.843 01/01/2011]',-29.800,16.000,-4.000,5.700,-5.300,0.500
'[00:00:07.844 01/01/2011]',-27.500,16.400,-2.600,6.900,-4.100,0.500
'[00:00:07.845 01/01/2011]',-23.600,16.800,-1.100,7.900,-3.100,0.500
'[00:00:07.846 01/01/2011]',-18.500,17.100,0.300,8.500,-2.300,0.500
'[00:00:07.847 01/01/2011]',-12.600,17.000,1.600,8.900,-1.600,0.500
'[00:00:07.848 01/01/2011]',-5.800,16.600,2.800,9.600,-0.700,0.500
'[00:00:07.849 01/01/2011]',2.200,16.300,4.200,10.700,0.700,0.500
'[00:00:07.850 01/01/2011]',11.400,16.400,5.800,12.300,2.800,0.500
'[00:00:07.851 01/01/2011]',21.500,17.000,7.600,13.900,5.200,0.500
'[00:00:07.852 01/01/2011]',31.600,18.000,9.500,15.200,7.700,0.500
'[00:00:07.853 01/01/2011]',40.301,18.800,11.100,15.900,9.700,0.500
'[00:00:07.854 01/01/2011]',47.001,19.200,12.200,16.300,11.200,0.500
'[00:00:07.855 01/01/2011]',51.401,19.200,12.900,16.700,12.300,0.500
'[00:00:07.856 01/01/2011]',53.901,19.100,13.400,17.500,13.200,0.500
'[00:00:07.857 01/01/2011]',55.301,19.200,14.000,18.800,14.300,0.500
'[00:00:07.858 01/01/2011]',56.101,19.700,14.800,20.300,15.600,0.500
'[00:00:07.859 01/01/2011]',56.301,20.200,15.800,21.600,17.000,0.500
'[00:00:07.860 01/01/2011]',55.601,20.500,16.600,22.200,18.200,0.500
'[00:00:07.861 01/01/2011]',53.901,20.500,17.100,21.900,19.000,0.500
'[00:00:07.862 01/01/2011]',51.601,20.000,17.100,21.200,19.200,0.500
'[00:00:07.863 01/01/2011]',49.501,19.500,16.900,20.400,18.900,0.500
'[00:00:07.864 01/01/2011]',48.101,19.200,16.400,19.800,18.300,0.500
'[00:00:07.865 01/01/2011]',47.401,19.100,15.900,19.400,17.400,0.500
'[00:00:07.866 01/01/2011]',46.601,19.000,15.300,19.000,16.400,0.500
'[00:00:07.867 01/01/2011]',44.401,18.700,14.400,18.300,15.100,0.500
'[00:00:07.868 01/01/2011]',39.901,17.900,13.100,17.000,13.300,0.500
'[00:00:07.869 01/01/2011]',32.700,16.900,11.200,15.200,10.800,0.500
'[00:00:07.870 01/01/2011]',23.600,15.700,8.500,13.100,7.600,0.500
'[00:00:07.871 01/01/2011]',13.300,14.600,5.200,10.800,3.800,0.500
'[00:00:07.872 01/01/2011]',2.800,13.800,1.500,8.600,0.100,0.500
'[00:00:07.873 01/01/2011]',-7.800,13.200,-2.100,6.800,-3.000,0.500
'[00:00:07.874 01/01/2011]',-18.300,12.700,-5.100,5.500,-5.100,0.500
'[00:00:07.875 01/01/2011]',-28.600,12.400,-7.100,4.800,-6.000,0.500
'[00:00:07.876 01/01/2011]',-37.601,12.200,-7.800,4.700,-6.000,0.500
'[00:00:07.877 01/01/2011]',-43.801,12.300,-7.300,5.000,-5.300,0.500
'[00:00:07.878 01/01/2011]',-45.901,12.600,-6.200,5.500,-4.500,0.500
'[00:00:07.879 01/01/2011]',-43.501,13.100,-4.900,5.800,-3.900,0.500
'[00:00:07.880 01/01/2011]',-37.701,13.500,-3.900,6.000,-3.400,0.500
'[00:00:07.881 01/01/2011]',-30.300,13.800,-3.300,6.000,-3.100,0.500
'[00:00:07.882 01/01/2011]',-23.300,13.800,-3.300,5.900,-2.900,0.500
'[00:00:07.883 01/01/2011]',-18.100,13.500,-3.500,5.900,-2.800,0.500
'[00:00:07.884 01/01/2011]',-15.000,13.000,-4.100,5.800,-2.900,0.500
'[00:00:07.885 01/01/2011]',-13.500,12.200,-4.600,5.400,-3.200,0.500
'[00:00:07.886 01/01/2011]',-12.700,11.100,-5.200,4.800,-3.600,0.500
'[00:00:07.887 01/01/2011]',-12.300,10.000,-5.600,3.900,-4.000,0.500
'[00:00:07.888 01/01/2011]',-12.100,9.100,-5.700,2.900,-4.200,0.500
'[00:00:07.889 01/01/2011]',-12.100,8.500,-5.600,2.000,-4.200,0.500
'[00:00:07.890 01/01/2011]',-12.400,8.300,-5.300,1.600,-4.000,0.500
'[00:00:07.891 01/01/2011]',-12.700,8.400,-4.900,1.700,-3.700,0.500
'[00:00:07.892 01/01/2011]',-12.800,8.700,-4.600,2.100,-3.400,0.500
'[00:00:07.893 01/01/2011]',-12.500,9.000,-4.400,2.700,-3.100,0.500
'[00:00:07.894 01/01/2011]',-11.900,9.400,-4.400,3.300,-2.800,0.500
'[00:00:07.895 01/01/2011]',-11.400,9.900,-4.500,3.700,-2.700,0.500
'[00:00:07.896 01/01/2011]',-11.300,10.700,-4.600,4.000,-2.700,0.500
'[00:00:07.897 01/01/2011]',-11.600,11.900,-4.800,4.300,-2.800,0.500
'[00:00:07.898 01/01/2011]',-12.200,13.100,-4.800,4.800,-3.000,0.500
'[00:00:07.899 01/01/2011]',-12.700,13.900,-4.600,5.400,-3.100,0.500
'[00:00:07.900 01/01/2011]',-12.900,14.300,-4.200,5.900,-3.100,0.500
'[00:00:07.901 01/01/2011]',-12.800,14.200,-3.700,6.200,-2.900,0.500
'[00:00:07.902 01/01/2011]',-12.400,13.800,-3.200,6.300,-2.800,0.500
'[00:00:07.903 01/01/2011]',-12.200,13.600,-3.000,6.100,-2.900,0.500
'[00:00:07.904 01/01/2011]',-12.300,13.600,-3.000,5.900,-3.200,0.500
'[00:00:07.905 01/01/2011]',-12.700,13.800,-3.300,5.800,-3.800,0.500
'[00:00:07.906 01/01/2011]',-13.100,14.000,-3.500,5.900,-4.400,0.500
'[00:00:07.907 01/01/2011]',-13.200,14.000,-3.500,6.000,-4.800,0.500
'[00:00:07.908 01/01/2011]',-12.700,13.900,-3.500,6.100,-4.700,0.500
'[00:00:07.909 01/01/2011]',-11.900,13.800,-3.400,6.100,-4.400,0.500
'[00:00:07.910 01/01/2011]',-11.300,14.100,-3.500,6.200,-3.800,0.500
'[00:00:07.911 01/01/2011]',-11.200,14.700,-3.600,6.400,-3.300,0.500
'[00:00:07.912 01/01/2011]',-11.800,15.500,-3.600,6.900,-3.000,0.500
'[00:00:07.913 01/01/2011]',-12.800,16.200,-3.400,7.500,-2.800,0.500
'[00:00:07.914 01/01/2011]',-13.700,16.700,-2.800,8.100,-2.800,0.500
'[00:00:07.915 01/01/2011]',-14.200,17.100,-2.200,8.400,-2.700,0.500
'[00:00:07.916 01/01/2011]',-13.900,17.600,-1.700,8.600,-2.600,0.500
'[00:00:07.917 01/01/2011]',-13.200,18.400,-1.700,8.500,-2.400,0.500
'[00:00:07.918 01/01/2011]',-12.300,19.400,-2.000,8.500,-2.300,0.500
'[00:00:07.919 01/01/2011]',-11.400,20.300,-2.500,8.600,-2.200,0.500
'[00:00:07.920 01/01/2011]',-10.600,21.000,-2.800,8.900,-2.100,0.500
'[00:00:07.921 01/01/2011]',-9.900,21.200,-2.800,9.200,-2.000,0.500
'[00:00:07.922 01/01/2011]',-9.400,21.000,-2.500,9.400,-1.900,0.500
'[00:00:07.923 01/01/2011]',-9.400,20.600,-2.300,9.400,-2.000,0.500
'[00:00:07.924 01/01/2011]',-9.900,20.200,-2.400,9.400,-2.200,0.500
'[00:00:07.925 01/01/2011]',-10.700,19.800,-2.700,9.300,-2.500,0.500
'[00:00:07.926 01/01/2011]',-11.500,19.300,-3.200,9.300,-2.800,0.500
'[00:00:07.927 01/01/2011]',-12.000,18.700,-3.400,9.500,-2.900,0.500
'[00:00:07.928 01/01/2011]',-11.800,18.100,-3.300,9.600,-2.600,0.500
'[00:00:07.929 01/01/2011]',-11.300,17.700,-2.800,9.700,-1.900,0.500
'[00:00:07.930 01/01/2011]',-11.200,17.800,-2.300,9.700,-1.000,0.500
'[00:00:07.931 01/01/2011]',-11.700,18.400,-2.000,9.600,-0.400,0.500
'[00:00:07.932 01/01/2011]',-12.800,19.300,-2.200,9.400,-0.200,0.500
'[00:00:07.933 01/01/2011]',-13.900,20.000,-2.700,9.500,-0.600,0.500
'[00:00:07.934 01/01/2011]',-14.100,20.300,-3.300,9.700,-1.300,0.500
'[00:00:07.935 01/01/2011]',-13.100,20.100,-3.800,10.100,-1.900,0.500
'[00:00:07.936 01/01/2011]',-11.200,19.800,-3.900,10.600,-2.000,0.500
'[00:00:07.937 01/01/2011]',-9.500,19.800,-3.700,11.000,-1.700,0.500
'[00:00:07.938 01/01/2011]',-8.900,20.100,-3.500,11.100,-1.200,0.500
'[00:00:07.939 01/01/2011]',-9.700,20.700,-3.400,11.000,-1.000,0.500
'[00:00:07.940 01/01/2011]',-11.300,21.300,-3.700,10.600,-1.300,0.500
'[00:00:07.941 01/01/2011]',-12.600,21.500,-4.400,10.100,-2.100,0.500
'[00:00:07.942 01/01/2011]',-12.900,21.200,-5.300,9.500,-3.000,0.500
'[00:00:07.943 01/01/2011]',-12.100,20.300,-6.100,9.000,-3.600,0.500
'[00:00:07.944 01/01/2011]',-10.900,19.300,-6.600,8.600,-3.500,0.500
'[00:00:07.945 01/01/2011]',-10.000,18.300,-6.700,8.200,-2.900,0.500
'[00:00:07.946 01/01/2011]',-10.000,17.500,-6.500,8.000,-2.000,0.500
'[00:00:07.947 01/01/2011]',-10.900,16.800,-6.200,7.900,-1.200,0.500
'[00:00:07.948 01/01/2011]',-12.000,16.100,-5.800,8.000,-0.700,0.500
'[00:00:07.949 01/01/2011]',-12.600,15.400,-5.700,8.000,-0.500,0.500
'[00:00:07.950 01/01/2011]',-12.600,14.700,-5.700,7.900,-0.500,0.500
'[00:00:07.951 01/01/2011]',-12.000,14.100,-5.900,7.500,-0.500,0.500
'[00:00:07.952 01/01/2011]',-11.100,13.700,-6.200,6.700,-0.600,0.500
'[00:00:07.953 01/01/2011]',-10.300,13.600,-6.500,5.800,-0.900,0.500
'[00:00:07.954 01/01/2011]',-9.700,13.900,-6.900,5.000,-1.500,0.500
'[00:00:07.955 01/01/2011]',-9.400,14.400,-7.200,4.500,-2.200,0.500
'[00:00:07.956 01/01/2011]',-9.400,15.100,-7.300,4.400,-2.800,0.500
'[00:00:07.957 01/01/2011]',-9.700,15.700,-7.100,4.700,-3.100,0.500
'[00:00:07.958 01/01/2011]',-10.400,16.000,-6.600,5.100,-2.900,0.500
'[00:00:07.959 01/01/2011]',-11.000,15.900,-5.800,5.400,-2.500,0.500
'[00:00:07.960 01/01/2011]',-11.400,15.500,-5.100,5.500,-2.200,0.500
'[00:00:07.961 01/01/2011]',-11.100,14.900,-4.800,5.500,-2.100,0.500
'[00:00:07.962 01/01/2011]',-10.400,14.500,-5.000,5.600,-2.300,0.500
'[00:00:07.963 01/01/2011]',-9.600,14.300,-5.500,5.700,-2.700,0.500
'[00:00:07.964 01/01/2011]',-9.400,14.200,-6.100,5.800,-3.000,0.500
'[00:00:07.965 01/01/2011]',-9.900,13.900,-6.500,5.700,-3.100,0.500
'[00:00:07.966 01/01/2011]',-10.900,13.000,-6.500,5.300,-3.000,0.500
'[00:00:07.967 01/01/2011]',-11.700,11.600,-6.200,4.500,-2.800,0.500
'[00:00:07.968 01/01/2011]',-11.800,10.000,-5.700,3.500,-2.600,0.500
'[00:00:07.969 01/01/2011]',-11.000,8.600,-5.400,2.700,-2.500,0.500
'[00:00:07.970 01/01/2011]',-9.600,7.800,-5.200,2.400,-2.400,0.500
'[00:00:07.971 01/01/2011]',-8.300,7.600,-5.100,2.500,-2.400,0.500
'[00:00:07.972 01/01/2011]',-7.600,7.900,-5.000,3.000,-2.300,0.500
'[00:00:07.973 01/01/2011]',-7.600,8.400,-5.000,3.600,-2.400,0.500
'[00:00:07.974 01/01/2011]',-8.100,8.800,-4.900,4.000,-2.500,0.500
'[00:00:07.975 01/01/2011]',-8.700,9.300,-5.000,4.300,-2.600,0.500
'[00:00:07.976 01/01/2011]',-9.000,10.000,-5.100,4.300,-2.800,0.500
'[00:00:07.977 01/01/2011]',-8.900,10.800,-5.300,4.300,-2.800,0.500
'[00:00:07.978 01/01/2011]',-8.400,11.600,-5.500,4.400,-2.900,0.500
'[00:00:07.979 01/01/2011]',-8.000,12.000,-5.500,4.700,-3.000,0.500
'[00:00:07.980 01/01/2011]',-7.700,12.000,-5.300,5.100,-3.100,0.500
'[00:00:07.981 01/01/2011]',-7.500,11.600,-5.000,5.500,-3.200,0.500
'[00:00:07.982 01/01/2011]',-7.400,11.000,-4.600,5.800,-3.100,0.500
'[00:00:07.983 01/01/2011]',-7.400,10.500,-4.200,5.800,-2.600,0.500
'[00:00:07.984 01/01/2011]',-7.400,10.200,-4.000,5.500,-1.900,0.500
'[00:00:07.985 01/01/2011]',-7.700,9.700,-3.800,5.100,-1.200,0.500
'[00:00:07.986 01/01/2011]',-8.100,8.800,-3.800,4.500,-0.700,0.500
'[00:00:07.987 01/01/2011]',-8.500,7.400,-3.800,3.900,-0.500,0.500
'[00:00:07.988 01/01/2011]',-8.800,5.800,-3.700,3.300,-0.400,0.500
'[00:00:07.989 01/01/2011]',-8.900,4.500,-3.600,2.900,-0.400,0.500
'[00:00:07.990 01/01/2011]',-8.600,3.900,-3.300,2.600,0.000,0.500
'[00:00:07.991 01/01/2011]',-8.300,3.800,-3.100,2.500,0.600,0.500
'[00:00:07.992 01/01/2011]',-8.100,4.200,-2.900,2.500,1.200,0.500
'[00:00:07.993 01/01/2011]',-8.300,4.600,-3.000,2.700,1.700,0.500
'[00:00:07.994 01/01/2011]',-8.600,4.900,-3.100,2.900,1.800,0.500
'[00:00:07.995 01/01/2011]',-8.900,5.300,-3.100,3.100,1.600,0.500
'[00:00:07.996 01/01/2011]',-8.900,5.900,-2.900,3.400,1.200,0.500
'[00:00:07.997 01/01/2011]',-8.500,6.800,-2.500,3.700,0.800,0.500
'[00:00:07.998 01/01/2011]',-7.600,8.000,-2.100,4.100,0.500,0.500
'[00:00:07.999 01/01/2011]',-6.700,9.000,-1.900,4.300,0.200,0.500
'[00:00:08.000 01/01/2011]',-5.800,9.600,-2.000,4.500,-0.100,0.500
'[00:00:08.001 01/01/2011]',-5.300,9.600,-2.400,4.600,-0.500,0.500
'[00:00:08.002 01/01/2011]',-5.300,9.100,-2.600,4.400,-0.900,0.500
'[00:00:08.003 01/01/2011]',-5.600,8.500,-2.700,4.000,-1.400,0.500
'[00:00:08.004 01/01/2011]',-6.200,7.800,-2.300,3.400,-1.800,0.500
'[00:00:08.005 01/01/2011]',-6.800,7.100,-1.900,2.800,-2.100,0.500
'[00:00:08.006 01/01/2011]',-7.100,6.400,-1.600,2.400,-2.400,0.500
'[00:00:08.007 01/01/2011]',-7.000,5.400,-1.600,2.200,-2.400,0.500
'[00:00:08.008 01/01/2011]',-6.300,4.400,-1.700,2.300,-2.300,0.500
'[00:00:08.009 01/01/2011]',-5.200,3.600,-1.800,2.700,-1.800,0.500
'[00:00:08.010 01/01/2011]',-4.000,3.100,-1.600,3.000,-1.300,0.500
'[00:00:08.011 01/01/2011]',-3.300,3.100,-1.200,3.200,-0.700,0.500
'[00:00:08.012 01/01/2011]',-3.400,3.300,-0.700,3.200,-0.400,0.500
'[00:00:08.013 01/01/2011]',-4.200,3.600,-0.400,3.000,-0.400,0.500
'[00:00:08.014 01/01/2011]',-5.400,3.700,-0.500,2.900,-0.800,0.500
'[00:00:08.015 01/01/2011]',-6.100,3.800,-0.800,2.900,-1.200,0.500
'[00:00:08.016 01/01/2011]',-5.900,4.100,-1.200,3.100,-1.500,0.500
'[00:00:08.017 01/01/2011]',-4.900,4.900,-1.400,3.400,-1.700,0.500
'[00:00:08.018 01/01/2011]',-3.400,6.200,-1.300,3.800,-1.700,0.500
'[00:00:08.019 01/01/2011]',-2.300,7.700,-1.100,4.200,-1.800,0.500
'[00:00:08.020 01/01/2011]',-2.300,8.900,-0.900,4.500,-1.900,0.500
'[00:00:08.021 01/01/2011]',-3.200,9.300,-0.800,4.700,-2.000,0.500
'[00:00:08.022 01/01/2011]',-4.300,8.900,-1.000,4.900,-2.100,0.500
'[00:00:08.023 01/01/2011]',-5.000,8.000,-1.200,5.100,-2.000,0.500
'[00:00:08.024 01/01/2011]',-4.700,7.200,-1.300,5.200,-1.600,0.500
'[00:00:08.025 01/01/2011]',-4.000,6.700,-1.300,5.300,-1.100,0.500
'[00:00:08.026 01/01/2011]',-3.400,6.600,-1.200,5.300,-0.600,0.500
'[00:00:08.027 01/01/2011]',-3.800,6.400,-1.400,5.300,-0.400,0.500
'[00:00:08.028 01/01/2011]',-5.100,6.000,-1.700,5.400,-0.600,0.500
'[00:00:08.029 01/01/2011]',-6.800,5.000,-2.100,5.400,-1.100,0.500
'[00:00:08.030 01/01/2011]',-8.100,3.800,-2.500,5.500,-1.600,0.500
'[00:00:08.031 01/01/2011]',-8.100,2.700,-2.600,5.500,-1.900,0.500
'[00:00:08.032 01/01/2011]',-7.100,2.100,-2.500,5.300,-1.800,0.500
'[00:00:08.033 01/01/2011]',-5.600,2.100,-2.200,4.800,-1.500,0.500
'[00:00:08.034 01/01/2011]',-4.500,2.800,-2.000,4.200,-1.100,0.500
'[00:00:08.035 01/01/2011]',-4.300,4.000,-2.200,3.600,-0.900,0.500
'[00:00:08.036 01/01/2011]',-4.900,5.400,-2.600,3.200,-0.900,0.500
'[00:00:08.037 01/01/2011]',-5.600,6.900,-3.000,3.100,-1.100,0.500
'[00:00:08.038 01/01/2011]',-6.000,8.200,-3.300,3.400,-1.300,0.500
'[00:00:08.039 01/01/2011]',-5.900,9.200,-3.400,3.800,-1.500,0.500
'[00:00:08.040 01/01/2011]',-5.700,9.700,-3.300,4.300,-1.600,0.500
'[00:00:08.041 01/01/2011]',-5.800,9.900,-3.300,4.500,-1.800,0.500
'[00:00:08.042 01/01/2011]',-6.400,9.700,-3.600,4.500,-2.100,0.500
'[00:00:08.043 01/01/2011]',-7.400,9.300,-4.200,4.500,-2.500,0.500
'[00:00:08.044 01/01/2011]',-8.000,8.800,-4.900,4.400,-2.700,0.500
'[00:00:08.045 01/01/2011]',-7.800,8.200,-5.500,4.400,-2.600,0.500
'[00:00:08.046 01/01/2011]',-6.300,7.400,-5.800,4.400,-2.300,0.500
'[00:00:08.047 01/01/2011]',-4.200,6.200,-5.900,4.400,-2.000,0.500
'[00:00:08.048 01/01/2011]',-2.200,4.700,-5.900,4.300,-1.800,0.500
'[00:00:08.049 01/01/2011]',-1.200,3.200,-6.000,3.900,-1.900,0.500
'[00:00:08.050 01/01/2011]',-1.700,2.000,-6.200,3.500,-2.400,0.500
'[00:00:08.051 01/01/2011]',-3.300,1.500,-6.400,3.100,-2.900,0.500
'[00:00:08.052 01/01/2011]',-5.300,1.700,-6.300,2.900,-3.200,0.500
'[00:00:08.053 01/01/2011]',-6.500,2.500,-6.100,2.900,-3.100,0.500
'[00:00:08.054 01/01/2011]',-6.600,3.600,-5.700,3.100,-2.600,0.500
'[00:00:08.055 01/01/2011]',-5.600,4.700,-5.300,3.200,-1.900,0.500
'[00:00:08.056 01/01/2011]',-4.100,5.600,-5.000,3.300,-1.200,0.500
'[00:00:08.057 01/01/2011]',-2.900,6.400,-5.000,3.400,-0.600,0.500
'[00:00:08.058 01/01/2011]',-2.400,7.100,-5.200,3.500,-0.200,0.500
'[00:00:08.059 01/01/2011]',-2.700,7.800,-5.700,3.500,0.000,0.500
'[00:00:08.060 01/01/2011]',-3.500,8.400,-6.100,3.600,0.100,0.500
'[00:00:08.061 01/01/2011]',-4.400,8.700,-6.400,3.700,0.300,0.500
'[00:00:08.062 01/01/2011]',-5.100,8.600,-6.500,3.600,0.500,0.500
'[00:00:08.063 01/01/2011]',-5.600,8.200,-6.400,3.400,0.700,0.500
'[00:00:08.064 01/01/2011]',-5.800,7.400,-6.100,3.200,0.900,0.500
'[00:00:08.065 01/01/2011]',-5.700,6.200,-5.600,3.000,0.900,0.500
'[00:00:08.066 01/01/2011]',-5.600,4.900,-5.200,2.900,0.600,0.500
'[00:00:08.067 01/01/2011]',-5.500,3.600,-4.900,2.700,-0.100,0.500
'[00:00:08.068 01/01/2011]',-5.400,2.500,-4.800,2.500,-1.100,0.500
'[00:00:08.069 01/01/2011]',-5.400,1.800,-5.000,2.300,-2.200,0.500
'[00:00:08.070 01/01/2011]',-5.200,1.300,-5.400,1.900,-3.000,0.500
'[00:00:08.071 01/01/2011]',-5.000,1.100,-5.900,1.500,-3.500,0.500
'[00:00:08.072 01/01/2011]',-4.800,1.000,-6.300,1.200,-3.600,0.500
'[00:00:08.073 01/01/2011]',-4.700,1.000,-6.600,1.100,-3.300,0.500
'[00:00:08.074 01/01/2011]',-4.700,1.300,-6.600,1.300,-3.000,0.500
'[00:00:08.075 01/01/2011]',-4.800,2.000,-6.200,1.800,-2.700,0.500
'[00:00:08.076 01/01/2011]',-4.800,2.900,-5.600,2.500,-2.400,0.500
'[00:00:08.077 01/01/2011]',-4.800,4.100,-4.900,3.100,-2.200,0.500
'[00:00:08.078 01/01/2011]',-4.800,5.100,-4.300,3.600,-2.000,0.500
'[00:00:08.079 01/01/2011]',-5.000,5.800,-4.000,3.900,-1.900,0.500
'[00:00:08.080 01/01/2011]',-5.500,6.200,-4.200,3.800,-2.000,0.500
'[00:00:08.081 01/01/2011]',-6.300,6.400,-4.700,3.600,-2.400,0.500
'[00:00:08.082 01/01/2011]',-7.100,6.600,-5.300,3.200,-2.900,0.500
'[00:00:08.083 01/01/2011]',-7.400,6.700,-5.600,2.900,-3.500,0.500
'[00:00:08.084 01/01/2011]',-7.100,6.700,-5.500,2.600,-3.900,0.500
'[00:00:08.085 01/01/2011]',-6.500,6.100,-5.000,2.300,-3.900,0.500
'[00:00:08.086 01/01/2011]',-6.300,5.000,-4.500,1.900,-3.800,0.500
'[00:00:08.087 01/01/2011]',-6.800,3.300,-4.300,1.600,-3.500,0.500
'[00:00:08.088 01/01/2011]',-8.200,1.500,-4.400,1.300,-3.200,0.500
'[00:00:08.089 01/01/2011]',-9.900,-0.100,-4.800,1.200,-2.900,0.500
'[00:00:08.090 01/01/2011]',-11.100,-1.100,-5.300,1.200,-2.800,0.500
'[00:00:08.091 01/01/2011]',-11.500,-1.500,-5.600,1.300,-2.800,0.500
'[00:00:08.092 01/01/2011]',-11.000,-1.300,-5.500,1.600,-2.900,0.500
'[00:00:08.093 01/01/2011]',-10.200,-0.900,-5.200,1.900,-3.100,0.500
'[00:00:08.094 01/01/2011]',-9.800,-0.300,-4.600,2.300,-3.400,0.500
'[00:00:08.095 01/01/2011]',-9.800,0.400,-4.000,2.700,-3.700,0.500
'[00:00:08.096 01/01/2011]',-10.100,1.200,-3.500,3.100,-3.700,0.500
'[00:00:08.097 01/01/2011]',-10.400,2.200,-3.000,3.400,-3.300,0.500
'[00:00:08.098 01/01/2011]',-10.400,3.300,-2.500,3.700,-2.600,0.500
'[00:00:08.099 01/01/2011]',-10.300,4.400,-2.300,3.700,-1.800,0.500
'[00:00:08.100 01/01/2011]',-10.300,5.300,-2.300,3.600,-1.200,0.500
'[00:00:08.101 01/01/2011]',-10.600,5.700,-2.500,3.400,-0.900,0.500
'[00:00:08.102 01/01/2011]',-10.900,5.700,-2.900,3.200,-1.200,0.500
'[00:00:08.103 01/01/2011]',-11.200,5.300,-3.200,3.000,-1.700,0.500
'[00:00:08.104 01/01/2011]',-11.400,4.500,-3.400,2.800,-2.200,0.500
'[00:00:08.105 01/01/2011]',-11.500,3.500,-3.300,2.400,-2.500,0.500
'[00:00:08.106 01/01/2011]',-12.000,2.300,-3.000,2.100,-2.400,0.500
'[00:00:08.107 01/01/2011]',-13.000,1.100,-2.400,1.700,-2.100,0.500
'[00:00:08.108 01/01/2011]',-14.300,0.100,-1.700,1.500,-1.800,0.500
'[00:00:08.109 01/01/2011]',-15.400,-0.600,-0.700,1.400,-1.800,0.500
'[00:00:08.110 01/01/2011]',-15.700,-0.900,0.600,1.500,-2.300,0.500
'[00:00:08.111 01/01/2011]',-15.100,-0.500,2.200,1.700,-3.000,0.500
'[00:00:08.112 01/01/2011]',-14.100,0.400,4.100,1.800,-3.800,0.500
'[00:00:08.113 01/01/2011]',-13.400,1.700,6.400,1.800,-4.400,0.500
'[00:00:08.114 01/01/2011]',-13.900,3.300,8.800,1.900,-4.800,0.500
'[00:00:08.115 01/01/2011]',-15.700,5.100,11.400,2.100,-5.000,0.500
'[00:00:08.116 01/01/2011]',-18.100,6.900,14.000,2.700,-5.200,0.500
'[00:00:08.117 01/01/2011]',-20.200,8.600,16.500,3.700,-5.400,0.500
'[00:00:08.118 01/01/2011]',-21.000,10.300,18.700,5.100,-5.500,0.500
'[00:00:08.119 01/01/2011]',-20.600,11.700,20.800,6.800,-5.000,0.500
'[00:00:08.120 01/01/2011]',-19.500,12.800,22.600,8.700,-3.700,0.500
'[00:00:08.121 01/01/2011]',-18.900,13.400,24.300,10.600,-1.400,0.500
'[00:00:08.122 01/01/2011]',-19.600,13.500,26.100,12.600,1.700,0.500
'[00:00:08.123 01/01/2011]',-21.600,13.000,28.200,14.500,5.500,0.500
'[00:00:08.124 01/01/2011]',-24.200,12.200,30.600,16.400,9.600,0.500
'[00:00:08.125 01/01/2011]',-26.300,11.100,33.401,18.200,13.800,0.500
'[00:00:08.126 01/01/2011]',-27.300,9.700,36.101,19.900,18.100,0.500
'[00:00:08.127 01/01/2011]',-27.300,8.200,38.301,21.200,22.600,0.500
'[00:00:08.128 01/01/2011]',-27.100,6.600,39.601,22.400,27.500,0.500
'[00:00:08.129 01/01/2011]',-27.600,4.900,39.701,23.300,32.700,0.500
'[00:00:08.130 01/01/2011]',-29.200,3.200,39.001,24.200,38.301,0.500
'[00:00:08.131 01/01/2011]',-31.500,1.500,37.701,25.100,44.001,0.500
'[00:00:08.132 01/01/2011]',-33.601,-0.300,36.201,26.000,49.801,0.500
'[00:00:08.133 01/01/2011]',-34.901,-2.100,34.801,27.100,55.501,0.500
'[00:00:08.134 01/01/2011]',-35.201,-4.000,33.201,28.300,61.201,0.500
'[00:00:08.135 01/01/2011]',-35.001,-6.000,31.100,29.400,66.801,0.500
'[00:00:08.136 01/01/2011]',-35.201,-7.800,28.300,30.500,72.501,0.500
'[00:00:08.137 01/01/2011]',-36.201,-9.500,24.700,31.600,78.201,0.500
'[00:00:08.138 01/01/2011]',-38.001,-11.000,20.600,32.801,83.901,0.500
'[00:00:08.139 01/01/2011]',-40.001,-12.500,16.300,34.001,89.401,0.500
'[00:00:08.140 01/01/2011]',-41.501,-14.000,12.400,35.001,94.501,0.500
'[00:00:08.141 01/01/2011]',-42.001,-15.700,9.100,35.701,99.002,0.500
'[00:00:08.142 01/01/2011]',-41.801,-17.700,6.400,35.801,102.402,0.500
'[00:00:08.143 01/01/2011]',-41.401,-20.000,4.300,35.301,104.502,0.500
'[00:00:08.144 01/01/2011]',-41.501,-22.300,2.500,34.101,105.002,0.500
'[00:00:08.145 01/01/2011]',-42.401,-24.500,0.800,32.300,104.002,0.500
'[00:00:08.146 01/01/2011]',-43.601,-26.400,-0.800,30.100,101.502,0.500
'[00:00:08.147 01/01/2011]',-44.501,-27.800,-2.600,27.300,97.501,0.500
'[00:00:08.148 01/01/2011]',-44.301,-28.800,-4.800,24.100,92.301,0.500
'[00:00:08.149 01/01/2011]',-43.001,-29.300,-7.400,20.500,86.101,0.500
'[00:00:08.150 01/01/2011]',-40.801,-29.400,-10.800,16.600,78.901,0.500
'[00:00:08.151 01/01/2011]',-38.401,-29.400,-14.700,12.700,71.201,0.500
'[00:00:08.152 01/01/2011]',-36.501,-29.300,-19.100,8.900,63.401,0.500
'[00:00:08.153 01/01/2011]',-35.201,-29.300,-23.600,5.500,56.001,0.500
'[00:00:08.154 01/01/2011]',-34.501,-29.300,-27.900,2.300,49.201,0.500
'[00:00:08.155 01/01/2011]',-33.701,-29.100,-32.100,-0.800,43.101,0.500
'[00:00:08.156 01/01/2011]',-32.500,-28.500,-35.901,-3.700,37.401,0.500
'[00:00:08.157 01/01/2011]',-30.600,-27.300,-39.301,-6.500,31.800,0.500
'[00:00:08.158 01/01/2011]',-28.400,-25.500,-42.401,-8.900,25.900,0.500
'[00:00:08.159 01/01/2011]',-26.100,-23.400,-44.901,-10.800,19.800,0.500
'[00:00:08.160 01/01/2011]',-24.400,-21.400,-46.601,-12.000,13.900,0.500
'[00:00:08.161 01/01/2011]',-23.200,-19.900,-47.301,-12.600,8.500,0.500
'[00:00:08.162 01/01/2011]',-22.600,-18.900,-47.001,-13.000,4.100,0.500
'[00:00:08.163 01/01/2011]',-22.000,-18.300,-45.801,-13.400,0.900,0.500
'[00:00:08.164 01/01/2011]',-21.300,-17.800,-43.801,-14.000,-1.600,0.500
'[00:00:08.165 01/01/2011]',-20.400,-17.500,-41.301,-14.700,-3.500,0.500
'[00:00:08.166 01/01/2011]',-19.600,-17.200,-38.601,-15.500,-5.300,0.500
'[00:00:08.167 01/01/2011]',-19.100,-17.100,-35.801,-16.100,-7.100,0.500
'[00:00:08.168 01/01/2011]',-19.200,-17.200,-33.101,-16.400,-8.700,0.500
'[00:00:08.169 01/01/2011]',-19.700,-17.500,-30.500,-16.300,-9.800,0.500
'[00:00:08.170 01/01/2011]',-20.300,-17.500,-28.000,-16.000,-10.300,0.500
'[00:00:08.171 01/01/2011]',-20.400,-16.800,-25.400,-15.400,-10.200,0.500
'[00:00:08.172 01/01/2011]',-20.100,-15.300,-22.600,-14.400,-9.600,0.500
'[00:00:08.173 01/01/2011]',-19.600,-13.300,-19.400,-13.000,-8.900,0.500
'[00:00:08.174 01/01/2011]',-19.200,-11.100,-15.800,-11.200,-8.100,0.500
'[00:00:08.175 01/01/2011]',-19.300,-9.100,-12.100,-9.100,-7.600,0.500
'[00:00:08.176 01/01/2011]',-20.000,-7.600,-8.800,-7.000,-7.100,0.500
'[00:00:08.177 01/01/2011]',-21.000,-6.400,-6.300,-5.300,-6.600,0.500
'[00:00:08.178 01/01/2011]',-21.800,-5.400,-4.500,-4.000,-6.100,0.500
'[00:00:08.179 01/01/2011]',-22.200,-4.300,-3.500,-3.200,-5.600,0.500
'[00:00:08.180 01/01/2011]',-22.100,-3.300,-2.900,-2.800,-5.100,0.500
'[00:00:08.181 01/01/2011]',-21.700,-2.400,-2.300,-2.300,-4.700,0.500
'[00:00:08.182 01/01/2011]',-21.300,-1.700,-1.500,-1.800,-4.400,0.500
'[00:00:08.183 01/01/2011]',-21.400,-1.200,-0.600,-1.200,-4.100,0.500
'[00:00:08.184 01/01/2011]',-22.100,-0.900,0.000,-0.600,-4.100,0.500
'[00:00:08.185 01/01/2011]',-23.500,-0.900,0.400,-0.400,-4.100,0.500
'[00:00:08.186 01/01/2011]',-25.200,-1.200,0.600,-0.500,-4.300,0.500
'[00:00:08.187 01/01/2011]',-26.600,-2.000,0.700,-0.900,-4.400,0.500
'[00:00:08.188 01/01/2011]',-27.200,-3.200,0.900,-1.400,-4.200,0.500
'[00:00:08.189 01/01/2011]',-26.900,-4.400,1.400,-1.900,-3.900,0.500
'[00:00:08.190 01/01/2011]',-26.000,-5.200,2.100,-2.300,-3.400,0.500
'[00:00:08.191 01/01/2011]',-24.900,-5.300,2.700,-2.600,-3.000,0.500
'[00:00:08.192 01/01/2011]',-24.400,-4.700,3.200,-2.900,-3.000,0.500
'[00:00:08.193 01/01/2011]',-24.800,-3.600,3.300,-3.100,-3.400,0.500
'[00:00:08.194 01/01/2011]',-25.700,-2.500,3.200,-3.200,-4.100,0.500
'[00:00:08.195 01/01/2011]',-26.600,-1.600,3.000,-2.900,-4.600,0.500
'[00:00:08.196 01/01/2011]',-26.800,-0.900,2.900,-2.200,-4.800,0.500
'[00:00:08.197 01/01/2011]',-26.300,-0.300,2.800,-1.300,-4.500,0.500
'[00:00:08.198 01/01/2011]',-25.400,0.600,2.800,-0.300,-3.900,0.500
'[00:00:08.199 01/01/2011]',-24.700,1.800,2.800,0.500,-3.100,0.500
'[00:00:08.200 01/01/2011]',-24.600,3.200,2.900,1.200,-2.600,0.500
'[00:00:08.201 01/01/2011]',-25.100,4.500,3.200,1.800,-2.200,0.500
'[00:00:08.202 01/01/2011]',-25.500,5.300,3.600,2.200,-2.000,0.500
'[00:00:08.203 01/01/2011]',-25.300,5.500,4.200,2.600,-1.800,0.500
'[00:00:08.204 01/01/2011]',-24.200,5.200,4.700,3.000,-1.500,0.500
'[00:00:08.205 01/01/2011]',-22.700,4.500,5.200,3.100,-1.000,0.500
'[00:00:08.206 01/01/2011]',-21.400,3.700,5.700,3.100,-0.400,0.500
'[00:00:08.207 01/01/2011]',-20.800,3.000,6.100,2.800,0.100,0.500
'[00:00:08.208 01/01/2011]',-21.100,2.400,6.600,2.500,0.300,0.500
'[00:00:08.209 01/01/2011]',-21.600,2.000,7.300,2.200,0.300,0.500
'[00:00:08.210 01/01/2011]',-21.900,1.600,7.900,2.000,0.100,0.500
'[00:00:08.211 01/01/2011]',-21.400,1.300,8.400,2.000,0.000,0.500
'[00:00:08.212 01/01/2011]',-20.300,1.000,8.600,2.200,-0.100,0.500
'[00:00:08.213 01/01/2011]',-19.100,0.900,8.500,2.400,0.100,0.500
'[00:00:08.214 01/01/2011]',-18.200,1.000,8.300,2.600,0.500,0.500
'[00:00:08.215 01/01/2011]',-18.100,1.600,8.000,2.800,0.900,0.500
'[00:00:08.216 01/01/2011]',-18.500,2.700,7.900,3.000,1.200,0.500
'[00:00:08.217 01/01/2011]',-19.100,4.000,7.900,3.300,1.300,0.500
'[00:00:08.218 01/01/2011]',-19.300,5.500,8.200,3.600,1.300,0.500
'[00:00:08.219 01/01/2011]',-19.000,6.800,8.500,4.100,1.300,0.500
'[00:00:08.220 01/01/2011]',-18.200,7.700,9.000,4.600,1.400,0.500
'[00:00:08.221 01/01/2011]',-17.300,8.200,9.300,5.000,1.800,0.500
'[00:00:08.222 01/01/2011]',-16.600,8.300,9.500,5.300,2.200,0.500
'[00:00:08.223 01/01/2011]',-16.400,8.100,9.500,5.200,2.300,0.500
'[00:00:08.224 01/01/2011]',-16.400,7.600,9.400,5.000,2.000,0.500
'[00:00:08.225 01/01/2011]',-16.300,7.000,9.100,4.600,1.500,0.500
'[00:00:08.226 01/01/2011]',-15.800,6.100,8.900,4.100,0.900,0.500
'[00:00:08.227 01/01/2011]',-14.800,5.000,8.800,3.600,0.600,0.500
'[00:00:08.228 01/01/2011]',-13.400,3.700,9.000,3.200,0.600,0.500
'[00:00:08.229 01/01/2011]',-12.000,2.500,9.200,2.900,0.900,0.500
'[00:00:08.230 01/01/2011]',-11.000,1.600,9.400,2.700,1.300,0.500
'[00:00:08.231 01/01/2011]',-10.600,1.200,9.700,2.800,1.500,0.500
'[00:00:08.232 01/01/2011]',-10.700,1.500,9.900,3.100,1.500,0.500
'[00:00:08.233 01/01/2011]',-11.100,2.200,10.100,3.700,1.600,0.500
'[00:00:08.234 01/01/2011]',-11.300,3.300,10.200,4.400,1.700,0.500
'[00:00:08.235 01/01/2011]',-11.300,4.400,10.200,5.000,1.900,0.500
'[00:00:08.236 01/01/2011]',-11.100,5.600,10.000,5.500,2.100,0.500
'[00:00:08.237 01/01/2011]',-11.000,6.600,9.700,5.700,2.200,0.500
'[00:00:08.238 01/01/2011]',-11.200,7.600,9.400,5.800,2.100,0.500
'[00:00:08.239 01/01/2011]',-11.600,8.400,9.400,5.900,1.900,0.500
'[00:00:08.240 01/01/2011]',-12.200,9.000,9.800,6.100,1.800,0.500
'[00:00:08.241 01/01/2011]',-12.500,9.400,10.400,6.400,1.900,0.500
'[00:00:08.242 01/01/2011]',-12.300,9.600,11.100,6.700,2.200,0.500
'[00:00:08.243 01/01/2011]',-11.800,9.400,11.600,6.900,2.500,0.500
'[00:00:08.244 01/01/2011]',-11.300,8.900,11.700,6.800,2.700,0.500
'[00:00:08.245 01/01/2011]',-11.200,8.100,11.300,6.500,2.600,0.500
'[00:00:08.246 01/01/2011]',-11.800,6.900,10.700,5.900,2.300,0.500
'[00:00:08.247 01/01/2011]',-13.100,5.500,10.200,5.300,1.800,0.500
'[00:00:08.248 01/01/2011]',-14.600,4.100,10.000,4.600,1.400,0.500
'[00:00:08.249 01/01/2011]',-15.900,2.700,10.100,4.100,1.100,0.500
'[00:00:08.250 01/01/2011]',-16.700,1.700,10.400,4.000,1.000,0.500
'[00:00:08.251 01/01/2011]',-17.200,1.100,10.700,4.200,1.100,0.500
'[00:00:08.252 01/01/2011]',-17.900,1.000,11.000,4.600,1.300,0.500
'[00:00:08.253 01/01/2011]',-19.200,1.300,11.200,5.200,1.400,0.500
'[00:00:08.254 01/01/2011]',-21.000,1.900,11.300,5.500,1.500,0.500
'[00:00:08.255 01/01/2011]',-22.800,2.800,11.300,5.400,1.500,0.500
'[00:00:08.256 01/01/2011]',-23.700,4.100,11.100,5.000,1.500,0.500
'[00:00:08.257 01/01/2011]',-23.500,5.700,10.700,4.600,1.400,0.500
'[00:00:08.258 01/01/2011]',-22.600,7.500,10.300,4.600,1.500,0.500
'[00:00:08.259 01/01/2011]',-21.700,9.100,9.900,5.100,1.700,0.500
'[00:00:08.260 01/01/2011]',-21.800,10.400,9.700,6.100,2.200,0.500
'[00:00:08.261 01/01/2011]',-22.900,10.900,9.700,7.300,2.800,0.500
'[00:00:08.262 01/01/2011]',-24.700,10.800,9.900,8.300,3.400,0.500
'[00:00:08.263 01/01/2011]',-26.100,10.200,10.000,8.800,3.800,0.500
'[00:00:08.264 01/01/2011]',-26.700,9.400,10.000,8.800,4.100,0.500
'[00:00:08.265 01/01/2011]',-26.500,8.400,9.900,8.400,4.200,0.500
'[00:00:08.266 01/01/2011]',-26.100,7.400,9.900,8.000,4.500,0.500
'[00:00:08.267 01/01/2011]',-26.300,6.400,10.000,7.500,4.800,0.500
'[00:00:08.268 01/01/2011]',-27.300,5.300,10.200,7.100,5.000,0.500
'[00:00:08.269 01/01/2011]',-28.700,4.200,10.600,6.500,5.100,0.500
'[00:00:08.270 01/01/2011]',-29.400,3.200,10.800,5.800,4.900,0.500
'[00:00:08.271 01/01/2011]',-29.100,2.600,10.800,4.900,4.300,0.500
'[00:00:08.272 01/01/2011]',-27.700,2.400,10.500,4.300,3.600,0.500
'[00:00:08.273 01/01/2011]',-26.100,2.700,10.100,4.000,2.900,0.500
'[00:00:08.274 01/01/2011]',-25.100,3.500,9.600,4.300,2.400,0.500
'[00:00:08.275 01/01/2011]',-25.000,4.600,9.200,5.000,2.200,0.500
'[00:00:08.276 01/01/2011]',-25.600,5.800,9.000,5.600,2.300,0.500
'[00:00:08.277 01/01/2011]',-26.100,7.100,9.000,6.100,2.500,0.500
'[00:00:08.278 01/01/2011]',-26.100,8.200,9.100,6.200,2.900,0.500
'[00:00:08.279 01/01/2011]',-25.500,9.100,9.100,6.200,3.400,0.500
'[00:00:08.280 01/01/2011]',-24.700,9.800,9.200,6.300,3.700,0.500
'[00:00:08.281 01/01/2011]',-24.300,10.300,9.300,6.600,4.000,0.500
'[00:00:08.282 01/01/2011]',-24.500,10.400,9.400,7.100,4.000,0.500
'[00:00:08.283 01/01/2011]',-24.900,10.100,9.400,7.600,3.900,0.500
'[00:00:08.284 01/01/2011]',-25.200,9.300,9.300,7.800,3.700,0.500
'[00:00:08.285 01/01/2011]',-25.000,8.200,9.100,7.600,3.500,0.500
'[00:00:08.286 01/01/2011]',-24.600,6.900,8.800,7.000,3.300,0.500
'[00:00:08.287 01/01/2011]',-24.400,5.700,8.600,6.200,3.300,0.500
'[00:00:08.288 01/01/2011]',-24.500,4.500,8.600,5.500,3.400,0.500
'[00:00:08.289 01/01/2011]',-25.100,3.500,8.900,5.100,3.600,0.500
'[00:00:08.290 01/01/2011]',-25.700,2.600,9.500,4.800,3.900,0.500
'[00:00:08.291 01/01/2011]',-26.100,1.800,10.100,4.600,4.000,0.500
'[00:00:08.292 01/01/2011]',-26.000,1.200,10.600,4.500,3.900,0.500
'[00:00:08.293 01/01/2011]',-25.600,1.100,10.700,4.300,3.600,0.500
'[00:00:08.294 01/01/2011]',-25.200,1.600,10.500,4.100,3.300,0.500
'[00:00:08.295 01/01/2011]',-24.900,2.800,10.200,4.100,3.000,0.500
'[00:00:08.296 01/01/2011]',-24.500,4.400,10.000,4.300,2.800,0.500
'[00:00:08.297 01/01/2011]',-23.900,6.100,10.000,5.000,2.900,0.500
'[00:00:08.298 01/01/2011]',-23.000,7.500,10.000,6.000,3.100,0.500
'[00:00:08.299 01/01/2011]',-22.200,8.500,10.000,7.300,3.500,0.500
'[00:00:08.300 01/01/2011]',-21.800,9.100,9.900,8.500,3.900,0.500
'[00:00:08.301 01/01/2011]',-22.100,9.300,9.800,9.600,4.400,0.500
'[00:00:08.302 01/01/2011]',-23.100,9.300,9.800,10.400,5.000,0.500
'[00:00:08.303 01/01/2011]',-24.200,8.900,10.200,10.700,5.500,0.500
'[00:00:08.304 01/01/2011]',-25.100,8.300,10.800,10.600,5.800,0.500
'[00:00:08.305 01/01/2011]',-25.500,7.200,11.400,10.100,6.100,0.500
'[00:00:08.306 01/01/2011]',-25.400,5.900,11.600,9.500,6.200,0.500
'[00:00:08.307 01/01/2011]',-25.400,4.500,11.400,9.000,6.300,0.500
'[00:00:08.308 01/01/2011]',-25.500,3.300,10.900,8.700,6.500,0.500
'[00:00:08.309 01/01/2011]',-25.900,2.300,10.400,8.700,6.800,0.500
'[00:00:08.310 01/01/2011]',-26.200,1.800,10.200,8.700,7.000,0.500
'[00:00:08.311 01/01/2011]',-26.300,1.700,10.300,8.700,7.100,0.500
'[00:00:08.312 01/01/2011]',-26.300,1.700,10.600,8.500,6.900,0.500
'[00:00:08.313 01/01/2011]',-26.300,1.800,10.700,8.100,6.600,0.500
'[00:00:08.314 01/01/2011]',-26.400,2.000,10.600,7.800,6.300,0.500
'[00:00:08.315 01/01/2011]',-26.500,2.200,10.200,7.600,6.400,0.500
'[00:00:08.316 01/01/2011]',-26.400,2.600,9.800,7.700,6.600,0.500
'[00:00:08.317 01/01/2011]',-25.700,3.300,9.500,8.200,7.100,0.500
'[00:00:08.318 01/01/2011]',-24.400,4.400,9.500,8.900,7.400,0.500
'[00:00:08.319 01/01/2011]',-23.100,5.700,9.600,9.600,7.600,0.500
'[00:00:08.320 01/01/2011]',-22.300,6.900,9.700,10.200,7.700,0.500
'[00:00:08.321 01/01/2011]',-22.500,7.600,9.700,10.500,7.800,0.500
'[00:00:08.322 01/01/2011]',-23.600,7.800,9.700,10.800,8.000,0.500
'[00:00:08.323 01/01/2011]',-25.100,7.400,9.700,11.000,8.500,0.500
'[00:00:08.324 01/01/2011]',-26.200,6.400,9.700,11.100,8.900,0.500
'[00:00:08.325 01/01/2011]',-26.300,5.000,9.600,11.200,9.200,0.500
'[00:00:08.326 01/01/2011]',-25.600,3.600,9.200,10.900,9.000,0.500
'[00:00:08.327 01/01/2011]',-24.800,2.000,8.300,10.100,8.300,0.500
'[00:00:08.328 01/01/2011]',-24.700,0.400,6.900,8.700,7.100,0.500
'[00:00:08.329 01/01/2011]',-25.700,-1.200,5.300,7.000,5.600,0.500
'[00:00:08.330 01/01/2011]',-27.700,-2.500,4.000,5.300,4.500,0.500
'[00:00:08.331 01/01/2011]',-29.700,-3.400,3.200,4.000,3.900,0.500
'[00:00:08.332 01/01/2011]',-30.700,-3.700,3.400,3.700,4.100,0.500
'[00:00:08.333 01/01/2011]',-30.000,-3.200,4.400,4.300,5.200,0.500
'[00:00:08.334 01/01/2011]',-27.400,-2.200,6.000,5.600,6.700,0.500
'[00:00:08.335 01/01/2011]',-23.000,-0.700,7.700,7.100,8.200,0.500
'[00:00:08.336 01/01/2011]',-17.600,0.900,9.200,8.300,9.500,0.500
'[00:00:08.337 01/01/2011]',-11.400,2.400,10.300,9.200,10.300,0.500
'[00:00:08.338 01/01/2011]',-4.500,3.900,11.200,10.000,11.000,0.500
'[00:00:08.339 01/01/2011]',3.300,5.300,12.100,10.900,11.900,0.500
'[00:00:08.340 01/01/2011]',12.100,6.400,13.200,12.300,13.300,0.500
'[00:00:08.341 01/01/2011]',21.800,7.100,14.300,14.100,15.200,0.500
'[00:00:08.342 01/01/2011]',31.400,7.300,15.500,15.900,17.300,0.500
'[00:00:08.343 01/01/2011]',40.001,7.200,16.600,17.200,19.200,0.500
'[00:00:08.344 01/01/2011]',46.501,6.700,17.500,17.800,20.800,0.500
'[00:00:08.345 01/01/2011]',50.401,6.000,18.400,17.700,22.000,0.500
'[00:00:08.346 01/01/2011]',52.101,5.100,19.200,17.300,23.300,0.500
'[00:00:08.347 01/01/2011]',52.101,4.000,20.200,16.900,24.800,0.500
'[00:00:08.348 01/01/2011]',51.401,2.800,21.000,16.800,26.700,0.500
'[00:00:08.349 01/01/2011]',50.401,1.600,21.700,17.200,28.700,0.500
'[00:00:08.350 01/01/2011]',49.101,0.600,22.200,17.800,30.600,0.500
'[00:00:08.351 01/01/2011]',47.401,0.200,22.500,18.400,32.100,0.500
'[00:00:08.352 01/01/2011]',45.201,0.300,22.800,18.800,33.201,0.500
'[00:00:08.353 01/01/2011]',42.901,0.800,23.200,18.900,33.901,0.500
'[00:00:08.354 01/01/2011]',41.001,1.500,23.600,18.800,34.301,0.500
'[00:00:08.355 01/01/2011]',39.901,2.200,23.700,18.500,34.301,0.500
'[00:00:08.356 01/01/2011]',39.401,2.900,23.200,18.300,33.801,0.500
'[00:00:08.357 01/01/2011]',38.601,3.700,22.100,18.100,32.700,0.500
'[00:00:08.358 01/01/2011]',36.501,4.500,20.200,17.700,31.000,0.500
'[00:00:08.359 01/01/2011]',31.900,5.300,17.700,17.100,28.600,0.500
'[00:00:08.360 01/01/2011]',24.600,5.700,14.700,15.900,25.900,0.500
'[00:00:08.361 01/01/2011]',14.600,5.300,11.200,14.200,22.900,0.500
'[00:00:08.362 01/01/2011]',2.700,4.200,7.500,12.200,20.000,0.500
'[00:00:08.363 01/01/2011]',-10.200,2.500,4.000,10.100,17.600,0.500
'[00:00:08.364 01/01/2011]',-23.400,0.500,1.400,8.300,15.700,0.500
'[00:00:08.365 01/01/2011]',-35.701,-1.300,0.000,7.000,14.700,0.500
'[00:00:08.366 01/01/2011]',-45.801,-2.700,-0.100,6.300,14.400,0.500
'[00:00:08.367 01/01/2011]',-52.301,-3.800,0.800,6.200,14.700,0.500
'[00:00:08.368 01/01/2011]',-54.201,-4.600,2.100,6.600,15.300,0.500
'[00:00:08.369 01/01/2011]',-51.601,-5.100,3.400,7.400,16.100,0.500
'[00:00:08.370 01/01/2011]',-45.501,-5.400,4.300,8.300,17.200,0.500
'[00:00:08.371 01/01/2011]',-37.901,-5.400,5.100,9.300,18.400,0.500
'[00:00:08.372 01/01/2011]',-31.000,-5.300,5.700,9.900,19.600,0.500
'[00:00:08.373 01/01/2011]',-25.900,-5.000,6.500,10.100,20.700,0.500
'[00:00:08.374 01/01/2011]',-22.800,-4.800,7.100,9.900,21.500,0.500
'[00:00:08.375 01/01/2011]',-21.000,-4.500,7.500,9.500,21.800,0.500
'[00:00:08.376 01/01/2011]',-19.600,-4.100,7.400,9.400,21.900,0.500
'[00:00:08.377 01/01/2011]',-18.200,-3.600,7.100,9.900,22.000,0.500
'[00:00:08.378 01/01/2011]',-17.100,-2.900,6.600,10.900,22.300,0.500
'[00:00:08.379 01/01/2011]',-16.500,-2.100,6.200,12.100,22.700,0.500
'[00:00:08.380 01/01/2011]',-16.800,-1.500,6.000,12.900,23.200,0.500
'[00:00:08.381 01/01/2011]',-17.500,-1.400,5.900,12.900,23.400,0.500
'[00:00:08.382 01/01/2011]',-18.100,-1.700,5.900,12.300,23.400,0.500
'[00:00:08.383 01/01/2011]',-18.200,-2.500,5.900,11.300,23.300,0.500
'[00:00:08.384 01/01/2011]',-17.600,-3.600,5.800,10.500,23.300,0.500
'[00:00:08.385 01/01/2011]',-16.800,-4.800,5.600,10.100,23.400,0.500
'[00:00:08.386 01/01/2011]',-16.400,-6.100,5.200,9.800,23.500,0.500
'[00:00:08.387 01/01/2011]',-16.700,-7.600,4.600,9.400,23.500,0.500
'[00:00:08.388 01/01/2011]',-17.800,-9.200,4.000,8.600,23.400,0.500
'[00:00:08.389 01/01/2011]',-19.100,-10.800,3.400,7.600,23.200,0.500
'[00:00:08.390 01/01/2011]',-20.000,-12.300,3.300,6.700,23.200,0.500
'[00:00:08.391 01/01/2011]',-20.200,-13.400,3.600,6.100,23.500,0.500
'[00:00:08.392 01/01/2011]',-19.700,-13.700,4.200,6.200,24.000,0.500
'[00:00:08.393 01/01/2011]',-18.600,-13.400,4.900,6.800,24.400,0.500
'[00:00:08.394 01/01/2011]',-17.500,-12.600,5.200,7.500,24.500,0.500
'[00:00:08.395 01/01/2011]',-16.500,-11.600,5.100,8.000,24.300,0.500
'[00:00:08.396 01/01/2011]',-15.800,-10.700,4.600,8.200,23.900,0.500
'[00:00:08.397 01/01/2011]',-15.500,-10.100,3.900,8.200,23.500,0.500
'[00:00:08.398 01/01/2011]',-15.400,-9.800,3.500,8.200,23.200,0.500
'[00:00:08.399 01/01/2011]',-15.600,-9.700,3.500,8.400,23.000,0.500
'[00:00:08.400 01/01/2011]',-15.800,-9.700,3.800,8.800,23.000,0.500
'[00:00:08.401 01/01/2011]',-16.000,-9.900,4.200,9.200,23.000,0.500
'[00:00:08.402 01/01/2011]',-16.000,-10.300,4.300,9.500,23.200,0.500
'[00:00:08.403 01/01/2011]',-15.800,-10.900,4.100,9.500,23.500,0.500
'[00:00:08.404 01/01/2011]',-15.600,-11.900,3.700,9.200,24.000,0.500
'[00:00:08.405 01/01/2011]',-15.500,-13.000,3.500,8.900,24.500,0.500
'[00:00:08.406 01/01/2011]',-15.500,-14.200,3.700,8.600,25.100,0.500
'[00:00:08.407 01/01/2011]',-15.700,-15.400,4.200,8.300,25.400,0.500
'[00:00:08.408 01/01/2011]',-15.700,-16.500,4.800,8.200,25.500,0.500
'[00:00:08.409 01/01/2011]',-15.500,-17.400,5.300,8.000,25.600,0.500
'[00:00:08.410 01/01/2011]',-14.900,-18.000,5.500,7.700,25.600,0.500
'[00:00:08.411 01/01/2011]',-14.100,-18.500,5.200,7.100,25.600,0.500
'[00:00:08.412 01/01/2011]',-13.500,-18.700,4.800,6.400,25.600,0.500
'[00:00:08.413 01/01/2011]',-13.300,-18.900,4.400,5.600,25.500,0.500
'[00:00:08.414 01/01/2011]',-13.200,-18.800,4.300,4.900,25.200,0.500
'[00:00:08.415 01/01/2011]',-13.200,-18.400,4.300,4.600,24.900,0.500
'[00:00:08.416 01/01/2011]',-12.900,-17.800,4.500,4.500,24.700,0.500
'[00:00:08.417 01/01/2011]',-12.100,-16.900,4.600,4.800,24.500,0.500
'[00:00:08.418 01/01/2011]',-11.000,-16.000,4.700,5.200,24.500,0.500
'[00:00:08.419 01/01/2011]',-9.900,-15.100,4.700,5.600,24.300,0.500
'[00:00:08.420 01/01/2011]',-9.300,-14.600,4.800,5.900,23.900,0.500
'[00:00:08.421 01/01/2011]',-9.200,-14.400,5.000,6.000,23.300,0.500
'[00:00:08.422 01/01/2011]',-9.500,-14.600,5.300,6.100,22.900,0.500
'[00:00:08.423 01/01/2011]',-9.800,-15.000,5.600,6.100,22.600,0.500
'[00:00:08.424 01/01/2011]',-10.000,-15.600,6.000,6.300,22.700,0.500
'[00:00:08.425 01/01/2011]',-9.800,-16.300,6.200,6.400,23.000,0.500
'[00:00:08.426 01/01/2011]',-9.400,-17.200,6.300,6.300,23.300,0.500
'[00:00:08.427 01/01/2011]',-8.900,-18.100,6.400,5.900,23.400,0.500
'[00:00:08.428 01/01/2011]',-8.300,-19.000,6.500,5.300,23.200,0.500
'[00:00:08.429 01/01/2011]',-7.600,-19.800,6.700,4.400,22.800,0.500
'[00:00:08.430 01/01/2011]',-6.800,-20.300,6.800,3.700,22.300,0.500
'[00:00:08.431 01/01/2011]',-5.800,-20.600,7.000,3.300,21.800,0.500
'[00:00:08.432 01/01/2011]',-4.800,-20.600,7.200,3.100,21.300,0.500
'[00:00:08.433 01/01/2011]',-4.100,-20.300,7.400,3.100,20.600,0.500
'[00:00:08.434 01/01/2011]',-3.800,-19.900,7.400,2.900,19.700,0.500
'[00:00:08.435 01/01/2011]',-3.900,-19.100,7.300,2.600,18.600,0.500
'[00:00:08.436 01/01/2011]',-4.000,-18.100,7.100,2.300,17.600,0.500
'[00:00:08.437 01/01/2011]',-3.800,-16.900,7.000,2.200,16.900,0.500
'[00:00:08.438 01/01/2011]',-2.800,-15.700,7.000,2.500,16.600,0.500
'[00:00:08.439 01/01/2011]',-1.300,-14.700,7.200,3.200,16.700,0.500
'[00:00:08.440 01/01/2011]',0.400,-14.200,7.700,4.000,16.800,0.500
'[00:00:08.441 01/01/2011]',1.600,-14.000,8.200,4.700,16.800,0.500
'[00:00:08.442 01/01/2011]',1.600,-14.000,8.800,5.100,16.500,0.500
'[00:00:08.443 01/01/2011]',0.600,-14.000,9.400,5.300,16.100,0.500
'[00:00:08.444 01/01/2011]',-0.900,-14.000,10.000,5.300,15.600,0.500
'[00:00:08.445 01/01/2011]',-2.100,-14.000,10.500,5.100,15.300,0.500
'[00:00:08.446 01/01/2011]',-2.200,-14.300,11.000,4.700,15.200,0.500
'[00:00:08.447 01/01/2011]',-1.100,-14.900,11.200,4.100,15.000,0.500
'[00:00:08.448 01/01/2011]',0.700,-15.800,11.000,3.300,14.600,0.500
'[00:00:08.449 01/01/2011]',2.500,-16.700,10.700,2.500,14.100,0.500
'[00:00:08.450 01/01/2011]',3.600,-16.900,10.300,2.200,13.700,0.500
'[00:00:08.451 01/01/2011]',3.700,-16.300,10.400,2.400,13.400,0.500
'[00:00:08.452 01/01/2011]',3.000,-14.800,11.100,3.300,13.500,0.500
'[00:00:08.453 01/01/2011]',2.100,-13.000,12.200,4.400,13.700,0.500
'[00:00:08.454 01/01/2011]',1.700,-11.400,13.400,5.400,14.000,0.500
'[00:00:08.455 01/01/2011]',1.900,-10.400,14.300,6.000,13.900,0.500
'[00:00:08.456 01/01/2011]',2.500,-10.000,14.800,6.000,13.400,0.500
'[00:00:08.457 01/01/2011]',3.200,-9.700,14.900,5.800,12.800,0.500
'[00:00:08.458 01/01/2011]',3.300,-9.200,15.100,5.700,12.200,0.500
'[00:00:08.459 01/01/2011]',2.900,-8.200,15.500,6.000,11.900,0.500
'[00:00:08.460 01/01/2011]',2.100,-6.900,16.100,6.400,11.900,0.500
'[00:00:08.461 01/01/2011]',1.500,-5.800,16.800,6.900,12.000,0.500
'[00:00:08.462 01/01/2011]',1.400,-5.200,17.300,7.200,12.000,0.500
'[00:00:08.463 01/01/2011]',2.000,-5.300,17.300,7.300,12.000,0.500
'[00:00:08.464 01/01/2011]',3.100,-6.000,17.100,7.300,11.800,0.500
'[00:00:08.465 01/01/2011]',4.200,-6.800,16.900,7.500,11.800,0.500
'[00:00:08.466 01/01/2011]',4.900,-7.400,16.900,8.000,11.800,0.500
'[00:00:08.467 01/01/2011]',5.300,-7.700,17.300,8.600,12.000,0.500
'[00:00:08.468 01/01/2011]',5.300,-7.800,17.900,9.200,12.100,0.500
'[00:00:08.469 01/01/2011]',5.100,-7.900,18.400,9.400,12.000,0.500
'[00:00:08.470 01/01/2011]',4.800,-8.200,18.800,9.200,11.700,0.500
'[00:00:08.471 01/01/2011]',4.300,-8.400,18.900,8.700,11.400,0.500
'[00:00:08.472 01/01/2011]',3.800,-8.300,19.000,8.200,11.000,0.500
'[00:00:08.473 01/01/2011]',3.300,-7.700,18.900,7.900,10.700,0.500
'[00:00:08.474 01/01/2011]',3.300,-6.500,18.900,7.900,10.500,0.500
'[00:00:08.475 01/01/2011]',3.800,-4.900,18.800,8.100,10.300,0.500
'[00:00:08.476 01/01/2011]',4.700,-3.200,18.800,8.300,10.100,0.500
'[00:00:08.477 01/01/2011]',5.800,-1.800,18.800,8.400,9.700,0.500
'[00:00:08.478 01/01/2011]',6.700,-0.800,18.900,8.300,9.400,0.500
'[00:00:08.479 01/01/2011]',7.100,-0.100,19.100,8.200,9.000,0.500
'[00:00:08.480 01/01/2011]',7.200,0.200,19.400,8.300,8.800,0.500
'[00:00:08.481 01/01/2011]',7.200,0.200,19.400,8.500,8.600,0.500
'[00:00:08.482 01/01/2011]',7.100,-0.100,19.300,8.800,8.500,0.500
'[00:00:08.483 01/01/2011]',7.000,-0.600,19.000,9.000,8.600,0.500
'[00:00:08.484 01/01/2011]',6.700,-1.200,18.700,9.100,8.800,0.500
'[00:00:08.485 01/01/2011]',6.200,-1.800,18.600,8.900,9.200,0.500
'[00:00:08.486 01/01/2011]',5.600,-2.400,18.800,8.600,9.600,0.500
'[00:00:08.487 01/01/2011]',5.400,-2.900,19.100,8.100,9.900,0.500
'[00:00:08.488 01/01/2011]',5.900,-3.300,19.400,7.500,10.000,0.500
'[00:00:08.489 01/01/2011]',7.100,-3.700,19.600,6.900,9.900,0.500
'[00:00:08.490 01/01/2011]',8.700,-3.900,19.500,6.300,9.600,0.500
'[00:00:08.491 01/01/2011]',10.200,-3.700,19.300,6.000,9.400,0.500
'[00:00:08.492 01/01/2011]',11.000,-3.000,19.200,5.900,9.500,0.500
'[00:00:08.493 01/01/2011]',11.200,-1.900,19.200,6.100,9.800,0.500
'[00:00:08.494 01/01/2011]',11.000,-0.700,19.300,6.700,10.400,0.500
'[00:00:08.495 01/01/2011]',10.900,0.400,19.500,7.400,10.900,0.500
'[00:00:08.496 01/01/2011]',11.000,1.400,19.800,8.200,11.200,0.500
'[00:00:08.497 01/01/2011]',11.600,2.200,20.000,8.800,11.200,0.500
'[00:00:08.498 01/01/2011]',12.200,3.100,20.200,9.300,11.000,0.500
'[00:00:08.499 01/01/2011]',12.700,3.900,20.200,9.600,10.700,0.500
'[00:00:08.500 01/01/2011]',12.900,4.500,19.900,9.800,10.500,0.500
'[00:00:08.501 01/01/2011]',12.700,4.700,19.500,9.700,10.200,0.500
'[00:00:08.502 01/01/2011]',12.400,4.500,19.000,9.400,9.900,0.500
'[00:00:08.503 01/01/2011]',12.100,3.900,18.600,9.000,9.500,0.500
'[00:00:08.504 01/01/2011]',12.100,3.300,18.400,8.500,9.000,0.500
'[00:00:08.505 01/01/2011]',12.200,2.900,18.500,8.200,8.800,0.500
'[00:00:08.506 01/01/2011]',12.500,2.600,18.900,8.100,8.800,0.500
'[00:00:08.507 01/01/2011]',13.000,2.300,19.300,8.200,9.200,0.500
'[00:00:08.508 01/01/2011]',13.600,1.900,19.600,8.300,9.700,0.500
'[00:00:08.509 01/01/2011]',14.200,1.400,19.700,8.300,10.200,0.500
'[00:00:08.510 01/01/2011]',14.700,0.900,19.600,8.200,10.400,0.500
'[00:00:08.511 01/01/2011]',15.000,0.900,19.300,7.900,10.100,0.500
'[00:00:08.512 01/01/2011]',14.800,1.600,19.000,7.800,9.700,0.500
'[00:00:08.513 01/01/2011]',14.400,2.800,18.700,7.800,9.300,0.500
'[00:00:08.514 01/01/2011]',14.000,4.200,18.600,8.200,9.100,0.500
'[00:00:08.515 01/01/2011]',14.300,5.200,18.600,8.900,9.300,0.500
'[00:00:08.516 01/01/2011]',15.300,5.700,18.600,9.700,9.600,0.500
'[00:00:08.517 01/01/2011]',17.000,5.900,18.600,10.300,10.000,0.500
'[00:00:08.518 01/01/2011]',18.700,6.100,18.600,10.800,10.200,0.500
'[00:00:08.519 01/01/2011]',19.700,6.600,18.600,11.100,10.300,0.500
'[00:00:08.520 01/01/2011]',19.500,7.600,18.600,11.300,10.300,0.500
'[00:00:08.521 01/01/2011]',18.100,8.600,18.900,11.400,10.400,0.500
'[00:00:08.522 01/01/2011]',16.200,9.200,19.400,11.500,10.600,0.500
'[00:00:08.523 01/01/2011]',14.600,9.000,19.900,11.500,10.800,0.500
'[00:00:08.524 01/01/2011]',13.900,8.000,20.300,11.500,11.000,0.500
'[00:00:08.525 01/01/2011]',14.200,6.600,20.200,11.500,11.100,0.500
'[00:00:08.526 01/01/2011]',15.000,5.400,19.700,11.500,11.100,0.500
'[00:00:08.527 01/01/2011]',15.600,4.800,19.100,11.600,11.200,0.500
'[00:00:08.528 01/01/2011]',15.600,4.700,18.600,11.800,11.700,0.500
'[00:00:08.529 01/01/2011]',15.000,5.000,18.800,12.100,12.400,0.500
'[00:00:08.530 01/01/2011]',14.100,5.300,19.500,12.300,13.100,0.500
'[00:00:08.531 01/01/2011]',13.800,5.500,20.400,12.200,13.400,0.500
'[00:00:08.532 01/01/2011]',14.300,5.700,21.000,11.900,13.100,0.500
'[00:00:08.533 01/01/2011]',15.700,6.000,21.100,11.600,12.500,0.500
'[00:00:08.534 01/01/2011]',17.500,6.500,20.600,11.400,11.800,0.500
'[00:00:08.535 01/01/2011]',18.900,7.200,19.800,11.600,11.400,0.500
'[00:00:08.536 01/01/2011]',19.200,8.000,19.200,12.000,11.500,0.500
'[00:00:08.537 01/01/2011]',18.300,8.800,19.100,12.600,12.000,0.500
'[00:00:08.538 01/01/2011]',16.600,9.500,19.300,13.200,12.600,0.500
'[00:00:08.539 01/01/2011]',14.900,10.000,19.700,13.700,13.100,0.500
'[00:00:08.540 01/01/2011]',14.000,10.400,20.000,14.000,13.200,0.500
'[00:00:08.541 01/01/2011]',14.100,10.600,20.000,14.300,13.200,0.500
'[00:00:08.542 01/01/2011]',15.100,10.700,20.000,14.500,13.000,0.500
'[00:00:08.543 01/01/2011]',16.100,10.700,20.000,14.700,12.800,0.500
'[00:00:08.544 01/01/2011]',16.600,10.400,20.300,14.800,12.700,0.500
'[00:00:08.545 01/01/2011]',16.500,10.100,20.800,14.700,12.700,0.500
'[00:00:08.546 01/01/2011]',15.800,9.500,21.300,14.400,12.900,0.500
'[00:00:08.547 01/01/2011]',15.100,8.900,21.600,13.900,13.300,0.500
'[00:00:08.548 01/01/2011]',14.700,8.300,21.700,13.500,13.800,0.500
'[00:00:08.549 01/01/2011]',14.700,7.900,21.700,13.300,14.300,0.500
'[00:00:08.550 01/01/2011]',14.700,7.800,21.700,13.400,14.700,0.500
'[00:00:08.551 01/01/2011]',14.600,8.300,21.800,13.700,14.900,0.500
'[00:00:08.552 01/01/2011]',14.200,9.200,21.800,14.100,14.900,0.500
'[00:00:08.553 01/01/2011]',13.700,10.400,21.900,14.400,14.800,0.500
'[00:00:08.554 01/01/2011]',13.400,11.600,21.800,14.600,14.700,0.500
'[00:00:08.555 01/01/2011]',13.500,12.600,21.500,14.800,14.600,0.500
'[00:00:08.556 01/01/2011]',13.800,13.300,21.100,15.000,14.700,0.500
'[00:00:08.557 01/01/2011]',14.100,13.800,20.800,15.400,14.600,0.500
'[00:00:08.558 01/01/2011]',14.100,14.300,20.500,15.900,14.500,0.500
'[00:00:08.559 01/01/2011]',13.900,14.700,20.400,16.300,14.200,0.500
'[00:00:08.560 01/01/2011]',13.600,14.800,20.400,16.500,13.800,0.500
'[00:00:08.561 01/01/2011]',13.500,14.600,20.400,16.400,13.400,0.500
'[00:00:08.562 01/01/2011]',13.500,13.800,20.500,16.000,13.200,0.500
'[00:00:08.563 01/01/2011]',13.400,12.700,20.500,15.400,13.100,0.500
'[00:00:08.564 01/01/2011]',13.200,11.700,20.600,14.800,13.100,0.500
'[00:00:08.565 01/01/2011]',13.000,11.000,20.500,14.200,13.200,0.500
'[00:00:08.566 01/01/2011]',12.900,10.700,20.300,14.000,13.200,0.500
'[00:00:08.567 01/01/2011]',13.300,11.000,20.100,14.100,13.100,0.500
'[00:00:08.568 01/01/2011]',14.000,11.500,20.000,14.500,12.900,0.500
'[00:00:08.569 01/01/2011]',14.900,12.300,19.900,15.100,12.700,0.500
'[00:00:08.570 01/01/2011]',15.500,13.300,20.000,15.700,12.600,0.500
'[00:00:08.571 01/01/2011]',15.800,14.300,20.200,16.200,12.800,0.500
'[00:00:08.572 01/01/2011]',15.700,15.300,20.500,16.500,13.100,0.500
'[00:00:08.573 01/01/2011]',15.900,16.200,20.700,16.700,13.500,0.500
'[00:00:08.574 01/01/2011]',16.400,17.000,20.800,17.000,13.700,0.500
'[00:00:08.575 01/01/2011]',17.200,17.500,20.700,17.300,13.700,0.500
'[00:00:08.576 01/01/2011]',17.800,17.900,20.500,17.700,13.600,0.500
'[00:00:08.577 01/01/2011]',17.600,18.200,20.200,17.900,13.400,0.500
'[00:00:08.578 01/01/2011]',16.400,18.600,19.900,18.000,13.500,0.500
'[00:00:08.579 01/01/2011]',14.500,18.800,19.700,17.700,13.700,0.500
'[00:00:08.580 01/01/2011]',12.800,18.800,19.500,17.300,14.100,0.500
'[00:00:08.581 01/01/2011]',11.800,18.500,19.300,17.000,14.400,0.500
'[00:00:08.582 01/01/2011]',11.600,17.900,19.100,16.900,14.400,0.500
'[00:00:08.583 01/01/2011]',12.000,17.300,19.000,16.800,14.300,0.500
'[00:00:08.584 01/01/2011]',12.400,16.700,18.900,16.700,13.900,0.500
'[00:00:08.585 01/01/2011]',12.400,16.200,18.800,16.400,13.600,0.500
'[00:00:08.586 01/01/2011]',11.800,15.700,18.800,16.100,13.400,0.500
'[00:00:08.587 01/01/2011]',11.000,15.100,18.700,15.800,13.200,0.500
'[00:00:08.588 01/01/2011]',10.300,14.500,18.700,15.900,12.800,0.500
'[00:00:08.589 01/01/2011]',9.900,14.300,18.600,16.200,12.400,0.500
'[00:00:08.590 01/01/2011]',9.900,14.500,18.500,16.600,11.800,0.500
'[00:00:08.591 01/01/2011]',9.800,15.400,18.200,16.900,11.300,0.500
'[00:00:08.592 01/01/2011]',9.500,16.700,17.700,17.000,10.800,0.500
'[00:00:08.593 01/01/2011]',8.800,17.800,17.200,16.800,10.600,0.500
'[00:00:08.594 01/01/2011]',7.900,18.300,16.700,16.500,10.600,0.500
'[00:00:08.595 01/01/2011]',7.200,18.200,16.300,16.300,10.900,0.500
'[00:00:08.596 01/01/2011]',6.900,17.800,16.000,16.300,11.200,0.500
'[00:00:08.597 01/01/2011]',7.200,17.400,15.800,16.500,11.400,0.500
'[00:00:08.598 01/01/2011]',7.700,17.400,15.500,16.700,11.400,0.500
'[00:00:08.599 01/01/2011]',8.300,17.600,15.100,16.700,11.000,0.500
'[00:00:08.600 01/01/2011]',8.600,17.600,14.600,16.300,10.400,0.500
'[00:00:08.601 01/01/2011]',8.600,16.800,14.200,15.600,9.600,0.500
'[00:00:08.602 01/01/2011]',8.500,15.400,13.900,14.600,8.900,0.500
'[00:00:08.603 01/01/2011]',8.100,13.700,13.800,13.700,8.500,0.500
'[00:00:08.604 01/01/2011]',7.500,12.300,13.700,12.900,8.300,0.500
'[00:00:08.605 01/01/2011]',6.600,11.600,13.300,12.400,8.300,0.500
'[00:00:08.606 01/01/2011]',5.400,11.600,12.800,12.100,8.300,0.500
'[00:00:08.607 01/01/2011]',3.900,11.900,12.300,12.000,8.100,0.500
'[00:00:08.608 01/01/2011]',2.400,12.000,12.100,11.900,7.700,0.500
'[00:00:08.609 01/01/2011]',1.200,11.800,12.200,11.800,7.200,0.500
'[00:00:08.610 01/01/2011]',0.500,11.500,12.500,11.800,6.900,0.500
'[00:00:08.611 01/01/2011]',0.200,11.300,12.800,11.700,6.900,0.500
'[00:00:08.612 01/01/2011]',0.000,11.500,12.800,11.700,7.100,0.500
'[00:00:08.613 01/01/2011]',-0.400,12.100,12.400,11.900,7.500,0.500
'[00:00:08.614 01/01/2011]',-1.100,12.700,11.900,12.100,7.700,0.500
'[00:00:08.615 01/01/2011]',-1.900,13.100,11.500,12.300,7.700,0.500
'[00:00:08.616 01/01/2011]',-2.500,13.200,11.400,12.300,7.300,0.500
'[00:00:08.617 01/01/2011]',-2.800,13.100,11.500,12.000,6.600,0.500
'[00:00:08.618 01/01/2011]',-2.700,13.000,11.600,11.500,6.000,0.500
'[00:00:08.619 01/01/2011]',-2.400,13.000,11.400,11.000,5.600,0.500
'[00:00:08.620 01/01/2011]',-2.400,13.200,11.100,10.800,5.500,0.500
'[00:00:08.621 01/01/2011]',-3.000,13.500,10.900,10.900,5.900,0.500
'[00:00:08.622 01/01/2011]',-4.300,13.600,11.000,11.400,6.700,0.500
'[00:00:08.623 01/01/2011]',-6.100,13.400,11.500,12.000,7.700,0.500
'[00:00:08.624 01/01/2011]',-7.900,13.100,12.300,12.400,8.500,0.500
'[00:00:08.625 01/01/2011]',-9.100,12.600,12.800,12.400,9.100,0.500
'[00:00:08.626 01/01/2011]',-9.200,12.000,12.900,12.200,9.300,0.500
'[00:00:08.627 01/01/2011]',-8.300,11.300,12.400,11.700,9.100,0.500
'[00:00:08.628 01/01/2011]',-6.800,10.800,11.700,11.300,8.700,0.500
'[00:00:08.629 01/01/2011]',-5.300,10.700,11.100,11.100,8.300,0.500
'[00:00:08.630 01/01/2011]',-4.400,11.000,11.000,11.200,7.900,0.500
'[00:00:08.631 01/01/2011]',-4.400,11.700,11.200,11.500,7.800,0.500
'[00:00:08.632 01/01/2011]',-5.000,12.600,11.500,11.800,7.800,0.500
'[00:00:08.633 01/01/2011]',-5.900,13.400,11.500,12.000,7.800,0.500
'[00:00:08.634 01/01/2011]',-6.700,13.900,11.300,12.100,7.800,0.500
'[00:00:08.635 01/01/2011]',-7.200,14.000,10.800,12.100,7.900,0.500
'[00:00:08.636 01/01/2011]',-7.600,13.900,10.600,12.000,7.800,0.500
'[00:00:08.637 01/01/2011]',-8.000,14.000,10.600,12.100,7.700,0.500
'[00:00:08.638 01/01/2011]',-8.600,14.300,11.000,12.300,7.500,0.500
'[00:00:08.639 01/01/2011]',-9.400,14.800,11.400,12.500,7.100,0.500
'[00:00:08.640 01/01/2011]',-10.000,15.100,11.600,12.800,6.900,0.500
'[00:00:08.641 01/01/2011]',-9.900,15.200,11.400,13.100,6.800,0.500
'[00:00:08.642 01/01/2011]',-9.200,15.000,11.200,13.300,7.100,0.500
'[00:00:08.643 01/01/2011]',-7.800,14.700,11.000,13.500,7.700,0.500
'[00:00:08.644 01/01/2011]',-6.300,14.500,11.200,13.600,8.400,0.500
'[00:00:08.645 01/01/2011]',-5.200,14.300,11.600,13.600,8.900,0.500
'[00:00:08.646 01/01/2011]',-4.800,14.000,12.000,13.600,8.900,0.500
'[00:00:08.647 01/01/2011]',-5.400,13.600,12.200,13.400,8.600,0.500
'[00:00:08.648 01/01/2011]',-6.400,13.100,12.000,13.300,8.100,0.500
'[00:00:08.649 01/01/2011]',-7.600,12.900,11.400,13.200,7.700,0.500
'[00:00:08.650 01/01/2011]',-8.400,13.200,10.900,13.100,7.800,0.500
'[00:00:08.651 01/01/2011]',-8.600,14.100,10.600,13.300,8.200,0.500
'[00:00:08.652 01/01/2011]',-8.100,15.400,10.600,13.500,8.900,0.500
'[00:00:08.653 01/01/2011]',-7.200,16.500,10.800,13.900,9.500,0.500
'[00:00:08.654 01/01/2011]',-6.400,17.200,11.100,14.200,9.600,0.500
'[00:00:08.655 01/01/2011]',-6.200,17.500,11.200,14.300,9.400,0.500
'[00:00:08.656 01/01/2011]',-6.900,17.500,11.300,14.200,9.000,0.500
'[00:00:08.657 01/01/2011]',-8.500,17.600,11.200,14.000,8.600,0.500
'[00:00:08.658 01/01/2011]',-10.300,17.800,11.100,13.700,8.400,0.500
'[00:00:08.659 01/01/2011]',-11.400,18.000,11.200,13.500,8.500,0.500
'[00:00:08.660 01/01/2011]',-11.300,17.800,11.300,13.300,8.800,0.500
'[00:00:08.661 01/01/2011]',-9.600,17.200,11.500,13.200,9.000,0.500
'[00:00:08.662 01/01/2011]',-7.100,16.400,11.600,13.000,9.000,0.500
'[00:00:08.663 01/01/2011]',-4.600,15.800,11.700,12.800,8.900,0.500
'[00:00:08.664 01/01/2011]',-3.200,15.600,11.600,12.700,8.800,0.500
'[00:00:08.665 01/01/2011]',-3.100,15.700,11.500,12.900,8.600,0.500
'[00:00:08.666 01/01/2011]',-4.200,16.000,11.200,13.200,8.400,0.500
'[00:00:08.667 01/01/2011]',-5.800,16.000,10.800,13.600,8.300,0.500
'[00:00:08.668 01/01/2011]',-7.000,15.800,10.400,13.900,8.200,0.500
'[00:00:08.669 01/01/2011]',-7.400,15.500,10.000,14.000,8.100,0.500
'[00:00:08.670 01/01/2011]',-7.100,15.600,9.800,13.900,8.100,0.500
'[00:00:08.671 01/01/2011]',-6.200,16.200,9.800,13.600,8.100,0.500
'[00:00:08.672 01/01/2011]',-4.900,17.200,9.900,13.500,8.200,0.500
'[00:00:08.673 01/01/2011]',-3.500,18.100,10.100,13.400,8.300,0.500
'[00:00:08.674 01/01/2011]',-2.400,18.400,10.300,13.400,8.300,0.500
'[00:00:08.675 01/01/2011]',-1.700,18.200,10.400,13.300,8.100,0.500
'[00:00:08.676 01/01/2011]',-1.900,17.600,10.300,13.100,7.700,0.500
'[00:00:08.677 01/01/2011]',-2.800,17.100,10.100,12.800,7.200,0.500
'[00:00:08.678 01/01/2011]',-4.100,16.900,9.700,12.500,6.700,0.500
'[00:00:08.679 01/01/2011]',-5.300,17.000,9.300,12.400,6.500,0.500
'[00:00:08.680 01/01/2011]',-5.800,17.200,9.000,12.300,6.500,0.500
'[00:00:08.681 01/01/2011]',-5.300,16.900,8.900,12.100,6.800,0.500
'[00:00:08.682 01/01/2011]',-4.300,16.200,9.100,11.800,7.000,0.500
'[00:00:08.683 01/01/2011]',-3.400,15.100,9.300,11.500,7.200,0.500
'[00:00:08.684 01/01/2011]',-3.100,13.900,9.400,11.100,7.100,0.500
'[00:00:08.685 01/01/2011]',-3.700,13.100,9.500,11.000,6.900,0.500
'[00:00:08.686 01/01/2011]',-4.600,12.500,9.400,11.100,6.600,0.500
'[00:00:08.687 01/01/2011]',-5.300,12.100,9.300,11.200,6.400,0.500
'[00:00:08.688 01/01/2011]',-5.300,11.600,9.200,11.100,6.500,0.500
'[00:00:08.689 01/01/2011]',-4.600,11.000,9.100,10.700,6.600,0.500
'[00:00:08.690 01/01/2011]',-3.500,10.400,9.100,10.100,6.900,0.500
'[00:00:08.691 01/01/2011]',-2.800,9.800,9.100,9.500,7.000,0.500
'[00:00:08.692 01/01/2011]',-2.600,9.600,9.100,9.300,7.000,0.500
'[00:00:08.693 01/01/2011]',-3.000,9.700,9.000,9.400,7.000,0.500
'[00:00:08.694 01/01/2011]',-3.500,10.000,8.800,9.800,7.000,0.500
'[00:00:08.695 01/01/2011]',-3.400,10.300,8.500,10.300,7.000,0.500
'[00:00:08.696 01/01/2011]',-2.600,10.500,8.300,10.500,7.100,0.500
'[00:00:08.697 01/01/2011]',-1.300,10.700,8.100,10.600,7.200,0.500
'[00:00:08.698 01/01/2011]',0.000,10.900,8.100,10.500,7.200,0.500
'[00:00:08.699 01/01/2011]',0.800,11.200,8.300,10.400,7.200,0.500
'[00:00:08.700 01/01/2011]',1.100,11.400,8.500,10.500,7.300,0.500
'[00:00:08.701 01/01/2011]',1.200,11.500,8.700,10.600,7.600,0.500
'[00:00:08.702 01/01/2011]',1.300,11.200,8.800,10.700,8.100,0.500
'[00:00:08.703 01/01/2011]',1.700,10.900,8.800,10.900,8.800,0.500
'[00:00:08.704 01/01/2011]',2.100,10.600,8.900,11.000,9.400,0.500
'[00:00:08.705 01/01/2011]',2.300,10.500,9.200,11.300,9.900,0.500
'[00:00:08.706 01/01/2011]',2.400,10.800,9.600,11.700,10.300,0.500
'[00:00:08.707 01/01/2011]',2.400,11.300,10.100,12.200,10.500,0.500
'[00:00:08.708 01/01/2011]',2.900,11.900,10.400,12.800,10.600,0.500
'[00:00:08.709 01/01/2011]',4.100,12.500,10.500,13.200,10.600,0.500
'[00:00:08.710 01/01/2011]',5.600,13.300,10.300,13.500,10.600,0.500
'[00:00:08.711 01/01/2011]',7.000,14.300,10.000,13.900,10.500,0.500
'[00:00:08.712 01/01/2011]',7.700,15.500,9.900,14.300,10.300,0.500
'[00:00:08.713 01/01/2011]',7.600,16.800,10.000,14.900,10.200,0.500
'[00:00:08.714 01/01/2011]',7.200,17.900,10.300,15.400,10.000,0.500
'[00:00:08.715 01/01/2011]',7.200,18.400,10.700,15.800,9.700,0.500
'[00:00:08.716 01/01/2011]',7.800,18.300,11.000,15.900,9.200,0.500
'[00:00:08.717 01/01/2011]',8.700,17.800,11.200,15.900,8.700,0.500
'[00:00:08.718 01/01/2011]',9.400,17.300,11.300,15.700,8.300,0.500
'[00:00:08.719 01/01/2011]',9.300,16.800,11.300,15.400,8.100,0.500
'[00:00:08.720 01/01/2011]',8.600,16.600,11.400,15.100,8.300,0.500
'[00:00:08.721 01/01/2011]',7.700,16.500,11.600,15.000,8.700,0.500
'[00:00:08.722 01/01/2011]',7.600,16.400,11.800,15.000,9.200,0.500
'[00:00:08.723 01/01/2011]',8.400,16.200,11.900,15.200,9.400,0.500
'[00:00:08.724 01/01/2011]',9.900,16.100,12.000,15.700,9.300,0.500
'[00:00:08.725 01/01/2011]',11.200,15.900,12.200,16.400,9.000,0.500
'[00:00:08.726 01/01/2011]',11.800,16.000,12.400,17.000,8.900,0.500
'[00:00:08.727 01/01/2011]',11.600,16.100,12.600,17.300,9.000,0.500
'[00:00:08.728 01/01/2011]',11.200,16.200,12.800,17.200,9.300,0.500
'[00:00:08.729 01/01/2011]',11.200,16.300,12.900,16.800,9.700,0.500
'[00:00:08.730 01/01/2011]',11.800,16.500,12.700,16.400,9.800,0.500
'[00:00:08.731 01/01/2011]',12.700,16.900,12.500,16.300,9.600,0.500
'[00:00:08.732 01/01/2011]',13.100,17.500,12.400,16.500,9.200,0.500
'[00:00:08.733 01/01/2011]',12.200,18.400,12.300,16.800,8.900,0.500
'[00:00:08.734 01/01/2011]',10.200,19.300,12.300,17.100,8.800,0.500
'[00:00:08.735 01/01/2011]',7.900,20.100,12.200,17.000,9.000,0.500
'[00:00:08.736 01/01/2011]',6.600,20.500,12.200,16.700,9.200,0.500
'[00:00:08.737 01/01/2011]',7.100,20.400,12.000,16.100,9.400,0.500
'[00:00:08.738 01/01/2011]',9.300,20.100,11.800,15.400,9.300,0.500
'[00:00:08.739 01/01/2011]',12.400,19.400,11.700,14.900,9.000,0.500
'[00:00:08.740 01/01/2011]',15.000,18.700,11.700,14.400,8.800,0.500
'[00:00:08.741 01/01/2011]',15.900,17.800,11.900,14.000,8.800,0.500
'[00:00:08.742 01/01/2011]',14.700,16.900,12.000,13.600,8.900,0.500
'[00:00:08.743 01/01/2011]',12.000,16.200,12.000,13.200,9.100,0.500
'[00:00:08.744 01/01/2011]',8.900,15.600,11.800,13.000,9.200,0.500
'[00:00:08.745 01/01/2011]',6.300,15.400,11.300,12.900,9.100,0.500
'[00:00:08.746 01/01/2011]',5.200,15.300,10.800,13.000,8.800,0.500
'[00:00:08.747 01/01/2011]',5.500,15.400,10.500,13.200,8.600,0.500
'[00:00:08.748 01/01/2011]',6.400,15.400,10.500,13.500,8.500,0.500
'[00:00:08.749 01/01/2011]',7.200,15.500,10.900,13.700,8.600,0.500
'[00:00:08.750 01/01/2011]',7.300,15.600,11.500,13.900,8.700,0.500
'[00:00:08.751 01/01/2011]',6.400,16.000,11.900,13.900,8.800,0.500
'[00:00:08.752 01/01/2011]',4.900,16.400,12.000,13.900,8.700,0.500
'[00:00:08.753 01/01/2011]',3.300,16.800,11.700,13.700,8.600,0.500
'[00:00:08.754 01/01/2011]',1.800,17.100,11.200,13.600,8.500,0.500
'[00:00:08.755 01/01/2011]',0.500,17.400,10.900,13.600,8.600,0.500
'[00:00:08.756 01/01/2011]',-0.700,17.600,10.800,14.000,8.800,0.500
'[00:00:08.757 01/01/2011]',-1.800,18.000,11.000,14.600,9.100,0.500
'[00:00:08.758 01/01/2011]',-2.300,18.400,11.400,15.400,9.400,0.500
'[00:00:08.759 01/01/2011]',-2.200,18.500,11.900,16.000,9.500,0.500
'[00:00:08.760 01/01/2011]',-1.400,18.000,12.200,16.300,9.400,0.500
'[00:00:08.761 01/01/2011]',-0.400,16.900,12.400,16.200,9.300,0.500
'[00:00:08.762 01/01/2011]',0.100,15.300,12.500,15.800,9.200,0.500
'[00:00:08.763 01/01/2011]',-0.200,14.000,12.700,15.200,9.200,0.500
'[00:00:08.764 01/01/2011]',-1.200,13.400,12.900,14.700,9.300,0.500
'[00:00:08.765 01/01/2011]',-2.400,13.600,13.200,14.400,9.300,0.500
'[00:00:08.766 01/01/2011]',-3.100,14.300,13.300,14.300,9.300,0.500
'[00:00:08.767 01/01/2011]',-2.900,15.100,13.200,14.300,9.200,0.500
'[00:00:08.768 01/01/2011]',-2.100,15.400,12.900,14.300,9.300,0.500
'[00:00:08.769 01/01/2011]',-1.200,15.500,12.600,14.500,9.600,0.500
'[00:00:08.770 01/01/2011]',-0.700,15.700,12.300,14.700,10.000,0.500
'[00:00:08.771 01/01/2011]',-0.500,16.400,12.300,14.900,10.500,0.500
'[00:00:08.772 01/01/2011]',-0.400,17.600,12.500,15.200,10.900,0.500
'[00:00:08.773 01/01/2011]',0.000,18.900,12.700,15.400,11.100,0.500
'[00:00:08.774 01/01/2011]',0.700,19.700,12.900,15.400,11.200,0.500
'[00:00:08.775 01/01/2011]',1.400,19.800,13.000,15.300,11.300,0.500
'[00:00:08.776 01/01/2011]',1.800,19.400,12.900,15.300,11.400,0.500
'[00:00:08.777 01/01/2011]',1.600,19.000,12.800,15.400,11.700,0.500
'[00:00:08.778 01/01/2011]',0.800,18.800,12.800,15.600,12.100,0.500
'[00:00:08.779 01/01/2011]',-0.100,19.100,13.000,15.800,12.400,0.500
'[00:00:08.780 01/01/2011]',-0.900,19.400,13.300,15.800,12.500,0.500
'[00:00:08.781 01/01/2011]',-1.300,19.300,13.500,15.500,12.200,0.500
'[00:00:08.782 01/01/2011]',-1.400,18.800,13.300,15.100,11.500,0.500
'[00:00:08.783 01/01/2011]',-1.400,17.900,12.900,14.600,10.700,0.500
'[00:00:08.784 01/01/2011]',-1.400,17.300,12.400,14.400,9.800,0.500
'[00:00:08.785 01/01/2011]',-1.400,17.100,12.000,14.600,9.200,0.500
'[00:00:08.786 01/01/2011]',-1.300,17.500,11.800,15.000,9.100,0.500
'[00:00:08.787 01/01/2011]',-0.700,18.100,11.900,15.400,9.300,0.500
'[00:00:08.788 01/01/2011]',0.300,18.600,12.200,15.800,9.700,0.500
'[00:00:08.789 01/01/2011]',1.500,18.800,12.300,16.200,10.100,0.500
'[00:00:08.790 01/01/2011]',2.400,18.800,12.200,16.700,10.400,0.500
'[00:00:08.791 01/01/2011]',2.700,18.900,12.000,17.400,10.600,0.500
'[00:00:08.792 01/01/2011]',2.200,19.300,11.600,18.100,10.800,0.500
'[00:00:08.793 01/01/2011]',1.200,19.900,11.400,18.800,11.100,0.500
'[00:00:08.794 01/01/2011]',0.200,20.500,11.500,19.200,11.400,0.500
'[00:00:08.795 01/01/2011]',-0.300,20.700,11.700,19.100,11.600,0.500
'[00:00:08.796 01/01/2011]',0.100,20.600,11.900,18.700,11.500,0.500
'[00:00:08.797 01/01/2011]',0.900,20.200,12.100,18.100,11.200,0.500
'[00:00:08.798 01/01/2011]',1.500,19.600,12.100,17.400,10.900,0.500
'[00:00:08.799 01/01/2011]',1.400,19.000,12.000,16.900,10.700,0.500
'[00:00:08.800 01/01/2011]',0.600,18.500,11.900,16.500,10.800,0.500
'[00:00:08.801 01/01/2011]',-0.300,18.100,11.800,16.300,11.000,0.500
'[00:00:08.802 01/01/2011]',-0.600,17.800,11.900,16.400,11.400,0.500
'[00:00:08.803 01/01/2011]',0.100,17.500,12.200,16.700,11.700,0.500
'[00:00:08.804 01/01/2011]',1.600,17.500,12.500,17.200,11.800,0.500
'[00:00:08.805 01/01/2011]',3.300,17.700,12.900,17.500,11.700,0.500
'[00:00:08.806 01/01/2011]',4.400,18.000,13.100,17.600,11.500,0.500
'[00:00:08.807 01/01/2011]',4.900,18.300,13.000,17.300,11.300,0.500
'[00:00:08.808 01/01/2011]',4.900,18.500,12.600,16.800,11.200,0.500
'[00:00:08.809 01/01/2011]',5.000,18.600,12.000,16.400,11.000,0.500
'[00:00:08.810 01/01/2011]',5.300,18.800,11.400,16.400,10.800,0.500
'[00:00:08.811 01/01/2011]',5.700,18.900,11.000,16.900,10.400,0.500
'[00:00:08.812 01/01/2011]',6.000,19.100,10.900,17.700,10.000,0.500
'[00:00:08.813 01/01/2011]',5.900,19.400,11.200,18.400,9.600,0.500
'[00:00:08.814 01/01/2011]',5.400,19.700,11.700,18.700,9.300,0.500
'[00:00:08.815 01/01/2011]',4.800,20.200,12.200,18.600,9.100,0.500
'[00:00:08.816 01/01/2011]',4.600,20.800,12.400,18.300,9.100,0.500
'[00:00:08.817 01/01/2011]',4.700,21.400,12.400,17.900,9.100,0.500
'[00:00:08.818 01/01/2011]',4.900,21.700,12.100,17.500,9.000,0.500
'[00:00:08.819 01/01/2011]',4.800,21.500,11.700,16.900,8.700,0.500
'[00:00:08.820 01/01/2011]',4.100,20.700,11.200,16.000,8.000,0.500
'[00:00:08.821 01/01/2011]',2.500,19.300,10.500,14.700,6.900,0.500
'[00:00:08.822 01/01/2011]',0.400,17.700,9.700,13.000,5.700,0.500
'[00:00:08.823 01/01/2011]',-1.700,16.300,8.800,11.600,4.300,0.500
'[00:00:08.824 01/01/2011]',-3.400,15.400,7.700,10.700,3.100,0.500
'[00:00:08.825 01/01/2011]',-4.300,15.200,6.800,10.600,2.200,0.500
'[00:00:08.826 01/01/2011]',-4.000,15.600,6.200,11.300,1.800,0.500
'[00:00:08.827 01/01/2011]',-2.500,16.300,6.200,12.300,1.900,0.500
'[00:00:08.828 01/01/2011]',0.300,17.100,6.700,13.300,2.700,0.500
'[00:00:08.829 01/01/2011]',4.000,17.600,7.700,14.000,3.700,0.500
'[00:00:08.830 01/01/2011]',8.700,17.900,8.900,14.400,4.900,0.500
'[00:00:08.831 01/01/2011]',14.100,18.200,10.200,14.700,5.800,0.500
'[00:00:08.832 01/01/2011]',20.400,18.700,11.500,15.200,6.700,0.500
'[00:00:08.833 01/01/2011]',27.800,19.400,12.900,16.200,7.700,0.500
'[00:00:08.834 01/01/2011]',36.301,20.300,14.400,17.600,9.100,0.500
'[00:00:08.835 01/01/2011]',45.801,21.100,16.100,19.200,11.000,0.500
'[00:00:08.836 01/01/2011]',55.701,21.800,18.100,20.800,13.400,0.500
'[00:00:08.837 01/01/2011]',65.101,22.200,20.100,21.900,16.000,0.500
'[00:00:08.838 01/01/2011]',73.001,22.400,22.000,22.700,18.300,0.500
'[00:00:08.839 01/01/2011]',78.801,22.400,23.600,23.300,20.100,0.500
'[00:00:08.840 01/01/2011]',82.101,22.300,25.000,24.100,21.500,0.500
'[00:00:08.841 01/01/2011]',83.401,22.100,26.000,25.200,22.900,0.500
'[00:00:08.842 01/01/2011]',83.001,22.100,27.000,26.600,24.300,0.500
'[00:00:08.843 01/01/2011]',81.701,22.200,27.900,28.000,26.000,0.500
'[00:00:08.844 01/01/2011]',80.101,22.600,28.600,29.100,27.600,0.500
'[00:00:08.845 01/01/2011]',78.501,23.100,29.200,29.600,29.000,0.500
'[00:00:08.846 01/01/2011]',77.101,23.500,29.700,29.600,29.900,0.500
'[00:00:08.847 01/01/2011]',75.801,23.700,29.900,29.300,30.300,0.500
'[00:00:08.848 01/01/2011]',74.601,23.600,29.800,29.000,30.200,0.500
'[00:00:08.849 01/01/2011]',73.001,23.300,29.500,28.600,29.700,0.500
'[00:00:08.850 01/01/2011]',70.901,23.100,28.900,28.000,28.900,0.500
'[00:00:08.851 01/01/2011]',68.201,23.200,28.000,27.000,27.600,0.500
'[00:00:08.852 01/01/2011]',64.701,23.400,26.600,25.500,25.800,0.500
'[00:00:08.853 01/01/2011]',60.301,23.500,24.800,23.300,23.400,0.500
'[00:00:08.854 01/01/2011]',54.601,23.200,22.200,20.900,20.500,0.500
'[00:00:08.855 01/01/2011]',47.201,22.600,19.000,18.400,17.300,0.500
'[00:00:08.856 01/01/2011]',37.601,21.700,15.200,16.200,14.300,0.500
'[00:00:08.857 01/01/2011]',26.200,20.900,11.400,14.500,11.600,0.500
'[00:00:08.858 01/01/2011]',14.000,20.300,8.100,13.300,9.600,0.500
'[00:00:08.859 01/01/2011]',2.400,19.900,5.900,12.500,8.300,0.500
'[00:00:08.860 01/01/2011]',-6.800,19.500,5.000,12.000,7.700,0.500
'[00:00:08.861 01/01/2011]',-12.500,18.800,5.400,11.800,7.700,0.500
'[00:00:08.862 01/01/2011]',-14.300,17.900,6.600,11.800,8.100,0.500
'[00:00:08.863 01/01/2011]',-12.900,17.100,7.800,12.000,8.900,0.500
'[00:00:08.864 01/01/2011]',-9.100,16.700,8.700,12.500,9.700,0.500
'[00:00:08.865 01/01/2011]',-4.100,16.800,9.200,13.000,10.500,0.500
'[00:00:08.866 01/01/2011]',1.200,17.300,9.400,13.700,11.100,0.500
'[00:00:08.867 01/01/2011]',6.400,17.700,9.600,14.300,11.500,0.500
'[00:00:08.868 01/01/2011]',10.800,17.800,9.900,14.800,11.600,0.500
'[00:00:08.869 01/01/2011]',14.100,17.600,10.400,15.100,11.800,0.500
'[00:00:08.870 01/01/2011]',16.200,17.400,11.000,15.300,12.100,0.500
'[00:00:08.871 01/01/2011]',17.000,17.800,11.400,15.500,12.700,0.500
'[00:00:08.872 01/01/2011]',16.800,18.700,11.600,15.800,13.600,0.500
'[00:00:08.873 01/01/2011]',16.100,20.100,11.700,16.100,14.500,0.500
'[00:00:08.874 01/01/2011]',15.300,21.300,11.700,16.400,15.200,0.500
'[00:00:08.875 01/01/2011]',14.500,21.800,11.700,16.700,15.500,0.500
'[00:00:08.876 01/01/2011]',13.900,21.400,11.900,16.900,15.500,0.500
'[00:00:08.877 01/01/2011]',13.700,20.300,12.000,17.200,15.300,0.500
'[00:00:08.878 01/01/2011]',14.000,19.000,12.200,17.300,15.000,0.500
'[00:00:08.879 01/01/2011]',15.000,17.800,12.100,17.400,14.600,0.500
'[00:00:08.880 01/01/2011]',16.200,17.100,11.900,17.400,14.200,0.500
'[00:00:08.881 01/01/2011]',17.200,16.600,11.500,17.300,13.800,0.500
'[00:00:08.882 01/01/2011]',17.800,16.200,11.100,16.900,13.400,0.500
'[00:00:08.883 01/01/2011]',17.700,15.900,10.800,16.500,13.100,0.500
'[00:00:08.884 01/01/2011]',17.300,15.700,10.700,16.200,13.000,0.500
'[00:00:08.885 01/01/2011]',17.000,15.700,10.900,16.000,13.000,0.500
'[00:00:08.886 01/01/2011]',17.200,16.100,11.200,16.200,13.200,0.500
'[00:00:08.887 01/01/2011]',17.800,16.700,11.500,16.500,13.100,0.500
'[00:00:08.888 01/01/2011]',18.400,17.400,11.600,16.900,12.900,0.500
'[00:00:08.889 01/01/2011]',18.700,17.900,11.600,17.200,12.400,0.500
'[00:00:08.890 01/01/2011]',18.400,18.300,11.500,17.300,12.000,0.500
'[00:00:08.891 01/01/2011]',17.900,18.700,11.600,17.200,11.800,0.500
'[00:00:08.892 01/01/2011]',17.400,19.100,11.800,17.100,11.800,0.500
'[00:00:08.893 01/01/2011]',17.000,19.500,12.100,17.100,12.000,0.500
'[00:00:08.894 01/01/2011]',16.800,19.700,12.500,17.100,12.100,0.500
'[00:00:08.895 01/01/2011]',16.500,19.700,12.800,17.200,12.200,0.500
'[00:00:08.896 01/01/2011]',16.300,19.500,12.900,17.300,12.200,0.500
'[00:00:08.897 01/01/2011]',16.100,19.400,13.000,17.400,12.200,0.500
'[00:00:08.898 01/01/2011]',16.100,19.500,13.200,17.400,12.300,0.500
'[00:00:08.899 01/01/2011]',16.400,19.700,13.400,17.400,12.600,0.500
'[00:00:08.900 01/01/2011]',16.800,19.700,13.800,17.300,12.900,0.500
'[00:00:08.901 01/01/2011]',17.000,19.400,14.000,17.200,13.200,0.500
'[00:00:08.902 01/01/2011]',16.800,18.700,14.200,17.000,13.400,0.500
'[00:00:08.903 01/01/2011]',16.500,17.700,14.200,17.000,13.300,0.500
'[00:00:08.904 01/01/2011]',16.200,17.000,14.000,17.200,13.200,0.500
'[00:00:08.905 01/01/2011]',16.200,16.900,13.700,17.400,12.800,0.500
'[00:00:08.906 01/01/2011]',16.500,17.300,13.500,17.700,12.400,0.500
'[00:00:08.907 01/01/2011]',16.900,18.000,13.200,17.800,12.000,0.500
'[00:00:08.908 01/01/2011]',17.100,18.500,13.100,17.700,11.600,0.500
'[00:00:08.909 01/01/2011]',16.900,18.800,13.000,17.600,11.400,0.500
'[00:00:08.910 01/01/2011]',16.300,18.900,13.000,17.500,11.400,0.500
'[00:00:08.911 01/01/2011]',15.600,18.900,13.200,17.700,11.500,0.500
'[00:00:08.912 01/01/2011]',15.100,19.100,13.400,18.200,11.700,0.500
'[00:00:08.913 01/01/2011]',15.100,19.300,13.600,18.700,11.800,0.500
'[00:00:08.914 01/01/2011]',15.400,19.500,13.700,19.000,11.900,0.500
'[00:00:08.915 01/01/2011]',15.900,19.500,13.600,18.900,11.800,0.500
'[00:00:08.916 01/01/2011]',16.100,19.400,13.400,18.400,11.600,0.500
'[00:00:08.917 01/01/2011]',16.000,19.300,13.200,17.800,11.600,0.500
'[00:00:08.918 01/01/2011]',15.900,19.300,13.200,17.200,11.500,0.500
'[00:00:08.919 01/01/2011]',16.000,19.300,13.300,16.700,11.500,0.500
'[00:00:08.920 01/01/2011]',16.700,19.200,13.700,16.400,11.600,0.500
'[00:00:08.921 01/01/2011]',17.900,18.700,14.200,16.300,11.500,0.500
'[00:00:08.922 01/01/2011]',19.100,18.000,14.800,16.200,11.400,0.500
'[00:00:08.923 01/01/2011]',19.600,17.500,15.400,16.300,11.200,0.500
'[00:00:08.924 01/01/2011]',19.200,17.800,16.200,16.500,10.800,0.500
'[00:00:08.925 01/01/2011]',18.000,18.900,17.300,16.900,10.200,0.500
'[00:00:08.926 01/01/2011]',16.800,20.600,18.800,17.300,9.200,0.500
'[00:00:08.927 01/01/2011]',16.100,22.400,20.700,17.600,8.000,0.500
'[00:00:08.928 01/01/2011]',16.300,23.800,22.900,17.900,6.700,0.500
'[00:00:08.929 01/01/2011]',17.100,24.700,25.400,18.400,5.700,0.500
'[00:00:08.930 01/01/2011]',17.900,25.400,27.900,19.200,5.100,0.500
'[00:00:08.931 01/01/2011]',18.100,26.400,30.500,20.500,5.300,0.500
'[00:00:08.932 01/01/2011]',17.600,27.700,32.901,22.100,5.900,0.500
'[00:00:08.933 01/01/2011]',16.800,29.300,35.101,23.700,6.800,0.500
'[00:00:08.934 01/01/2011]',15.800,30.600,37.001,25.000,7.800,0.500
'[00:00:08.935 01/01/2011]',15.000,31.200,38.601,26.100,8.700,0.500
'[00:00:08.936 01/01/2011]',14.100,31.100,40.101,27.000,10.100,0.500
'[00:00:08.937 01/01/2011]',13.100,30.500,41.701,28.000,12.100,0.500
'[00:00:08.938 01/01/2011]',11.900,30.000,43.701,29.300,15.200,0.500
'[00:00:08.939 01/01/2011]',10.700,29.600,46.001,31.000,19.400,0.500
'[00:00:08.940 01/01/2011]',9.900,29.300,48.401,32.801,24.100,0.500
'[00:00:08.941 01/01/2011]',9.700,28.700,50.601,34.601,28.900,0.500
'[00:00:08.942 01/01/2011]',9.700,27.500,51.901,36.101,33.301,0.500
'[00:00:08.943 01/01/2011]',9.600,25.800,52.301,37.401,37.301,0.500
'[00:00:08.944 01/01/2011]',9.000,23.900,51.601,38.601,41.401,0.500
'[00:00:08.945 01/01/2011]',7.900,22.200,50.401,40.001,46.001,0.500
'[00:00:08.946 01/01/2011]',6.600,20.900,48.901,41.501,51.501,0.500
'[00:00:08.947 01/01/2011]',5.800,19.700,47.601,43.101,57.901,0.500
'[00:00:08.948 01/01/2011]',5.700,18.400,46.301,44.601,64.501,0.500
'[00:00:08.949 01/01/2011]',6.200,16.700,45.001,45.901,70.801,0.500
'[00:00:08.950 01/01/2011]',6.800,14.700,43.101,46.901,76.601,0.500
'[00:00:08.951 01/01/2011]',6.900,12.700,40.501,47.701,81.901,0.500
'[00:00:08.952 01/01/2011]',6.100,10.900,37.201,48.301,87.201,0.500
'[00:00:08.953 01/01/2011]',4.500,9.300,33.701,49.001,92.901,0.500
'[00:00:08.954 01/01/2011]',2.600,7.800,30.400,49.801,98.902,0.500
'[00:00:08.955 01/01/2011]',0.700,6.000,27.700,50.401,104.902,0.500
'[00:00:08.956 01/01/2011]',-0.800,3.900,25.600,50.901,110.202,0.500
'[00:00:08.957 01/01/2011]',-2.000,1.400,23.600,50.801,114.002,0.500
'[00:00:08.958 01/01/2011]',-2.800,-1.200,21.500,50.201,115.802,0.500
'[00:00:08.959 01/01/2011]',-3.500,-3.700,19.100,49.001,115.802,0.500
'[00:00:08.960 01/01/2011]',-4.000,-6.000,16.400,47.201,114.302,0.500
'[00:00:08.961 01/01/2011]',-4.100,-7.800,13.600,44.901,111.602,0.500
'[00:00:08.962 01/01/2011]',-3.600,-9.200,10.800,42.301,107.902,0.500
'[00:00:08.963 01/01/2011]',-2.500,-10.100,7.700,39.301,103.302,0.500
'[00:00:08.964 01/01/2011]',-0.900,-10.700,4.000,35.801,97.801,0.500
'[00:00:08.965 01/01/2011]',1.000,-11.000,-0.500,31.700,91.601,0.500
'[00:00:08.966 01/01/2011]',3.000,-11.300,-5.700,27.300,85.001,0.500
'[00:00:08.967 01/01/2011]',5.100,-11.800,-11.300,22.900,78.601,0.500
'[00:00:08.968 01/01/2011]',7.400,-12.300,-16.500,18.900,72.801,0.500
'[00:00:08.969 01/01/2011]',9.900,-12.700,-20.900,15.800,67.701,0.500
'[00:00:08.970 01/01/2011]',12.500,-12.900,-24.500,13.500,63.101,0.500
'[00:00:08.971 01/01/2011]',14.900,-12.500,-27.500,11.600,58.101,0.500
'[00:00:08.972 01/01/2011]',16.600,-11.700,-30.300,9.900,52.501,0.500
'[00:00:08.973 01/01/2011]',17.700,-10.700,-33.101,7.800,45.901,0.500
'[00:00:08.974 01/01/2011]',18.200,-9.800,-35.701,5.300,39.001,0.500
'[00:00:08.975 01/01/2011]',18.900,-8.900,-37.601,2.900,32.200,0.500
'[00:00:08.976 01/01/2011]',20.100,-8.200,-38.501,0.900,26.300,0.500
'[00:00:08.977 01/01/2011]',22.100,-7.400,-38.101,-0.400,21.500,0.500
'[00:00:08.978 01/01/2011]',24.600,-6.300,-36.501,-1.100,17.700,0.500
'[00:00:08.979 01/01/2011]',26.900,-5.100,-34.201,-1.400,14.600,0.500
'[00:00:08.980 01/01/2011]',28.200,-3.900,-31.500,-1.700,11.800,0.500
'[00:00:08.981 01/01/2011]',28.200,-2.900,-28.800,-2.100,9.200,0.500
'[00:00:08.982 01/01/2011]',27.200,-2.100,-26.200,-2.600,6.800,0.500
'[00:00:08.983 01/01/2011]',26.100,-1.300,-23.600,-2.700,5.000,0.500
'[00:00:08.984 01/01/2011]',25.700,-0.600,-20.800,-2.300,3.800,0.500
'[00:00:08.985 01/01/2011]',26.200,0.100,-17.800,-1.300,3.100,0.500
'[00:00:08.986 01/01/2011]',27.300,1.000,-14.600,0.000,2.800,0.500
'[00:00:08.987 01/01/2011]',28.200,2.000,-11.400,1.200,2.700,0.500
'[00:00:08.988 01/01/2011]',28.300,3.100,-8.400,2.200,2.600,0.500
'[00:00:08.989 01/01/2011]',27.600,4.400,-5.700,2.900,2.400,0.500
'[00:00:08.990 01/01/2011]',26.800,6.000,-3.200,3.700,2.300,0.500
'[00:00:08.991 01/01/2011]',26.500,7.900,-0.900,4.700,2.400,0.500
'[00:00:08.992 01/01/2011]',26.900,9.900,1.300,6.100,2.700,0.500
'[00:00:08.993 01/01/2011]',27.500,11.600,3.400,7.500,3.300,0.500
'[00:00:08.994 01/01/2011]',27.700,12.600,5.300,8.800,4.100,0.500
'[00:00:08.995 01/01/2011]',27.100,13.000,6.900,9.600,4.900,0.500
'[00:00:08.996 01/01/2011]',26.100,12.900,8.200,9.700,5.600,0.500
'[00:00:08.997 01/01/2011]',25.300,12.700,9.100,9.400,6.000,0.500
'[00:00:08.998 01/01/2011]',25.300,12.500,9.800,8.700,6.000,0.500
'[00:00:08.999 01/01/2011]',26.200,12.400,10.300,8.100,5.700,0.500
'[00:00:09.000 01/01/2011]',27.200,12.200,10.600,7.500,5.100,0.500
'[00:00:09.001 01/01/2011]',27.800,11.800,10.700,7.200,4.600,0.500
'[00:00:09.002 01/01/2011]',27.300,11.200,10.600,7.000,4.200,0.500
'[00:00:09.003 01/01/2011]',26.300,10.700,10.300,6.900,3.900,0.500
'[00:00:09.004 01/01/2011]',25.300,10.400,10.100,6.900,3.700,0.500
'[00:00:09.005 01/01/2011]',25.100,10.600,10.200,7.000,3.400,0.500
'[00:00:09.006 01/01/2011]',25.700,11.000,10.400,7.200,3.100,0.500
'[00:00:09.007 01/01/2011]',26.800,11.600,10.700,7.500,2.700,0.500
'[00:00:09.008 01/01/2011]',27.600,12.100,10.900,7.900,2.200,0.500
'[00:00:09.009 01/01/2011]',27.900,12.600,10.800,8.200,1.900,0.500
'[00:00:09.010 01/01/2011]',27.700,13.200,10.400,8.500,1.700,0.500
'[00:00:09.011 01/01/2011]',27.400,14.000,9.900,8.600,1.700,0.500
'[00:00:09.012 01/01/2011]',27.400,15.000,9.600,8.500,1.800,0.500
'[00:00:09.013 01/01/2011]',28.000,15.800,9.700,8.300,2.000,0.500
'[00:00:09.014 01/01/2011]',28.800,16.300,10.000,8.200,2.200,0.500
'[00:00:09.015 01/01/2011]',29.600,16.300,10.400,8.400,2.400,0.500
'[00:00:09.016 01/01/2011]',29.800,16.200,10.800,8.900,2.500,0.500
'[00:00:09.017 01/01/2011]',29.100,16.100,10.900,9.700,2.600,0.500
'[00:00:09.018 01/01/2011]',27.900,16.300,10.800,10.700,2.700,0.500
'[00:00:09.019 01/01/2011]',26.400,16.500,10.600,11.500,2.700,0.500
'[00:00:09.020 01/01/2011]',25.400,16.400,10.600,11.800,2.500,0.500
'[00:00:09.021 01/01/2011]',25.200,15.700,10.800,11.700,2.300,0.500
'[00:00:09.022 01/01/2011]',25.900,14.600,11.100,11.200,2.000,0.500
'[00:00:09.023 01/01/2011]',27.000,13.500,11.400,10.600,1.900,0.500
'[00:00:09.024 01/01/2011]',28.100,12.800,11.500,10.300,2.200,0.500
'[00:00:09.025 01/01/2011]',28.500,13.000,11.500,10.400,2.600,0.500
'[00:00:09.026 01/01/2011]',28.200,13.700,11.400,10.700,3.200,0.500
'[00:00:09.027 01/01/2011]',27.400,14.700,11.400,11.200,3.600,0.500
'[00:00:09.028 01/01/2011]',26.800,15.300,11.500,11.500,3.800,0.500
'[00:00:09.029 01/01/2011]',26.700,15.400,11.700,11.500,3.800,0.500
'[00:00:09.030 01/01/2011]',27.000,15.200,11.900,11.400,3.700,0.500
'[00:00:09.031 01/01/2011]',27.400,15.200,12.000,11.200,3.600,0.500
'[00:00:09.032 01/01/2011]',27.500,15.700,11.900,11.100,3.500,0.500
'[00:00:09.033 01/01/2011]',27.500,16.700,11.900,11.300,3.400,0.500
'[00:00:09.034 01/01/2011]',27.400,17.800,11.800,11.700,3.400,0.500
'[00:00:09.035 01/01/2011]',27.600,18.700,11.900,12.100,3.300,0.500
'[00:00:09.036 01/01/2011]',28.300,19.000,12.100,12.400,3.400,0.500
'[00:00:09.037 01/01/2011]',29.000,18.800,12.100,12.600,3.500,0.500
'[00:00:09.038 01/01/2011]',29.300,18.300,12.000,12.500,3.600,0.500
'[00:00:09.039 01/01/2011]',28.900,17.700,11.600,12.200,3.800,0.500
'[00:00:09.040 01/01/2011]',27.900,17.300,11.300,11.700,4.100,0.500
'[00:00:09.041 01/01/2011]',26.500,17.000,11.100,11.300,4.300,0.500
'[00:00:09.042 01/01/2011]',25.400,16.700,11.200,10.900,4.700,0.500
'[00:00:09.043 01/01/2011]',24.800,16.300,11.600,10.800,5.000,0.500
'[00:00:09.044 01/01/2011]',24.800,15.900,12.100,10.900,5.300,0.500
'[00:00:09.045 01/01/2011]',25.200,15.600,12.500,11.400,5.600,0.500
'[00:00:09.046 01/01/2011]',25.800,15.600,12.700,11.900,5.900,0.500
'[00:00:09.047 01/01/2011]',26.300,15.800,12.900,12.400,6.200,0.500
'[00:00:09.048 01/01/2011]',26.300,16.000,13.000,12.700,6.400,0.500
'[00:00:09.049 01/01/2011]',26.000,16.100,13.100,12.600,6.500,0.500
'[00:00:09.050 01/01/2011]',25.200,16.200,13.400,12.300,6.500,0.500
'[00:00:09.051 01/01/2011]',24.200,16.200,13.600,12.000,6.300,0.500
'[00:00:09.052 01/01/2011]',23.300,16.500,13.700,11.700,6.000,0.500
'[00:00:09.053 01/01/2011]',22.900,17.300,13.800,11.700,5.800,0.500
'[00:00:09.054 01/01/2011]',23.100,18.300,13.900,12.100,5.900,0.500
'[00:00:09.055 01/01/2011]',23.900,19.300,14.000,12.900,6.300,0.500
'[00:00:09.056 01/01/2011]',25.100,19.900,14.000,13.900,6.900,0.500
'[00:00:09.057 01/01/2011]',26.300,19.900,14.000,14.900,7.400,0.500
'[00:00:09.058 01/01/2011]',27.200,19.300,13.900,15.500,7.500,0.500
'[00:00:09.059 01/01/2011]',27.600,18.400,13.500,15.500,7.100,0.500
'[00:00:09.060 01/01/2011]',27.800,17.500,13.000,15.000,6.300,0.500
'[00:00:09.061 01/01/2011]',27.600,16.900,12.500,14.100,5.400,0.500
'[00:00:09.062 01/01/2011]',27.300,16.700,12.100,13.200,4.600,0.500
'[00:00:09.063 01/01/2011]',26.900,16.700,11.700,12.500,4.100,0.500
'[00:00:09.064 01/01/2011]',26.700,16.700,11.600,12.000,3.800,0.500
'[00:00:09.065 01/01/2011]',26.600,16.600,11.500,11.900,3.600,0.500
'[00:00:09.066 01/01/2011]',26.800,16.400,11.700,11.800,3.600,0.500
'[00:00:09.067 01/01/2011]',27.000,16.300,11.900,11.800,3.600,0.500
'[00:00:09.068 01/01/2011]',27.100,16.500,12.200,11.700,3.700,0.500
'[00:00:09.069 01/01/2011]',27.000,16.900,12.500,11.800,3.900,0.500
'[00:00:09.070 01/01/2011]',26.900,17.600,12.600,11.900,4.000,0.500
'[00:00:09.071 01/01/2011]',26.700,18.100,12.700,12.100,4.100,0.500
'[00:00:09.072 01/01/2011]',26.600,18.500,12.500,12.300,4.000,0.500
'[00:00:09.073 01/01/2011]',26.500,18.600,12.300,12.400,3.900,0.500
'[00:00:09.074 01/01/2011]',26.200,18.500,12.100,12.300,3.800,0.500
'[00:00:09.075 01/01/2011]',25.600,18.400,12.000,12.400,4.000,0.500
'[00:00:09.076 01/01/2011]',24.600,18.500,12.000,12.600,4.200,0.500
'[00:00:09.077 01/01/2011]',23.900,18.600,12.100,12.900,4.300,0.500
'[00:00:09.078 01/01/2011]',23.600,18.700,12.100,13.100,4.300,0.500
'[00:00:09.079 01/01/2011]',24.200,18.500,12.000,13.000,4.200,0.500
'[00:00:09.080 01/01/2011]',25.300,18.000,11.600,12.300,4.000,0.500
'[00:00:09.081 01/01/2011]',26.600,17.300,10.900,11.300,4.000,0.500
'[00:00:09.082 01/01/2011]',27.300,16.600,10.100,10.300,4.200,0.500
'[00:00:09.083 01/01/2011]',27.000,16.000,9.400,9.600,4.300,0.500
'[00:00:09.084 01/01/2011]',25.800,15.500,8.900,9.100,4.200,0.500
'[00:00:09.085 01/01/2011]',24.000,15.100,8.700,9.000,3.800,0.500
'[00:00:09.086 01/01/2011]',22.100,14.700,8.800,8.900,3.200,0.500
'[00:00:09.087 01/01/2011]',20.600,14.500,8.900,8.800,2.700,0.500
'[00:00:09.088 01/01/2011]',19.700,14.500,8.900,8.800,2.400,0.500
'[00:00:09.089 01/01/2011]',19.200,15.000,8.800,9.000,2.600,0.500
'[00:00:09.090 01/01/2011]',19.100,15.800,8.700,9.300,2.900,0.500
'[00:00:09.091 01/01/2011]',19.200,16.800,8.600,9.700,3.300,0.500
'[00:00:09.092 01/01/2011]',19.400,17.500,8.600,10.000,3.600,0.500
'[00:00:09.093 01/01/2011]',19.700,17.600,8.800,10.100,3.700,0.500
'[00:00:09.094 01/01/2011]',19.800,17.300,9.100,9.800,3.600,0.500
'[00:00:09.095 01/01/2011]',19.600,16.700,9.200,9.500,3.400,0.500
'[00:00:09.096 01/01/2011]',19.000,16.100,9.000,9.200,3.200,0.500
'[00:00:09.097 01/01/2011]',18.000,15.800,8.600,9.100,2.800,0.500
'[00:00:09.098 01/01/2011]',16.800,15.700,8.100,9.300,2.500,0.500
'[00:00:09.099 01/01/2011]',15.700,15.600,7.600,9.500,2.400,0.500
'[00:00:09.100 01/01/2011]',15.100,15.200,7.400,9.600,2.400,0.500
'[00:00:09.101 01/01/2011]',15.300,14.300,7.500,9.600,2.700,0.500
'[00:00:09.102 01/01/2011]',16.100,13.300,7.800,9.300,2.900,0.500
'[00:00:09.103 01/01/2011]',17.100,12.400,8.200,9.000,3.000,0.500
'[00:00:09.104 01/01/2011]',17.600,12.000,8.500,8.700,2.800,0.500
'[00:00:09.105 01/01/2011]',17.200,12.200,8.600,8.500,2.400,0.500
'[00:00:09.106 01/01/2011]',16.100,12.600,8.400,8.400,2.100,0.500
'[00:00:09.107 01/01/2011]',14.700,13.000,8.100,8.300,1.900,0.500
'[00:00:09.108 01/01/2011]',13.700,13.200,7.800,8.200,2.100,0.500
'[00:00:09.109 01/01/2011]',13.400,13.300,7.500,8.100,2.500,0.500
'[00:00:09.110 01/01/2011]',13.500,13.500,7.300,7.900,3.000,0.500
'[00:00:09.111 01/01/2011]',13.400,14.100,7.300,7.900,3.300,0.500
'[00:00:09.112 01/01/2011]',12.900,15.100,7.300,8.100,3.400,0.500
'[00:00:09.113 01/01/2011]',12.000,16.300,7.400,8.400,3.400,0.500
'[00:00:09.114 01/01/2011]',11.100,17.200,7.500,8.700,3.400,0.500
'[00:00:09.115 01/01/2011]',10.600,17.500,7.500,9.100,3.200,0.500
'[00:00:09.116 01/01/2011]',10.700,17.200,7.300,9.400,2.900,0.500
'[00:00:09.117 01/01/2011]',11.200,16.200,7.000,9.400,2.500,0.500
'[00:00:09.118 01/01/2011]',11.500,15.100,6.400,9.300,1.900,0.500
'[00:00:09.119 01/01/2011]',11.500,14.000,5.800,9.000,1.500,0.500
'[00:00:09.120 01/01/2011]',11.200,13.200,5.200,8.500,1.200,0.500
'[00:00:09.121 01/01/2011]',11.000,12.600,4.700,7.700,1.200,0.500
'[00:00:09.122 01/01/2011]',11.000,12.300,4.300,6.800,1.200,0.500
'[00:00:09.123 01/01/2011]',11.400,12.100,3.900,5.900,1.100,0.500
'[00:00:09.124 01/01/2011]',11.700,12.000,3.600,5.400,0.800,0.500
'[00:00:09.125 01/01/2011]',11.700,11.800,3.400,5.300,0.400,0.500
'[00:00:09.126 01/01/2011]',11.300,11.500,3.200,5.600,0.000,0.500
'[00:00:09.127 01/01/2011]',10.600,11.300,3.100,6.000,-0.200,0.500
'[00:00:09.128 01/01/2011]',9.800,11.100,2.900,6.200,-0.200,0.500
'[00:00:09.129 01/01/2011]',9.200,11.200,2.500,6.000,-0.100,0.500
'[00:00:09.130 01/01/2011]',8.800,11.500,2.000,5.600,0.000,0.500
'[00:00:09.131 01/01/2011]',8.500,12.000,1.400,5.200,0.000,0.500
'[00:00:09.132 01/01/2011]',8.200,12.600,1.100,5.200,0.000,0.500
'[00:00:09.133 01/01/2011]',7.800,13.100,1.000,5.400,0.100,0.500
'[00:00:09.134 01/01/2011]',7.400,13.200,1.200,5.900,0.400,0.500
'[00:00:09.135 01/01/2011]',7.100,13.000,1.500,6.300,0.700,0.500
'[00:00:09.136 01/01/2011]',7.000,12.700,1.700,6.400,0.800,0.500
'[00:00:09.137 01/01/2011]',7.000,12.500,1.600,6.200,0.700,0.500
'[00:00:09.138 01/01/2011]',7.000,12.400,1.400,5.900,0.500,0.500
'[00:00:09.139 01/01/2011]',6.900,12.400,1.100,5.700,0.300,0.500
'[00:00:09.140 01/01/2011]',6.400,12.200,1.000,5.700,0.400,0.500
'[00:00:09.141 01/01/2011]',5.600,11.700,1.100,5.700,0.700,0.500
'[00:00:09.142 01/01/2011]',4.800,10.800,1.100,5.500,1.000,0.500
'[00:00:09.143 01/01/2011]',4.200,9.800,1.000,5.100,1.100,0.500
'[00:00:09.144 01/01/2011]',4.000,9.000,0.600,4.500,0.900,0.500
'[00:00:09.145 01/01/2011]',4.200,8.600,0.000,4.000,0.500,0.500
'[00:00:09.146 01/01/2011]',4.700,8.800,-0.500,3.900,0.200,0.500
'[00:00:09.147 01/01/2011]',5.200,9.300,-0.700,4.200,0.400,0.500
'[00:00:09.148 01/01/2011]',5.300,9.900,-0.500,4.600,1.100,0.500
'[00:00:09.149 01/01/2011]',4.900,10.200,-0.100,4.900,2.100,0.500
'[00:00:09.150 01/01/2011]',4.100,10.200,0.300,4.700,3.000,0.500
'[00:00:09.151 01/01/2011]',3.200,9.900,0.400,4.200,3.200,0.500
'[00:00:09.152 01/01/2011]',2.200,9.600,0.300,3.500,2.900,0.500
'[00:00:09.153 01/01/2011]',1.400,9.300,0.000,3.000,2.300,0.500
'[00:00:09.154 01/01/2011]',0.700,9.300,-0.300,3.000,1.800,0.500
'[00:00:09.155 01/01/2011]',0.500,9.400,-0.300,3.400,1.700,0.500
'[00:00:09.156 01/01/2011]',0.500,9.600,-0.100,4.000,2.000,0.500
'[00:00:09.157 01/01/2011]',1.000,9.800,0.300,4.700,2.700,0.500
'[00:00:09.158 01/01/2011]',1.500,9.800,0.600,5.200,3.400,0.500
'[00:00:09.159 01/01/2011]',2.000,9.600,0.700,5.400,4.100,0.500
'[00:00:09.160 01/01/2011]',2.100,9.000,0.700,5.300,4.700,0.500
'[00:00:09.161 01/01/2011]',1.700,8.300,0.400,5.200,5.200,0.500
'[00:00:09.162 01/01/2011]',1.200,7.600,0.300,4.900,5.700,0.500
'[00:00:09.163 01/01/2011]',0.600,7.100,0.200,4.500,6.100,0.500
'[00:00:09.164 01/01/2011]',0.100,6.800,0.200,4.100,6.300,0.500
'[00:00:09.165 01/01/2011]',-0.300,6.500,0.300,3.600,6.200,0.500
'[00:00:09.166 01/01/2011]',-0.700,6.300,0.300,3.300,5.800,0.500
'[00:00:09.167 01/01/2011]',-1.300,6.000,0.200,3.100,5.300,0.500
'[00:00:09.168 01/01/2011]',-2.100,5.700,0.000,3.100,5.100,0.500
'[00:00:09.169 01/01/2011]',-2.900,5.700,-0.200,3.400,5.200,0.500
'[00:00:09.170 01/01/2011]',-3.300,6.000,-0.100,3.900,5.900,0.500
'[00:00:09.171 01/01/2011]',-3.400,6.500,0.100,4.300,6.700,0.500
'[00:00:09.172 01/01/2011]',-3.200,6.900,0.400,4.700,7.600,0.500
'[00:00:09.173 01/01/2011]',-2.800,7.200,0.600,5.100,8.200,0.500
'[00:00:09.174 01/01/2011]',-2.400,7.100,0.700,5.300,8.400,0.500
'[00:00:09.175 01/01/2011]',-2.400,6.800,0.600,5.700,8.400,0.500
'[00:00:09.176 01/01/2011]',-2.600,6.600,0.400,6.000,8.400,0.500
'[00:00:09.177 01/01/2011]',-3.200,6.400,0.100,6.400,8.500,0.500
'[00:00:09.178 01/01/2011]',-3.900,6.200,-0.200,6.600,8.600,0.500
'[00:00:09.179 01/01/2011]',-4.800,5.700,-0.500,6.400,8.700,0.500
'[00:00:09.180 01/01/2011]',-5.500,4.900,-0.800,6.100,8.600,0.500
'[00:00:09.181 01/01/2011]',-5.900,3.700,-1.000,5.500,8.300,0.500
'[00:00:09.182 01/01/2011]',-5.900,2.700,-1.200,5.000,8.100,0.500
'[00:00:09.183 01/01/2011]',-5.600,2.000,-1.300,4.500,8.100,0.500
'[00:00:09.184 01/01/2011]',-5.300,1.900,-1.400,4.300,8.500,0.500
'[00:00:09.185 01/01/2011]',-5.200,2.200,-1.500,4.100,9.300,0.500
'[00:00:09.186 01/01/2011]',-5.400,2.500,-1.500,4.100,10.100,0.500
'[00:00:09.187 01/01/2011]',-5.700,2.600,-1.300,4.100,10.800,0.500
'[00:00:09.188 01/01/2011]',-6.100,2.600,-1.100,4.300,11.200,0.500
'[00:00:09.189 01/01/2011]',-6.400,2.600,-0.800,4.700,11.400,0.500
'[00:00:09.190 01/01/2011]',-6.400,2.900,-0.700,5.100,11.600,0.500
'[00:00:09.191 01/01/2011]',-6.200,3.500,-0.600,5.400,11.900,0.500
'[00:00:09.192 01/01/2011]',-5.700,4.100,-0.700,5.700,12.400,0.500
'[00:00:09.193 01/01/2011]',-4.900,4.600,-0.900,6.000,12.900,0.500
'[00:00:09.194 01/01/2011]',-3.700,4.800,-0.900,6.400,13.400,0.500
'[00:00:09.195 01/01/2011]',-2.500,4.800,-0.600,7.100,13.900,0.500
'[00:00:09.196 01/01/2011]',-1.300,4.600,-0.200,7.900,14.300,0.500
'[00:00:09.197 01/01/2011]',-0.600,4.500,0.400,8.500,14.600,0.500
'[00:00:09.198 01/01/2011]',-0.500,4.400,0.900,8.800,15.000,0.500
'[00:00:09.199 01/01/2011]',-0.800,4.200,1.000,8.500,15.200,0.500
'[00:00:09.200 01/01/2011]',-1.100,3.700,0.900,7.800,15.400,0.500
'[00:00:09.201 01/01/2011]',-1.100,2.800,0.600,6.900,15.300,0.500
'[00:00:09.202 01/01/2011]',-0.600,1.900,0.200,6.000,15.100,0.500
'[00:00:09.203 01/01/2011]',0.200,1.000,-0.100,5.500,14.800,0.500
'[00:00:09.204 01/01/2011]',0.800,0.400,-0.300,5.200,14.600,0.500
'[00:00:09.205 01/01/2011]',1.000,0.100,-0.600,5.300,14.700,0.500
'[00:00:09.206 01/01/2011]',0.900,0.000,-0.900,5.600,15.100,0.500
'[00:00:09.207 01/01/2011]',0.700,0.000,-1.100,6.000,15.800,0.500
'[00:00:09.208 01/01/2011]',0.800,0.200,-1.100,6.600,16.800,0.500
'[00:00:09.209 01/01/2011]',1.300,0.600,-0.700,7.400,17.600,0.500
'[00:00:09.210 01/01/2011]',2.100,1.300,0.000,8.100,18.300,0.500
'[00:00:09.211 01/01/2011]',2.900,2.100,0.800,8.800,18.700,0.500
'[00:00:09.212 01/01/2011]',3.500,3.000,1.400,9.300,18.800,0.500
'[00:00:09.213 01/01/2011]',4.000,3.700,1.800,9.500,18.800,0.500
'[00:00:09.214 01/01/2011]',4.600,4.100,1.900,9.500,18.800,0.500
'[00:00:09.215 01/01/2011]',5.300,4.100,1.900,9.300,18.800,0.500
'[00:00:09.216 01/01/2011]',6.100,3.800,1.800,9.100,18.900,0.500
'[00:00:09.217 01/01/2011]',6.700,3.400,1.700,9.000,19.100,0.500
'[00:00:09.218 01/01/2011]',6.800,2.900,1.600,8.900,19.400,0.500
'[00:00:09.219 01/01/2011]',6.600,2.200,1.400,9.000,19.700,0.500
'[00:00:09.220 01/01/2011]',6.100,1.600,1.100,9.100,19.900,0.500
'[00:00:09.221 01/01/2011]',5.700,0.800,0.800,9.200,20.000,0.500
'[00:00:09.222 01/01/2011]',5.800,0.100,0.500,9.100,19.900,0.500
'[00:00:09.223 01/01/2011]',6.300,-0.500,0.400,9.000,19.700,0.500
'[00:00:09.224 01/01/2011]',7.300,-0.900,0.500,8.900,19.400,0.500
'[00:00:09.225 01/01/2011]',8.200,-1.000,0.600,9.000,19.300,0.500
'[00:00:09.226 01/01/2011]',8.800,-0.800,0.900,9.300,19.500,0.500
'[00:00:09.227 01/01/2011]',9.000,-0.700,1.100,9.800,19.900,0.500
'[00:00:09.228 01/01/2011]',8.700,-0.600,1.300,10.300,20.200,0.500
'[00:00:09.229 01/01/2011]',8.200,-0.700,1.400,10.600,20.300,0.500
'[00:00:09.230 01/01/2011]',7.800,-0.800,1.300,10.600,19.900,0.500
'[00:00:09.231 01/01/2011]',7.800,-0.800,1.100,10.500,19.300,0.500
'[00:00:09.232 01/01/2011]',8.400,-0.400,0.800,10.500,18.600,0.500
'[00:00:09.233 01/01/2011]',9.300,0.400,0.500,10.600,18.000,0.500
'[00:00:09.234 01/01/2011]',10.200,1.400,0.400,10.800,17.600,0.500
'[00:00:09.235 01/01/2011]',10.500,2.200,0.300,10.700,17.300,0.500
'[00:00:09.236 01/01/2011]',9.800,2.600,0.400,10.400,17.000,0.500
'[00:00:09.237 01/01/2011]',8.200,2.500,0.600,9.900,16.600,0.500
'[00:00:09.238 01/01/2011]',6.000,2.000,0.700,9.500,16.200,0.500
'[00:00:09.239 01/01/2011]',3.800,1.500,0.700,9.400,16.000,0.500
'[00:00:09.240 01/01/2011]',2.000,1.200,0.700,9.600,15.900,0.500
'[00:00:09.241 01/01/2011]',0.800,1.100,0.800,10.000,15.900,0.500
'[00:00:09.242 01/01/2011]',0.100,1.000,1.000,10.100,16.000,0.500
'[00:00:09.243 01/01/2011]',-0.300,0.800,1.200,9.700,16.000,0.500
'[00:00:09.244 01/01/2011]',-0.200,0.300,1.500,8.900,15.700,0.500
'[00:00:09.245 01/01/2011]',0.200,-0.100,1.800,8.000,15.400,0.500
'[00:00:09.246 01/01/2011]',0.600,-0.400,2.000,7.400,14.900,0.500
'[00:00:09.247 01/01/2011]',0.600,-0.400,2.100,7.100,14.500,0.500
'[00:00:09.248 01/01/2011]',-0.100,0.200,2.100,7.300,14.200,0.500
'[00:00:09.249 01/01/2011]',-1.700,0.900,2.100,7.500,13.800,0.500
'[00:00:09.250 01/01/2011]',-3.800,1.700,2.200,7.600,13.300,0.500
'[00:00:09.251 01/01/2011]',-5.700,2.300,2.300,7.500,12.600,0.500
'[00:00:09.252 01/01/2011]',-6.600,2.500,2.500,7.200,11.900,0.500
'[00:00:09.253 01/01/2011]',-6.500,2.600,2.700,7.000,11.000,0.500
'[00:00:09.254 01/01/2011]',-5.800,2.600,2.800,6.900,10.200,0.500
'[00:00:09.255 01/01/2011]',-5.300,2.800,2.800,7.000,9.500,0.500
'[00:00:09.256 01/01/2011]',-5.600,3.300,2.800,7.200,8.900,0.500
'[00:00:09.257 01/01/2011]',-6.500,3.900,2.700,7.300,8.400,0.500
'[00:00:09.258 01/01/2011]',-7.400,4.300,2.700,7.100,7.900,0.500
'[00:00:09.259 01/01/2011]',-7.800,4.400,2.900,6.600,7.400,0.500
'[00:00:09.260 01/01/2011]',-7.500,4.100,3.200,5.900,6.900,0.500
'[00:00:09.261 01/01/2011]',-7.000,3.500,3.700,5.300,6.500,0.500
'[00:00:09.262 01/01/2011]',-6.800,3.000,4.400,4.900,6.400,0.500
'[00:00:09.263 01/01/2011]',-7.400,2.700,5.000,4.800,6.400,0.500
'[00:00:09.264 01/01/2011]',-8.600,2.900,5.400,5.200,6.500,0.500
'[00:00:09.265 01/01/2011]',-9.900,3.400,5.600,5.600,6.700,0.500
'[00:00:09.266 01/01/2011]',-10.900,3.900,5.600,6.000,6.700,0.500
'[00:00:09.267 01/01/2011]',-11.400,4.300,5.500,6.100,6.500,0.500
'[00:00:09.268 01/01/2011]',-11.700,4.300,5.600,5.900,6.300,0.500
'[00:00:09.269 01/01/2011]',-12.000,4.200,5.800,5.600,6.100,0.500
'[00:00:09.270 01/01/2011]',-12.500,4.300,6.100,5.300,5.900,0.500
'[00:00:09.271 01/01/2011]',-12.800,4.800,6.500,5.300,5.600,0.500
'[00:00:09.272 01/01/2011]',-12.700,5.800,6.900,5.600,5.200,0.500
'[00:00:09.273 01/01/2011]',-12.100,7.000,7.100,6.100,4.700,0.500
'[00:00:09.274 01/01/2011]',-11.500,8.000,7.300,6.600,4.200,0.500
'[00:00:09.275 01/01/2011]',-11.300,8.600,7.600,6.900,3.800,0.500
'[00:00:09.276 01/01/2011]',-11.600,8.600,8.000,6.800,3.600,0.500
'[00:00:09.277 01/01/2011]',-12.500,8.400,8.400,6.600,3.500,0.500
'[00:00:09.278 01/01/2011]',-13.500,8.300,8.900,6.400,3.400,0.500
'[00:00:09.279 01/01/2011]',-14.000,8.500,9.200,6.300,3.100,0.500
'[00:00:09.280 01/01/2011]',-14.000,9.000,9.300,6.500,2.500,0.500
'[00:00:09.281 01/01/2011]',-13.600,9.400,9.300,6.900,1.700,0.500
'[00:00:09.282 01/01/2011]',-13.200,9.400,9.300,7.400,0.900,0.500
'[00:00:09.283 01/01/2011]',-13.000,8.900,9.100,7.700,0.200,0.500
'[00:00:09.284 01/01/2011]',-12.900,8.200,9.000,7.600,-0.200,0.500
'[00:00:09.285 01/01/2011]',-12.800,7.600,8.800,7.100,-0.400,0.500
'[00:00:09.286 01/01/2011]',-12.500,7.300,8.500,6.300,-0.600,0.500
'[00:00:09.287 01/01/2011]',-12.000,7.400,8.200,5.200,-0.900,0.500
'[00:00:09.288 01/01/2011]',-11.600,7.700,7.900,4.300,-1.500,0.500
'[00:00:09.289 01/01/2011]',-11.500,8.100,7.600,3.700,-2.200,0.500
'[00:00:09.290 01/01/2011]',-11.800,8.400,7.300,3.600,-2.900,0.500
'[00:00:09.291 01/01/2011]',-12.500,8.600,7.200,3.900,-3.400,0.500
'[00:00:09.292 01/01/2011]',-13.100,9.000,7.000,4.500,-3.600,0.500
'[00:00:09.293 01/01/2011]',-13.600,9.300,6.800,5.100,-3.600,0.500
'[00:00:09.294 01/01/2011]',-13.600,9.600,6.600,5.400,-3.600,0.500
'[00:00:09.295 01/01/2011]',-13.300,9.800,6.400,5.300,-3.900,0.500
'[00:00:09.296 01/01/2011]',-12.700,9.900,6.200,5.000,-4.400,0.500
'[00:00:09.297 01/01/2011]',-12.100,9.900,6.100,4.600,-5.100,0.500
'[00:00:09.298 01/01/2011]',-11.700,10.100,5.900,4.200,-5.700,0.500
'[00:00:09.299 01/01/2011]',-11.700,10.400,5.700,3.900,-6.000,0.500
'[00:00:09.300 01/01/2011]',-12.000,10.600,5.500,3.800,-6.000,0.500
'[00:00:09.301 01/01/2011]',-12.300,10.600,5.300,3.700,-5.800,0.500
'[00:00:09.302 01/01/2011]',-12.300,10.100,5.000,3.700,-5.800,0.500
'[00:00:09.303 01/01/2011]',-11.900,9.400,4.900,3.700,-6.000,0.500
'[00:00:09.304 01/01/2011]',-11.300,8.700,4.700,3.600,-6.500,0.500
'[00:00:09.305 01/01/2011]',-10.600,8.200,4.600,3.500,-7.100,0.500
'[00:00:09.306 01/01/2011]',-10.000,7.900,4.600,3.400,-7.500,0.500
'[00:00:09.307 01/01/2011]',-9.700,7.800,4.500,3.100,-7.600,0.500
'[00:00:09.308 01/01/2011]',-9.700,7.800,4.600,2.800,-7.500,0.500
'[00:00:09.309 01/01/2011]',-9.700,7.700,4.700,2.500,-7.200,0.500
'[00:00:09.310 01/01/2011]',-9.800,7.600,4.900,2.300,-7.000,0.500
'[00:00:09.311 01/01/2011]',-10.100,7.800,5.000,2.300,-7.000,0.500
'[00:00:09.312 01/01/2011]',-10.700,8.100,4.900,2.500,-7.200,0.500
'[00:00:09.313 01/01/2011]',-11.400,8.700,4.600,2.700,-7.600,0.500
'[00:00:09.314 01/01/2011]',-12.100,9.200,3.900,2.900,-8.000,0.500
'[00:00:09.315 01/01/2011]',-12.700,9.400,3.000,2.900,-8.600,0.500
'[00:00:09.316 01/01/2011]',-13.300,9.400,2.000,2.700,-9.300,0.500
'[00:00:09.317 01/01/2011]',-14.200,9.200,1.000,2.300,-10.100,0.500
'[00:00:09.318 01/01/2011]',-15.400,9.000,0.400,2.100,-10.700,0.500
'[00:00:09.319 01/01/2011]',-16.700,9.100,0.400,2.200,-10.800,0.500
'[00:00:09.320 01/01/2011]',-17.400,9.300,1.200,2.800,-10.300,0.500
'[00:00:09.321 01/01/2011]',-16.800,9.600,2.500,3.800,-9.300,0.500
'[00:00:09.322 01/01/2011]',-14.100,9.600,4.200,4.800,-8.100,0.500
'[00:00:09.323 01/01/2011]',-9.500,9.400,5.700,5.600,-7.100,0.500
'[00:00:09.324 01/01/2011]',-3.500,8.900,6.700,6.000,-6.600,0.500
'[00:00:09.325 01/01/2011]',3.100,8.500,7.300,6.100,-6.300,0.500
'[00:00:09.326 01/01/2011]',10.200,8.400,7.900,6.200,-5.700,0.500
'[00:00:09.327 01/01/2011]',17.900,8.900,9.000,7.000,-4.400,0.500
'[00:00:09.328 01/01/2011]',26.600,9.900,10.600,8.400,-2.500,0.500
'[00:00:09.329 01/01/2011]',36.301,11.100,12.700,10.200,-0.300,0.500
'[00:00:09.330 01/01/2011]',46.201,12.000,14.800,11.800,1.600,0.500
'[00:00:09.331 01/01/2011]',55.001,12.600,16.600,12.800,3.000,0.500
'[00:00:09.332 01/01/2011]',61.701,12.900,17.900,13.100,3.900,0.500
'[00:00:09.333 01/01/2011]',65.701,13.100,19.000,13.000,4.700,0.500
'[00:00:09.334 01/01/2011]',67.501,13.500,20.300,13.200,6.200,0.500
'[00:00:09.335 01/01/2011]',68.201,14.200,22.100,14.100,8.300,0.500
'[00:00:09.336 01/01/2011]',68.601,15.100,24.100,15.400,10.900,0.500
'[00:00:09.337 01/01/2011]',68.901,16.100,25.900,16.800,13.300,0.500
'[00:00:09.338 01/01/2011]',69.001,16.700,27.000,17.800,15.100,0.500
'[00:00:09.339 01/01/2011]',68.301,16.900,27.300,18.000,15.900,0.500
'[00:00:09.340 01/01/2011]',66.701,16.700,26.900,17.700,15.900,0.500
'[00:00:09.341 01/01/2011]',64.301,16.100,26.200,17.300,15.500,0.500
'[00:00:09.342 01/01/2011]',61.801,15.500,25.500,17.000,15.000,0.500
'[00:00:09.343 01/01/2011]',59.601,14.800,25.000,16.800,14.500,0.500
'[00:00:09.344 01/01/2011]',57.701,14.200,24.400,16.600,13.800,0.500
'[00:00:09.345 01/01/2011]',55.601,13.700,23.300,15.800,12.700,0.500
'[00:00:09.346 01/01/2011]',52.301,13.200,21.500,14.300,11.000,0.500
'[00:00:09.347 01/01/2011]',46.901,12.600,18.800,12.200,8.500,0.500
'[00:00:09.348 01/01/2011]',38.801,12.100,15.500,9.700,5.200,0.500
'[00:00:09.349 01/01/2011]',27.900,11.600,11.800,7.500,1.400,0.500
'[00:00:09.350 01/01/2011]',14.900,11.000,8.200,5.800,-2.500,0.500
'[00:00:09.351 01/01/2011]',0.900,10.600,5.000,4.800,-5.800,0.500
'[00:00:09.352 01/01/2011]',-12.400,10.400,2.700,4.500,-8.100,0.500
'[00:00:09.353 01/01/2011]',-23.400,10.600,1.400,4.600,-9.100,0.500
'[00:00:09.354 01/01/2011]',-31.000,11.200,1.300,5.000,-8.800,0.500
'[00:00:09.355 01/01/2011]',-34.601,12.000,2.100,5.500,-7.800,0.500
'[00:00:09.356 01/01/2011]',-34.101,12.800,3.500,6.000,-6.700,0.500
'[00:00:09.357 01/01/2011]',-30.200,13.400,5.100,6.400,-5.800,0.500
'[00:00:09.358 01/01/2011]',-24.000,13.600,6.600,6.500,-5.300,0.500
'[00:00:09.359 01/01/2011]',-16.800,13.200,7.500,6.500,-5.200,0.500
'[00:00:09.360 01/01/2011]',-10.100,12.500,7.900,6.300,-5.200,0.500
'[00:00:09.361 01/01/2011]',-4.700,11.700,7.800,5.900,-5.400,0.500
'[00:00:09.362 01/01/2011]',-1.300,10.800,7.500,5.500,-5.600,0.500
'[00:00:09.363 01/01/2011]',0.200,10.200,7.100,5.200,-5.800,0.500
'[00:00:09.364 01/01/2011]',0.500,9.800,6.900,4.900,-5.900,0.500
'[00:00:09.365 01/01/2011]',0.300,9.500,6.900,4.700,-5.800,0.500
'[00:00:09.366 01/01/2011]',0.100,9.300,7.000,4.700,-5.500,0.500
'[00:00:09.367 01/01/2011]',0.200,9.100,7.200,4.800,-5.000,0.500
'[00:00:09.368 01/01/2011]',0.400,9.100,7.400,4.900,-4.500,0.500
'[00:00:09.369 01/01/2011]',0.400,9.200,7.400,5.000,-4.100,0.500
'[00:00:09.370 01/01/2011]',-0.100,9.700,7.400,5.200,-3.900,0.500
'[00:00:09.371 01/01/2011]',-1.100,10.300,7.400,5.500,-3.900,0.500
'[00:00:09.372 01/01/2011]',-2.200,10.900,7.500,5.800,-3.900,0.500
'[00:00:09.373 01/01/2011]',-3.200,11.300,7.600,6.200,-3.900,0.500
'[00:00:09.374 01/01/2011]',-3.700,11.400,7.800,6.400,-3.700,0.500
'[00:00:09.375 01/01/2011]',-3.400,11.200,8.000,6.600,-3.600,0.500
'[00:00:09.376 01/01/2011]',-2.500,10.800,8.000,6.500,-3.400,0.500
'[00:00:09.377 01/01/2011]',-1.300,10.600,7.900,6.300,-3.400,0.500
'[00:00:09.378 01/01/2011]',-0.300,10.500,7.800,6.000,-3.400,0.500
'[00:00:09.379 01/01/2011]',0.100,10.600,7.500,5.500,-3.500,0.500
'[00:00:09.380 01/01/2011]',-0.400,10.600,7.200,4.900,-3.600,0.500
'[00:00:09.381 01/01/2011]',-1.400,10.200,6.700,4.400,-3.900,0.500
'[00:00:09.382 01/01/2011]',-2.100,9.400,6.300,4.000,-4.300,0.500
'[00:00:09.383 01/01/2011]',-2.100,8.400,5.900,4.000,-4.800,0.500
'[00:00:09.384 01/01/2011]',-1.400,7.500,5.800,4.200,-5.200,0.500
'[00:00:09.385 01/01/2011]',-0.300,7.000,6.000,4.600,-5.500,0.500
'[00:00:09.386 01/01/2011]',0.200,7.100,6.300,5.000,-5.500,0.500
'[00:00:09.387 01/01/2011]',-0.200,7.600,6.700,5.200,-5.400,0.500
'[00:00:09.388 01/01/2011]',-1.400,8.400,6.900,5.200,-5.300,0.500
'[00:00:09.389 01/01/2011]',-2.800,9.000,6.600,5.100,-5.300,0.500
'[00:00:09.390 01/01/2011]',-3.500,9.300,6.100,5.000,-5.500,0.500
'[00:00:09.391 01/01/2011]',-3.100,9.200,5.600,5.100,-5.800,0.500
'[00:00:09.392 01/01/2011]',-1.700,8.900,5.200,5.200,-6.300,0.500
'[00:00:09.393 01/01/2011]',0.000,8.600,5.300,5.300,-6.700,0.500
'[00:00:09.394 01/01/2011]',1.100,8.500,5.600,5.200,-7.000,0.500
'[00:00:09.395 01/01/2011]',1.200,8.800,6.100,5.000,-7.100,0.500
'[00:00:09.396 01/01/2011]',0.100,9.200,6.400,4.600,-7.100,0.500
'[00:00:09.397 01/01/2011]',-1.600,9.600,6.600,4.300,-6.900,0.500
'[00:00:09.398 01/01/2011]',-2.900,9.900,6.700,4.100,-6.600,0.500
'[00:00:09.399 01/01/2011]',-3.100,9.900,6.900,4.100,-6.400,0.500
'[00:00:09.400 01/01/2011]',-1.900,9.600,7.200,4.200,-6.300,0.500
'[00:00:09.401 01/01/2011]',0.300,9.100,7.500,4.300,-6.300,0.500
'[00:00:09.402 01/01/2011]',2.700,8.600,7.500,4.500,-6.500,0.500
'[00:00:09.403 01/01/2011]',4.700,8.300,7.100,4.700,-6.700,0.500
'[00:00:09.404 01/01/2011]',5.600,8.200,6.300,4.800,-6.800,0.500
'[00:00:09.405 01/01/2011]',5.300,8.400,5.300,4.900,-6.900,0.500
'[00:00:09.406 01/01/2011]',4.200,8.800,4.400,4.800,-6.900,0.500
'[00:00:09.407 01/01/2011]',2.900,9.100,4.100,4.700,-6.900,0.500
'[00:00:09.408 01/01/2011]',1.900,9.400,4.300,4.500,-6.900,0.500
'[00:00:09.409 01/01/2011]',1.200,9.500,4.700,4.100,-6.900,0.500
'[00:00:09.410 01/01/2011]',0.900,9.500,5.100,3.800,-6.900,0.500
'[00:00:09.411 01/01/2011]',1.000,9.500,5.100,3.400,-6.900,0.500
'[00:00:09.412 01/01/2011]',1.200,9.500,4.900,3.100,-7.000,0.500
'[00:00:09.413 01/01/2011]',1.500,9.500,4.400,2.900,-7.000,0.500
'[00:00:09.414 01/01/2011]',1.800,9.400,4.100,2.700,-6.900,0.500
'[00:00:09.415 01/01/2011]',1.900,9.100,4.000,2.500,-6.900,0.500
'[00:00:09.416 01/01/2011]',1.600,8.700,4.200,2.200,-7.000,0.500
'[00:00:09.417 01/01/2011]',1.100,8.400,4.200,1.800,-7.300,0.500
'[00:00:09.418 01/01/2011]',0.700,8.100,4.100,1.300,-7.600,0.500
'[00:00:09.419 01/01/2011]',0.800,8.100,3.700,0.700,-8.000,0.500
'[00:00:09.420 01/01/2011]',1.300,8.100,3.100,0.200,-8.300,0.500
'[00:00:09.421 01/01/2011]',2.000,8.100,2.700,-0.100,-8.300,0.500
'[00:00:09.422 01/01/2011]',2.400,7.900,2.500,-0.100,-8.100,0.500
'[00:00:09.423 01/01/2011]',2.300,7.800,2.600,0.300,-7.800,0.500
'[00:00:09.424 01/01/2011]',1.600,7.600,2.900,0.800,-7.700,0.500
'[00:00:09.425 01/01/2011]',0.900,7.600,3.100,1.300,-7.800,0.500
'[00:00:09.426 01/01/2011]',0.700,7.800,3.200,1.500,-8.300,0.500
'[00:00:09.427 01/01/2011]',1.300,8.000,3.000,1.400,-8.800,0.500
'[00:00:09.428 01/01/2011]',2.700,8.200,2.700,1.000,-9.200,0.500
'[00:00:09.429 01/01/2011]',4.200,8.100,2.500,0.700,-9.300,0.500
'[00:00:09.430 01/01/2011]',5.200,8.000,2.600,0.600,-9.100,0.500
'[00:00:09.431 01/01/2011]',5.300,7.900,2.800,0.700,-9.000,0.500
'[00:00:09.432 01/01/2011]',4.600,8.000,3.100,1.000,-9.000,0.500
'[00:00:09.433 01/01/2011]',3.500,8.300,3.400,1.200,-9.200,0.500
'[00:00:09.434 01/01/2011]',2.500,8.500,3.700,1.400,-9.400,0.500
'[00:00:09.435 01/01/2011]',2.200,8.500,3.800,1.300,-9.500,0.500
'[00:00:09.436 01/01/2011]',2.500,8.300,3.900,1.100,-9.300,0.500
'[00:00:09.437 01/01/2011]',3.100,7.900,3.800,0.800,-9.000,0.500
'[00:00:09.438 01/01/2011]',3.400,7.600,3.600,0.500,-8.800,0.500
'[00:00:09.439 01/01/2011]',3.100,7.400,3.200,0.300,-8.900,0.500
'[00:00:09.440 01/01/2011]',2.200,7.400,2.600,0.000,-9.400,0.500
'[00:00:09.441 01/01/2011]',1.400,7.300,1.800,-0.300,-10.200,0.500
'[00:00:09.442 01/01/2011]',1.200,7.000,1.000,-0.500,-10.900,0.500
'[00:00:09.443 01/01/2011]',1.900,6.500,0.300,-0.800,-11.300,0.500
'[00:00:09.444 01/01/2011]',3.400,6.000,-0.100,-0.900,-11.300,0.500
'[00:00:09.445 01/01/2011]',5.100,5.700,-0.200,-0.900,-11.100,0.500
'[00:00:09.446 01/01/2011]',6.300,5.700,-0.100,-0.800,-10.900,0.500
'[00:00:09.447 01/01/2011]',6.700,6.000,0.200,-0.900,-11.000,0.500
'[00:00:09.448 01/01/2011]',6.300,6.300,0.500,-1.100,-11.500,0.500
'[00:00:09.449 01/01/2011]',5.800,6.300,0.500,-1.400,-12.200,0.500
'[00:00:09.450 01/01/2011]',5.400,6.000,0.400,-1.700,-13.000,0.500
'[00:00:09.451 01/01/2011]',5.500,5.700,0.200,-1.800,-13.500,0.500
'[00:00:09.452 01/01/2011]',5.800,5.600,0.100,-1.700,-13.800,0.500
'[00:00:09.453 01/01/2011]',6.100,6.000,0.200,-1.400,-13.700,0.500
'[00:00:09.454 01/01/2011]',6.300,6.800,0.500,-1.200,-13.500,0.500
'[00:00:09.455 01/01/2011]',6.300,7.700,1.000,-1.000,-13.300,0.500
'[00:00:09.456 01/01/2011]',6.500,8.200,1.500,-1.000,-13.200,0.500
'[00:00:09.457 01/01/2011]',7.200,8.100,1.700,-1.100,-13.200,0.500
'[00:00:09.458 01/01/2011]',8.300,7.500,1.400,-1.300,-13.400,0.500
'[00:00:09.459 01/01/2011]',9.500,6.700,0.900,-1.400,-13.600,0.500
'[00:00:09.460 01/01/2011]',10.100,6.100,0.300,-1.400,-13.800,0.500
'[00:00:09.461 01/01/2011]',9.900,5.800,-0.100,-1.500,-13.900,0.500
'[00:00:09.462 01/01/2011]',8.900,5.900,-0.400,-1.700,-14.000,0.500
'[00:00:09.463 01/01/2011]',7.800,5.900,-0.500,-2.000,-14.100,0.500
'[00:00:09.464 01/01/2011]',7.400,5.700,-0.600,-2.500,-14.400,0.500
'[00:00:09.465 01/01/2011]',7.900,5.300,-0.900,-3.000,-14.900,0.500
'[00:00:09.466 01/01/2011]',9.300,4.700,-1.300,-3.500,-15.500,0.500
'[00:00:09.467 01/01/2011]',10.600,4.100,-1.700,-3.900,-16.200,0.500
'[00:00:09.468 01/01/2011]',11.100,3.800,-2.200,-4.100,-16.900,0.500
'[00:00:09.469 01/01/2011]',10.300,3.700,-2.700,-4.100,-17.400,0.500
'[00:00:09.470 01/01/2011]',8.700,3.700,-3.200,-4.000,-17.900,0.500
'[00:00:09.471 01/01/2011]',7.100,3.700,-3.700,-4.000,-18.400,0.500
'[00:00:09.472 01/01/2011]',6.600,3.700,-4.300,-4.200,-18.900,0.500
'[00:00:09.473 01/01/2011]',7.300,3.800,-4.800,-4.500,-19.400,0.500
'[00:00:09.474 01/01/2011]',8.800,4.000,-5.100,-4.800,-19.700,0.500
'[00:00:09.475 01/01/2011]',10.100,4.400,-5.100,-5.000,-19.600,0.500
'[00:00:09.476 01/01/2011]',10.400,5.000,-5.000,-4.900,-19.100,0.500
'[00:00:09.477 01/01/2011]',9.700,5.600,-4.800,-4.600,-18.400,0.500
'[00:00:09.478 01/01/2011]',8.700,6.200,-4.700,-4.100,-17.700,0.500
'[00:00:09.479 01/01/2011]',8.100,6.400,-4.700,-3.600,-17.300,0.500
'[00:00:09.480 01/01/2011]',8.700,6.500,-4.800,-3.300,-17.300,0.500
'[00:00:09.481 01/01/2011]',10.300,6.200,-4.900,-3.200,-17.600,0.500
'[00:00:09.482 01/01/2011]',12.300,5.700,-5.000,-3.300,-17.900,0.500
'[00:00:09.483 01/01/2011]',13.900,5.100,-5.200,-3.800,-18.100,0.500
'[00:00:09.484 01/01/2011]',14.400,4.500,-5.500,-4.300,-18.100,0.500
'[00:00:09.485 01/01/2011]',14.100,3.900,-5.800,-4.900,-17.900,0.500
'[00:00:09.486 01/01/2011]',13.100,3.500,-6.100,-5.400,-17.500,0.500
'[00:00:09.487 01/01/2011]',12.200,3.400,-6.200,-5.700,-17.100,0.500
'[00:00:09.488 01/01/2011]',11.700,3.500,-6.100,-5.700,-16.700,0.500
'[00:00:09.489 01/01/2011]',11.700,3.900,-6.000,-5.300,-16.300,0.500
'[00:00:09.490 01/01/2011]',12.100,4.300,-5.700,-4.600,-16.000,0.500
'[00:00:09.491 01/01/2011]',12.800,4.800,-5.500,-3.800,-15.600,0.500
'[00:00:09.492 01/01/2011]',13.600,5.200,-5.500,-3.200,-15.500,0.500
'[00:00:09.493 01/01/2011]',14.500,5.600,-5.500,-3.100,-15.500,0.500
'[00:00:09.494 01/01/2011]',15.200,5.900,-5.700,-3.500,-15.900,0.500
'[00:00:09.495 01/01/2011]',15.600,5.900,-6.000,-4.300,-16.400,0.500
'[00:00:09.496 01/01/2011]',15.500,5.800,-6.300,-5.200,-17.100,0.500
'[00:00:09.497 01/01/2011]',14.800,5.500,-6.500,-6.100,-17.700,0.500
'[00:00:09.498 01/01/2011]',13.900,5.100,-6.700,-6.700,-18.100,0.500
'[00:00:09.499 01/01/2011]',13.100,4.600,-6.800,-6.900,-18.100,0.500
'[00:00:09.500 01/01/2011]',12.500,4.300,-6.600,-6.800,-17.900,0.500
'[00:00:09.501 01/01/2011]',12.300,4.100,-6.200,-6.500,-17.500,0.500
'[00:00:09.502 01/01/2011]',12.300,4.000,-5.800,-6.100,-17.200,0.500
'[00:00:09.503 01/01/2011]',12.400,4.000,-5.500,-5.800,-16.800,0.500
'[00:00:09.504 01/01/2011]',12.400,4.000,-5.300,-5.700,-16.600,0.500
'[00:00:09.505 01/01/2011]',12.400,3.900,-5.400,-5.800,-16.300,0.500
'[00:00:09.506 01/01/2011]',12.500,3.800,-5.600,-5.900,-16.000,0.500
'[00:00:09.507 01/01/2011]',12.800,3.700,-5.700,-6.200,-15.600,0.500
'[00:00:09.508 01/01/2011]',13.300,3.700,-5.700,-6.400,-15.400,0.500
'[00:00:09.509 01/01/2011]',13.700,3.900,-5.400,-6.600,-15.300,0.500
'[00:00:09.510 01/01/2011]',13.900,4.200,-5.100,-6.800,-15.500,0.500
'[00:00:09.511 01/01/2011]',13.900,4.700,-5.000,-7.100,-15.800,0.500
'[00:00:09.512 01/01/2011]',13.700,5.100,-5.000,-7.300,-16.100,0.500
'[00:00:09.513 01/01/2011]',13.700,5.300,-5.300,-7.600,-16.400,0.500
'[00:00:09.514 01/01/2011]',13.700,5.300,-5.800,-7.800,-16.500,0.500
'[00:00:09.515 01/01/2011]',13.800,5.200,-6.200,-7.900,-16.600,0.500
'[00:00:09.516 01/01/2011]',13.800,4.900,-6.500,-8.000,-16.700,0.500
'[00:00:09.517 01/01/2011]',13.600,4.500,-6.800,-8.300,-16.800,0.500
'[00:00:09.518 01/01/2011]',13.200,4.100,-7.000,-8.600,-16.900,0.500
'[00:00:09.519 01/01/2011]',12.800,3.500,-7.200,-9.000,-17.000,0.500
'[00:00:09.520 01/01/2011]',12.700,2.900,-7.500,-9.400,-17.100,0.500
'[00:00:09.521 01/01/2011]',12.800,2.200,-7.700,-9.600,-17.200,0.500
'[00:00:09.522 01/01/2011]',13.100,1.700,-7.900,-9.500,-17.400,0.500
'[00:00:09.523 01/01/2011]',13.300,1.300,-8.000,-9.400,-17.500,0.500
'[00:00:09.524 01/01/2011]',13.300,1.200,-8.000,-9.400,-17.500,0.500
'[00:00:09.525 01/01/2011]',13.100,1.100,-8.000,-9.900,-17.300,0.500
'[00:00:09.526 01/01/2011]',12.800,1.000,-8.100,-10.600,-17.100,0.500
'[00:00:09.527 01/01/2011]',12.900,0.800,-8.400,-11.500,-17.000,0.500
'[00:00:09.528 01/01/2011]',13.200,0.500,-8.900,-12.300,-17.000,0.500
'[00:00:09.529 01/01/2011]',13.800,0.400,-9.400,-12.500,-17.300,0.500
'[00:00:09.530 01/01/2011]',14.300,0.700,-9.700,-12.200,-17.600,0.500
'[00:00:09.531 01/01/2011]',14.400,1.500,-9.900,-11.500,-17.800,0.500
'[00:00:09.532 01/01/2011]',13.900,2.400,-9.700,-10.800,-17.900,0.500
'[00:00:09.533 01/01/2011]',12.900,3.200,-9.300,-10.200,-17.800,0.500
'[00:00:09.534 01/01/2011]',11.900,3.500,-9.000,-9.900,-17.800,0.500
'[00:00:09.535 01/01/2011]',11.200,3.200,-8.700,-9.900,-17.800,0.500
'[00:00:09.536 01/01/2011]',11.100,2.500,-8.500,-9.900,-17.800,0.500
'[00:00:09.537 01/01/2011]',11.800,1.900,-8.500,-9.800,-17.900,0.500
'[00:00:09.538 01/01/2011]',13.000,1.500,-8.500,-9.500,-17.900,0.500
'[00:00:09.539 01/01/2011]',14.300,1.300,-8.500,-9.300,-17.800,0.500
'[00:00:09.540 01/01/2011]',15.300,1.300,-8.500,-9.400,-17.700,0.500
'[00:00:09.541 01/01/2011]',15.800,1.000,-8.600,-9.800,-17.800,0.500
'[00:00:09.542 01/01/2011]',16.000,0.500,-8.800,-10.500,-18.000,0.500
'[00:00:09.543 01/01/2011]',16.100,0.000,-9.100,-11.200,-18.200,0.500
'[00:00:09.544 01/01/2011]',16.200,-0.600,-9.200,-11.600,-18.200,0.500
'[00:00:09.545 01/01/2011]',16.400,-0.900,-9.000,-11.400,-18.000,0.500
'[00:00:09.546 01/01/2011]',16.500,-1.100,-8.700,-10.900,-17.600,0.500
'[00:00:09.547 01/01/2011]',16.400,-1.200,-8.400,-10.400,-17.400,0.500
'[00:00:09.548 01/01/2011]',16.200,-1.600,-8.300,-10.300,-17.500,0.500
'[00:00:09.549 01/01/2011]',16.000,-2.100,-8.700,-10.800,-17.900,0.500
'[00:00:09.550 01/01/2011]',16.000,-2.700,-9.300,-11.700,-18.400,0.500
'[00:00:09.551 01/01/2011]',16.200,-3.000,-9.900,-12.600,-18.600,0.500
'[00:00:09.552 01/01/2011]',16.500,-2.900,-10.200,-13.100,-18.400,0.500
'[00:00:09.553 01/01/2011]',16.700,-2.400,-10.000,-12.900,-17.800,0.500
'[00:00:09.554 01/01/2011]',16.800,-1.600,-9.400,-12.200,-16.900,0.500
'[00:00:09.555 01/01/2011]',16.800,-0.900,-8.800,-11.300,-16.200,0.500
'[00:00:09.556 01/01/2011]',17.000,-0.600,-8.300,-10.700,-15.800,0.500
'[00:00:09.557 01/01/2011]',17.300,-0.600,-8.200,-10.600,-15.800,0.500
'[00:00:09.558 01/01/2011]',17.500,-0.900,-8.400,-10.900,-16.000,0.500
'[00:00:09.559 01/01/2011]',17.200,-1.400,-8.700,-11.400,-16.200,0.500
'[00:00:09.560 01/01/2011]',16.600,-1.900,-8.900,-11.800,-16.400,0.500
'[00:00:09.561 01/01/2011]',15.600,-2.200,-8.900,-12.000,-16.500,0.500
'[00:00:09.562 01/01/2011]',14.800,-2.400,-8.800,-11.800,-16.600,0.500
'[00:00:09.563 01/01/2011]',14.400,-2.500,-8.500,-11.500,-16.600,0.500
'[00:00:09.564 01/01/2011]',14.500,-2.500,-8.200,-11.100,-16.700,0.500
'[00:00:09.565 01/01/2011]',14.900,-2.600,-7.900,-10.700,-16.600,0.500
'[00:00:09.566 01/01/2011]',15.200,-2.800,-7.600,-10.500,-16.500,0.500
'[00:00:09.567 01/01/2011]',15.100,-3.100,-7.400,-10.400,-16.300,0.500
'[00:00:09.568 01/01/2011]',14.700,-3.500,-7.400,-10.400,-16.100,0.500
'[00:00:09.569 01/01/2011]',14.200,-3.800,-7.500,-10.400,-16.000,0.500
'[00:00:09.570 01/01/2011]',13.700,-3.900,-7.800,-10.200,-15.900,0.500
'[00:00:09.571 01/01/2011]',13.500,-3.600,-8.000,-9.600,-16.000,0.500
'[00:00:09.572 01/01/2011]',13.600,-2.900,-8.000,-8.800,-15.900,0.500
'[00:00:09.573 01/01/2011]',13.800,-2.200,-7.800,-8.100,-15.800,0.500
'[00:00:09.574 01/01/2011]',14.000,-1.600,-7.500,-7.600,-15.600,0.500
'[00:00:09.575 01/01/2011]',13.900,-1.500,-7.100,-7.500,-15.400,0.500
'[00:00:09.576 01/01/2011]',13.300,-1.800,-6.700,-7.900,-15.200,0.500
'[00:00:09.577 01/01/2011]',12.200,-2.200,-6.600,-8.600,-15.300,0.500
'[00:00:09.578 01/01/2011]',11.000,-2.400,-6.600,-9.200,-15.600,0.500
'[00:00:09.579 01/01/2011]',10.000,-2.400,-6.800,-9.600,-16.100,0.500
'[00:00:09.580 01/01/2011]',9.600,-2.200,-7.100,-9.900,-16.600,0.500
'[00:00:09.581 01/01/2011]',9.900,-2.100,-7.600,-10.200,-17.300,0.500
'[00:00:09.582 01/01/2011]',10.200,-2.400,-8.100,-10.800,-18.000,0.500
'[00:00:09.583 01/01/2011]',10.000,-2.900,-8.700,-11.500,-18.700,0.500
'[00:00:09.584 01/01/2011]',8.900,-3.600,-9.400,-12.300,-19.300,0.500
'[00:00:09.585 01/01/2011]',7.200,-4.200,-10.100,-12.900,-19.700,0.500
'[00:00:09.586 01/01/2011]',5.500,-4.500,-10.700,-13.200,-19.900,0.500
'[00:00:09.587 01/01/2011]',4.500,-4.700,-11.000,-13.200,-19.900,0.500
'[00:00:09.588 01/01/2011]',4.500,-5.100,-11.200,-13.000,-19.700,0.500
'[00:00:09.589 01/01/2011]',5.400,-5.600,-11.200,-12.800,-19.500,0.500
'[00:00:09.590 01/01/2011]',6.400,-6.100,-11.000,-12.700,-19.200,0.500
'[00:00:09.591 01/01/2011]',6.900,-6.400,-10.600,-12.800,-18.900,0.500
'[00:00:09.592 01/01/2011]',6.400,-6.200,-10.100,-12.800,-18.500,0.500
'[00:00:09.593 01/01/2011]',5.200,-5.500,-9.600,-12.700,-18.100,0.500
'[00:00:09.594 01/01/2011]',3.700,-4.600,-9.100,-12.400,-17.600,0.500
'[00:00:09.595 01/01/2011]',2.400,-3.700,-9.000,-12.100,-17.400,0.500
'[00:00:09.596 01/01/2011]',1.600,-3.100,-9.200,-11.700,-17.300,0.500
'[00:00:09.597 01/01/2011]',1.400,-2.700,-9.600,-11.400,-17.300,0.500
'[00:00:09.598 01/01/2011]',1.600,-2.500,-9.900,-11.400,-17.300,0.500
'[00:00:09.599 01/01/2011]',2.000,-2.300,-10.000,-11.500,-17.200,0.500
'[00:00:09.600 01/01/2011]',2.200,-2.400,-9.700,-11.700,-16.900,0.500
'[00:00:09.601 01/01/2011]',2.000,-2.700,-9.200,-11.900,-16.700,0.500
'[00:00:09.602 01/01/2011]',1.500,-3.500,-8.900,-12.000,-16.700,0.500
'[00:00:09.603 01/01/2011]',0.900,-4.400,-9.000,-12.000,-16.900,0.500
'[00:00:09.604 01/01/2011]',0.400,-5.200,-9.500,-12.100,-17.100,0.500
'[00:00:09.605 01/01/2011]',0.200,-5.400,-10.100,-12.200,-17.200,0.500
'[00:00:09.606 01/01/2011]',0.200,-5.100,-10.300,-12.600,-16.900,0.500
'[00:00:09.607 01/01/2011]',0.100,-4.500,-10.100,-13.100,-16.500,0.500
'[00:00:09.608 01/01/2011]',-0.400,-4.000,-9.600,-13.600,-16.200,0.500
'[00:00:09.609 01/01/2011]',-1.300,-4.000,-9.200,-13.800,-16.200,0.500
'[00:00:09.610 01/01/2011]',-2.200,-4.500,-9.300,-13.700,-16.600,0.500
'[00:00:09.611 01/01/2011]',-2.800,-5.200,-9.900,-13.400,-17.200,0.500
'[00:00:09.612 01/01/2011]',-3.200,-5.700,-10.800,-13.000,-17.800,0.500
'[00:00:09.613 01/01/2011]',-3.300,-5.800,-11.600,-13.000,-18.100,0.500
'[00:00:09.614 01/01/2011]',-3.400,-5.500,-12.200,-13.400,-18.000,0.500
'[00:00:09.615 01/01/2011]',-3.700,-5.100,-12.400,-14.000,-17.800,0.500
'[00:00:09.616 01/01/2011]',-3.800,-4.700,-12.500,-14.700,-17.600,0.500
'[00:00:09.617 01/01/2011]',-3.700,-4.500,-12.700,-15.100,-17.800,0.500
'[00:00:09.618 01/01/2011]',-3.400,-4.500,-13.000,-15.200,-18.300,0.500
'[00:00:09.619 01/01/2011]',-3.300,-4.800,-13.500,-14.900,-19.000,0.500
'[00:00:09.620 01/01/2011]',-3.800,-5.200,-13.800,-14.600,-19.700,0.500
'[00:00:09.621 01/01/2011]',-4.800,-5.700,-13.700,-14.400,-20.100,0.500
'[00:00:09.622 01/01/2011]',-6.100,-6.200,-13.400,-14.500,-20.200,0.500
'[00:00:09.623 01/01/2011]',-7.000,-6.400,-12.800,-14.600,-20.000,0.500
'[00:00:09.624 01/01/2011]',-6.900,-6.300,-12.300,-14.600,-19.500,0.500
'[00:00:09.625 01/01/2011]',-5.900,-5.900,-12.000,-14.300,-19.000,0.500
'[00:00:09.626 01/01/2011]',-4.700,-5.500,-11.800,-13.800,-18.500,0.500
'[00:00:09.627 01/01/2011]',-4.000,-5.200,-11.700,-13.400,-18.100,0.500
'[00:00:09.628 01/01/2011]',-4.100,-5.300,-11.500,-13.300,-17.800,0.500
'[00:00:09.629 01/01/2011]',-4.800,-5.600,-11.100,-13.500,-17.700,0.500
'[00:00:09.630 01/01/2011]',-5.200,-5.900,-10.900,-14.000,-17.800,0.500
'[00:00:09.631 01/01/2011]',-5.000,-5.800,-10.800,-14.400,-18.000,0.500
'[00:00:09.632 01/01/2011]',-4.300,-5.500,-11.000,-14.500,-18.300,0.500
'[00:00:09.633 01/01/2011]',-4.000,-5.000,-11.500,-14.100,-18.600,0.500
'[00:00:09.634 01/01/2011]',-4.700,-4.800,-11.900,-13.500,-18.700,0.500
'[00:00:09.635 01/01/2011]',-6.700,-4.800,-12.000,-12.900,-18.600,0.500
'[00:00:09.636 01/01/2011]',-9.200,-5.000,-11.800,-12.500,-18.200,0.500
'[00:00:09.637 01/01/2011]',-11.100,-5.200,-11.200,-12.600,-17.700,0.500
'[00:00:09.638 01/01/2011]',-11.500,-5.300,-10.700,-12.900,-17.500,0.500
'[00:00:09.639 01/01/2011]',-10.500,-5.400,-10.500,-13.200,-17.600,0.500
'[00:00:09.640 01/01/2011]',-8.400,-5.600,-10.500,-13.200,-18.000,0.500
'[00:00:09.641 01/01/2011]',-6.500,-5.900,-10.800,-12.900,-18.500,0.500
'[00:00:09.642 01/01/2011]',-5.600,-6.300,-10.900,-12.400,-18.800,0.500
'[00:00:09.643 01/01/2011]',-5.900,-6.300,-10.800,-12.100,-18.900,0.500
'[00:00:09.644 01/01/2011]',-7.200,-5.900,-10.400,-12.100,-18.800,0.500
'[00:00:09.645 01/01/2011]',-8.900,-5.200,-9.900,-12.500,-18.600,0.500
'[00:00:09.646 01/01/2011]',-10.300,-4.500,-9.500,-13.000,-18.500,0.500
'[00:00:09.647 01/01/2011]',-11.000,-4.300,-9.400,-13.400,-18.400,0.500
'[00:00:09.648 01/01/2011]',-10.900,-4.500,-9.400,-13.500,-18.300,0.500
'[00:00:09.649 01/01/2011]',-10.000,-5.000,-9.300,-13.200,-18.100,0.500
'[00:00:09.650 01/01/2011]',-8.700,-5.300,-9.000,-12.800,-17.700,0.500
'[00:00:09.651 01/01/2011]',-7.300,-5.100,-8.600,-12.300,-17.400,0.500
'[00:00:09.652 01/01/2011]',-6.300,-4.400,-8.100,-12.000,-17.400,0.500
'[00:00:09.653 01/01/2011]',-5.800,-3.700,-7.900,-12.000,-17.700,0.500
'[00:00:09.654 01/01/2011]',-6.000,-3.300,-8.000,-12.200,-18.200,0.500
'[00:00:09.655 01/01/2011]',-6.400,-3.200,-8.300,-12.400,-18.800,0.500
'[00:00:09.656 01/01/2011]',-6.800,-3.200,-8.500,-12.400,-19.200,0.500
'[00:00:09.657 01/01/2011]',-6.600,-3.000,-8.300,-12.200,-19.000,0.500
'[00:00:09.658 01/01/2011]',-6.000,-2.600,-7.900,-11.800,-18.400,0.500
'[00:00:09.659 01/01/2011]',-5.200,-2.100,-7.400,-11.400,-17.600,0.500
'[00:00:09.660 01/01/2011]',-4.500,-1.700,-7.200,-11.100,-16.700,0.500
'[00:00:09.661 01/01/2011]',-4.300,-1.700,-7.200,-11.100,-16.000,0.500
'[00:00:09.662 01/01/2011]',-4.700,-2.100,-7.500,-11.200,-15.500,0.500
'[00:00:09.663 01/01/2011]',-5.400,-2.600,-7.900,-11.400,-15.400,0.500
'[00:00:09.664 01/01/2011]',-6.100,-2.900,-8.100,-11.500,-15.500,0.500
'[00:00:09.665 01/01/2011]',-6.500,-3.000,-8.100,-11.500,-15.700,0.500
'[00:00:09.666 01/01/2011]',-6.500,-3.000,-8.000,-11.400,-15.900,0.500
'[00:00:09.667 01/01/2011]',-6.000,-3.100,-7.900,-11.300,-16.000,0.500
'[00:00:09.668 01/01/2011]',-5.300,-3.400,-7.900,-11.300,-16.100,0.500
'[00:00:09.669 01/01/2011]',-4.600,-3.700,-8.100,-11.400,-16.100,0.500
'[00:00:09.670 01/01/2011]',-4.100,-3.800,-8.100,-11.600,-16.100,0.500
'[00:00:09.671 01/01/2011]',-3.600,-3.500,-8.100,-11.800,-15.900,0.500
'[00:00:09.672 01/01/2011]',-3.400,-3.100,-7.900,-11.800,-15.600,0.500
'[00:00:09.673 01/01/2011]',-3.400,-2.500,-7.700,-11.800,-15.300,0.500
'[00:00:09.674 01/01/2011]',-3.600,-2.100,-7.600,-11.800,-15.000,0.500
'[00:00:09.675 01/01/2011]',-4.200,-1.900,-7.700,-11.800,-14.900,0.500
'[00:00:09.676 01/01/2011]',-5.100,-1.700,-8.100,-11.700,-15.000,0.500
'[00:00:09.677 01/01/2011]',-6.300,-1.400,-8.700,-11.500,-15.400,0.500
'[00:00:09.678 01/01/2011]',-7.400,-1.000,-9.300,-11.200,-15.800,0.500
'[00:00:09.679 01/01/2011]',-8.200,-0.700,-9.700,-11.000,-16.200,0.500
'[00:00:09.680 01/01/2011]',-8.100,-0.800,-10.000,-10.900,-16.400,0.500
'[00:00:09.681 01/01/2011]',-7.300,-1.300,-10.100,-11.100,-16.300,0.500
'[00:00:09.682 01/01/2011]',-5.900,-2.100,-10.100,-11.600,-16.200,0.500
'[00:00:09.683 01/01/2011]',-4.500,-2.800,-10.000,-12.000,-16.000,0.500
'[00:00:09.684 01/01/2011]',-3.600,-3.200,-9.900,-12.200,-15.900,0.500
'[00:00:09.685 01/01/2011]',-3.600,-3.200,-9.800,-12.100,-15.900,0.500
'[00:00:09.686 01/01/2011]',-4.400,-2.900,-9.800,-11.800,-16.100,0.500
'[00:00:09.687 01/01/2011]',-5.400,-2.600,-9.800,-11.500,-16.400,0.500
'[00:00:09.688 01/01/2011]',-6.200,-2.400,-10.000,-11.300,-16.700,0.500
'[00:00:09.689 01/01/2011]',-6.500,-2.400,-10.200,-11.300,-17.000,0.500
'[00:00:09.690 01/01/2011]',-6.200,-2.500,-10.500,-11.400,-17.000,0.500
'[00:00:09.691 01/01/2011]',-5.700,-2.500,-10.600,-11.300,-16.600,0.500
'[00:00:09.692 01/01/2011]',-5.000,-2.400,-10.600,-11.100,-15.900,0.500
'[00:00:09.693 01/01/2011]',-4.200,-2.100,-10.300,-10.700,-15.000,0.500
'[00:00:09.694 01/01/2011]',-3.300,-1.800,-10.000,-10.200,-14.100,0.500
'[00:00:09.695 01/01/2011]',-2.300,-1.500,-9.600,-9.700,-13.500,0.500
'[00:00:09.696 01/01/2011]',-1.100,-1.100,-9.300,-9.400,-13.200,0.500
'[00:00:09.697 01/01/2011]',-0.100,-0.700,-9.100,-9.100,-13.100,0.500
'[00:00:09.698 01/01/2011]',0.600,-0.400,-9.000,-8.900,-13.000,0.500
'[00:00:09.699 01/01/2011]',1.000,-0.400,-8.900,-8.800,-12.800,0.500
'[00:00:09.700 01/01/2011]',1.200,-0.700,-8.800,-8.800,-12.400,0.500
'[00:00:09.701 01/01/2011]',1.600,-1.400,-8.600,-9.100,-12.000,0.500
'[00:00:09.702 01/01/2011]',2.200,-1.900,-8.400,-9.400,-11.700,0.500
'[00:00:09.703 01/01/2011]',2.900,-2.200,-8.400,-9.700,-11.500,0.500
'[00:00:09.704 01/01/2011]',3.700,-2.000,-8.400,-9.900,-11.400,0.500
'[00:00:09.705 01/01/2011]',4.100,-1.700,-8.500,-9.800,-11.300,0.500
'[00:00:09.706 01/01/2011]',4.100,-1.400,-8.500,-9.500,-11.100,0.500
'[00:00:09.707 01/01/2011]',3.800,-1.400,-8.500,-9.200,-10.700,0.500
'[00:00:09.708 01/01/2011]',3.400,-1.800,-8.300,-9.000,-10.300,0.500
'[00:00:09.709 01/01/2011]',3.100,-2.200,-8.200,-8.900,-10.000,0.500
'[00:00:09.710 01/01/2011]',3.000,-2.500,-8.100,-8.900,-9.900,0.500
'[00:00:09.711 01/01/2011]',3.400,-2.500,-8.200,-8.800,-9.900,0.500
'[00:00:09.712 01/01/2011]',4.000,-2.300,-8.400,-8.700,-9.900,0.500
'[00:00:09.713 01/01/2011]',4.900,-2.000,-8.600,-8.500,-9.900,0.500
'[00:00:09.714 01/01/2011]',5.700,-1.900,-8.700,-8.400,-10.000,0.500
'[00:00:09.715 01/01/2011]',6.500,-2.000,-8.600,-8.400,-10.100,0.500
'[00:00:09.716 01/01/2011]',7.100,-2.200,-8.200,-8.700,-10.300,0.500
'[00:00:09.717 01/01/2011]',7.700,-2.200,-7.600,-9.000,-10.500,0.500
'[00:00:09.718 01/01/2011]',8.100,-1.900,-7.100,-9.200,-10.800,0.500
'[00:00:09.719 01/01/2011]',8.300,-1.300,-6.800,-9.200,-11.000,0.500
'[00:00:09.720 01/01/2011]',8.400,-0.800,-6.800,-9.000,-11.200,0.500
'[00:00:09.721 01/01/2011]',8.000,-0.700,-7.200,-8.700,-11.300,0.500
'[00:00:09.722 01/01/2011]',7.500,-1.200,-7.700,-8.700,-11.400,0.500
'[00:00:09.723 01/01/2011]',6.800,-2.100,-8.100,-9.000,-11.600,0.500
'[00:00:09.724 01/01/2011]',6.200,-3.000,-8.300,-9.500,-11.800,0.500
'[00:00:09.725 01/01/2011]',6.000,-3.500,-8.300,-10.000,-12.000,0.500
'[00:00:09.726 01/01/2011]',6.200,-3.300,-8.000,-10.400,-12.100,0.500
'[00:00:09.727 01/01/2011]',6.600,-2.500,-7.600,-10.500,-11.900,0.500
'[00:00:09.728 01/01/2011]',7.100,-1.500,-7.000,-10.200,-11.600,0.500
'[00:00:09.729 01/01/2011]',7.300,-0.700,-6.300,-9.800,-11.100,0.500
'[00:00:09.730 01/01/2011]',7.200,-0.400,-5.500,-9.400,-10.700,0.500
'[00:00:09.731 01/01/2011]',6.700,-0.600,-4.700,-9.100,-10.400,0.500
'[00:00:09.732 01/01/2011]',5.700,-1.000,-4.100,-8.900,-10.200,0.500
'[00:00:09.733 01/01/2011]',4.400,-1.300,-3.800,-8.800,-10.100,0.500
'[00:00:09.734 01/01/2011]',3.100,-1.500,-4.000,-8.700,-10.100,0.500
'[00:00:09.735 01/01/2011]',1.900,-1.500,-4.500,-8.600,-10.300,0.500
'[00:00:09.736 01/01/2011]',1.200,-1.700,-5.300,-8.600,-10.700,0.500
'[00:00:09.737 01/01/2011]',1.000,-2.000,-6.100,-8.700,-11.200,0.500
'[00:00:09.738 01/01/2011]',1.100,-2.500,-6.900,-8.900,-11.900,0.500
'[00:00:09.739 01/01/2011]',1.500,-2.900,-7.500,-9.100,-12.600,0.500
'[00:00:09.740 01/01/2011]',1.800,-3.100,-7.900,-9.300,-13.200,0.500
'[00:00:09.741 01/01/2011]',1.700,-3.200,-8.100,-9.600,-13.600,0.500
'[00:00:09.742 01/01/2011]',0.900,-3.300,-8.400,-10.000,-13.800,0.500
'[00:00:09.743 01/01/2011]',-0.600,-3.700,-8.500,-10.500,-13.900,0.500
'[00:00:09.744 01/01/2011]',-2.500,-4.300,-8.700,-11.200,-13.800,0.500
'[00:00:09.745 01/01/2011]',-4.200,-5.100,-8.700,-11.900,-13.600,0.500
'[00:00:09.746 01/01/2011]',-5.400,-5.800,-8.500,-12.500,-13.500,0.500
'[00:00:09.747 01/01/2011]',-5.700,-6.300,-8.200,-12.800,-13.300,0.500
'[00:00:09.748 01/01/2011]',-5.600,-6.400,-7.800,-13.000,-13.300,0.500
'[00:00:09.749 01/01/2011]',-5.600,-6.200,-7.600,-12.900,-13.500,0.500
'[00:00:09.750 01/01/2011]',-6.100,-5.800,-7.600,-12.900,-13.800,0.500
'[00:00:09.751 01/01/2011]',-7.300,-5.500,-7.900,-12.900,-14.100,0.500
'[00:00:09.752 01/01/2011]',-8.500,-5.400,-8.100,-12.900,-14.400,0.500
'[00:00:09.753 01/01/2011]',-9.300,-5.600,-8.100,-12.900,-14.700,0.500
'[00:00:09.754 01/01/2011]',-9.300,-6.000,-7.700,-12.800,-14.800,0.500
'[00:00:09.755 01/01/2011]',-8.900,-6.400,-6.900,-12.500,-15.100,0.500
'[00:00:09.756 01/01/2011]',-8.600,-6.700,-6.000,-12.000,-15.600,0.500
'[00:00:09.757 01/01/2011]',-9.100,-6.400,-5.100,-11.400,-16.300,0.500
'[00:00:09.758 01/01/2011]',-10.400,-5.600,-4.200,-10.700,-17.100,0.500
'[00:00:09.759 01/01/2011]',-12.100,-4.400,-3.100,-10.100,-18.000,0.500
'[00:00:09.760 01/01/2011]',-13.200,-3.000,-1.500,-9.600,-18.800,0.500
'[00:00:09.761 01/01/2011]',-13.300,-1.700,0.700,-9.100,-19.400,0.500
'[00:00:09.762 01/01/2011]',-12.700,-0.700,3.400,-8.700,-20.000,0.500
'[00:00:09.763 01/01/2011]',-11.900,-0.100,6.400,-8.200,-20.300,0.500
'[00:00:09.764 01/01/2011]',-11.700,0.300,9.300,-7.600,-20.500,0.500
'[00:00:09.765 01/01/2011]',-12.400,0.500,11.800,-6.900,-20.300,0.500
'[00:00:09.766 01/01/2011]',-13.500,0.800,13.600,-6.000,-19.600,0.500
'[00:00:09.767 01/01/2011]',-14.600,0.900,15.100,-4.900,-18.300,0.500
'[00:00:09.768 01/01/2011]',-15.200,0.800,16.500,-3.500,-16.300,0.500
'[00:00:09.769 01/01/2011]',-15.500,0.700,18.100,-1.800,-13.600,0.500
'[00:00:09.770 01/01/2011]',-15.700,0.500,20.300,0.300,-10.400,0.500
'[00:00:09.771 01/01/2011]',-16.300,0.500,22.800,2.700,-6.800,0.500
'[00:00:09.772 01/01/2011]',-17.100,0.700,25.400,5.200,-2.900,0.500
'[00:00:09.773 01/01/2011]',-18.200,0.900,27.700,7.600,1.200,0.500
'[00:00:09.774 01/01/2011]',-19.100,0.900,29.500,9.700,5.600,0.500
'[00:00:09.775 01/01/2011]',-19.800,0.600,30.400,11.300,10.300,0.500
'[00:00:09.776 01/01/2011]',-20.600,-0.300,30.700,12.600,15.300,0.500
'[00:00:09.777 01/01/2011]',-21.600,-1.500,30.200,13.500,20.500,0.500
'[00:00:09.778 01/01/2011]',-22.700,-3.100,29.100,14.300,25.800,0.500
'[00:00:09.779 01/01/2011]',-23.700,-4.800,27.600,15.100,31.100,0.500
'[00:00:09.780 01/01/2011]',-24.200,-6.600,25.700,15.900,36.501,0.500
'[00:00:09.781 01/01/2011]',-24.200,-8.600,23.500,16.600,42.001,0.500
'[00:00:09.782 01/01/2011]',-24.100,-10.900,21.200,17.200,47.801,0.500
'[00:00:09.783 01/01/2011]',-24.300,-13.600,18.900,17.800,53.801,0.500
'[00:00:09.784 01/01/2011]',-25.500,-16.700,16.500,18.300,60.101,0.500
'[00:00:09.785 01/01/2011]',-27.400,-20.100,13.700,18.800,66.301,0.500
'[00:00:09.786 01/01/2011]',-29.500,-23.500,10.600,19.100,72.301,0.500
'[00:00:09.787 01/01/2011]',-31.200,-26.800,7.100,19.200,77.801,0.500
'[00:00:09.788 01/01/2011]',-32.200,-29.500,3.500,19.100,82.601,0.500
'[00:00:09.789 01/01/2011]',-32.600,-31.600,0.000,18.900,86.501,0.500
'[00:00:09.790 01/01/2011]',-32.801,-33.101,-2.800,18.500,89.201,0.500
'[00:00:09.791 01/01/2011]',-33.001,-34.201,-5.100,17.800,90.601,0.500
'[00:00:09.792 01/01/2011]',-33.401,-35.201,-7.000,16.800,90.501,0.500
'[00:00:09.793 01/01/2011]',-33.501,-36.001,-8.900,15.400,88.801,0.500
'[00:00:09.794 01/01/2011]',-33.001,-36.601,-11.100,13.600,85.701,0.500
'[00:00:09.795 01/01/2011]',-31.800,-36.801,-13.700,11.400,81.301,0.500
'[00:00:09.796 01/01/2011]',-30.200,-36.601,-16.700,8.900,75.901,0.500
'[00:00:09.797 01/01/2011]',-28.500,-36.101,-20.200,5.800,69.501,0.500
'[00:00:09.798 01/01/2011]',-27.000,-35.601,-24.000,2.300,62.401,0.500
'[00:00:09.799 01/01/2011]',-25.800,-35.701,-28.400,-1.500,54.901,0.500
'[00:00:09.800 01/01/2011]',-24.600,-36.401,-33.101,-5.500,47.601,0.500
'[00:00:09.801 01/01/2011]',-23.000,-37.601,-38.101,-9.200,40.701,0.500
'[00:00:09.802 01/01/2011]',-21.200,-39.001,-43.001,-12.700,34.501,0.500
'[00:00:09.803 01/01/2011]',-19.400,-40.101,-47.301,-15.800,29.000,0.500
'[00:00:09.804 01/01/2011]',-17.900,-40.701,-51.101,-18.700,23.700,0.500
'[00:00:09.805 01/01/2011]',-16.900,-40.801,-54.101,-21.700,18.000,0.500
'[00:00:09.806 01/01/2011]',-16.300,-40.501,-56.701,-24.700,11.700,0.500
'[00:00:09.807 01/01/2011]',-15.600,-40.001,-58.801,-27.700,5.200,0.500
'[00:00:09.808 01/01/2011]',-14.400,-39.401,-60.301,-30.200,-1.100,0.500
'[00:00:09.809 01/01/2011]',-12.500,-38.501,-60.901,-32.000,-6.700,0.500
'[00:00:09.810 01/01/2011]',-10.000,-37.301,-60.601,-32.901,-11.200,0.500
'[00:00:09.811 01/01/2011]',-7.400,-35.901,-59.601,-33.301,-15.000,0.500
'[00:00:09.812 01/01/2011]',-5.000,-34.201,-58.301,-33.501,-18.600,0.500
'[00:00:09.813 01/01/2011]',-3.500,-32.700,-57.201,-33.901,-22.500,0.500
'[00:00:09.814 01/01/2011]',-3.100,-31.300,-56.501,-34.801,-26.700,0.500
'[00:00:09.815 01/01/2011]',-3.900,-30.300,-56.201,-35.801,-30.800,0.500
'[00:00:09.816 01/01/2011]',-5.600,-29.500,-55.701,-36.601,-34.101,0.500
'[00:00:09.817 01/01/2011]',-7.500,-28.700,-54.501,-36.901,-36.301,0.500
'[00:00:09.818 01/01/2011]',-9.200,-27.700,-52.301,-36.601,-37.401,0.500
'[00:00:09.819 01/01/2011]',-10.300,-26.600,-49.201,-35.701,-37.801,0.500
'[00:00:09.820 01/01/2011]',-10.700,-25.300,-45.201,-34.501,-37.701,0.500
'[00:00:09.821 01/01/2011]',-10.200,-24.000,-41.001,-33.101,-37.401,0.500
'[00:00:09.822 01/01/2011]',-8.700,-22.800,-36.701,-31.700,-36.801,0.500
'[00:00:09.823 01/01/2011]',-5.800,-21.600,-32.700,-30.300,-35.801,0.500
'[00:00:09.824 01/01/2011]',-1.200,-20.500,-29.000,-28.800,-34.201,0.500
'[00:00:09.825 01/01/2011]',5.200,-19.600,-25.600,-27.100,-32.200,0.500
'[00:00:09.826 01/01/2011]',13.200,-18.700,-22.400,-25.300,-29.800,0.500
'[00:00:09.827 01/01/2011]',22.300,-18.100,-19.300,-23.600,-27.400,0.500
'[00:00:09.828 01/01/2011]',31.900,-17.500,-16.300,-21.900,-24.800,0.500
'[00:00:09.829 01/01/2011]',41.201,-16.800,-13.400,-20.300,-22.300,0.500
'[00:00:09.830 01/01/2011]',49.601,-16.100,-11.000,-18.900,-19.800,0.500
'[00:00:09.831 01/01/2011]',56.701,-15.200,-8.900,-17.700,-17.500,0.500
'[00:00:09.832 01/01/2011]',62.301,-14.100,-7.300,-16.500,-15.500,0.500
'[00:00:09.833 01/01/2011]',66.401,-13.100,-5.800,-15.500,-13.800,0.500
'[00:00:09.834 01/01/2011]',69.401,-12.300,-4.500,-14.400,-12.400,0.500
'[00:00:09.835 01/01/2011]',71.301,-11.500,-3.100,-13.500,-11.100,0.500
'[00:00:09.836 01/01/2011]',72.201,-10.800,-1.900,-12.600,-9.900,0.500
'[00:00:09.837 01/01/2011]',72.201,-10.200,-1.000,-11.700,-8.700,0.500
'[00:00:09.838 01/01/2011]',71.001,-9.500,-0.400,-11.000,-7.700,0.500
'[00:00:09.839 01/01/2011]',68.701,-8.900,-0.200,-10.400,-7.100,0.500
'[00:00:09.840 01/01/2011]',65.801,-8.300,0.000,-9.900,-6.800,0.500
'[00:00:09.841 01/01/2011]',62.801,-7.800,0.200,-9.500,-7.000,0.500
'[00:00:09.842 01/01/2011]',60.501,-7.300,0.500,-9.400,-7.600,0.500
'[00:00:09.843 01/01/2011]',59.101,-7.000,0.700,-9.700,-8.600,0.500
'[00:00:09.844 01/01/2011]',58.101,-7.000,0.400,-10.300,-10.100,0.500
'[00:00:09.845 01/01/2011]',56.701,-7.100,-0.700,-11.300,-12.100,0.500
'[00:00:09.846 01/01/2011]',53.801,-7.600,-2.500,-12.600,-14.700,0.500
'[00:00:09.847 01/01/2011]',48.601,-8.300,-5.100,-14.300,-17.700,0.500
'[00:00:09.848 01/01/2011]',40.901,-9.200,-8.200,-16.400,-21.100,0.500
'[00:00:09.849 01/01/2011]',30.800,-10.200,-11.500,-18.600,-24.500,0.500
'[00:00:09.850 01/01/2011]',19.200,-11.100,-14.800,-21.000,-27.600,0.500
'[00:00:09.851 01/01/2011]',6.900,-11.800,-17.900,-23.200,-30.300,0.500
'[00:00:09.852 01/01/2011]',-5.100,-12.100,-20.300,-24.900,-32.300,0.500
'[00:00:09.853 01/01/2011]',-15.600,-12.000,-21.900,-25.800,-33.601,0.500
'[00:00:09.854 01/01/2011]',-23.700,-11.500,-22.600,-25.900,-34.401,0.500
'[00:00:09.855 01/01/2011]',-28.600,-10.900,-22.400,-25.200,-34.501,0.500
'[00:00:09.856 01/01/2011]',-29.800,-10.400,-21.700,-24.200,-34.201,0.500
'[00:00:09.857 01/01/2011]',-27.600,-10.200,-20.600,-23.100,-33.401,0.500
'[00:00:09.858 01/01/2011]',-22.800,-10.400,-19.600,-22.300,-32.400,0.500
'[00:00:09.859 01/01/2011]',-16.600,-10.600,-18.800,-21.800,-31.400,0.500
'[00:00:09.860 01/01/2011]',-10.400,-10.800,-18.400,-21.800,-30.800,0.500
'[00:00:09.861 01/01/2011]',-5.200,-10.800,-18.400,-22.000,-30.600,0.500
'[00:00:09.862 01/01/2011]',-1.500,-10.500,-18.700,-22.400,-30.700,0.500
'[00:00:09.863 01/01/2011]',0.600,-10.100,-19.000,-22.900,-31.000,0.500
'[00:00:09.864 01/01/2011]',1.800,-9.700,-19.300,-23.200,-31.000,0.500
'[00:00:09.865 01/01/2011]',2.400,-9.500,-19.200,-23.400,-30.600,0.500
'[00:00:09.866 01/01/2011]',2.900,-9.400,-18.700,-23.200,-29.900,0.500
'[00:00:09.867 01/01/2011]',3.200,-9.400,-18.200,-22.700,-29.200,0.500
'[00:00:09.868 01/01/2011]',3.100,-9.400,-17.600,-22.100,-28.800,0.500
'[00:00:09.869 01/01/2011]',2.600,-9.500,-17.400,-21.600,-28.700,0.500
'[00:00:09.870 01/01/2011]',1.800,-9.400,-17.400,-21.100,-28.900,0.500
'[00:00:09.871 01/01/2011]',1.000,-9.100,-17.700,-20.800,-29.000,0.500
'[00:00:09.872 01/01/2011]',0.800,-8.600,-18.200,-20.600,-29.000,0.500
'[00:00:09.873 01/01/2011]',1.000,-8.000,-18.700,-20.400,-28.900,0.500
'[00:00:09.874 01/01/2011]',1.700,-7.500,-19.100,-20.200,-28.800,0.500
'[00:00:09.875 01/01/2011]',2.300,-7.100,-19.400,-20.000,-28.800,0.500
'[00:00:09.876 01/01/2011]',2.600,-6.900,-19.400,-20.000,-28.800,0.500
'[00:00:09.877 01/01/2011]',2.400,-6.700,-19.200,-20.000,-28.700,0.500
'[00:00:09.878 01/01/2011]',2.000,-6.700,-18.800,-20.200,-28.400,0.500
'[00:00:09.879 01/01/2011]',1.300,-6.700,-18.300,-20.500,-27.900,0.500
'[00:00:09.880 01/01/2011]',0.600,-6.800,-17.900,-20.700,-27.400,0.500
'[00:00:09.881 01/01/2011]',-0.100,-7.100,-17.600,-20.900,-27.200,0.500
'[00:00:09.882 01/01/2011]',-0.800,-7.400,-17.600,-20.900,-27.500,0.500
'[00:00:09.883 01/01/2011]',-1.200,-7.900,-17.700,-20.800,-28.100,0.500
'[00:00:09.884 01/01/2011]',-1.100,-8.300,-17.800,-20.600,-28.600,0.500
'[00:00:09.885 01/01/2011]',-0.500,-8.500,-17.900,-20.500,-28.900,0.500
'[00:00:09.886 01/01/2011]',0.400,-8.400,-17.900,-20.600,-28.800,0.500
'[00:00:09.887 01/01/2011]',1.300,-8.200,-17.900,-20.900,-28.500,0.500
'[00:00:09.888 01/01/2011]',1.800,-7.900,-18.000,-21.200,-28.100,0.500
'[00:00:09.889 01/01/2011]',1.900,-7.700,-18.300,-21.300,-28.000,0.500
'[00:00:09.890 01/01/2011]',1.900,-7.700,-18.600,-21.100,-28.100,0.500
'[00:00:09.891 01/01/2011]',2.200,-7.700,-19.100,-20.800,-28.300,0.500
'[00:00:09.892 01/01/2011]',3.000,-7.800,-19.600,-20.700,-28.700,0.500
'[00:00:09.893 01/01/2011]',4.100,-8.000,-20.100,-20.900,-29.000,0.500
'[00:00:09.894 01/01/2011]',4.900,-8.300,-20.600,-21.400,-29.400,0.500
'[00:00:09.895 01/01/2011]',5.100,-8.600,-20.900,-22.300,-29.700,0.500
'[00:00:09.896 01/01/2011]',4.700,-9.000,-21.000,-23.000,-30.000,0.500
'[00:00:09.897 01/01/2011]',4.200,-9.300,-21.000,-23.400,-30.100,0.500
'[00:00:09.898 01/01/2011]',4.200,-9.400,-21.000,-23.300,-30.100,0.500
'[00:00:09.899 01/01/2011]',5.000,-9.300,-20.900,-22.800,-30.000,0.500
'[00:00:09.900 01/01/2011]',6.400,-9.000,-20.900,-22.200,-30.000,0.500
'[00:00:09.901 01/01/2011]',7.900,-8.800,-20.900,-21.500,-30.100,0.500
'[00:00:09.902 01/01/2011]',8.900,-8.700,-20.900,-21.100,-30.300,0.500
'[00:00:09.903 01/01/2011]',9.200,-8.800,-20.800,-21.000,-30.600,0.500
'[00:00:09.904 01/01/2011]',8.700,-8.800,-20.900,-21.200,-30.800,0.500
'[00:00:09.905 01/01/2011]',8.000,-8.700,-21.100,-21.700,-31.000,0.500
'[00:00:09.906 01/01/2011]',7.600,-8.500,-21.500,-22.400,-31.100,0.500
'[00:00:09.907 01/01/2011]',7.700,-8.300,-22.000,-23.100,-31.300,0.500
'[00:00:09.908 01/01/2011]',8.100,-8.100,-22.500,-23.600,-31.500,0.500
'[00:00:09.909 01/01/2011]',8.500,-8.100,-22.700,-23.800,-31.900,0.500
'[00:00:09.910 01/01/2011]',8.800,-8.300,-22.600,-23.600,-32.100,0.500
'[00:00:09.911 01/01/2011]',8.800,-8.600,-22.300,-23.400,-32.200,0.500
'[00:00:09.912 01/01/2011]',8.700,-9.000,-22.100,-23.300,-32.200,0.500
'[00:00:09.913 01/01/2011]',8.600,-9.400,-22.200,-23.500,-31.900,0.500
'[00:00:09.914 01/01/2011]',8.600,-9.800,-22.600,-24.000,-31.600,0.500
'[00:00:09.915 01/01/2011]',8.900,-9.900,-23.200,-24.500,-31.300,0.500
'[00:00:09.916 01/01/2011]',9.400,-9.700,-23.700,-24.700,-31.000,0.500
'[00:00:09.917 01/01/2011]',10.100,-9.300,-23.800,-24.400,-30.600,0.500
'[00:00:09.918 01/01/2011]',10.700,-8.800,-23.400,-23.800,-30.200,0.500
'[00:00:09.919 01/01/2011]',11.100,-8.600,-22.700,-23.100,-29.800,0.500
'[00:00:09.920 01/01/2011]',11.100,-9.000,-22.000,-22.600,-29.500,0.500
'[00:00:09.921 01/01/2011]',10.700,-9.900,-21.500,-22.400,-29.400,0.500
'[00:00:09.922 01/01/2011]',10.100,-11.000,-21.400,-22.500,-29.500,0.500
'[00:00:09.923 01/01/2011]',9.900,-11.800,-21.500,-22.500,-29.600,0.500
'[00:00:09.924 01/01/2011]',10.100,-12.100,-21.800,-22.200,-29.800,0.500
'[00:00:09.925 01/01/2011]',11.000,-11.900,-22.200,-21.700,-29.800,0.500
'[00:00:09.926 01/01/2011]',12.100,-11.500,-22.400,-21.000,-29.700,0.500
'[00:00:09.927 01/01/2011]',13.000,-11.300,-22.500,-20.600,-29.700,0.500
'[00:00:09.928 01/01/2011]',13.400,-11.500,-22.500,-20.500,-29.700,0.500
'[00:00:09.929 01/01/2011]',13.400,-11.900,-22.400,-20.900,-30.000,0.500
'[00:00:09.930 01/01/2011]',13.100,-12.400,-22.300,-21.600,-30.300,0.500
'[00:00:09.931 01/01/2011]',12.800,-12.700,-22.100,-22.400,-30.600,0.500
'[00:00:09.932 01/01/2011]',12.900,-12.800,-22.000,-23.100,-30.800,0.500
'[00:00:09.933 01/01/2011]',13.300,-13.100,-22.000,-23.500,-31.000,0.500
'[00:00:09.934 01/01/2011]',13.800,-13.600,-22.200,-23.700,-30.900,0.500
'[00:00:09.935 01/01/2011]',14.400,-14.600,-22.500,-23.700,-30.800,0.500
'[00:00:09.936 01/01/2011]',15.000,-15.700,-22.800,-23.700,-30.800,0.500
'[00:00:09.937 01/01/2011]',15.400,-16.800,-23.100,-23.800,-30.700,0.500
'[00:00:09.938 01/01/2011]',15.700,-17.700,-23.100,-24.000,-30.600,0.500
'[00:00:09.939 01/01/2011]',15.600,-18.200,-23.000,-24.200,-30.400,0.500
'[00:00:09.940 01/01/2011]',15.300,-18.500,-22.700,-24.500,-30.000,0.500
'[00:00:09.941 01/01/2011]',15.000,-18.700,-22.500,-24.700,-29.500,0.500
'[00:00:09.942 01/01/2011]',14.800,-18.900,-22.200,-24.900,-28.900,0.500
'[00:00:09.943 01/01/2011]',14.900,-18.900,-22.100,-25.000,-28.400,0.500
'[00:00:09.944 01/01/2011]',15.300,-18.800,-22.000,-24.900,-28.100,0.500
'[00:00:09.945 01/01/2011]',15.700,-18.400,-21.800,-24.700,-28.100,0.500
'[00:00:09.946 01/01/2011]',15.900,-18.000,-21.600,-24.400,-28.200,0.500
'[00:00:09.947 01/01/2011]',15.800,-17.500,-21.400,-24.000,-28.100,0.500
'[00:00:09.948 01/01/2011]',15.500,-17.100,-21.200,-23.500,-27.800,0.500
'[00:00:09.949 01/01/2011]',15.300,-16.800,-21.200,-22.800,-27.200,0.500
'[00:00:09.950 01/01/2011]',15.400,-16.600,-21.200,-22.200,-26.500,0.500
'[00:00:09.951 01/01/2011]',15.900,-16.200,-21.400,-21.700,-25.700,0.500
'[00:00:09.952 01/01/2011]',16.800,-15.700,-21.600,-21.400,-25.200,0.500
'[00:00:09.953 01/01/2011]',18.000,-15.200,-21.800,-21.300,-25.100,0.500
'[00:00:09.954 01/01/2011]',19.200,-14.800,-21.900,-21.400,-25.200,0.500
'[00:00:09.955 01/01/2011]',20.400,-14.700,-22.000,-21.600,-25.500,0.500
'[00:00:09.956 01/01/2011]',21.200,-15.100,-22.000,-21.600,-25.800,0.500
'[00:00:09.957 01/01/2011]',21.500,-15.700,-21.900,-21.500,-25.800,0.500
'[00:00:09.958 01/01/2011]',21.300,-16.300,-21.900,-21.300,-25.500,0.500
'[00:00:09.959 01/01/2011]',20.500,-16.800,-21.900,-21.200,-25.000,0.500
'[00:00:09.960 01/01/2011]',19.600,-17.000,-21.900,-21.300,-24.300,0.500
'[00:00:09.961 01/01/2011]',18.900,-16.900,-21.900,-21.400,-23.700,0.500
'[00:00:09.962 01/01/2011]',18.700,-16.800,-21.800,-21.500,-23.300,0.500
'[00:00:09.963 01/01/2011]',19.300,-16.800,-21.500,-21.400,-23.000,0.500
'[00:00:09.964 01/01/2011]',20.300,-16.800,-21.000,-20.900,-22.900,0.500
'[00:00:09.965 01/01/2011]',21.500,-16.800,-20.500,-20.300,-22.700,0.500
'[00:00:09.966 01/01/2011]',22.400,-16.700,-20.200,-19.500,-22.400,0.500
'[00:00:09.967 01/01/2011]',22.500,-16.500,-20.200,-18.800,-21.900,0.500
'[00:00:09.968 01/01/2011]',22.100,-16.200,-20.700,-18.500,-21.300,0.500
'[00:00:09.969 01/01/2011]',21.200,-16.000,-21.300,-18.600,-20.700,0.500
'[00:00:09.970 01/01/2011]',20.400,-15.800,-21.800,-19.000,-20.200,0.500
'[00:00:09.971 01/01/2011]',20.100,-15.800,-21.900,-19.500,-20.000,0.500
'[00:00:09.972 01/01/2011]',20.600,-15.800,-21.600,-20.000,-20.000,0.500
'[00:00:09.973 01/01/2011]',21.700,-15.700,-21.200,-20.500,-20.400,0.500
'[00:00:09.974 01/01/2011]',22.800,-15.600,-21.000,-20.800,-20.800,0.500
'[00:00:09.975 01/01/2011]',23.800,-15.400,-21.400,-21.200,-21.300,0.500
'[00:00:09.976 01/01/2011]',24.300,-15.500,-22.200,-21.500,-21.600,0.500
'[00:00:09.977 01/01/2011]',24.600,-15.700,-23.300,-21.800,-21.800,0.500
'[00:00:09.978 01/01/2011]',24.600,-16.100,-24.200,-21.800,-21.900,0.500
'[00:00:09.979 01/01/2011]',24.600,-16.400,-24.600,-21.700,-21.900,0.500
'[00:00:09.980 01/01/2011]',24.400,-16.400,-24.600,-21.300,-21.800,0.500
'[00:00:09.981 01/01/2011]',24.000,-16.200,-24.100,-20.700,-21.600,0.500
'[00:00:09.982 01/01/2011]',23.300,-15.700,-23.500,-20.300,-21.200,0.500
'[00:00:09.983 01/01/2011]',22.600,-15.200,-23.100,-19.900,-20.500,0.500
'[00:00:09.984 01/01/2011]',22.000,-15.000,-23.100,-19.700,-19.800,0.500
'[00:00:09.985 01/01/2011]',21.800,-15.400,-23.500,-19.700,-19.300,0.500
'[00:00:09.986 01/01/2011]',21.800,-16.300,-24.300,-19.900,-19.200,0.500
'[00:00:09.987 01/01/2011]',21.600,-17.500,-25.100,-20.400,-19.400,0.500
'[00:00:09.988 01/01/2011]',21.000,-18.600,-25.900,-21.000,-19.900,0.500
'[00:00:09.989 01/01/2011]',20.300,-19.300,-26.500,-21.800,-20.400,0.500
'[00:00:09.990 01/01/2011]',19.800,-19.400,-26.900,-22.400,-20.800,0.500
'[00:00:09.991 01/01/2011]',20.100,-19.200,-27.200,-22.900,-21.000,0.500
'[00:00:09.992 01/01/2011]',21.400,-18.800,-27.500,-23.200,-21.100,0.500
'[00:00:09.993 01/01/2011]',23.100,-18.600,-27.800,-23.300,-21.300,0.500
'[00:00:09.994 01/01/2011]',24.700,-18.700,-28.100,-23.500,-21.500,0.500
'[00:00:09.995 01/01/2011]',25.500,-19.300,-28.400,-23.700,-21.600,0.500
'[00:00:09.996 01/01/2011]',25.400,-19.900,-28.500,-23.900,-21.500,0.500
'[00:00:09.997 01/01/2011]',24.900,-20.400,-28.400,-23.800,-21.100,0.500
'[00:00:09.998 01/01/2011]',24.500,-20.600,-28.200,-23.400,-20.600,0.500
'[00:00:09.999 01/01/2011]',24.400,-20.500,-28.100,-22.800,-19.900,0.500
