'Time and date','Direct_1','Abdomen_1','Abdomen_2','Abdomen_3','Abdomen_4','EDF Annotations'
'hh:mm:ss.mmm dd/mm/yyyy','uV','uV','uV','uV','uV',''
'[00:00:00.000 01/01/2011]',-42.901,71.601,65.501,17.300,27.500,0.688
'[00:00:00.001 01/01/2011]',-44.401,70.701,63.201,15.200,25.700,0.688
'[00:00:00.002 01/01/2011]',-46.901,69.401,60.501,13.400,23.700,0.688
'[00:00:00.003 01/01/2011]',-49.401,68.101,57.701,12.300,21.800,0.688
'[00:00:00.004 01/01/2011]',-50.601,67.001,55.401,11.900,20.300,0.688
'[00:00:00.005 01/01/2011]',-50.101,66.101,53.501,12.100,19.200,0.688
'[00:00:00.006 01/01/2011]',-48.101,65.301,51.901,12.600,18.600,0.688
'[00:00:00.007 01/01/2011]',-45.401,64.601,50.401,13.400,18.400,0.688
'[00:00:00.008 01/01/2011]',-43.001,64.201,49.201,14.300,18.800,0.688
'[00:00:00.009 01/01/2011]',-41.501,64.401,48.501,15.600,20.000,0.688
'[00:00:00.010 01/01/2011]',-41.101,65.501,48.601,17.300,21.900,0.578
'[00:00:00.011 01/01/2011]',-41.701,67.301,49.601,19.100,24.400,0.578
'[00:00:00.012 01/01/2011]',-42.601,69.301,51.001,20.900,27.000,0.578
'[00:00:00.013 01/01/2011]',-43.401,70.901,52.101,22.300,29.100,0.578
'[00:00:00.014 01/01/2011]',-43.601,71.801,52.401,23.100,30.400,0.578
'[00:00:00.015 01/01/2011]',-43.101,71.901,51.801,23.200,30.800,0.578
'[00:00:00.016 01/01/2011]',-42.101,71.301,50.501,22.800,30.500,0.578
'[00:00:00.017 01/01/2011]',-41.001,70.201,49.201,22.100,29.900,0.578
'[00:00:00.018 01/01/2011]',-40.301,68.701,48.301,21.100,29.000,0.578
'[00:00:00.019 01/01/2011]',-40.301,66.701,47.801,19.900,28.000,0.578
'[00:00:00.020 01/01/2011]',-41.001,64.301,47.501,18.300,26.900,0.668
'[00:00:00.021 01/01/2011]',-42.301,61.601,47.001,16.600,25.600,0.668
'[00:00:00.022 01/01/2011]',-43.901,59.101,46.201,15.100,24.300,0.668
'[00:00:00.023 01/01/2011]',-45.501,57.401,45.201,14.100,23.400,0.668
'[00:00:00.024 01/01/2011]',-47.101,56.701,44.601,14.000,23.000,0.668
'[00:00:00.025 01/01/2011]',-48.301,56.901,44.601,14.600,23.300,0.668
'[00:00:00.026 01/01/2011]',-48.801,57.701,45.201,15.600,24.200,0.668
'[00:00:00.027 01/01/2011]',-48.601,58.501,46.101,16.600,25.000,0.668
'[00:00:00.028 01/01/2011]',-47.701,59.001,46.901,16.900,25.500,0.668
'[00:00:00.029 01/01/2011]',-46.501,58.801,47.001,16.500,25.400,0.668
'[00:00:00.030 01/01/2011]',-45.401,58.101,46.401,15.300,24.800,0.680
'[00:00:00.031 01/01/2011]',-44.701,57.101,45.501,13.800,24.000,0.680
'[00:00:00.032 01/01/2011]',-44.501,56.001,44.701,12.300,23.300,0.680
'[00:00:00.033 01/01/2011]',-44.801,55.001,44.401,11.100,22.900,0.680
'[00:00:00.034 01/01/2011]',-45.401,54.001,45.001,10.400,22.900,0.680
'[00:00:00.035 01/01/2011]',-46.501,53.101,46.501,10.200,23.100,0.680
'[00:00:00.036 01/01/2011]',-48.001,52.401,48.601,10.400,23.300,0.680
'[00:00:00.037 01/01/2011]',-49.601,52.001,50.901,11.000,23.500,0.680
'[00:00:00.038 01/01/2011]',-50.701,52.101,52.901,12.000,23.700,0.680
'[00:00:00.039 01/01/2011]',-50.701,52.901,54.501,13.100,24.000,0.680
'[00:00:00.040 01/01/2011]',-49.401,54.401,55.401,14.100,24.600,0.688
'[00:00:00.041 01/01/2011]',-47.101,56.001,55.701,14.900,25.100,0.688
'[00:00:00.042 01/01/2011]',-44.601,57.501,55.501,15.000,25.400,0.688
'[00:00:00.043 01/01/2011]',-42.701,58.201,55.101,14.400,25.200,0.688
'[00:00:00.044 01/01/2011]',-41.601,58.101,54.601,13.300,24.600,0.688
'[00:00:00.045 01/01/2011]',-41.101,57.601,54.201,12.000,23.900,0.688
'[00:00:00.046 01/01/2011]',-40.501,57.301,54.001,11.100,23.400,0.688
'[00:00:00.047 01/01/2011]',-39.301,58.001,54.301,11.200,23.700,0.688
'[00:00:00.048 01/01/2011]',-37.801,59.701,55.001,12.300,24.600,0.688
'[00:00:00.049 01/01/2011]',-36.201,62.101,55.801,14.000,26.000,0.688
'[00:00:00.050 01/01/2011]',-35.101,64.001,56.401,15.400,27.200,0.579
'[00:00:00.051 01/01/2011]',-34.701,64.601,56.401,16.000,27.700,0.579
'[00:00:00.052 01/01/2011]',-34.801,63.401,55.501,15.400,27.500,0.579
'[00:00:00.053 01/01/2011]',-35.101,60.701,54.101,14.000,26.900,0.579
'[00:00:00.054 01/01/2011]',-35.501,57.501,52.601,12.400,26.500,0.579
'[00:00:00.055 01/01/2011]',-35.801,55.001,51.701,11.500,26.600,0.579
'[00:00:00.056 01/01/2011]',-35.901,54.001,51.501,11.500,27.100,0.579
'[00:00:00.057 01/01/2011]',-35.801,54.301,52.001,12.200,27.500,0.579
'[00:00:00.058 01/01/2011]',-35.401,55.601,52.801,12.900,27.200,0.579
'[00:00:00.059 01/01/2011]',-34.701,56.901,53.401,13.100,26.000,0.579
'[00:00:00.060 01/01/2011]',-33.901,57.801,53.701,12.700,24.000,0.822
'[00:00:00.061 01/01/2011]',-33.301,58.201,53.801,12.000,22.000,0.822
'[00:00:00.062 01/01/2011]',-33.101,58.401,53.801,11.700,21.000,0.822
'[00:00:00.063 01/01/2011]',-33.301,58.401,53.901,12.000,21.100,0.822
'[00:00:00.064 01/01/2011]',-34.001,58.201,54.001,12.900,22.200,0.822
'[00:00:00.065 01/01/2011]',-35.201,57.501,54.001,13.700,23.600,0.822
'[00:00:00.066 01/01/2011]',-36.701,56.001,53.701,13.900,24.400,0.822
'[00:00:00.067 01/01/2011]',-38.601,54.001,53.101,13.300,24.200,0.822
'[00:00:00.068 01/01/2011]',-40.701,51.701,52.401,12.200,23.100,0.822
'[00:00:00.069 01/01/2011]',-42.601,49.801,51.601,11.000,21.600,0.822
'[00:00:00.070 01/01/2011]',-44.201,48.701,50.801,10.100,20.200,0.579
'[00:00:00.071 01/01/2011]',-45.001,48.301,49.801,9.700,18.900,0.579
'[00:00:00.072 01/01/2011]',-45.101,48.701,48.801,9.500,18.100,0.579
'[00:00:00.073 01/01/2011]',-44.601,49.601,48.101,9.400,17.700,0.579
'[00:00:00.074 01/01/2011]',-43.801,51.101,47.901,9.300,17.800,0.579
'[00:00:00.075 01/01/2011]',-42.801,53.101,48.501,9.400,18.400,0.579
'[00:00:00.076 01/01/2011]',-42.301,55.301,49.701,9.700,19.400,0.579
'[00:00:00.077 01/01/2011]',-42.401,57.301,51.301,10.200,20.400,0.579
'[00:00:00.078 01/01/2011]',-43.601,58.401,52.701,10.600,21.000,0.579
'[00:00:00.079 01/01/2011]',-45.501,58.401,53.701,10.800,20.900,0.579
'[00:00:00.080 01/01/2011]',-47.901,57.201,54.001,10.600,20.300,0.668
'[00:00:00.081 01/01/2011]',-50.001,55.601,54.001,10.200,19.400,0.668
'[00:00:00.082 01/01/2011]',-51.601,54.301,53.901,9.600,18.400,0.668
'[00:00:00.083 01/01/2011]',-53.101,53.801,53.501,9.100,17.700,0.668
'[00:00:00.084 01/01/2011]',-54.801,54.201,53.101,8.800,17.000,0.668
'[00:00:00.085 01/01/2011]',-57.001,54.801,52.401,8.600,16.300,0.668
'[00:00:00.086 01/01/2011]',-59.601,55.101,51.701,8.500,15.700,0.668
'[00:00:00.087 01/01/2011]',-61.501,54.901,51.201,8.300,15.300,0.668
'[00:00:00.088 01/01/2011]',-62.001,54.501,51.101,8.200,15.300,0.668
'[00:00:00.089 01/01/2011]',-60.901,54.401,51.601,8.000,15.700,0.668
'[00:00:00.090 01/01/2011]',-59.001,54.701,52.401,7.700,16.500,0.680
'[00:00:00.091 01/01/2011]',-57.501,55.601,53.401,7.300,17.400,0.680
'[00:00:00.092 01/01/2011]',-57.601,56.401,54.401,6.900,18.000,0.680
'[00:00:00.093 01/01/2011]',-59.401,56.701,55.201,6.700,18.300,0.680
'[00:00:00.094 01/01/2011]',-62.001,56.101,56.001,6.700,18.200,0.680
'[00:00:00.095 01/01/2011]',-64.201,54.801,56.801,7.000,17.900,0.680
'[00:00:00.096 01/01/2011]',-65.101,53.401,57.601,7.400,17.700,0.680
'[00:00:00.097 01/01/2011]',-64.601,52.301,58.201,7.700,17.600,0.680
'[00:00:00.098 01/01/2011]',-63.401,51.901,58.401,7.700,17.500,0.680
'[00:00:00.099 01/01/2011]',-62.501,52.001,58.101,7.600,17.300,0.680
'[00:00:00.100 01/01/2011]',-62.301,52.401,57.501,7.400,17.000,0.708
'[00:00:00.101 01/01/2011]',-62.901,52.801,57.001,7.300,16.400,0.708
'[00:00:00.102 01/01/2011]',-64.001,53.101,56.901,7.600,15.700,0.708
'[00:00:00.103 01/01/2011]',-65.201,53.301,57.301,7.900,15.000,0.708
'[00:00:00.104 01/01/2011]',-66.101,53.601,58.301,8.300,14.600,0.708
'[00:00:00.105 01/01/2011]',-66.601,54.101,59.601,8.600,14.500,0.708
'[00:00:00.106 01/01/2011]',-66.701,54.501,61.001,8.800,14.900,0.708
'[00:00:00.107 01/01/2011]',-66.401,55.001,62.401,8.800,15.800,0.708
'[00:00:00.108 01/01/2011]',-66.101,55.501,63.701,8.800,16.900,0.708
'[00:00:00.109 01/01/2011]',-66.301,56.101,64.801,8.900,17.900,0.708
'[00:00:00.110 01/01/2011]',-67.301,56.901,65.701,9.000,18.700,0.579
'[00:00:00.111 01/01/2011]',-69.101,58.101,66.301,9.300,19.300,0.579
'[00:00:00.112 01/01/2011]',-71.401,59.301,66.601,9.500,19.500,0.579
'[00:00:00.113 01/01/2011]',-73.401,60.201,66.501,9.500,19.500,0.579
'[00:00:00.114 01/01/2011]',-74.401,60.501,66.001,9.000,19.100,0.579
'[00:00:00.115 01/01/2011]',-74.101,60.001,65.101,8.000,18.400,0.579
'[00:00:00.116 01/01/2011]',-73.001,59.001,63.801,6.500,17.300,0.579
'[00:00:00.117 01/01/2011]',-71.501,57.601,62.101,5.000,15.900,0.579
'[00:00:00.118 01/01/2011]',-70.201,56.001,60.401,3.700,14.500,0.579
'[00:00:00.119 01/01/2011]',-69.401,54.601,58.901,3.100,13.500,0.579
'[00:00:00.120 01/01/2011]',-69.001,53.501,57.901,3.000,13.300,0.822
'[00:00:00.121 01/01/2011]',-68.701,53.101,57.801,3.300,13.700,0.822
'[00:00:00.122 01/01/2011]',-68.401,53.301,58.501,3.300,14.600,0.822
'[00:00:00.123 01/01/2011]',-68.001,53.901,59.501,2.900,15.500,0.822
'[00:00:00.124 01/01/2011]',-67.601,54.601,60.501,2.200,16.200,0.822
'[00:00:00.125 01/01/2011]',-67.201,54.901,60.801,1.900,16.600,0.822
'[00:00:00.126 01/01/2011]',-66.601,54.401,60.401,2.200,17.000,0.822
'[00:00:00.127 01/01/2011]',-65.601,53.101,59.601,3.600,17.700,0.822
'[00:00:00.128 01/01/2011]',-64.201,51.401,59.101,5.700,18.900,0.822
'[00:00:00.129 01/01/2011]',-62.501,49.801,59.201,7.900,20.400,0.822
'[00:00:00.130 01/01/2011]',-61.101,48.801,60.101,9.500,21.700,0.579
'[00:00:00.131 01/01/2011]',-60.301,48.501,61.501,10.300,22.400,0.579
'[00:00:00.132 01/01/2011]',-60.301,48.701,62.801,10.300,22.100,0.579
'[00:00:00.133 01/01/2011]',-60.901,49.301,63.501,10.000,21.100,0.579
'[00:00:00.134 01/01/2011]',-61.801,50.201,63.501,10.000,20.000,0.579
'[00:00:00.135 01/01/2011]',-62.801,51.301,63.101,10.400,19.600,0.579
'[00:00:00.136 01/01/2011]',-63.901,52.701,62.601,11.000,20.200,0.579
'[00:00:00.137 01/01/2011]',-65.101,54.601,62.301,11.700,21.500,0.579
'[00:00:00.138 01/01/2011]',-66.301,56.801,62.401,11.900,22.800,0.579
'[00:00:00.139 01/01/2011]',-67.001,58.801,62.501,11.600,23.400,0.579
'[00:00:00.140 01/01/2011]',-66.801,60.101,62.401,10.800,22.900,0.668
'[00:00:00.141 01/01/2011]',-65.301,60.501,62.001,9.900,21.700,0.668
'[00:00:00.142 01/01/2011]',-63.101,60.101,61.501,9.100,20.400,0.668
'[00:00:00.143 01/01/2011]',-61.001,59.201,61.201,8.500,19.600,0.668
'[00:00:00.144 01/01/2011]',-60.101,58.501,61.301,8.300,19.500,0.668
'[00:00:00.145 01/01/2011]',-61.001,58.301,61.401,8.100,19.700,0.668
'[00:00:00.146 01/01/2011]',-63.201,58.701,61.401,8.000,19.700,0.668
'[00:00:00.147 01/01/2011]',-65.601,59.501,60.701,7.700,18.900,0.668
'[00:00:00.148 01/01/2011]',-67.101,60.201,59.301,7.300,17.600,0.668
'[00:00:00.149 01/01/2011]',-67.001,60.701,57.501,6.900,16.000,0.668
'[00:00:00.150 01/01/2011]',-65.701,61.201,56.001,6.700,14.900,0.680
'[00:00:00.151 01/01/2011]',-64.201,61.801,55.301,6.700,14.500,0.680
'[00:00:00.152 01/01/2011]',-63.501,62.701,55.401,7.000,14.900,0.680
'[00:00:00.153 01/01/2011]',-63.901,63.901,56.001,7.500,15.600,0.680
'[00:00:00.154 01/01/2011]',-64.801,64.901,56.501,7.900,16.400,0.680
'[00:00:00.155 01/01/2011]',-64.901,65.301,56.501,8.000,16.900,0.680
'[00:00:00.156 01/01/2011]',-63.501,64.801,55.701,7.500,16.900,0.680
'[00:00:00.157 01/01/2011]',-60.401,63.501,54.501,6.600,16.400,0.680
'[00:00:00.158 01/01/2011]',-56.701,61.501,53.201,5.400,15.500,0.680
'[00:00:00.159 01/01/2011]',-53.901,59.301,52.101,4.400,14.300,0.680
'[00:00:00.160 01/01/2011]',-53.001,57.101,51.201,3.800,13.100,0.723
'[00:00:00.161 01/01/2011]',-54.301,55.301,50.401,4.000,12.200,0.723
'[00:00:00.162 01/01/2011]',-56.701,54.101,49.601,4.500,11.800,0.723
'[00:00:00.163 01/01/2011]',-58.801,53.601,48.901,5.300,12.100,0.723
'[00:00:00.164 01/01/2011]',-59.701,54.001,48.601,6.100,13.100,0.723
'[00:00:00.165 01/01/2011]',-59.301,55.201,49.001,6.800,14.500,0.723
'[00:00:00.166 01/01/2011]',-58.501,57.001,50.301,7.700,16.000,0.723
'[00:00:00.167 01/01/2011]',-58.301,58.701,52.201,8.900,17.200,0.723
'[00:00:00.168 01/01/2011]',-59.501,59.901,54.201,10.500,18.000,0.723
'[00:00:00.169 01/01/2011]',-61.701,60.501,56.001,12.100,18.300,0.723
'[00:00:00.170 01/01/2011]',-63.801,60.801,57.301,13.600,18.300,0.579
'[00:00:00.171 01/01/2011]',-64.501,61.201,58.101,15.100,18.500,0.579
'[00:00:00.172 01/01/2011]',-63.401,62.001,58.801,16.700,19.400,0.579
'[00:00:00.173 01/01/2011]',-60.801,63.201,59.801,18.600,21.100,0.579
'[00:00:00.174 01/01/2011]',-57.801,64.501,61.301,20.900,23.600,0.579
'[00:00:00.175 01/01/2011]',-55.801,65.401,63.301,23.300,26.400,0.579
'[00:00:00.176 01/01/2011]',-55.401,65.601,65.201,25.200,29.100,0.579
'[00:00:00.177 01/01/2011]',-56.101,64.901,66.601,26.300,31.300,0.579
'[00:00:00.178 01/01/2011]',-57.201,63.501,67.001,26.400,32.901,0.579
'[00:00:00.179 01/01/2011]',-57.801,61.301,66.401,25.900,34.001,0.579
'[00:00:00.180 01/01/2011]',-57.501,58.401,65.001,25.300,35.201,0.822
'[00:00:00.181 01/01/2011]',-57.001,54.701,63.101,24.800,36.701,0.822
'[00:00:00.182 01/01/2011]',-57.201,50.301,61.301,24.500,38.701,0.822
'[00:00:00.183 01/01/2011]',-59.001,45.301,59.801,24.200,41.001,0.822
'[00:00:00.184 01/01/2011]',-62.301,40.201,58.701,23.900,43.101,0.822
'[00:00:00.185 01/01/2011]',-66.101,35.201,57.801,23.400,44.901,0.822
'[00:00:00.186 01/01/2011]',-69.101,30.300,56.801,22.900,46.301,0.822
'[00:00:00.187 01/01/2011]',-70.301,25.700,55.601,22.100,47.501,0.822
'[00:00:00.188 01/01/2011]',-69.801,21.200,54.101,21.000,48.901,0.822
'[00:00:00.189 01/01/2011]',-68.301,16.900,52.801,19.600,50.601,0.822
'[00:00:00.190 01/01/2011]',-66.701,12.800,52.001,17.800,52.701,0.579
'[00:00:00.191 01/01/2011]',-65.201,8.700,51.801,15.900,55.001,0.579
'[00:00:00.192 01/01/2011]',-63.001,4.400,52.001,14.200,57.201,0.579
'[00:00:00.193 01/01/2011]',-58.601,0.000,52.201,13.100,59.101,0.579
'[00:00:00.194 01/01/2011]',-51.001,-4.600,52.001,12.500,60.601,0.579
'[00:00:00.195 01/01/2011]',-40.201,-8.800,51.401,12.500,61.701,0.579
'[00:00:00.196 01/01/2011]',-27.400,-12.100,50.901,13.000,63.001,0.579
'[00:00:00.197 01/01/2011]',-13.800,-13.700,51.601,13.900,64.901,0.579
'[00:00:00.198 01/01/2011]',0.100,-13.300,53.901,15.600,67.901,0.579
'[00:00:00.199 01/01/2011]',14.700,-11.000,58.001,18.000,71.801,0.579
'[00:00:00.200 01/01/2011]',30.800,-7.300,63.001,21.200,76.101,0.668
'[00:00:00.201 01/01/2011]',48.401,-3.400,67.401,24.600,79.801,0.668
'[00:00:00.202 01/01/2011]',65.701,0.000,70.201,27.200,81.901,0.668
'[00:00:00.203 01/01/2011]',79.801,2.300,70.701,28.500,81.401,0.668
'[00:00:00.204 01/01/2011]',87.501,3.700,69.001,27.900,78.101,0.668
'[00:00:00.205 01/01/2011]',87.401,4.400,65.901,25.500,72.201,0.668
'[00:00:00.206 01/01/2011]',79.801,5.200,62.001,21.700,64.201,0.668
'[00:00:00.207 01/01/2011]',66.801,6.300,57.501,16.900,54.801,0.668
'[00:00:00.208 01/01/2011]',50.801,7.800,52.601,11.500,44.101,0.668
'[00:00:00.209 01/01/2011]',33.701,9.300,47.001,5.400,32.400,0.668
'[00:00:00.210 01/01/2011]',15.800,10.500,41.001,-1.300,19.800,0.680
'[00:00:00.211 01/01/2011]',-3.600,11.100,35.001,-8.400,6.600,0.680
'[00:00:00.212 01/01/2011]',-25.600,11.200,29.600,-15.400,-6.400,0.680
'[00:00:00.213 01/01/2011]',-50.401,11.400,25.500,-21.400,-17.900,0.680
'[00:00:00.214 01/01/2011]',-77.001,12.100,22.800,-25.700,-26.900,0.680
'[00:00:00.215 01/01/2011]',-103.302,13.500,21.600,-27.800,-32.400,0.680
'[00:00:00.216 01/01/2011]',-126.102,15.600,21.600,-27.700,-34.501,0.680
'[00:00:00.217 01/01/2011]',-142.902,18.300,22.500,-26.100,-33.701,0.680
'[00:00:00.218 01/01/2011]',-152.002,21.300,24.200,-23.600,-31.000,0.680
'[00:00:00.219 01/01/2011]',-153.502,24.500,26.300,-21.100,-27.500,0.680
'[00:00:00.220 01/01/2011]',-149.202,27.800,28.800,-18.800,-24.300,0.700
'[00:00:00.221 01/01/2011]',-141.602,31.000,31.300,-17.000,-21.600,0.700
'[00:00:00.222 01/01/2011]',-132.802,33.601,33.401,-15.700,-19.500,0.700
'[00:00:00.223 01/01/2011]',-123.802,35.301,35.001,-15.000,-17.700,0.700
'[00:00:00.224 01/01/2011]',-114.502,35.801,35.901,-14.900,-16.000,0.700
'[00:00:00.225 01/01/2011]',-104.102,35.401,36.101,-15.400,-14.200,0.700
'[00:00:00.226 01/01/2011]',-92.401,34.401,36.201,-16.100,-12.600,0.700
'[00:00:00.227 01/01/2011]',-79.901,33.501,36.301,-16.700,-11.500,0.700
'[00:00:00.228 01/01/2011]',-68.001,33.101,36.701,-16.800,-11.100,0.700
'[00:00:00.229 01/01/2011]',-58.201,33.401,37.501,-16.300,-11.300,0.700
'[00:00:00.230 01/01/2011]',-51.701,34.401,38.401,-15.400,-11.700,0.579
'[00:00:00.231 01/01/2011]',-48.501,35.701,39.101,-14.700,-11.900,0.579
'[00:00:00.232 01/01/2011]',-47.801,36.901,39.601,-14.600,-11.600,0.579
'[00:00:00.233 01/01/2011]',-48.301,37.801,39.701,-15.100,-10.700,0.579
'[00:00:00.234 01/01/2011]',-48.701,38.401,39.601,-15.900,-9.500,0.579
'[00:00:00.235 01/01/2011]',-48.201,38.601,39.801,-16.200,-8.200,0.579
'[00:00:00.236 01/01/2011]',-47.101,38.601,40.301,-15.700,-6.900,0.579
'[00:00:00.237 01/01/2011]',-46.101,38.601,41.101,-14.100,-5.600,0.579
'[00:00:00.238 01/01/2011]',-46.101,38.901,42.201,-12.000,-4.200,0.579
'[00:00:00.239 01/01/2011]',-47.801,39.501,43.201,-10.000,-2.700,0.579
'[00:00:00.240 01/01/2011]',-50.801,40.501,44.101,-8.400,-1.200,0.822
'[00:00:00.241 01/01/2011]',-54.001,41.801,44.901,-7.500,0.100,0.822
'[00:00:00.242 01/01/2011]',-55.701,42.901,45.601,-6.700,1.300,0.822
'[00:00:00.243 01/01/2011]',-55.101,43.701,46.201,-5.700,2.200,0.822
'[00:00:00.244 01/01/2011]',-52.501,44.101,46.401,-4.200,3.000,0.822
'[00:00:00.245 01/01/2011]',-49.101,44.001,46.101,-2.300,3.700,0.822
'[00:00:00.246 01/01/2011]',-46.801,43.601,45.201,-0.400,4.400,0.822
'[00:00:00.247 01/01/2011]',-46.801,43.301,43.901,1.100,5.000,0.822
'[00:00:00.248 01/01/2011]',-48.901,43.201,42.601,2.000,5.400,0.822
'[00:00:00.249 01/01/2011]',-52.101,43.401,41.801,2.300,5.600,0.822
'[00:00:00.250 01/01/2011]',-54.501,43.901,41.901,2.500,5.400,0.579
'[00:00:00.251 01/01/2011]',-54.901,44.701,42.701,2.600,5.000,0.579
'[00:00:00.252 01/01/2011]',-52.901,45.601,43.801,2.700,4.500,0.579
'[00:00:00.253 01/01/2011]',-49.601,46.301,44.801,2.800,3.900,0.579
'[00:00:00.254 01/01/2011]',-46.201,46.801,45.301,2.700,3.200,0.579
'[00:00:00.255 01/01/2011]',-43.901,47.001,45.101,2.400,2.700,0.579
'[00:00:00.256 01/01/2011]',-42.801,46.901,44.601,1.900,2.400,0.579
'[00:00:00.257 01/01/2011]',-42.501,46.601,43.901,1.500,2.500,0.579
'[00:00:00.258 01/01/2011]',-42.401,46.101,43.201,1.300,2.900,0.579
'[00:00:00.259 01/01/2011]',-42.201,45.501,42.701,1.200,3.200,0.579
'[00:00:00.260 01/01/2011]',-42.101,45.001,42.001,1.100,3.100,0.668
'[00:00:00.261 01/01/2011]',-42.701,44.301,41.001,0.800,2.200,0.668
'[00:00:00.262 01/01/2011]',-44.201,43.601,39.701,0.200,0.600,0.668
'[00:00:00.263 01/01/2011]',-46.301,42.801,38.101,-0.500,-1.400,0.668
'[00:00:00.264 01/01/2011]',-48.301,41.901,36.701,-1.100,-3.200,0.668
'[00:00:00.265 01/01/2011]',-49.501,41.101,35.601,-1.400,-4.400,0.668
'[00:00:00.266 01/01/2011]',-49.501,40.501,35.201,-1.100,-4.700,0.668
'[00:00:00.267 01/01/2011]',-48.701,40.201,35.301,-0.300,-4.400,0.668
'[00:00:00.268 01/01/2011]',-47.501,40.101,35.901,0.800,-3.500,0.668
'[00:00:00.269 01/01/2011]',-46.401,40.101,36.601,2.000,-2.500,0.668
'[00:00:00.270 01/01/2011]',-45.501,40.001,37.201,2.800,-1.500,0.680
'[00:00:00.271 01/01/2011]',-44.801,39.701,38.001,3.300,-0.400,0.680
'[00:00:00.272 01/01/2011]',-43.801,39.301,38.901,3.300,0.800,0.680
'[00:00:00.273 01/01/2011]',-42.501,38.801,40.201,3.200,2.100,0.680
'[00:00:00.274 01/01/2011]',-41.201,38.401,41.801,3.400,3.600,0.680
'[00:00:00.275 01/01/2011]',-40.201,38.201,43.401,3.900,5.300,0.680
'[00:00:00.276 01/01/2011]',-39.901,38.001,44.601,4.600,6.800,0.680
'[00:00:00.277 01/01/2011]',-40.601,37.801,45.201,5.200,8.100,0.680
'[00:00:00.278 01/01/2011]',-42.201,37.701,45.201,5.200,8.800,0.680
'[00:00:00.279 01/01/2011]',-44.101,37.601,44.801,4.300,8.800,0.680
'[00:00:00.280 01/01/2011]',-45.701,37.601,44.501,2.600,8.100,0.720
'[00:00:00.281 01/01/2011]',-46.201,37.601,44.401,0.600,6.800,0.720
'[00:00:00.282 01/01/2011]',-45.501,37.401,44.501,-1.000,5.500,0.720
'[00:00:00.283 01/01/2011]',-44.001,36.801,44.501,-1.800,4.400,0.720
'[00:00:00.284 01/01/2011]',-42.901,35.701,44.201,-1.500,3.900,0.720
'[00:00:00.285 01/01/2011]',-42.801,34.401,43.401,-0.600,3.800,0.720
'[00:00:00.286 01/01/2011]',-44.301,33.501,42.401,0.800,3.900,0.720
'[00:00:00.287 01/01/2011]',-46.401,33.501,41.601,2.100,4.100,0.720
'[00:00:00.288 01/01/2011]',-48.301,34.701,41.601,3.200,4.300,0.720
'[00:00:00.289 01/01/2011]',-48.901,37.001,42.301,4.200,4.400,0.720
'[00:00:00.290 01/01/2011]',-48.201,39.701,43.401,5.100,4.600,0.579
'[00:00:00.291 01/01/2011]',-46.801,42.201,44.501,6.000,4.900,0.579
'[00:00:00.292 01/01/2011]',-45.501,43.701,44.901,6.500,5.000,0.579
'[00:00:00.293 01/01/2011]',-44.901,44.101,44.401,6.600,4.900,0.579
'[00:00:00.294 01/01/2011]',-45.101,43.501,43.201,6.300,4.500,0.579
'[00:00:00.295 01/01/2011]',-45.601,42.401,41.501,5.500,3.900,0.579
'[00:00:00.296 01/01/2011]',-46.001,41.301,39.701,4.600,3.300,0.579
'[00:00:00.297 01/01/2011]',-46.201,40.601,37.701,3.700,2.700,0.579
'[00:00:00.298 01/01/2011]',-46.001,40.301,35.701,2.600,2.200,0.579
'[00:00:00.299 01/01/2011]',-45.401,40.101,33.701,1.400,1.600,0.579
'[00:00:00.300 01/01/2011]',-44.301,39.701,31.900,-0.100,0.700,0.822
'[00:00:00.301 01/01/2011]',-43.001,39.101,30.700,-1.500,-0.300,0.822
'[00:00:00.302 01/01/2011]',-41.901,38.501,30.400,-2.600,-0.800,0.822
'[00:00:00.303 01/01/2011]',-41.701,38.401,31.300,-2.800,-0.600,0.822
'[00:00:00.304 01/01/2011]',-42.501,39.301,33.301,-2.000,0.600,0.822
'[00:00:00.305 01/01/2011]',-44.201,41.301,36.101,-0.100,2.700,0.822
'[00:00:00.306 01/01/2011]',-45.601,43.901,39.201,2.300,5.200,0.822
'[00:00:00.307 01/01/2011]',-46.101,46.401,41.901,4.600,7.400,0.822
'[00:00:00.308 01/01/2011]',-45.401,48.001,43.801,6.200,8.700,0.822
'[00:00:00.309 01/01/2011]',-44.201,48.001,44.501,6.500,9.000,0.822
'[00:00:00.310 01/01/2011]',-43.601,46.601,43.901,5.600,8.300,0.579
'[00:00:00.311 01/01/2011]',-44.201,44.301,42.001,3.700,6.900,0.579
'[00:00:00.312 01/01/2011]',-45.601,41.501,39.201,1.200,5.100,0.579
'[00:00:00.313 01/01/2011]',-46.701,38.901,36.101,-1.200,3.100,0.579
'[00:00:00.314 01/01/2011]',-46.701,36.701,33.101,-3.100,1.000,0.579
'[00:00:00.315 01/01/2011]',-45.501,34.901,30.700,-4.000,-0.800,0.579
'[00:00:00.316 01/01/2011]',-44.201,33.601,29.100,-3.800,-2.100,0.579
'[00:00:00.317 01/01/2011]',-43.701,32.801,28.400,-2.800,-2.700,0.579
'[00:00:00.318 01/01/2011]',-44.501,32.500,28.400,-1.500,-2.500,0.579
'[00:00:00.319 01/01/2011]',-45.701,32.300,28.900,-0.400,-1.600,0.579
'[00:00:00.320 01/01/2011]',-46.101,32.000,29.400,0.200,-0.400,0.668
'[00:00:00.321 01/01/2011]',-44.801,31.300,29.600,0.000,0.600,0.668
'[00:00:00.322 01/01/2011]',-42.201,30.000,29.100,-0.700,1.100,0.668
'[00:00:00.323 01/01/2011]',-39.501,28.400,27.900,-1.500,1.100,0.668
'[00:00:00.324 01/01/2011]',-38.401,26.600,26.100,-2.300,0.600,0.668
'[00:00:00.325 01/01/2011]',-39.301,24.900,24.300,-2.800,0.000,0.668
'[00:00:00.326 01/01/2011]',-41.601,23.400,22.900,-3.200,-0.500,0.668
'[00:00:00.327 01/01/2011]',-43.901,22.100,22.200,-3.600,-0.900,0.668
'[00:00:00.328 01/01/2011]',-45.201,21.000,22.200,-4.100,-1.400,0.668
'[00:00:00.329 01/01/2011]',-45.201,20.100,22.600,-4.600,-2.000,0.668
'[00:00:00.330 01/01/2011]',-44.201,19.700,23.200,-5.100,-2.900,0.680
'[00:00:00.331 01/01/2011]',-43.301,19.900,23.700,-5.500,-3.900,0.680
'[00:00:00.332 01/01/2011]',-42.801,20.800,23.800,-5.900,-4.800,0.680
'[00:00:00.333 01/01/2011]',-42.801,21.900,23.400,-6.500,-5.500,0.680
'[00:00:00.334 01/01/2011]',-43.101,22.800,22.500,-7.300,-6.100,0.680
'[00:00:00.335 01/01/2011]',-43.201,22.800,21.300,-8.300,-6.400,0.680
'[00:00:00.336 01/01/2011]',-43.001,22.100,20.300,-8.900,-6.500,0.680
'[00:00:00.337 01/01/2011]',-42.101,20.700,19.600,-8.900,-6.300,0.680
'[00:00:00.338 01/01/2011]',-40.501,19.200,19.800,-8.100,-5.500,0.680
'[00:00:00.339 01/01/2011]',-38.401,18.100,20.800,-6.600,-4.100,0.680
'[00:00:00.340 01/01/2011]',-36.301,17.700,22.400,-4.700,-2.100,0.696
'[00:00:00.341 01/01/2011]',-35.101,18.100,24.300,-2.700,0.400,0.696
'[00:00:00.342 01/01/2011]',-35.701,19.100,26.000,-0.700,2.900,0.696
'[00:00:00.343 01/01/2011]',-38.101,20.700,27.500,1.300,5.300,0.696
'[00:00:00.344 01/01/2011]',-41.401,22.600,29.000,3.100,7.400,0.696
'[00:00:00.345 01/01/2011]',-43.901,24.500,30.600,4.600,9.000,0.696
'[00:00:00.346 01/01/2011]',-44.201,26.200,32.500,5.500,10.100,0.696
'[00:00:00.347 01/01/2011]',-42.001,27.500,34.301,5.300,10.500,0.696
'[00:00:00.348 01/01/2011]',-38.401,28.100,35.601,4.100,10.200,0.696
'[00:00:00.349 01/01/2011]',-35.301,28.000,35.801,2.100,9.100,0.696
'[00:00:00.350 01/01/2011]',-34.301,27.100,34.801,-0.100,7.300,0.579
'[00:00:00.351 01/01/2011]',-36.001,25.900,33.001,-1.900,5.300,0.579
'[00:00:00.352 01/01/2011]',-39.301,24.600,31.200,-3.200,3.300,0.579
'[00:00:00.353 01/01/2011]',-42.501,23.500,30.000,-3.800,2.000,0.579
'[00:00:00.354 01/01/2011]',-43.901,22.800,30.000,-4.000,1.500,0.579
'[00:00:00.355 01/01/2011]',-43.101,22.700,30.900,-3.800,1.800,0.579
'[00:00:00.356 01/01/2011]',-40.901,22.900,32.400,-3.500,2.800,0.579
'[00:00:00.357 01/01/2011]',-38.601,23.400,33.801,-3.300,3.800,0.579
'[00:00:00.358 01/01/2011]',-37.701,23.600,34.701,-3.100,4.600,0.579
'[00:00:00.359 01/01/2011]',-38.701,23.300,35.001,-3.000,4.900,0.579
'[00:00:00.360 01/01/2011]',-40.701,22.400,35.001,-3.000,4.500,0.822
'[00:00:00.361 01/01/2011]',-42.301,21.300,34.901,-3.100,3.700,0.822
'[00:00:00.362 01/01/2011]',-42.101,20.500,34.801,-3.100,2.900,0.822
'[00:00:00.363 01/01/2011]',-39.601,20.200,34.601,-2.900,2.400,0.822
'[00:00:00.364 01/01/2011]',-35.601,20.600,34.401,-2.700,2.500,0.822
'[00:00:00.365 01/01/2011]',-31.900,21.400,34.301,-2.400,3.200,0.822
'[00:00:00.366 01/01/2011]',-30.400,22.100,34.301,-2.200,4.200,0.822
'[00:00:00.367 01/01/2011]',-32.000,22.100,34.401,-2.200,5.100,0.822
'[00:00:00.368 01/01/2011]',-36.001,21.400,34.401,-2.200,5.500,0.822
'[00:00:00.369 01/01/2011]',-40.401,20.200,34.201,-2.200,5.500,0.822
'[00:00:00.370 01/01/2011]',-42.901,18.900,33.501,-2.000,5.100,0.579
'[00:00:00.371 01/01/2011]',-42.401,18.100,32.400,-1.300,4.700,0.579
'[00:00:00.372 01/01/2011]',-39.401,18.100,31.200,-0.300,4.800,0.579
'[00:00:00.373 01/01/2011]',-36.101,18.700,30.400,1.100,5.300,0.579
'[00:00:00.374 01/01/2011]',-34.501,19.800,30.200,2.400,6.200,0.579
'[00:00:00.375 01/01/2011]',-35.701,21.000,30.500,3.400,7.200,0.579
'[00:00:00.376 01/01/2011]',-39.001,22.000,30.900,3.900,8.000,0.579
'[00:00:00.377 01/01/2011]',-42.301,22.500,31.300,3.700,8.400,0.579
'[00:00:00.378 01/01/2011]',-43.601,22.500,31.300,3.000,8.500,0.579
'[00:00:00.379 01/01/2011]',-42.001,21.900,31.100,2.000,8.500,0.579
'[00:00:00.380 01/01/2011]',-38.501,20.900,30.700,1.000,8.400,0.668
'[00:00:00.381 01/01/2011]',-34.601,19.500,30.300,0.100,8.300,0.668
'[00:00:00.382 01/01/2011]',-32.300,17.900,29.800,-0.400,8.000,0.668
'[00:00:00.383 01/01/2011]',-32.300,16.300,29.000,-0.800,7.700,0.668
'[00:00:00.384 01/01/2011]',-34.301,14.900,28.100,-1.100,7.200,0.668
'[00:00:00.385 01/01/2011]',-37.201,13.800,27.300,-1.600,6.900,0.668
'[00:00:00.386 01/01/2011]',-39.801,13.100,26.900,-2.300,6.800,0.668
'[00:00:00.387 01/01/2011]',-41.201,12.900,27.200,-3.100,6.800,0.668
'[00:00:00.388 01/01/2011]',-41.301,12.800,28.200,-3.600,6.900,0.668
'[00:00:00.389 01/01/2011]',-40.401,12.900,29.600,-3.700,6.900,0.668
'[00:00:00.390 01/01/2011]',-39.001,12.700,30.600,-3.300,6.800,0.680
'[00:00:00.391 01/01/2011]',-37.401,12.100,30.900,-2.700,6.600,0.680
'[00:00:00.392 01/01/2011]',-36.201,11.000,30.400,-2.500,6.500,0.680
'[00:00:00.393 01/01/2011]',-35.501,9.500,29.400,-3.000,6.400,0.680
'[00:00:00.394 01/01/2011]',-35.701,7.800,28.300,-4.100,6.300,0.680
'[00:00:00.395 01/01/2011]',-36.901,6.200,27.600,-5.400,6.100,0.680
'[00:00:00.396 01/01/2011]',-38.801,4.700,27.300,-6.400,5.800,0.680
'[00:00:00.397 01/01/2011]',-41.001,3.500,27.300,-6.500,5.300,0.680
'[00:00:00.398 01/01/2011]',-42.601,2.500,27.300,-6.000,4.600,0.680
'[00:00:00.399 01/01/2011]',-43.101,1.900,27.200,-5.100,3.800,0.680
'[00:00:00.400 01/01/2011]',-42.601,1.600,26.800,-4.500,3.100,0.716
'[00:00:00.401 01/01/2011]',-41.801,1.600,26.300,-4.300,2.600,0.716
'[00:00:00.402 01/01/2011]',-41.301,1.900,25.900,-4.400,2.500,0.716
'[00:00:00.403 01/01/2011]',-41.901,2.200,25.400,-4.500,2.900,0.716
'[00:00:00.404 01/01/2011]',-43.301,2.500,25.000,-4.200,3.600,0.716
'[00:00:00.405 01/01/2011]',-44.401,2.800,24.400,-3.800,4.300,0.716
'[00:00:00.406 01/01/2011]',-44.401,3.200,23.600,-3.400,4.800,0.716
'[00:00:00.407 01/01/2011]',-42.801,3.500,22.700,-3.500,4.500,0.716
'[00:00:00.408 01/01/2011]',-40.301,3.800,21.700,-4.100,3.500,0.716
'[00:00:00.409 01/01/2011]',-38.401,3.800,20.800,-5.300,1.600,0.716
'[00:00:00.410 01/01/2011]',-38.501,3.500,20.000,-6.800,-0.700,0.579
'[00:00:00.411 01/01/2011]',-40.801,3.100,19.600,-8.100,-2.900,0.579
'[00:00:00.412 01/01/2011]',-44.301,2.600,19.600,-9.200,-4.600,0.579
'[00:00:00.413 01/01/2011]',-47.101,2.400,20.300,-9.700,-5.400,0.579
'[00:00:00.414 01/01/2011]',-48.101,2.500,21.500,-9.700,-5.200,0.579
'[00:00:00.415 01/01/2011]',-47.301,2.900,23.100,-9.100,-4.300,0.579
'[00:00:00.416 01/01/2011]',-45.801,3.200,24.700,-8.200,-2.900,0.579
'[00:00:00.417 01/01/2011]',-45.301,3.400,26.000,-7.200,-1.500,0.579
'[00:00:00.418 01/01/2011]',-46.301,3.300,26.900,-6.500,-0.300,0.579
'[00:00:00.419 01/01/2011]',-48.001,3.000,27.400,-6.100,0.600,0.579
'[00:00:00.420 01/01/2011]',-48.801,2.800,27.700,-5.800,1.300,0.822
'[00:00:00.421 01/01/2011]',-47.601,2.900,27.700,-5.400,2.000,0.822
'[00:00:00.422 01/01/2011]',-44.501,3.300,27.500,-4.600,2.900,0.822
'[00:00:00.423 01/01/2011]',-41.101,3.900,26.900,-3.600,3.900,0.822
'[00:00:00.424 01/01/2011]',-39.201,4.500,25.700,-2.600,4.600,0.822
'[00:00:00.425 01/01/2011]',-39.801,4.900,24.200,-2.100,5.000,0.822
'[00:00:00.426 01/01/2011]',-42.301,5.000,22.700,-2.300,4.800,0.822
'[00:00:00.427 01/01/2011]',-45.401,4.800,21.500,-3.100,4.400,0.822
'[00:00:00.428 01/01/2011]',-47.501,4.400,20.800,-4.100,3.900,0.822
'[00:00:00.429 01/01/2011]',-48.101,4.000,20.500,-4.800,3.700,0.822
'[00:00:00.430 01/01/2011]',-47.301,3.900,20.500,-4.800,3.800,0.579
'[00:00:00.431 01/01/2011]',-45.801,4.300,20.500,-4.300,4.300,0.579
'[00:00:00.432 01/01/2011]',-44.401,5.400,20.600,-3.300,4.900,0.579
'[00:00:00.433 01/01/2011]',-43.501,7.200,20.900,-2.100,5.400,0.579
'[00:00:00.434 01/01/2011]',-43.201,9.500,21.200,-0.800,5.900,0.579
'[00:00:00.435 01/01/2011]',-43.701,12.000,21.600,0.600,6.500,0.579
'[00:00:00.436 01/01/2011]',-45.301,14.500,21.700,2.100,7.300,0.579
'[00:00:00.437 01/01/2011]',-47.601,16.800,21.700,3.500,8.200,0.579
'[00:00:00.438 01/01/2011]',-49.901,18.700,21.400,4.500,9.000,0.579
'[00:00:00.439 01/01/2011]',-51.001,19.900,20.900,4.500,9.100,0.579
'[00:00:00.440 01/01/2011]',-50.201,20.300,20.300,3.300,8.200,0.668
'[00:00:00.441 01/01/2011]',-47.701,19.700,19.400,0.800,6.200,0.668
'[00:00:00.442 01/01/2011]',-44.601,18.300,17.900,-2.700,3.200,0.668
'[00:00:00.443 01/01/2011]',-42.301,16.500,15.700,-6.400,-0.400,0.668
'[00:00:00.444 01/01/2011]',-41.901,14.700,13.100,-9.700,-4.000,0.668
'[00:00:00.445 01/01/2011]',-43.201,13.200,10.300,-12.200,-7.400,0.668
'[00:00:00.446 01/01/2011]',-45.301,12.200,7.800,-13.700,-10.300,0.668
'[00:00:00.447 01/01/2011]',-46.701,11.400,6.000,-14.600,-12.600,0.668
'[00:00:00.448 01/01/2011]',-46.501,10.200,4.900,-14.900,-14.200,0.668
'[00:00:00.449 01/01/2011]',-44.801,8.600,4.300,-14.700,-15.100,0.668
'[00:00:00.450 01/01/2011]',-42.201,6.700,4.200,-14.000,-15.200,0.680
'[00:00:00.451 01/01/2011]',-39.501,5.100,4.300,-12.800,-14.700,0.680
'[00:00:00.452 01/01/2011]',-37.501,4.300,4.700,-11.000,-13.900,0.680
'[00:00:00.453 01/01/2011]',-36.601,4.400,5.300,-9.000,-13.100,0.680
'[00:00:00.454 01/01/2011]',-37.001,5.200,5.800,-7.100,-12.500,0.680
'[00:00:00.455 01/01/2011]',-38.301,6.100,5.900,-5.800,-12.100,0.680
'[00:00:00.456 01/01/2011]',-40.201,6.500,5.500,-5.000,-11.800,0.680
'[00:00:00.457 01/01/2011]',-42.001,6.400,4.800,-4.500,-11.300,0.680
'[00:00:00.458 01/01/2011]',-43.501,6.100,4.300,-4.000,-10.400,0.680
'[00:00:00.459 01/01/2011]',-44.401,6.100,4.500,-3.300,-9.200,0.680
'[00:00:00.460 01/01/2011]',-44.901,6.400,5.800,-2.500,-8.100,0.700
'[00:00:00.461 01/01/2011]',-45.201,7.100,7.600,-2.100,-7.500,0.700
'[00:00:00.462 01/01/2011]',-45.401,7.600,9.400,-2.200,-7.600,0.700
'[00:00:00.463 01/01/2011]',-45.101,7.700,10.500,-3.100,-8.400,0.700
'[00:00:00.464 01/01/2011]',-44.301,7.400,10.600,-4.200,-9.500,0.700
'[00:00:00.465 01/01/2011]',-42.801,7.000,9.900,-5.300,-10.600,0.700
'[00:00:00.466 01/01/2011]',-41.001,6.700,8.800,-5.900,-11.500,0.700
'[00:00:00.467 01/01/2011]',-39.401,6.900,7.800,-6.000,-12.200,0.700
'[00:00:00.468 01/01/2011]',-38.301,7.200,7.000,-6.000,-12.700,0.700
'[00:00:00.469 01/01/2011]',-37.501,7.600,6.600,-6.100,-13.300,0.700
'[00:00:00.470 01/01/2011]',-36.801,7.700,6.100,-6.400,-13.800,0.579
'[00:00:00.471 01/01/2011]',-35.801,7.900,5.500,-6.800,-14.100,0.579
'[00:00:00.472 01/01/2011]',-35.001,8.300,5.100,-6.900,-14.100,0.579
'[00:00:00.473 01/01/2011]',-35.101,9.200,4.800,-6.700,-13.600,0.579
'[00:00:00.474 01/01/2011]',-36.301,10.600,5.100,-6.200,-13.100,0.579
'[00:00:00.475 01/01/2011]',-38.401,11.900,5.800,-5.600,-12.700,0.579
'[00:00:00.476 01/01/2011]',-40.201,12.900,6.700,-5.500,-12.800,0.579
'[00:00:00.477 01/01/2011]',-40.301,13.500,7.300,-5.700,-13.200,0.579
'[00:00:00.478 01/01/2011]',-38.501,13.800,7.300,-6.300,-13.900,0.579
'[00:00:00.479 01/01/2011]',-35.601,14.500,6.700,-7.100,-14.500,0.579
'[00:00:00.480 01/01/2011]',-33.001,15.900,5.700,-7.700,-15.000,0.822
'[00:00:00.481 01/01/2011]',-32.000,17.700,4.300,-8.300,-15.600,0.822
'[00:00:00.482 01/01/2011]',-32.600,19.300,3.000,-9.000,-16.500,0.822
'[00:00:00.483 01/01/2011]',-33.501,20.100,1.600,-9.900,-17.800,0.822
'[00:00:00.484 01/01/2011]',-33.001,19.800,0.200,-10.900,-19.400,0.822
'[00:00:00.485 01/01/2011]',-30.600,18.400,-1.200,-11.500,-20.600,0.822
'[00:00:00.486 01/01/2011]',-27.000,16.800,-2.400,-11.400,-20.900,0.822
'[00:00:00.487 01/01/2011]',-23.900,15.800,-3.000,-10.200,-20.400,0.822
'[00:00:00.488 01/01/2011]',-22.900,16.000,-2.900,-8.100,-19.000,0.822
'[00:00:00.489 01/01/2011]',-24.100,17.200,-2.100,-5.700,-17.500,0.822
'[00:00:00.490 01/01/2011]',-26.300,19.100,-1.000,-3.700,-16.400,0.579
'[00:00:00.491 01/01/2011]',-27.700,20.900,0.100,-2.700,-15.900,0.579
'[00:00:00.492 01/01/2011]',-27.300,22.400,0.600,-2.900,-15.900,0.579
'[00:00:00.493 01/01/2011]',-25.100,23.200,0.400,-4.000,-16.200,0.579
'[00:00:00.494 01/01/2011]',-22.400,23.500,-0.300,-5.500,-16.500,0.579
'[00:00:00.495 01/01/2011]',-20.500,23.400,-1.200,-6.900,-16.700,0.579
'[00:00:00.496 01/01/2011]',-20.200,23.000,-2.000,-8.200,-17.000,0.579
'[00:00:00.497 01/01/2011]',-21.100,22.500,-2.600,-9.100,-17.600,0.579
'[00:00:00.498 01/01/2011]',-22.100,22.000,-3.000,-9.800,-18.500,0.579
'[00:00:00.499 01/01/2011]',-22.000,21.600,-3.200,-10.100,-19.400,0.579
'[00:00:00.500 01/01/2011]',-20.200,21.600,-2.800,-9.800,-20.100,0.668
'[00:00:00.501 01/01/2011]',-16.900,21.800,-1.800,-8.900,-20.100,0.668
'[00:00:00.502 01/01/2011]',-13.000,22.100,-0.200,-7.700,-19.600,0.668
'[00:00:00.503 01/01/2011]',-9.600,22.300,1.700,-6.500,-18.800,0.668
'[00:00:00.504 01/01/2011]',-7.500,22.200,3.300,-5.900,-18.100,0.668
'[00:00:00.505 01/01/2011]',-6.900,22.000,4.100,-5.900,-17.700,0.668
'[00:00:00.506 01/01/2011]',-7.300,21.800,3.900,-6.600,-17.600,0.668
'[00:00:00.507 01/01/2011]',-7.800,21.800,3.100,-7.400,-17.500,0.668
'[00:00:00.508 01/01/2011]',-7.500,21.800,2.300,-8.000,-17.300,0.668
'[00:00:00.509 01/01/2011]',-6.200,21.500,2.000,-8.300,-16.900,0.668
'[00:00:00.510 01/01/2011]',-4.300,20.900,2.400,-8.500,-16.600,0.680
'[00:00:00.511 01/01/2011]',-2.800,20.000,3.200,-8.700,-16.800,0.680
'[00:00:00.512 01/01/2011]',-2.800,18.800,3.900,-9.200,-17.500,0.680
'[00:00:00.513 01/01/2011]',-4.700,18.000,4.000,-9.800,-18.400,0.680
'[00:00:00.514 01/01/2011]',-8.200,17.500,3.500,-10.300,-19.400,0.680
'[00:00:00.515 01/01/2011]',-12.100,17.300,2.600,-10.500,-20.000,0.680
'[00:00:00.516 01/01/2011]',-15.000,17.200,1.600,-10.500,-20.100,0.680
'[00:00:00.517 01/01/2011]',-15.900,16.900,1.100,-10.300,-19.900,0.680
'[00:00:00.518 01/01/2011]',-14.600,16.300,1.300,-10.100,-19.600,0.680
'[00:00:00.519 01/01/2011]',-12.000,15.500,2.000,-10.000,-19.400,0.680
'[00:00:00.520 01/01/2011]',-9.300,15.000,3.100,-9.900,-19.400,0.723
'[00:00:00.521 01/01/2011]',-7.900,14.800,4.500,-9.800,-19.500,0.723
'[00:00:00.522 01/01/2011]',-8.200,14.800,5.700,-9.600,-19.800,0.723
'[00:00:00.523 01/01/2011]',-9.700,14.800,6.500,-9.500,-20.100,0.723
'[00:00:00.524 01/01/2011]',-11.500,14.700,6.900,-9.400,-20.400,0.723
'[00:00:00.525 01/01/2011]',-12.200,14.300,6.800,-9.300,-20.700,0.723
'[00:00:00.526 01/01/2011]',-11.700,14.000,6.300,-9.100,-21.100,0.723
'[00:00:00.527 01/01/2011]',-10.900,13.700,5.600,-8.900,-21.400,0.723
'[00:00:00.528 01/01/2011]',-10.900,13.600,4.800,-8.600,-21.900,0.723
'[00:00:00.529 01/01/2011]',-12.800,13.500,4.000,-8.600,-22.400,0.723
'[00:00:00.530 01/01/2011]',-16.200,13.000,3.200,-9.100,-23.000,0.579
'[00:00:00.531 01/01/2011]',-19.800,12.200,2.400,-9.900,-23.500,0.579
'[00:00:00.532 01/01/2011]',-21.800,11.400,1.700,-10.800,-23.600,0.579
'[00:00:00.533 01/01/2011]',-21.200,11.000,1.400,-11.500,-23.500,0.579
'[00:00:00.534 01/01/2011]',-18.800,11.400,1.400,-11.500,-23.000,0.579
'[00:00:00.535 01/01/2011]',-16.100,12.500,1.700,-11.000,-22.600,0.579
'[00:00:00.536 01/01/2011]',-14.600,13.900,2.100,-10.200,-22.300,0.579
'[00:00:00.537 01/01/2011]',-14.800,15.200,2.200,-9.700,-22.300,0.579
'[00:00:00.538 01/01/2011]',-16.000,16.000,1.800,-9.900,-22.700,0.579
'[00:00:00.539 01/01/2011]',-16.600,16.000,0.900,-10.900,-23.400,0.579
'[00:00:00.540 01/01/2011]',-15.800,15.600,-0.300,-12.400,-24.300,0.822
'[00:00:00.541 01/01/2011]',-13.700,14.900,-1.400,-14.200,-25.300,0.822
'[00:00:00.542 01/01/2011]',-11.500,14.100,-2.300,-15.600,-26.400,0.822
'[00:00:00.543 01/01/2011]',-10.600,13.300,-2.800,-16.400,-27.400,0.822
'[00:00:00.544 01/01/2011]',-11.400,12.300,-3.000,-16.500,-28.100,0.822
'[00:00:00.545 01/01/2011]',-13.100,11.100,-3.300,-16.100,-28.300,0.822
'[00:00:00.546 01/01/2011]',-14.400,9.900,-3.700,-15.300,-28.000,0.822
'[00:00:00.547 01/01/2011]',-14.600,8.800,-4.300,-14.500,-27.300,0.822
'[00:00:00.548 01/01/2011]',-13.400,8.000,-5.000,-13.700,-26.600,0.822
'[00:00:00.549 01/01/2011]',-12.000,7.700,-5.400,-12.900,-26.300,0.822
'[00:00:00.550 01/01/2011]',-11.400,8.000,-5.300,-12.200,-26.300,0.579
'[00:00:00.551 01/01/2011]',-12.400,9.000,-4.700,-11.600,-26.600,0.579
'[00:00:00.552 01/01/2011]',-14.600,10.500,-3.600,-11.200,-27.000,0.579
'[00:00:00.553 01/01/2011]',-16.900,12.200,-2.300,-11.200,-27.200,0.579
'[00:00:00.554 01/01/2011]',-18.200,13.400,-1.300,-11.800,-27.200,0.579
'[00:00:00.555 01/01/2011]',-17.800,13.800,-0.800,-12.700,-27.100,0.579
'[00:00:00.556 01/01/2011]',-15.900,13.100,-1.000,-13.800,-27.000,0.579
'[00:00:00.557 01/01/2011]',-13.600,11.800,-1.500,-14.900,-26.900,0.579
'[00:00:00.558 01/01/2011]',-11.700,10.400,-2.200,-15.600,-26.900,0.579
'[00:00:00.559 01/01/2011]',-11.000,9.600,-2.700,-16.000,-26.800,0.579
'[00:00:00.560 01/01/2011]',-11.400,9.700,-3.200,-15.900,-26.700,0.668
'[00:00:00.561 01/01/2011]',-12.400,10.500,-3.700,-15.500,-26.700,0.668
'[00:00:00.562 01/01/2011]',-13.300,11.000,-4.500,-14.900,-26.700,0.668
'[00:00:00.563 01/01/2011]',-13.800,10.700,-5.600,-14.400,-27.000,0.668
'[00:00:00.564 01/01/2011]',-13.900,9.200,-6.700,-14.100,-27.500,0.668
'[00:00:00.565 01/01/2011]',-13.800,6.800,-7.500,-14.200,-28.200,0.668
'[00:00:00.566 01/01/2011]',-13.900,4.200,-7.700,-14.600,-28.900,0.668
'[00:00:00.567 01/01/2011]',-13.900,2.400,-7.200,-15.200,-29.500,0.668
'[00:00:00.568 01/01/2011]',-13.800,1.700,-6.300,-16.000,-29.900,0.668
'[00:00:00.569 01/01/2011]',-13.100,2.200,-5.500,-16.800,-30.100,0.668
'[00:00:00.570 01/01/2011]',-11.800,3.100,-5.200,-17.600,-30.100,0.680
'[00:00:00.571 01/01/2011]',-10.000,4.000,-5.500,-18.300,-30.000,0.680
'[00:00:00.572 01/01/2011]',-8.000,4.500,-6.200,-18.900,-30.000,0.680
'[00:00:00.573 01/01/2011]',-6.400,4.500,-7.100,-19.300,-30.100,0.680
'[00:00:00.574 01/01/2011]',-5.300,4.500,-7.700,-19.300,-30.300,0.680
'[00:00:00.575 01/01/2011]',-4.800,4.800,-8.000,-18.900,-30.500,0.680
'[00:00:00.576 01/01/2011]',-4.400,5.500,-8.000,-18.400,-30.700,0.680
'[00:00:00.577 01/01/2011]',-3.900,6.100,-7.900,-17.900,-30.700,0.680
'[00:00:00.578 01/01/2011]',-3.300,6.100,-7.900,-17.900,-30.700,0.680
'[00:00:00.579 01/01/2011]',-2.600,5.100,-8.300,-18.300,-31.000,0.680
'[00:00:00.580 01/01/2011]',-2.400,3.300,-9.200,-18.800,-31.600,0.712
'[00:00:00.581 01/01/2011]',-3.100,1.300,-10.600,-19.000,-32.500,0.712
'[00:00:00.582 01/01/2011]',-4.700,0.100,-12.100,-18.500,-33.501,0.712
'[00:00:00.583 01/01/2011]',-6.500,0.200,-13.200,-17.300,-34.001,0.712
'[00:00:00.584 01/01/2011]',-7.600,2.000,-13.300,-15.700,-33.601,0.712
'[00:00:00.585 01/01/2011]',-7.300,5.100,-12.200,-14.100,-32.200,0.712
'[00:00:00.586 01/01/2011]',-5.500,8.800,-9.900,-12.800,-29.900,0.712
'[00:00:00.587 01/01/2011]',-2.800,12.500,-6.700,-12.000,-27.000,0.712
'[00:00:00.588 01/01/2011]',-0.500,15.900,-3.300,-11.400,-24.100,0.712
'[00:00:00.589 01/01/2011]',0.700,18.800,0.000,-10.600,-21.300,0.712
'[00:00:00.590 01/01/2011]',0.300,21.400,2.700,-9.600,-18.700,0.579
'[00:00:00.591 01/01/2011]',-1.200,23.700,4.600,-8.300,-16.600,0.579
'[00:00:00.592 01/01/2011]',-2.800,25.500,5.800,-7.200,-15.100,0.579
'[00:00:00.593 01/01/2011]',-3.900,26.600,6.300,-6.600,-14.300,0.579
'[00:00:00.594 01/01/2011]',-4.100,26.700,6.000,-6.800,-14.500,0.579
'[00:00:00.595 01/01/2011]',-3.500,25.700,5.000,-7.900,-15.900,0.579
'[00:00:00.596 01/01/2011]',-2.400,23.700,3.300,-9.800,-18.300,0.579
'[00:00:00.597 01/01/2011]',-0.900,21.100,1.200,-11.900,-21.100,0.579
'[00:00:00.598 01/01/2011]',0.900,18.300,-1.100,-14.000,-23.900,0.579
'[00:00:00.599 01/01/2011]',3.000,16.000,-3.100,-15.700,-26.100,0.579
'[00:00:00.600 01/01/2011]',4.900,14.300,-4.400,-16.600,-27.500,0.822
'[00:00:00.601 01/01/2011]',6.200,13.000,-5.200,-17.000,-28.000,0.822
'[00:00:00.602 01/01/2011]',6.500,11.800,-5.500,-16.900,-28.000,0.822
'[00:00:00.603 01/01/2011]',5.900,10.400,-5.800,-16.500,-27.700,0.822
'[00:00:00.604 01/01/2011]',4.900,8.700,-6.500,-16.200,-27.600,0.822
'[00:00:00.605 01/01/2011]',3.900,6.800,-7.700,-16.000,-27.800,0.822
'[00:00:00.606 01/01/2011]',3.300,5.100,-9.400,-16.100,-28.400,0.822
'[00:00:00.607 01/01/2011]',3.300,3.700,-11.400,-16.700,-29.200,0.822
'[00:00:00.608 01/01/2011]',3.800,2.700,-13.500,-17.800,-30.100,0.822
'[00:00:00.609 01/01/2011]',5.200,1.800,-15.400,-19.200,-30.700,0.822
'[00:00:00.610 01/01/2011]',7.400,0.900,-17.100,-20.500,-30.900,0.579
'[00:00:00.611 01/01/2011]',10.100,0.000,-18.200,-21.300,-30.600,0.579
'[00:00:00.612 01/01/2011]',12.500,-0.800,-18.900,-21.300,-30.000,0.579
'[00:00:00.613 01/01/2011]',13.900,-1.700,-19.000,-20.600,-29.600,0.579
'[00:00:00.614 01/01/2011]',13.600,-2.800,-18.900,-19.500,-29.500,0.579
'[00:00:00.615 01/01/2011]',12.300,-4.200,-18.700,-18.500,-29.900,0.579
'[00:00:00.616 01/01/2011]',11.000,-6.000,-18.800,-17.700,-30.600,0.579
'[00:00:00.617 01/01/2011]',11.200,-7.900,-19.300,-17.400,-31.300,0.579
'[00:00:00.618 01/01/2011]',13.400,-9.300,-20.100,-17.300,-31.600,0.579
'[00:00:00.619 01/01/2011]',17.200,-9.900,-20.800,-17.300,-31.500,0.579
'[00:00:00.620 01/01/2011]',21.000,-9.300,-21.300,-17.400,-30.900,0.668
'[00:00:00.621 01/01/2011]',23.400,-8.000,-21.200,-17.900,-30.100,0.668
'[00:00:00.622 01/01/2011]',23.900,-6.400,-20.600,-18.900,-29.300,0.668
'[00:00:00.623 01/01/2011]',22.800,-5.100,-19.800,-20.300,-28.700,0.668
'[00:00:00.624 01/01/2011]',21.400,-4.200,-19.000,-21.600,-28.400,0.668
'[00:00:00.625 01/01/2011]',20.500,-3.900,-18.300,-22.200,-28.200,0.668
'[00:00:00.626 01/01/2011]',20.600,-3.800,-17.500,-21.600,-28.000,0.668
'[00:00:00.627 01/01/2011]',21.300,-3.800,-16.800,-19.600,-27.500,0.668
'[00:00:00.628 01/01/2011]',22.200,-4.000,-16.000,-16.700,-26.600,0.668
'[00:00:00.629 01/01/2011]',22.600,-4.200,-15.300,-13.800,-25.700,0.668
'[00:00:00.630 01/01/2011]',22.500,-4.200,-14.800,-11.600,-25.000,0.680
'[00:00:00.631 01/01/2011]',21.800,-3.800,-14.700,-10.700,-24.800,0.680
'[00:00:00.632 01/01/2011]',20.700,-3.100,-15.000,-11.200,-25.200,0.680
'[00:00:00.633 01/01/2011]',19.600,-2.100,-15.300,-12.700,-26.200,0.680
'[00:00:00.634 01/01/2011]',19.100,-1.200,-15.400,-14.500,-27.300,0.680
'[00:00:00.635 01/01/2011]',19.700,-0.600,-14.900,-15.700,-27.900,0.680
'[00:00:00.636 01/01/2011]',22.000,-0.200,-13.700,-16.000,-27.400,0.680
'[00:00:00.637 01/01/2011]',26.500,0.200,-11.900,-15.100,-25.900,0.680
'[00:00:00.638 01/01/2011]',33.401,1.100,-9.900,-13.400,-23.700,0.680
'[00:00:00.639 01/01/2011]',42.201,2.400,-7.900,-11.700,-21.400,0.680
'[00:00:00.640 01/01/2011]',52.401,3.900,-6.200,-10.500,-19.600,0.704
'[00:00:00.641 01/01/2011]',63.501,5.200,-4.700,-9.700,-18.300,0.704
'[00:00:00.642 01/01/2011]',74.901,6.200,-2.900,-9.000,-16.800,0.704
'[00:00:00.643 01/01/2011]',86.901,7.200,-0.300,-7.700,-14.300,0.704
'[00:00:00.644 01/01/2011]',100.202,8.900,3.300,-5.400,-10.300,0.704
'[00:00:00.645 01/01/2011]',115.802,11.500,7.700,-2.300,-4.900,0.704
'[00:00:00.646 01/01/2011]',134.302,15.000,12.000,0.800,0.800,0.704
'[00:00:00.647 01/01/2011]',154.702,18.200,15.200,3.100,5.500,0.704
'[00:00:00.648 01/01/2011]',174.403,20.100,16.500,3.800,7.700,0.704
'[00:00:00.649 01/01/2011]',189.603,19.900,15.700,3.100,7.100,0.704
'[00:00:00.650 01/01/2011]',196.703,17.700,13.400,1.300,4.000,0.579
'[00:00:00.651 01/01/2011]',194.003,14.300,10.300,-1.100,-0.500,0.579
'[00:00:00.652 01/01/2011]',182.703,10.800,7.100,-3.900,-5.500,0.579
'[00:00:00.653 01/01/2011]',166.003,7.800,3.900,-7.200,-10.400,0.579
'[00:00:00.654 01/01/2011]',147.602,5.000,0.300,-11.100,-15.200,0.579
'[00:00:00.655 01/01/2011]',129.602,2.000,-4.100,-15.600,-20.400,0.579
'[00:00:00.656 01/01/2011]',111.502,-1.800,-9.300,-20.200,-26.400,0.579
'[00:00:00.657 01/01/2011]',90.901,-6.300,-14.800,-24.300,-33.101,0.579
'[00:00:00.658 01/01/2011]',65.601,-10.800,-20.000,-27.400,-40.001,0.579
'[00:00:00.659 01/01/2011]',35.901,-14.300,-23.900,-29.400,-46.001,0.579
'[00:00:00.660 01/01/2011]',4.500,-15.900,-26.300,-30.100,-50.401,0.822
'[00:00:00.661 01/01/2011]',-23.900,-15.700,-27.200,-30.000,-52.801,0.822
'[00:00:00.662 01/01/2011]',-45.001,-14.200,-27.000,-29.100,-53.101,0.822
'[00:00:00.663 01/01/2011]',-56.901,-12.300,-26.200,-27.700,-51.701,0.822
'[00:00:00.664 01/01/2011]',-60.401,-10.500,-24.900,-26.000,-49.401,0.822
'[00:00:00.665 01/01/2011]',-58.101,-9.100,-23.000,-24.200,-46.301,0.822
'[00:00:00.666 01/01/2011]',-52.901,-7.800,-20.600,-22.500,-43.001,0.822
'[00:00:00.667 01/01/2011]',-46.401,-6.200,-17.400,-21.100,-39.401,0.822
'[00:00:00.668 01/01/2011]',-38.901,-4.100,-13.800,-20.000,-35.801,0.822
'[00:00:00.669 01/01/2011]',-29.700,-1.700,-10.000,-19.200,-32.400,0.822
'[00:00:00.670 01/01/2011]',-18.700,0.700,-6.400,-18.400,-29.400,0.579
'[00:00:00.671 01/01/2011]',-6.000,2.700,-3.600,-17.500,-26.900,0.579
'[00:00:00.672 01/01/2011]',7.000,4.200,-1.800,-16.500,-25.000,0.579
'[00:00:00.673 01/01/2011]',19.200,5.200,-1.200,-15.400,-23.500,0.579
'[00:00:00.674 01/01/2011]',29.400,5.600,-1.600,-14.500,-22.200,0.579
'[00:00:00.675 01/01/2011]',37.001,5.400,-2.900,-14.000,-21.100,0.579
'[00:00:00.676 01/01/2011]',42.001,4.500,-4.500,-14.000,-20.300,0.579
'[00:00:00.677 01/01/2011]',44.801,2.900,-5.900,-14.400,-20.100,0.579
'[00:00:00.678 01/01/2011]',46.101,1.000,-6.900,-15.000,-20.500,0.579
'[00:00:00.679 01/01/2011]',46.701,-0.700,-7.000,-15.400,-21.500,0.579
'[00:00:00.680 01/01/2011]',47.501,-1.800,-6.200,-15.600,-22.600,0.500
'[00:00:00.681 01/01/2011]',49.101,-2.000,-4.900,-15.400,-23.400,0.500
'[00:00:00.682 01/01/2011]',51.701,-1.500,-3.300,-15.000,-23.600,0.500
'[00:00:00.683 01/01/2011]',54.801,-0.800,-2.100,-14.400,-23.300,0.500
'[00:00:00.684 01/01/2011]',57.901,-0.300,-1.500,-13.700,-22.700,0.500
'[00:00:00.685 01/01/2011]',60.101,-0.200,-1.300,-13.100,-22.000,0.500
'[00:00:00.686 01/01/2011]',60.801,-0.500,-1.600,-12.800,-21.600,0.500
'[00:00:00.687 01/01/2011]',59.801,-0.700,-1.900,-12.900,-21.500,0.500
'[00:00:00.688 01/01/2011]',57.301,-0.700,-2.000,-13.800,-21.800,0.500
'[00:00:00.689 01/01/2011]',54.101,-0.500,-2.100,-15.300,-22.200,0.500
'[00:00:00.690 01/01/2011]',51.201,-0.300,-2.300,-17.200,-22.800,0.500
'[00:00:00.691 01/01/2011]',49.501,-0.600,-2.900,-18.900,-23.400,0.500
'[00:00:00.692 01/01/2011]',49.701,-1.500,-3.800,-19.800,-24.000,0.500
'[00:00:00.693 01/01/2011]',51.501,-2.900,-5.000,-19.500,-24.400,0.500
'[00:00:00.694 01/01/2011]',54.201,-4.400,-6.000,-18.300,-24.400,0.500
'[00:00:00.695 01/01/2011]',56.501,-5.400,-6.700,-16.800,-23.800,0.500
'[00:00:00.696 01/01/2011]',57.901,-5.900,-6.900,-15.700,-22.800,0.500
'[00:00:00.697 01/01/2011]',58.201,-5.900,-6.700,-15.200,-21.800,0.500
'[00:00:00.698 01/01/2011]',58.001,-5.800,-6.300,-15.600,-21.000,0.500
'[00:00:00.699 01/01/2011]',57.901,-5.900,-5.900,-16.300,-20.800,0.500
'[00:00:00.700 01/01/2011]',58.101,-6.200,-5.400,-17.000,-21.200,0.500
'[00:00:00.701 01/01/2011]',58.301,-6.600,-4.700,-17.100,-22.200,0.500
'[00:00:00.702 01/01/2011]',58.201,-6.600,-3.900,-16.800,-23.200,0.500
'[00:00:00.703 01/01/2011]',58.101,-6.100,-3.200,-16.100,-24.200,0.500
'[00:00:00.704 01/01/2011]',58.401,-5.000,-2.600,-15.600,-24.900,0.500
'[00:00:00.705 01/01/2011]',59.601,-3.600,-2.400,-15.400,-25.400,0.500
'[00:00:00.706 01/01/2011]',61.701,-2.400,-2.500,-15.400,-25.700,0.500
'[00:00:00.707 01/01/2011]',63.801,-1.600,-2.700,-15.500,-25.800,0.500
'[00:00:00.708 01/01/2011]',64.701,-1.400,-2.600,-15.500,-25.800,0.500
'[00:00:00.709 01/01/2011]',63.901,-2.000,-2.000,-15.100,-25.500,0.500
'[00:00:00.710 01/01/2011]',61.601,-3.300,-1.100,-14.600,-24.900,0.500
'[00:00:00.711 01/01/2011]',58.701,-4.900,-0.200,-14.300,-24.000,0.500
'[00:00:00.712 01/01/2011]',56.601,-6.500,0.200,-14.300,-23.100,0.500
'[00:00:00.713 01/01/2011]',56.101,-7.600,-0.200,-14.600,-22.300,0.500
'[00:00:00.714 01/01/2011]',57.401,-8.200,-1.300,-14.900,-22.000,0.500
'[00:00:00.715 01/01/2011]',60.201,-8.100,-2.700,-15.000,-22.000,0.500
'[00:00:00.716 01/01/2011]',63.901,-7.700,-3.800,-14.900,-22.300,0.500
'[00:00:00.717 01/01/2011]',67.501,-7.200,-4.400,-14.800,-22.700,0.500
'[00:00:00.718 01/01/2011]',69.901,-6.700,-4.200,-15.000,-22.900,0.500
'[00:00:00.719 01/01/2011]',70.201,-6.400,-3.400,-15.500,-22.800,0.500
'[00:00:00.720 01/01/2011]',67.701,-6.100,-2.500,-16.200,-22.600,0.500
'[00:00:00.721 01/01/2011]',63.301,-5.700,-1.700,-16.600,-22.400,0.500
'[00:00:00.722 01/01/2011]',58.701,-5.000,-1.200,-16.600,-22.200,0.500
'[00:00:00.723 01/01/2011]',56.201,-4.100,-0.900,-16.000,-22.100,0.500
'[00:00:00.724 01/01/2011]',57.401,-3.200,-0.900,-15.300,-21.900,0.500
'[00:00:00.725 01/01/2011]',61.701,-2.600,-0.900,-14.800,-21.500,0.500
'[00:00:00.726 01/01/2011]',67.201,-2.300,-0.800,-14.700,-20.900,0.500
'[00:00:00.727 01/01/2011]',71.201,-2.400,-0.500,-14.900,-20.500,0.500
'[00:00:00.728 01/01/2011]',72.101,-2.700,0.000,-15.300,-20.300,0.500
'[00:00:00.729 01/01/2011]',70.301,-2.800,0.800,-15.300,-20.200,0.500
'[00:00:00.730 01/01/2011]',67.501,-2.100,1.800,-14.800,-20.000,0.500
'[00:00:00.731 01/01/2011]',65.501,-0.600,3.000,-13.600,-19.300,0.500
'[00:00:00.732 01/01/2011]',65.301,1.700,4.300,-11.800,-17.900,0.500
'[00:00:00.733 01/01/2011]',66.101,4.200,5.500,-9.700,-16.100,0.500
'[00:00:00.734 01/01/2011]',66.601,6.600,6.300,-7.700,-14.400,0.500
'[00:00:00.735 01/01/2011]',65.701,8.400,6.500,-6.300,-13.600,0.500
'[00:00:00.736 01/01/2011]',63.701,9.500,5.500,-6.000,-14.100,0.500
'[00:00:00.737 01/01/2011]',61.801,9.900,3.300,-6.900,-15.800,0.500
'[00:00:00.738 01/01/2011]',60.901,9.800,0.000,-8.900,-18.400,0.500
'[00:00:00.739 01/01/2011]',61.501,8.900,-4.000,-11.600,-21.300,0.500
'[00:00:00.740 01/01/2011]',62.801,7.200,-8.000,-14.500,-24.200,0.500
'[00:00:00.741 01/01/2011]',64.001,4.700,-11.300,-17.300,-26.900,0.500
'[00:00:00.742 01/01/2011]',64.101,2.100,-13.500,-19.800,-29.400,0.500
'[00:00:00.743 01/01/2011]',63.301,0.000,-14.600,-21.700,-31.500,0.500
'[00:00:00.744 01/01/2011]',62.301,-0.700,-15.000,-23.200,-32.700,0.500
'[00:00:00.745 01/01/2011]',61.701,0.000,-14.800,-24.200,-32.801,0.500
'[00:00:00.746 01/01/2011]',62.101,1.800,-14.300,-24.500,-31.700,0.500
'[00:00:00.747 01/01/2011]',63.301,3.500,-13.500,-24.200,-29.900,0.500
'[00:00:00.748 01/01/2011]',64.601,4.200,-12.600,-23.400,-28.100,0.500
'[00:00:00.749 01/01/2011]',65.601,3.300,-11.800,-22.200,-27.000,0.500
'[00:00:00.750 01/01/2011]',66.001,0.900,-11.200,-21.000,-26.800,0.500
'[00:00:00.751 01/01/2011]',65.601,-2.000,-11.000,-19.900,-27.100,0.500
'[00:00:00.752 01/01/2011]',64.601,-4.600,-11.200,-19.000,-27.400,0.500
'[00:00:00.753 01/01/2011]',63.401,-6.100,-11.600,-17.900,-27.100,0.500
'[00:00:00.754 01/01/2011]',62.101,-6.400,-11.700,-16.600,-26.000,0.500
'[00:00:00.755 01/01/2011]',61.001,-5.800,-11.500,-15.100,-24.600,0.500
'[00:00:00.756 01/01/2011]',60.301,-4.800,-10.900,-13.700,-23.300,0.500
'[00:00:00.757 01/01/2011]',59.601,-4.000,-10.200,-12.700,-22.800,0.500
'[00:00:00.758 01/01/2011]',58.801,-3.800,-9.800,-12.500,-23.100,0.500
'[00:00:00.759 01/01/2011]',57.901,-4.400,-10.000,-12.800,-23.900,0.500
'[00:00:00.760 01/01/2011]',57.301,-5.800,-10.900,-13.600,-24.600,0.500
'[00:00:00.761 01/01/2011]',57.501,-7.700,-12.200,-14.400,-25.000,0.500
'[00:00:00.762 01/01/2011]',59.001,-9.700,-13.700,-15.000,-25.100,0.500
'[00:00:00.763 01/01/2011]',61.701,-11.600,-15.100,-15.200,-25.100,0.500
'[00:00:00.764 01/01/2011]',64.801,-13.200,-16.000,-15.000,-25.300,0.500
'[00:00:00.765 01/01/2011]',67.001,-14.200,-16.400,-14.700,-25.700,0.500
'[00:00:00.766 01/01/2011]',67.301,-14.700,-16.400,-14.300,-26.100,0.500
'[00:00:00.767 01/01/2011]',65.701,-14.500,-16.000,-13.700,-26.100,0.500
'[00:00:00.768 01/01/2011]',63.201,-13.700,-15.400,-13.000,-25.600,0.500
'[00:00:00.769 01/01/2011]',61.001,-12.300,-14.600,-12.200,-24.700,0.500
'[00:00:00.770 01/01/2011]',60.401,-10.500,-13.800,-11.400,-23.500,0.500
'[00:00:00.771 01/01/2011]',61.501,-8.600,-13.000,-10.900,-22.500,0.500
'[00:00:00.772 01/01/2011]',63.801,-7.000,-12.300,-10.600,-22.000,0.500
'[00:00:00.773 01/01/2011]',66.201,-6.000,-11.700,-10.700,-21.900,0.500
'[00:00:00.774 01/01/2011]',67.601,-5.600,-11.500,-11.100,-22.100,0.500
'[00:00:00.775 01/01/2011]',67.701,-5.800,-11.300,-11.700,-22.500,0.500
'[00:00:00.776 01/01/2011]',66.701,-6.400,-11.100,-12.300,-22.800,0.500
'[00:00:00.777 01/01/2011]',65.201,-7.200,-10.600,-12.900,-23.000,0.500
'[00:00:00.778 01/01/2011]',63.901,-8.000,-9.600,-13.200,-23.200,0.500
'[00:00:00.779 01/01/2011]',63.301,-8.500,-8.500,-13.300,-23.300,0.500
'[00:00:00.780 01/01/2011]',63.601,-8.700,-7.700,-13.100,-23.300,0.500
'[00:00:00.781 01/01/2011]',64.801,-8.400,-7.600,-12.500,-23.000,0.500
'[00:00:00.782 01/01/2011]',66.501,-7.900,-8.300,-11.600,-22.500,0.500
'[00:00:00.783 01/01/2011]',68.101,-7.100,-9.500,-10.900,-21.600,0.500
'[00:00:00.784 01/01/2011]',68.601,-6.200,-10.500,-10.300,-20.500,0.500
'[00:00:00.785 01/01/2011]',67.501,-5.400,-10.800,-10.200,-19.400,0.500
'[00:00:00.786 01/01/2011]',65.201,-4.700,-10.200,-10.500,-18.600,0.500
'[00:00:00.787 01/01/2011]',62.901,-4.200,-9.200,-11.000,-18.300,0.500
'[00:00:00.788 01/01/2011]',61.701,-3.900,-8.300,-11.600,-18.700,0.500
'[00:00:00.789 01/01/2011]',62.601,-3.800,-8.000,-12.000,-19.600,0.500
'[00:00:00.790 01/01/2011]',65.201,-3.700,-8.600,-12.000,-20.500,0.500
'[00:00:00.791 01/01/2011]',68.201,-3.500,-9.600,-11.700,-21.100,0.500
'[00:00:00.792 01/01/2011]',70.401,-3.000,-10.500,-11.100,-21.000,0.500
'[00:00:00.793 01/01/2011]',71.101,-2.100,-10.900,-10.500,-20.300,0.500
'[00:00:00.794 01/01/2011]',70.701,-0.700,-10.900,-10.200,-19.100,0.500
'[00:00:00.795 01/01/2011]',70.401,0.600,-10.600,-10.400,-17.900,0.500
'[00:00:00.796 01/01/2011]',70.901,1.700,-10.500,-10.900,-16.800,0.500
'[00:00:00.797 01/01/2011]',72.201,2.100,-10.700,-11.500,-16.100,0.500
'[00:00:00.798 01/01/2011]',73.401,1.900,-11.000,-11.900,-15.600,0.500
'[00:00:00.799 01/01/2011]',73.701,1.300,-11.100,-11.800,-15.200,0.500
'[00:00:00.800 01/01/2011]',72.901,0.800,-10.700,-11.300,-14.800,0.500
'[00:00:00.801 01/01/2011]',71.401,0.400,-9.800,-10.700,-14.500,0.500
'[00:00:00.802 01/01/2011]',70.201,0.400,-8.900,-10.500,-14.400,0.500
'[00:00:00.803 01/01/2011]',69.701,0.600,-8.200,-10.600,-14.700,0.500
'[00:00:00.804 01/01/2011]',70.001,0.900,-7.800,-11.100,-15.500,0.500
'[00:00:00.805 01/01/2011]',70.601,1.200,-7.700,-11.500,-16.300,0.500
'[00:00:00.806 01/01/2011]',71.201,1.400,-7.500,-11.600,-16.900,0.500
'[00:00:00.807 01/01/2011]',71.701,1.500,-7.200,-11.400,-17.100,0.500
'[00:00:00.808 01/01/2011]',72.401,1.500,-6.900,-11.000,-16.900,0.500
'[00:00:00.809 01/01/2011]',73.401,1.300,-6.800,-10.700,-16.500,0.500
'[00:00:00.810 01/01/2011]',74.601,0.900,-7.000,-10.600,-16.100,0.500
'[00:00:00.811 01/01/2011]',75.301,0.500,-7.300,-10.500,-16.000,0.500
'[00:00:00.812 01/01/2011]',75.101,0.300,-7.400,-10.400,-15.900,0.500
'[00:00:00.813 01/01/2011]',74.201,0.400,-6.900,-9.900,-15.800,0.500
'[00:00:00.814 01/01/2011]',73.001,0.900,-5.700,-9.200,-15.700,0.500
'[00:00:00.815 01/01/2011]',72.301,1.900,-3.900,-8.300,-15.700,0.500
'[00:00:00.816 01/01/2011]',72.101,3.300,-1.900,-7.400,-15.800,0.500
'[00:00:00.817 01/01/2011]',72.201,5.000,-0.200,-6.500,-16.100,0.500
'[00:00:00.818 01/01/2011]',71.901,7.100,1.200,-5.300,-16.400,0.500
'[00:00:00.819 01/01/2011]',71.401,9.500,2.300,-3.500,-16.300,0.500
'[00:00:00.820 01/01/2011]',71.201,11.900,3.200,-1.100,-15.700,0.500
'[00:00:00.821 01/01/2011]',72.001,14.100,4.100,1.600,-14.200,0.500
'[00:00:00.822 01/01/2011]',74.201,15.900,4.900,4.200,-12.000,0.500
'[00:00:00.823 01/01/2011]',77.001,17.200,5.600,6.100,-9.300,0.500
'[00:00:00.824 01/01/2011]',78.801,17.800,6.000,7.400,-6.200,0.500
'[00:00:00.825 01/01/2011]',78.301,17.800,6.500,8.200,-2.900,0.500
'[00:00:00.826 01/01/2011]',75.101,17.200,7.100,9.000,0.600,0.500
'[00:00:00.827 01/01/2011]',70.301,16.000,8.100,10.000,3.900,0.500
'[00:00:00.828 01/01/2011]',65.701,14.100,9.200,11.200,6.900,0.500
'[00:00:00.829 01/01/2011]',63.201,11.700,10.000,12.200,9.400,0.500
'[00:00:00.830 01/01/2011]',62.901,8.800,10.300,12.800,11.600,0.500
'[00:00:00.831 01/01/2011]',64.001,5.100,9.600,12.700,13.600,0.500
'[00:00:00.832 01/01/2011]',64.501,0.600,8.100,12.000,15.900,0.500
'[00:00:00.833 01/01/2011]',63.501,-4.800,6.000,11.300,18.600,0.500
'[00:00:00.834 01/01/2011]',61.301,-10.800,3.900,10.700,21.700,0.500
'[00:00:00.835 01/01/2011]',59.401,-17.000,1.900,10.600,24.900,0.500
'[00:00:00.836 01/01/2011]',59.501,-23.000,0.200,10.900,28.100,0.500
'[00:00:00.837 01/01/2011]',62.201,-28.200,-1.300,11.300,30.900,0.500
'[00:00:00.838 01/01/2011]',66.001,-32.700,-2.700,11.500,33.301,0.500
'[00:00:00.839 01/01/2011]',68.701,-36.701,-4.100,11.200,34.901,0.500
'[00:00:00.840 01/01/2011]',68.601,-40.801,-5.700,10.200,35.701,0.500
'[00:00:00.841 01/01/2011]',65.701,-45.201,-7.500,8.300,35.601,0.500
'[00:00:00.842 01/01/2011]',61.501,-50.201,-9.600,5.800,34.401,0.500
'[00:00:00.843 01/01/2011]',58.501,-55.501,-12.300,2.800,32.500,0.500
'[00:00:00.844 01/01/2011]',58.001,-60.801,-15.600,-0.400,30.000,0.500
'[00:00:00.845 01/01/2011]',59.601,-65.601,-19.200,-3.500,27.300,0.500
'[00:00:00.846 01/01/2011]',61.201,-69.601,-22.900,-6.500,24.700,0.500
'[00:00:00.847 01/01/2011]',60.601,-72.501,-25.800,-9.000,22.300,0.500
'[00:00:00.848 01/01/2011]',57.301,-74.201,-27.400,-10.800,20.300,0.500
'[00:00:00.849 01/01/2011]',52.901,-74.601,-27.300,-11.400,19.200,0.500
'[00:00:00.850 01/01/2011]',49.701,-73.601,-25.500,-10.800,19.000,0.500
'[00:00:00.851 01/01/2011]',50.001,-71.401,-22.600,-9.400,19.300,0.500
'[00:00:00.852 01/01/2011]',53.601,-68.101,-19.600,-7.900,19.600,0.500
'[00:00:00.853 01/01/2011]',58.701,-64.201,-17.100,-7.300,18.900,0.500
'[00:00:00.854 01/01/2011]',62.701,-60.301,-15.400,-8.200,16.500,0.500
'[00:00:00.855 01/01/2011]',63.901,-56.701,-14.600,-10.400,12.300,0.500
'[00:00:00.856 01/01/2011]',62.901,-53.601,-14.400,-13.300,6.600,0.500
'[00:00:00.857 01/01/2011]',61.501,-50.601,-14.200,-16.100,0.000,0.500
'[00:00:00.858 01/01/2011]',61.801,-47.001,-13.800,-18.300,-6.600,0.500
'[00:00:00.859 01/01/2011]',64.501,-42.101,-13.100,-19.800,-12.700,0.500
'[00:00:00.860 01/01/2011]',68.301,-35.701,-12.200,-21.200,-18.200,0.500
'[00:00:00.861 01/01/2011]',71.101,-28.500,-11.300,-22.900,-22.900,0.500
'[00:00:00.862 01/01/2011]',71.301,-21.700,-10.800,-24.900,-26.900,0.500
'[00:00:00.863 01/01/2011]',68.901,-16.200,-11.000,-26.800,-30.200,0.500
'[00:00:00.864 01/01/2011]',65.601,-12.800,-12.100,-28.000,-32.500,0.500
'[00:00:00.865 01/01/2011]',63.901,-11.100,-14.100,-28.000,-33.901,0.500
'[00:00:00.866 01/01/2011]',64.801,-10.400,-16.900,-27.200,-34.301,0.500
'[00:00:00.867 01/01/2011]',68.101,-9.900,-19.900,-25.800,-34.101,0.500
'[00:00:00.868 01/01/2011]',72.201,-9.000,-22.300,-24.700,-33.701,0.500
'[00:00:00.869 01/01/2011]',75.301,-7.800,-23.700,-24.300,-33.501,0.500
'[00:00:00.870 01/01/2011]',76.301,-6.800,-24.100,-24.600,-33.901,0.500
'[00:00:00.871 01/01/2011]',75.601,-6.300,-23.800,-25.400,-34.901,0.500
'[00:00:00.872 01/01/2011]',74.201,-6.100,-23.100,-26.300,-36.301,0.500
'[00:00:00.873 01/01/2011]',73.501,-5.800,-22.300,-27.100,-37.601,0.500
'[00:00:00.874 01/01/2011]',74.001,-4.900,-20.900,-27.300,-38.101,0.500
'[00:00:00.875 01/01/2011]',75.401,-2.800,-18.500,-26.700,-37.401,0.500
'[00:00:00.876 01/01/2011]',77.001,0.200,-14.700,-25.200,-35.201,0.500
'[00:00:00.877 01/01/2011]',78.101,3.900,-9.800,-22.900,-32.000,0.500
'[00:00:00.878 01/01/2011]',78.501,7.300,-4.500,-20.400,-28.500,0.500
'[00:00:00.879 01/01/2011]',78.201,9.600,-0.100,-18.300,-25.600,0.500
'[00:00:00.880 01/01/2011]',77.301,10.200,2.600,-17.300,-24.100,0.500
'[00:00:00.881 01/01/2011]',76.101,8.900,3.200,-17.600,-24.200,0.500
'[00:00:00.882 01/01/2011]',74.401,6.100,2.100,-18.800,-25.700,0.500
'[00:00:00.883 01/01/2011]',72.401,2.600,0.000,-20.100,-27.900,0.500
'[00:00:00.884 01/01/2011]',70.601,-0.400,-2.200,-21.000,-29.700,0.500
'[00:00:00.885 01/01/2011]',69.601,-2.100,-4.100,-20.800,-30.500,0.500
'[00:00:00.886 01/01/2011]',70.101,-2.400,-5.700,-19.800,-30.200,0.500
'[00:00:00.887 01/01/2011]',71.901,-1.800,-6.700,-18.200,-29.000,0.500
'[00:00:00.888 01/01/2011]',74.501,-1.000,-7.200,-16.700,-27.600,0.500
'[00:00:00.889 01/01/2011]',76.601,-0.800,-7.100,-15.600,-26.400,0.500
'[00:00:00.890 01/01/2011]',77.501,-1.300,-6.400,-15.100,-25.700,0.500
'[00:00:00.891 01/01/2011]',76.801,-2.100,-5.400,-15.200,-25.500,0.500
'[00:00:00.892 01/01/2011]',75.201,-2.500,-4.500,-15.700,-25.500,0.500
'[00:00:00.893 01/01/2011]',73.601,-2.300,-4.000,-16.300,-25.500,0.500
'[00:00:00.894 01/01/2011]',73.001,-1.600,-4.200,-17.000,-25.400,0.500
'[00:00:00.895 01/01/2011]',73.401,-1.100,-4.800,-17.500,-25.300,0.500
'[00:00:00.896 01/01/2011]',74.101,-1.400,-5.400,-17.700,-25.400,0.500
'[00:00:00.897 01/01/2011]',74.401,-2.600,-5.800,-17.500,-25.600,0.500
'[00:00:00.898 01/01/2011]',73.701,-4.500,-6.000,-17.000,-25.900,0.500
'[00:00:00.899 01/01/2011]',72.201,-6.500,-6.300,-16.300,-25.900,0.500
'[00:00:00.900 01/01/2011]',70.501,-8.100,-6.700,-15.700,-25.600,0.500
'[00:00:00.901 01/01/2011]',69.801,-9.200,-7.000,-15.000,-25.000,0.500
'[00:00:00.902 01/01/2011]',70.601,-9.800,-6.800,-14.000,-23.900,0.500
'[00:00:00.903 01/01/2011]',72.501,-10.200,-5.600,-12.700,-22.500,0.500
'[00:00:00.904 01/01/2011]',74.601,-10.500,-3.500,-11.000,-21.000,0.500
'[00:00:00.905 01/01/2011]',75.801,-10.400,-0.600,-9.000,-19.600,0.500
'[00:00:00.906 01/01/2011]',75.301,-9.500,2.100,-7.100,-18.400,0.500
'[00:00:00.907 01/01/2011]',73.401,-8.000,4.000,-5.800,-17.800,0.500
'[00:00:00.908 01/01/2011]',70.801,-6.100,4.800,-5.400,-17.600,0.500
'[00:00:00.909 01/01/2011]',69.101,-4.300,4.700,-5.800,-17.900,0.500
'[00:00:00.910 01/01/2011]',69.001,-3.100,4.100,-6.800,-18.300,0.500
'[00:00:00.911 01/01/2011]',70.601,-2.800,3.600,-7.900,-18.400,0.500
'[00:00:00.912 01/01/2011]',73.001,-2.900,3.400,-8.500,-18.100,0.500
'[00:00:00.913 01/01/2011]',74.901,-3.100,3.500,-8.700,-17.500,0.500
'[00:00:00.914 01/01/2011]',75.101,-3.000,3.500,-8.400,-16.700,0.500
'[00:00:00.915 01/01/2011]',73.701,-2.500,3.300,-7.900,-16.200,0.500
'[00:00:00.916 01/01/2011]',71.701,-1.900,2.900,-7.400,-16.000,0.500
'[00:00:00.917 01/01/2011]',70.301,-1.700,2.100,-7.100,-15.900,0.500
'[00:00:00.918 01/01/2011]',70.401,-2.100,1.200,-7.300,-15.800,0.500
'[00:00:00.919 01/01/2011]',72.001,-3.200,-0.100,-7.700,-15.500,0.500
'[00:00:00.920 01/01/2011]',74.201,-4.700,-1.700,-8.500,-15.100,0.500
'[00:00:00.921 01/01/2011]',75.901,-6.500,-3.400,-9.400,-14.700,0.500
'[00:00:00.922 01/01/2011]',76.601,-8.000,-5.100,-10.300,-14.600,0.500
'[00:00:00.923 01/01/2011]',76.301,-9.200,-6.300,-11.100,-14.800,0.500
'[00:00:00.924 01/01/2011]',75.901,-9.700,-6.500,-11.700,-15.100,0.500
'[00:00:00.925 01/01/2011]',75.701,-9.400,-5.500,-11.800,-15.300,0.500
'[00:00:00.926 01/01/2011]',76.001,-8.300,-3.600,-11.300,-15.000,0.500
'[00:00:00.927 01/01/2011]',76.501,-6.600,-1.300,-10.200,-14.200,0.500
'[00:00:00.928 01/01/2011]',77.001,-4.700,0.600,-8.600,-13.200,0.500
'[00:00:00.929 01/01/2011]',77.601,-3.200,1.700,-7.000,-12.200,0.500
'[00:00:00.930 01/01/2011]',78.701,-2.500,2.000,-5.800,-11.500,0.500
'[00:00:00.931 01/01/2011]',80.601,-2.600,1.800,-5.400,-11.300,0.500
'[00:00:00.932 01/01/2011]',83.201,-3.400,1.500,-6.000,-11.600,0.500
'[00:00:00.933 01/01/2011]',85.601,-4.200,1.500,-7.100,-12.000,0.500
'[00:00:00.934 01/01/2011]',86.901,-4.700,2.000,-8.100,-12.200,0.500
'[00:00:00.935 01/01/2011]',86.601,-4.600,2.600,-8.500,-12.200,0.500
'[00:00:00.936 01/01/2011]',85.001,-3.800,3.100,-7.900,-11.700,0.500
'[00:00:00.937 01/01/2011]',82.901,-2.600,3.100,-6.600,-10.900,0.500
'[00:00:00.938 01/01/2011]',81.601,-1.500,2.700,-5.100,-10.000,0.500
'[00:00:00.939 01/01/2011]',81.901,-0.800,2.100,-4.100,-9.200,0.500
'[00:00:00.940 01/01/2011]',84.101,-0.600,1.600,-3.900,-8.600,0.500
'[00:00:00.941 01/01/2011]',88.001,-1.200,1.500,-4.400,-8.200,0.500
'[00:00:00.942 01/01/2011]',92.501,-2.300,1.800,-5.300,-8.000,0.500
'[00:00:00.943 01/01/2011]',96.801,-3.600,2.200,-6.100,-8.000,0.500
'[00:00:00.944 01/01/2011]',99.702,-4.800,2.500,-6.700,-8.400,0.500
'[00:00:00.945 01/01/2011]',100.602,-5.500,2.300,-7.100,-9.100,0.500
'[00:00:00.946 01/01/2011]',99.502,-5.600,1.600,-7.700,-10.000,0.500
'[00:00:00.947 01/01/2011]',97.201,-5.400,0.400,-8.500,-11.000,0.500
'[00:00:00.948 01/01/2011]',95.001,-4.900,-1.000,-9.300,-11.700,0.500
'[00:00:00.949 01/01/2011]',93.901,-4.700,-2.100,-10.000,-12.000,0.500
'[00:00:00.950 01/01/2011]',94.101,-4.800,-2.800,-10.200,-11.900,0.500
'[00:00:00.951 01/01/2011]',94.901,-5.200,-3.100,-9.800,-11.500,0.500
'[00:00:00.952 01/01/2011]',95.201,-5.700,-3.000,-9.100,-10.900,0.500
'[00:00:00.953 01/01/2011]',94.301,-6.100,-3.000,-8.200,-10.300,0.500
'[00:00:00.954 01/01/2011]',92.301,-6.200,-3.200,-7.600,-9.800,0.500
'[00:00:00.955 01/01/2011]',90.301,-6.000,-3.700,-7.500,-9.800,0.500
'[00:00:00.956 01/01/2011]',89.601,-5.900,-4.400,-7.800,-10.200,0.500
'[00:00:00.957 01/01/2011]',90.401,-6.000,-5.300,-8.500,-11.100,0.500
'[00:00:00.958 01/01/2011]',92.001,-6.500,-6.100,-9.200,-12.200,0.500
'[00:00:00.959 01/01/2011]',92.901,-7.200,-6.800,-9.500,-12.900,0.500
'[00:00:00.960 01/01/2011]',92.101,-7.800,-7.200,-9.100,-12.800,0.500
'[00:00:00.961 01/01/2011]',89.701,-7.800,-7.100,-7.700,-11.700,0.500
'[00:00:00.962 01/01/2011]',87.001,-6.900,-6.600,-5.700,-9.700,0.500
'[00:00:00.963 01/01/2011]',85.301,-5.500,-5.700,-3.600,-7.400,0.500
'[00:00:00.964 01/01/2011]',85.101,-4.000,-4.900,-2.200,-5.900,0.500
'[00:00:00.965 01/01/2011]',85.701,-3.100,-4.400,-1.900,-5.500,0.500
'[00:00:00.966 01/01/2011]',86.001,-3.000,-4.600,-2.700,-6.400,0.500
'[00:00:00.967 01/01/2011]',84.901,-3.700,-5.400,-4.300,-8.100,0.500
'[00:00:00.968 01/01/2011]',82.501,-4.600,-6.600,-6.100,-9.900,0.500
'[00:00:00.969 01/01/2011]',79.701,-5.100,-7.600,-7.600,-11.100,0.500
'[00:00:00.970 01/01/2011]',77.501,-5.100,-8.000,-8.400,-11.600,0.500
'[00:00:00.971 01/01/2011]',76.401,-4.800,-7.700,-8.900,-11.400,0.500
'[00:00:00.972 01/01/2011]',76.101,-4.500,-6.900,-9.400,-11.100,0.500
'[00:00:00.973 01/01/2011]',75.901,-4.900,-5.700,-10.200,-11.100,0.500
'[00:00:00.974 01/01/2011]',75.501,-6.100,-4.700,-11.400,-11.700,0.500
'[00:00:00.975 01/01/2011]',75.001,-8.200,-4.000,-12.800,-12.700,0.500
'[00:00:00.976 01/01/2011]',74.701,-10.700,-3.600,-14.000,-13.900,0.500
'[00:00:00.977 01/01/2011]',74.801,-13.200,-3.300,-14.600,-14.800,0.500
'[00:00:00.978 01/01/2011]',75.201,-15.200,-3.200,-14.200,-15.200,0.500
'[00:00:00.979 01/01/2011]',75.601,-16.500,-3.200,-13.000,-15.100,0.500
'[00:00:00.980 01/01/2011]',75.601,-17.000,-3.300,-11.300,-14.600,0.500
'[00:00:00.981 01/01/2011]',75.301,-16.900,-3.400,-9.400,-13.700,0.500
'[00:00:00.982 01/01/2011]',74.801,-16.200,-3.400,-7.700,-12.800,0.500
'[00:00:00.983 01/01/2011]',73.901,-15.300,-2.900,-6.400,-11.800,0.500
'[00:00:00.984 01/01/2011]',72.501,-14.200,-1.800,-5.400,-10.800,0.500
'[00:00:00.985 01/01/2011]',70.301,-13.000,-0.300,-4.900,-9.800,0.500
'[00:00:00.986 01/01/2011]',67.701,-11.800,1.000,-4.700,-9.000,0.500
'[00:00:00.987 01/01/2011]',65.801,-10.800,1.700,-5.000,-8.400,0.500
'[00:00:00.988 01/01/2011]',65.301,-10.200,1.200,-5.600,-8.200,0.500
'[00:00:00.989 01/01/2011]',66.801,-10.400,-0.200,-6.400,-8.600,0.500
'[00:00:00.990 01/01/2011]',69.401,-11.400,-2.300,-7.400,-9.300,0.500
'[00:00:00.991 01/01/2011]',71.501,-13.100,-4.200,-8.100,-10.300,0.500
'[00:00:00.992 01/01/2011]',71.601,-15.100,-5.600,-8.600,-11.300,0.500
'[00:00:00.993 01/01/2011]',68.901,-16.900,-6.200,-8.800,-11.900,0.500
'[00:00:00.994 01/01/2011]',64.201,-18.100,-6.300,-8.700,-11.800,0.500
'[00:00:00.995 01/01/2011]',59.201,-18.500,-6.400,-8.600,-11.200,0.500
'[00:00:00.996 01/01/2011]',55.501,-18.000,-6.800,-8.400,-10.400,0.500
'[00:00:00.997 01/01/2011]',54.001,-17.000,-7.700,-8.300,-9.900,0.500
'[00:00:00.998 01/01/2011]',54.201,-15.800,-8.800,-8.200,-9.900,0.500
'[00:00:00.999 01/01/2011]',55.301,-14.800,-10.000,-8.200,-10.600,0.500
'[00:00:01.000 01/01/2011]',56.301,-14.200,-11.000,-8.400,-11.600,0.500
'[00:00:01.001 01/01/2011]',57.101,-14.200,-12.100,-8.800,-12.300,0.500
'[00:00:01.002 01/01/2011]',57.901,-14.900,-13.400,-9.600,-12.400,0.500
'[00:00:01.003 01/01/2011]',59.101,-16.000,-14.900,-10.600,-11.800,0.500
'[00:00:01.004 01/01/2011]',61.001,-17.300,-16.500,-11.700,-11.000,0.500
'[00:00:01.005 01/01/2011]',62.901,-18.500,-17.900,-12.500,-10.600,0.500
'[00:00:01.006 01/01/2011]',64.001,-19.300,-18.500,-12.900,-11.000,0.500
'[00:00:01.007 01/01/2011]',63.801,-19.700,-18.500,-12.800,-12.100,0.500
'[00:00:01.008 01/01/2011]',62.401,-19.700,-17.800,-12.400,-13.500,0.500
'[00:00:01.009 01/01/2011]',60.401,-19.600,-17.100,-11.900,-14.700,0.500
'[00:00:01.010 01/01/2011]',58.601,-19.600,-16.800,-11.700,-15.400,0.500
'[00:00:01.011 01/01/2011]',57.401,-19.700,-17.000,-11.800,-15.500,0.500
'[00:00:01.012 01/01/2011]',56.901,-19.900,-17.800,-12.200,-15.200,0.500
'[00:00:01.013 01/01/2011]',57.001,-20.100,-18.400,-12.500,-14.800,0.500
'[00:00:01.014 01/01/2011]',57.601,-20.300,-18.400,-12.600,-14.500,0.500
'[00:00:01.015 01/01/2011]',58.401,-20.300,-17.500,-12.500,-14.300,0.500
'[00:00:01.016 01/01/2011]',59.501,-20.200,-15.600,-12.100,-14.000,0.500
'[00:00:01.017 01/01/2011]',60.401,-20.000,-13.100,-11.700,-13.400,0.500
'[00:00:01.018 01/01/2011]',60.801,-19.500,-10.400,-11.100,-12.300,0.500
'[00:00:01.019 01/01/2011]',60.501,-18.600,-7.900,-10.100,-10.700,0.500
'[00:00:01.020 01/01/2011]',59.701,-17.400,-5.700,-8.700,-8.500,0.500
'[00:00:01.021 01/01/2011]',58.801,-15.800,-3.700,-6.800,-6.100,0.500
'[00:00:01.022 01/01/2011]',58.101,-14.100,-1.600,-4.800,-3.800,0.500
'[00:00:01.023 01/01/2011]',57.901,-12.600,0.500,-3.100,-2.000,0.500
'[00:00:01.024 01/01/2011]',57.601,-11.600,2.600,-2.100,-1.000,0.500
'[00:00:01.025 01/01/2011]',57.101,-11.100,4.300,-2.100,-0.800,0.500
'[00:00:01.026 01/01/2011]',56.201,-11.100,5.200,-2.900,-1.100,0.500
'[00:00:01.027 01/01/2011]',55.401,-11.800,5.000,-4.100,-1.800,0.500
'[00:00:01.028 01/01/2011]',55.001,-12.900,3.400,-5.600,-2.900,0.500
'[00:00:01.029 01/01/2011]',55.001,-14.700,0.700,-7.100,-4.400,0.500
'[00:00:01.030 01/01/2011]',54.501,-16.900,-2.800,-8.500,-6.200,0.500
'[00:00:01.031 01/01/2011]',52.701,-19.200,-6.100,-9.500,-8.200,0.500
'[00:00:01.032 01/01/2011]',49.301,-21.100,-8.700,-9.800,-9.600,0.500
'[00:00:01.033 01/01/2011]',45.001,-22.000,-9.800,-9.300,-10.200,0.500
'[00:00:01.034 01/01/2011]',41.401,-21.900,-9.600,-8.300,-9.800,0.500
'[00:00:01.035 01/01/2011]',40.301,-21.000,-8.500,-7.200,-8.700,0.500
'[00:00:01.036 01/01/2011]',42.201,-20.200,-7.300,-6.600,-7.700,0.500
'[00:00:01.037 01/01/2011]',46.401,-20.200,-6.600,-7.000,-7.400,0.500
'[00:00:01.038 01/01/2011]',51.001,-21.200,-6.600,-8.100,-7.800,0.500
'[00:00:01.039 01/01/2011]',53.901,-22.900,-6.800,-9.600,-8.700,0.500
'[00:00:01.040 01/01/2011]',53.801,-24.600,-6.900,-10.600,-9.400,0.500
'[00:00:01.041 01/01/2011]',51.001,-25.700,-6.500,-10.900,-9.300,0.500
'[00:00:01.042 01/01/2011]',46.701,-26.200,-6.000,-10.500,-8.500,0.500
'[00:00:01.043 01/01/2011]',42.501,-26.600,-6.100,-9.900,-7.300,0.500
'[00:00:01.044 01/01/2011]',39.801,-27.600,-7.100,-9.400,-6.500,0.500
'[00:00:01.045 01/01/2011]',39.201,-29.600,-8.900,-9.500,-6.400,0.500
'[00:00:01.046 01/01/2011]',40.401,-32.500,-10.900,-10.200,-7.000,0.500
'[00:00:01.047 01/01/2011]',42.601,-35.701,-12.400,-11.300,-7.900,0.500
'[00:00:01.048 01/01/2011]',44.601,-38.301,-12.700,-12.500,-8.600,0.500
'[00:00:01.049 01/01/2011]',45.801,-39.701,-12.100,-13.800,-8.900,0.500
'[00:00:01.050 01/01/2011]',46.001,-39.901,-11.200,-14.900,-8.700,0.500
'[00:00:01.051 01/01/2011]',45.401,-39.501,-10.800,-15.800,-8.400,0.500
'[00:00:01.052 01/01/2011]',44.701,-39.301,-11.400,-16.200,-8.300,0.500
'[00:00:01.053 01/01/2011]',43.901,-39.701,-12.800,-15.900,-8.400,0.500
'[00:00:01.054 01/01/2011]',43.201,-40.701,-14.500,-14.700,-8.400,0.500
'[00:00:01.055 01/01/2011]',42.201,-41.901,-15.900,-12.900,-8.100,0.500
'[00:00:01.056 01/01/2011]',40.801,-42.601,-16.500,-10.600,-7.300,0.500
'[00:00:01.057 01/01/2011]',39.701,-42.201,-16.300,-8.500,-6.000,0.500
'[00:00:01.058 01/01/2011]',39.301,-40.901,-15.500,-6.700,-4.600,0.500
'[00:00:01.059 01/01/2011]',40.001,-39.201,-14.500,-5.700,-3.700,0.500
'[00:00:01.060 01/01/2011]',41.701,-37.701,-13.600,-5.400,-3.500,0.500
'[00:00:01.061 01/01/2011]',43.301,-37.001,-13.000,-5.800,-3.900,0.500
'[00:00:01.062 01/01/2011]',44.101,-37.001,-12.700,-6.900,-4.500,0.500
'[00:00:01.063 01/01/2011]',43.801,-37.401,-12.600,-8.400,-5.100,0.500
'[00:00:01.064 01/01/2011]',42.901,-37.701,-12.400,-10.100,-5.700,0.500
'[00:00:01.065 01/01/2011]',42.201,-37.501,-12.300,-11.700,-6.500,0.500
'[00:00:01.066 01/01/2011]',42.501,-37.001,-12.500,-13.000,-8.000,0.500
'[00:00:01.067 01/01/2011]',43.401,-36.601,-13.300,-13.800,-10.200,0.500
'[00:00:01.068 01/01/2011]',43.801,-36.801,-14.800,-14.200,-12.800,0.500
'[00:00:01.069 01/01/2011]',42.401,-37.601,-16.700,-14.300,-14.900,0.500
'[00:00:01.070 01/01/2011]',39.201,-38.801,-18.700,-14.100,-15.900,0.500
'[00:00:01.071 01/01/2011]',35.001,-39.701,-19.800,-13.600,-15.600,0.500
'[00:00:01.072 01/01/2011]',31.900,-39.901,-19.700,-12.700,-14.200,0.500
'[00:00:01.073 01/01/2011]',31.200,-39.201,-18.400,-11.700,-12.500,0.500
'[00:00:01.074 01/01/2011]',33.501,-38.301,-16.700,-11.000,-11.600,0.500
'[00:00:01.075 01/01/2011]',37.301,-37.601,-15.000,-10.700,-11.600,0.500
'[00:00:01.076 01/01/2011]',40.701,-37.601,-13.800,-11.100,-12.400,0.500
'[00:00:01.077 01/01/2011]',41.901,-38.201,-13.100,-11.800,-13.200,0.500
'[00:00:01.078 01/01/2011]',40.801,-38.901,-12.500,-12.100,-13.100,0.500
'[00:00:01.079 01/01/2011]',39.001,-39.001,-11.400,-11.500,-11.500,0.500
'[00:00:01.080 01/01/2011]',39.301,-38.301,-9.700,-9.800,-8.700,0.500
'[00:00:01.081 01/01/2011]',44.001,-36.701,-7.600,-7.300,-5.200,0.500
'[00:00:01.082 01/01/2011]',53.501,-34.801,-5.500,-4.800,-1.800,0.500
'[00:00:01.083 01/01/2011]',66.201,-33.101,-3.700,-2.800,0.800,0.500
'[00:00:01.084 01/01/2011]',79.301,-31.800,-2.200,-1.600,2.800,0.500
'[00:00:01.085 01/01/2011]',90.301,-30.600,-0.800,-0.700,4.700,0.500
'[00:00:01.086 01/01/2011]',98.802,-28.800,0.900,0.700,7.300,0.500
'[00:00:01.087 01/01/2011]',106.602,-25.900,3.400,3.400,11.300,0.500
'[00:00:01.088 01/01/2011]',116.602,-21.600,6.700,7.200,16.500,0.500
'[00:00:01.089 01/01/2011]',131.202,-16.500,10.200,11.300,22.100,0.500
'[00:00:01.090 01/01/2011]',150.202,-11.800,13.100,14.600,26.800,0.500
'[00:00:01.091 01/01/2011]',170.703,-8.600,14.600,16.000,29.500,0.500
'[00:00:01.092 01/01/2011]',188.303,-7.600,14.000,15.200,29.600,0.500
'[00:00:01.093 01/01/2011]',198.803,-8.500,11.400,12.900,27.400,0.500
'[00:00:01.094 01/01/2011]',200.203,-10.600,7.500,9.900,23.900,0.500
'[00:00:01.095 01/01/2011]',193.303,-12.900,3.600,7.200,20.100,0.500
'[00:00:01.096 01/01/2011]',180.303,-14.800,0.400,5.000,16.400,0.500
'[00:00:01.097 01/01/2011]',164.003,-16.200,-1.800,2.900,12.400,0.500
'[00:00:01.098 01/01/2011]',145.802,-17.800,-3.600,0.200,7.400,0.500
'[00:00:01.099 01/01/2011]',125.602,-20.100,-6.000,-3.600,0.700,0.500
'[00:00:01.100 01/01/2011]',102.402,-23.400,-9.800,-8.400,-7.400,0.500
'[00:00:01.101 01/01/2011]',75.701,-27.300,-15.100,-13.300,-16.000,0.500
'[00:00:01.102 01/01/2011]',46.101,-31.000,-21.000,-17.400,-23.700,0.500
'[00:00:01.103 01/01/2011]',15.800,-33.701,-26.100,-20.200,-29.300,0.500
'[00:00:01.104 01/01/2011]',-12.200,-34.801,-29.400,-21.300,-32.200,0.500
'[00:00:01.105 01/01/2011]',-35.101,-34.501,-30.400,-21.100,-32.901,0.500
'[00:00:01.106 01/01/2011]',-51.101,-33.401,-29.600,-20.300,-32.300,0.500
'[00:00:01.107 01/01/2011]',-59.901,-31.900,-28.400,-19.300,-31.300,0.500
'[00:00:01.108 01/01/2011]',-62.301,-30.700,-27.800,-18.300,-30.200,0.500
'[00:00:01.109 01/01/2011]',-59.801,-29.700,-28.400,-17.200,-29.200,0.500
'[00:00:01.110 01/01/2011]',-54.101,-28.700,-29.800,-15.800,-27.900,0.500
'[00:00:01.111 01/01/2011]',-46.101,-27.400,-30.800,-14.000,-26.100,0.500
'[00:00:01.112 01/01/2011]',-36.701,-25.400,-30.400,-11.800,-23.800,0.500
'[00:00:01.113 01/01/2011]',-26.600,-22.900,-28.300,-9.400,-21.300,0.500
'[00:00:01.114 01/01/2011]',-16.300,-20.300,-25.000,-7.200,-18.800,0.500
'[00:00:01.115 01/01/2011]',-6.600,-18.200,-21.800,-5.500,-17.000,0.500
'[00:00:01.116 01/01/2011]',2.200,-17.100,-20.000,-4.500,-15.900,0.500
'[00:00:01.117 01/01/2011]',9.800,-17.300,-20.200,-4.400,-15.600,0.500
'[00:00:01.118 01/01/2011]',16.600,-18.300,-21.900,-5.000,-15.800,0.500
'[00:00:01.119 01/01/2011]',23.000,-19.500,-24.100,-5.900,-16.000,0.500
'[00:00:01.120 01/01/2011]',29.100,-20.000,-25.300,-6.900,-16.000,0.500
'[00:00:01.121 01/01/2011]',34.401,-19.400,-25.000,-7.600,-15.700,0.500
'[00:00:01.122 01/01/2011]',38.401,-18.100,-23.400,-8.300,-15.400,0.500
'[00:00:01.123 01/01/2011]',40.001,-16.800,-21.600,-9.000,-15.600,0.500
'[00:00:01.124 01/01/2011]',39.201,-16.500,-20.800,-9.800,-16.600,0.500
'[00:00:01.125 01/01/2011]',36.501,-17.400,-21.600,-10.700,-18.300,0.500
'[00:00:01.126 01/01/2011]',33.501,-19.300,-23.700,-11.300,-20.000,0.500
'[00:00:01.127 01/01/2011]',31.500,-21.000,-26.100,-11.100,-21.100,0.500
'[00:00:01.128 01/01/2011]',31.700,-21.500,-27.700,-9.900,-21.200,0.500
'[00:00:01.129 01/01/2011]',33.801,-20.500,-28.000,-8.100,-20.300,0.500
'[00:00:01.130 01/01/2011]',36.501,-18.300,-27.400,-6.300,-19.200,0.500
'[00:00:01.131 01/01/2011]',38.301,-15.900,-26.700,-5.100,-18.600,0.500
'[00:00:01.132 01/01/2011]',38.101,-14.200,-26.800,-4.800,-18.700,0.500
'[00:00:01.133 01/01/2011]',35.701,-13.700,-28.100,-5.200,-19.600,0.500
'[00:00:01.134 01/01/2011]',32.300,-14.200,-30.400,-6.100,-20.600,0.500
'[00:00:01.135 01/01/2011]',29.300,-15.000,-32.801,-7.100,-21.100,0.500
'[00:00:01.136 01/01/2011]',28.000,-15.400,-34.401,-7.900,-20.900,0.500
'[00:00:01.137 01/01/2011]',28.800,-15.200,-35.001,-8.700,-20.400,0.500
'[00:00:01.138 01/01/2011]',31.000,-14.700,-34.701,-9.400,-20.000,0.500
'[00:00:01.139 01/01/2011]',33.501,-14.300,-34.401,-10.100,-20.300,0.500
'[00:00:01.140 01/01/2011]',35.201,-14.700,-34.701,-10.900,-21.200,0.500
'[00:00:01.141 01/01/2011]',36.001,-15.800,-35.601,-11.500,-22.600,0.500
'[00:00:01.142 01/01/2011]',36.101,-17.400,-36.801,-12.000,-23.900,0.500
'[00:00:01.143 01/01/2011]',36.001,-18.900,-37.601,-12.300,-24.700,0.500
'[00:00:01.144 01/01/2011]',36.301,-19.800,-37.501,-12.400,-25.000,0.500
'[00:00:01.145 01/01/2011]',37.001,-19.900,-36.601,-12.200,-25.000,0.500
'[00:00:01.146 01/01/2011]',37.401,-19.300,-35.401,-11.400,-25.000,0.500
'[00:00:01.147 01/01/2011]',37.101,-18.500,-34.401,-10.000,-25.000,0.500
'[00:00:01.148 01/01/2011]',35.501,-17.500,-34.301,-8.400,-25.000,0.500
'[00:00:01.149 01/01/2011]',32.801,-16.400,-34.901,-6.800,-24.700,0.500
'[00:00:01.150 01/01/2011]',29.700,-15.200,-35.701,-5.800,-24.000,0.500
'[00:00:01.151 01/01/2011]',27.200,-13.900,-36.001,-5.800,-23.000,0.500
'[00:00:01.152 01/01/2011]',26.200,-12.700,-35.201,-6.600,-22.000,0.500
'[00:00:01.153 01/01/2011]',26.800,-12.000,-33.601,-8.100,-21.400,0.500
'[00:00:01.154 01/01/2011]',28.600,-11.900,-31.400,-9.800,-21.300,0.500
'[00:00:01.155 01/01/2011]',30.300,-12.200,-29.200,-11.300,-21.700,0.500
'[00:00:01.156 01/01/2011]',31.000,-12.600,-27.400,-12.300,-22.100,0.500
'[00:00:01.157 01/01/2011]',30.400,-12.600,-25.900,-12.600,-21.900,0.500
'[00:00:01.158 01/01/2011]',29.200,-11.800,-24.300,-12.400,-21.000,0.500
'[00:00:01.159 01/01/2011]',28.300,-10.300,-22.400,-11.800,-19.300,0.500
'[00:00:01.160 01/01/2011]',28.400,-8.300,-20.100,-11.000,-17.500,0.500
'[00:00:01.161 01/01/2011]',29.500,-6.400,-17.700,-10.400,-16.000,0.500
'[00:00:01.162 01/01/2011]',30.800,-5.000,-15.600,-9.900,-15.100,0.500
'[00:00:01.163 01/01/2011]',31.400,-4.200,-14.200,-9.700,-15.000,0.500
'[00:00:01.164 01/01/2011]',30.900,-4.400,-13.600,-9.800,-15.500,0.500
'[00:00:01.165 01/01/2011]',29.700,-5.400,-13.800,-10.300,-16.500,0.500
'[00:00:01.166 01/01/2011]',28.400,-7.300,-14.600,-11.200,-17.900,0.500
'[00:00:01.167 01/01/2011]',27.700,-9.700,-15.700,-12.700,-19.800,0.500
'[00:00:01.168 01/01/2011]',27.600,-12.300,-16.900,-14.500,-21.900,0.500
'[00:00:01.169 01/01/2011]',27.500,-14.200,-18.000,-16.200,-24.000,0.500
'[00:00:01.170 01/01/2011]',26.900,-14.900,-18.800,-17.200,-25.800,0.500
'[00:00:01.171 01/01/2011]',25.800,-14.300,-19.300,-17.200,-26.900,0.500
'[00:00:01.172 01/01/2011]',24.500,-12.800,-19.300,-16.500,-27.200,0.500
'[00:00:01.173 01/01/2011]',23.800,-11.000,-18.800,-15.400,-26.800,0.500
'[00:00:01.174 01/01/2011]',24.200,-9.900,-18.100,-14.600,-25.900,0.500
'[00:00:01.175 01/01/2011]',25.400,-9.800,-17.300,-14.300,-24.900,0.500
'[00:00:01.176 01/01/2011]',26.900,-10.700,-16.700,-14.700,-24.100,0.500
'[00:00:01.177 01/01/2011]',27.900,-12.300,-16.600,-15.100,-23.500,0.500
'[00:00:01.178 01/01/2011]',28.100,-13.900,-17.100,-15.400,-23.200,0.500
'[00:00:01.179 01/01/2011]',27.400,-15.400,-18.200,-15.200,-23.100,0.500
'[00:00:01.180 01/01/2011]',26.000,-16.600,-19.600,-14.900,-23.000,0.500
'[00:00:01.181 01/01/2011]',24.300,-17.700,-20.900,-14.600,-23.100,0.500
'[00:00:01.182 01/01/2011]',22.600,-18.700,-21.900,-14.600,-23.300,0.500
'[00:00:01.183 01/01/2011]',21.300,-19.900,-22.300,-14.800,-23.800,0.500
'[00:00:01.184 01/01/2011]',20.500,-21.000,-22.400,-15.100,-24.700,0.500
'[00:00:01.185 01/01/2011]',20.200,-21.900,-22.600,-15.400,-25.800,0.500
'[00:00:01.186 01/01/2011]',20.000,-22.500,-22.900,-15.800,-26.900,0.500
'[00:00:01.187 01/01/2011]',19.600,-22.500,-23.400,-16.400,-27.800,0.500
'[00:00:01.188 01/01/2011]',18.900,-21.900,-23.900,-17.400,-28.200,0.500
'[00:00:01.189 01/01/2011]',18.300,-20.800,-24.200,-18.500,-28.200,0.500
'[00:00:01.190 01/01/2011]',18.300,-19.600,-24.300,-19.500,-27.700,0.500
'[00:00:01.191 01/01/2011]',19.100,-18.900,-24.200,-19.900,-26.800,0.500
'[00:00:01.192 01/01/2011]',20.400,-19.000,-24.200,-19.600,-25.900,0.500
'[00:00:01.193 01/01/2011]',21.700,-20.200,-24.300,-18.600,-24.800,0.500
'[00:00:01.194 01/01/2011]',22.200,-21.900,-24.300,-17.200,-23.700,0.500
'[00:00:01.195 01/01/2011]',21.800,-23.400,-23.600,-15.800,-22.600,0.500
'[00:00:01.196 01/01/2011]',21.100,-23.800,-22.300,-14.500,-21.700,0.500
'[00:00:01.197 01/01/2011]',20.700,-22.900,-20.600,-13.500,-21.100,0.500
'[00:00:01.198 01/01/2011]',21.000,-20.900,-19.200,-13.000,-21.000,0.500
'[00:00:01.199 01/01/2011]',21.600,-18.800,-18.800,-12.900,-21.500,0.500
'[00:00:01.200 01/01/2011]',21.600,-17.400,-19.500,-13.100,-22.200,0.500
'[00:00:01.201 01/01/2011]',20.500,-17.300,-21.100,-13.700,-23.100,0.500
'[00:00:01.202 01/01/2011]',18.400,-18.300,-22.800,-14.500,-24.000,0.500
'[00:00:01.203 01/01/2011]',16.500,-19.700,-24.000,-15.300,-24.800,0.500
'[00:00:01.204 01/01/2011]',15.500,-20.800,-24.500,-15.900,-25.500,0.500
'[00:00:01.205 01/01/2011]',15.600,-21.000,-24.200,-16.200,-26.300,0.500
'[00:00:01.206 01/01/2011]',15.800,-20.500,-23.900,-16.300,-27.100,0.500
'[00:00:01.207 01/01/2011]',15.200,-19.800,-23.800,-16.100,-27.600,0.500
'[00:00:01.208 01/01/2011]',13.600,-19.400,-24.000,-15.800,-27.800,0.500
'[00:00:01.209 01/01/2011]',12.000,-19.800,-24.500,-15.500,-27.500,0.500
'[00:00:01.210 01/01/2011]',12.000,-21.100,-25.000,-15.400,-27.000,0.500
'[00:00:01.211 01/01/2011]',14.500,-22.900,-25.200,-15.500,-26.500,0.500
'[00:00:01.212 01/01/2011]',18.900,-24.900,-25.000,-15.900,-26.100,0.500
'[00:00:01.213 01/01/2011]',23.300,-26.600,-24.300,-16.200,-26.000,0.500
'[00:00:01.214 01/01/2011]',25.000,-27.500,-23.200,-16.100,-25.800,0.500
'[00:00:01.215 01/01/2011]',22.800,-27.600,-22.000,-15.200,-25.500,0.500
'[00:00:01.216 01/01/2011]',17.300,-26.800,-21.100,-13.600,-24.900,0.500
'[00:00:01.217 01/01/2011]',11.000,-25.500,-20.900,-11.900,-24.300,0.500
'[00:00:01.218 01/01/2011]',6.800,-24.200,-21.600,-10.800,-23.800,0.500
'[00:00:01.219 01/01/2011]',6.300,-23.300,-22.900,-10.600,-23.700,0.500
'[00:00:01.220 01/01/2011]',9.200,-22.900,-24.300,-11.700,-24.000,0.500
'[00:00:01.221 01/01/2011]',13.500,-22.600,-24.900,-13.500,-24.500,0.500
'[00:00:01.222 01/01/2011]',16.900,-22.000,-24.400,-15.300,-24.800,0.500
'[00:00:01.223 01/01/2011]',18.200,-20.900,-23.100,-16.700,-24.600,0.500
'[00:00:01.224 01/01/2011]',18.000,-19.500,-21.500,-17.100,-23.900,0.500
'[00:00:01.225 01/01/2011]',17.700,-18.400,-20.200,-16.800,-22.700,0.500
'[00:00:01.226 01/01/2011]',18.700,-18.200,-19.500,-15.900,-21.400,0.500
'[00:00:01.227 01/01/2011]',21.200,-19.200,-19.400,-14.800,-20.400,0.500
'[00:00:01.228 01/01/2011]',24.000,-21.100,-19.300,-13.700,-19.700,0.500
'[00:00:01.229 01/01/2011]',25.300,-23.200,-18.900,-12.800,-19.500,0.500
'[00:00:01.230 01/01/2011]',24.000,-24.600,-17.900,-12.100,-19.500,0.500
'[00:00:01.231 01/01/2011]',20.800,-24.600,-16.500,-11.700,-19.600,0.500
'[00:00:01.232 01/01/2011]',17.300,-23.200,-15.200,-11.600,-19.700,0.500
'[00:00:01.233 01/01/2011]',15.200,-21.100,-14.100,-11.600,-19.600,0.500
'[00:00:01.234 01/01/2011]',15.000,-19.200,-13.500,-11.800,-19.700,0.500
'[00:00:01.235 01/01/2011]',16.000,-18.000,-13.400,-12.100,-20.000,0.500
'[00:00:01.236 01/01/2011]',16.500,-17.900,-13.900,-12.800,-20.600,0.500
'[00:00:01.237 01/01/2011]',15.900,-18.700,-15.000,-13.800,-21.400,0.500
'[00:00:01.238 01/01/2011]',14.600,-20.100,-16.600,-15.000,-22.500,0.500
'[00:00:01.239 01/01/2011]',14.000,-21.500,-18.600,-16.300,-23.500,0.500
'[00:00:01.240 01/01/2011]',15.300,-22.600,-20.500,-17.200,-24.200,0.500
'[00:00:01.241 01/01/2011]',18.400,-23.100,-21.800,-17.600,-24.600,0.500
'[00:00:01.242 01/01/2011]',21.800,-23.000,-22.200,-17.300,-24.600,0.500
'[00:00:01.243 01/01/2011]',23.400,-22.300,-21.600,-16.500,-24.300,0.500
'[00:00:01.244 01/01/2011]',22.400,-21.100,-20.200,-15.300,-23.800,0.500
'[00:00:01.245 01/01/2011]',19.400,-19.600,-18.400,-14.000,-23.400,0.500
'[00:00:01.246 01/01/2011]',16.500,-18.200,-16.800,-12.700,-23.200,0.500
'[00:00:01.247 01/01/2011]',15.200,-17.400,-15.900,-11.900,-23.400,0.500
'[00:00:01.248 01/01/2011]',15.800,-17.300,-15.800,-11.400,-23.800,0.500
'[00:00:01.249 01/01/2011]',17.000,-17.700,-16.100,-11.200,-24.100,0.500
'[00:00:01.250 01/01/2011]',17.400,-18.200,-16.300,-11.200,-24.100,0.500
'[00:00:01.251 01/01/2011]',16.100,-18.100,-15.900,-11.100,-23.400,0.500
'[00:00:01.252 01/01/2011]',13.600,-17.200,-14.800,-10.900,-22.300,0.500
'[00:00:01.253 01/01/2011]',11.300,-15.700,-13.600,-10.600,-21.200,0.500
'[00:00:01.254 01/01/2011]',10.100,-14.300,-12.900,-10.700,-20.500,0.500
'[00:00:01.255 01/01/2011]',10.400,-13.700,-13.400,-11.200,-20.400,0.500
'[00:00:01.256 01/01/2011]',11.600,-14.300,-15.100,-12.100,-20.700,0.500
'[00:00:01.257 01/01/2011]',13.000,-15.900,-17.400,-13.400,-21.100,0.500
'[00:00:01.258 01/01/2011]',14.600,-17.900,-19.400,-14.600,-21.200,0.500
'[00:00:01.259 01/01/2011]',16.500,-19.500,-20.800,-15.600,-21.300,0.500
'[00:00:01.260 01/01/2011]',18.600,-20.300,-21.400,-16.400,-21.500,0.500
'[00:00:01.261 01/01/2011]',20.000,-20.400,-21.700,-17.200,-22.100,0.500
'[00:00:01.262 01/01/2011]',19.900,-20.400,-22.500,-17.900,-23.200,0.500
'[00:00:01.263 01/01/2011]',18.000,-20.800,-23.900,-18.300,-24.400,0.500
'[00:00:01.264 01/01/2011]',14.800,-21.600,-25.600,-18.100,-25.100,0.500
'[00:00:01.265 01/01/2011]',12.200,-22.600,-27.100,-17.000,-25.200,0.500
'[00:00:01.266 01/01/2011]',11.500,-23.400,-27.700,-15.200,-24.600,0.500
'[00:00:01.267 01/01/2011]',12.600,-23.900,-27.500,-13.400,-23.800,0.500
'[00:00:01.268 01/01/2011]',14.100,-24.000,-27.000,-12.300,-23.500,0.500
'[00:00:01.269 01/01/2011]',14.400,-24.100,-26.900,-12.200,-23.900,0.500
'[00:00:01.270 01/01/2011]',12.600,-24.500,-27.500,-13.100,-24.800,0.500
'[00:00:01.271 01/01/2011]',9.400,-25.400,-28.800,-14.700,-25.900,0.500
'[00:00:01.272 01/01/2011]',6.600,-26.600,-30.100,-16.100,-26.500,0.500
'[00:00:01.273 01/01/2011]',5.700,-27.800,-30.900,-17.000,-26.500,0.500
'[00:00:01.274 01/01/2011]',6.600,-28.900,-30.700,-17.200,-25.900,0.500
'[00:00:01.275 01/01/2011]',8.100,-29.800,-29.800,-16.900,-25.000,0.500
'[00:00:01.276 01/01/2011]',8.500,-30.400,-28.600,-16.500,-24.100,0.500
'[00:00:01.277 01/01/2011]',7.100,-30.800,-27.500,-16.400,-23.400,0.500
'[00:00:01.278 01/01/2011]',4.500,-30.700,-26.600,-16.400,-22.900,0.500
'[00:00:01.279 01/01/2011]',2.300,-30.100,-25.800,-16.500,-22.500,0.500
'[00:00:01.280 01/01/2011]',1.700,-29.300,-25.000,-16.200,-22.300,0.500
'[00:00:01.281 01/01/2011]',3.000,-28.600,-24.100,-15.600,-22.300,0.500
'[00:00:01.282 01/01/2011]',5.300,-28.000,-23.100,-14.800,-22.500,0.500
'[00:00:01.283 01/01/2011]',7.200,-27.800,-22.300,-13.900,-22.900,0.500
'[00:00:01.284 01/01/2011]',7.700,-27.600,-21.800,-13.300,-23.300,0.500
'[00:00:01.285 01/01/2011]',6.400,-27.000,-21.300,-12.800,-23.600,0.500
'[00:00:01.286 01/01/2011]',3.700,-25.900,-20.800,-12.400,-23.500,0.500
'[00:00:01.287 01/01/2011]',0.700,-24.100,-20.000,-12.000,-23.000,0.500
'[00:00:01.288 01/01/2011]',-1.600,-22.100,-18.900,-11.600,-22.200,0.500
'[00:00:01.289 01/01/2011]',-2.100,-20.300,-17.600,-11.500,-21.200,0.500
'[00:00:01.290 01/01/2011]',-0.700,-19.000,-16.500,-11.900,-20.400,0.500
'[00:00:01.291 01/01/2011]',2.000,-18.400,-15.700,-12.900,-19.900,0.500
'[00:00:01.292 01/01/2011]',4.500,-18.400,-15.700,-14.400,-19.800,0.500
'[00:00:01.293 01/01/2011]',5.200,-19.100,-16.500,-16.000,-20.400,0.500
'[00:00:01.294 01/01/2011]',3.500,-20.400,-18.100,-17.400,-21.500,0.500
'[00:00:01.295 01/01/2011]',0.300,-22.100,-20.400,-18.400,-23.100,0.500
'[00:00:01.296 01/01/2011]',-2.400,-24.100,-23.000,-18.800,-25.000,0.500
'[00:00:01.297 01/01/2011]',-3.000,-26.200,-25.400,-19.000,-27.200,0.500
'[00:00:01.298 01/01/2011]',-1.000,-27.800,-27.300,-18.900,-29.300,0.500
'[00:00:01.299 01/01/2011]',2.000,-28.800,-28.600,-18.700,-31.100,0.500
'[00:00:01.300 01/01/2011]',3.900,-28.900,-29.400,-18.400,-32.400,0.500
'[00:00:01.301 01/01/2011]',3.100,-28.300,-29.700,-17.800,-32.901,0.500
'[00:00:01.302 01/01/2011]',0.100,-27.200,-29.700,-16.900,-32.500,0.500
'[00:00:01.303 01/01/2011]',-2.700,-26.200,-29.500,-16.000,-31.100,0.500
'[00:00:01.304 01/01/2011]',-3.000,-25.400,-28.900,-15.100,-29.100,0.500
'[00:00:01.305 01/01/2011]',0.000,-25.000,-28.300,-14.600,-26.900,0.500
'[00:00:01.306 01/01/2011]',4.800,-25.300,-27.900,-14.400,-25.100,0.500
'[00:00:01.307 01/01/2011]',8.400,-26.000,-28.100,-14.700,-24.200,0.500
'[00:00:01.308 01/01/2011]',8.400,-27.300,-29.200,-15.400,-24.400,0.500
'[00:00:01.309 01/01/2011]',4.400,-28.900,-31.000,-16.300,-25.400,0.500
'[00:00:01.310 01/01/2011]',-1.500,-30.800,-32.801,-17.300,-26.700,0.500
'[00:00:01.311 01/01/2011]',-6.100,-32.801,-34.201,-18.300,-27.800,0.500
'[00:00:01.312 01/01/2011]',-7.100,-34.601,-34.801,-19.300,-28.300,0.500
'[00:00:01.313 01/01/2011]',-4.600,-36.101,-34.501,-20.300,-28.400,0.500
'[00:00:01.314 01/01/2011]',-0.500,-37.201,-33.801,-21.100,-28.200,0.500
'[00:00:01.315 01/01/2011]',2.400,-37.901,-32.801,-21.500,-28.100,0.500
'[00:00:01.316 01/01/2011]',2.500,-38.101,-31.700,-21.600,-28.000,0.500
'[00:00:01.317 01/01/2011]',-0.300,-37.801,-30.400,-21.200,-27.800,0.500
'[00:00:01.318 01/01/2011]',-4.300,-37.101,-28.900,-20.600,-27.200,0.500
'[00:00:01.319 01/01/2011]',-7.500,-36.301,-27.300,-19.800,-26.300,0.500
'[00:00:01.320 01/01/2011]',-8.800,-35.601,-26.100,-19.000,-25.300,0.500
'[00:00:01.321 01/01/2011]',-8.300,-35.201,-25.500,-18.300,-24.500,0.500
'[00:00:01.322 01/01/2011]',-7.500,-35.401,-25.900,-17.900,-24.200,0.500
'[00:00:01.323 01/01/2011]',-7.500,-35.901,-26.900,-17.900,-24.400,0.500
'[00:00:01.324 01/01/2011]',-9.000,-36.601,-28.300,-18.500,-25.200,0.500
'[00:00:01.325 01/01/2011]',-11.500,-37.001,-29.500,-19.600,-26.200,0.500
'[00:00:01.326 01/01/2011]',-13.700,-36.801,-30.200,-21.200,-27.400,0.500
'[00:00:01.327 01/01/2011]',-14.800,-36.101,-30.300,-22.800,-28.200,0.500
'[00:00:01.328 01/01/2011]',-14.200,-35.001,-29.900,-23.800,-28.600,0.500
'[00:00:01.329 01/01/2011]',-12.900,-33.901,-28.900,-23.600,-28.200,0.500
'[00:00:01.330 01/01/2011]',-11.800,-33.001,-27.400,-21.900,-27.000,0.500
'[00:00:01.331 01/01/2011]',-12.000,-32.200,-25.300,-19.000,-25.300,0.500
'[00:00:01.332 01/01/2011]',-13.500,-31.400,-23.000,-15.600,-23.400,0.500
'[00:00:01.333 01/01/2011]',-15.400,-30.300,-20.700,-12.300,-21.800,0.500
'[00:00:01.334 01/01/2011]',-16.400,-28.900,-18.700,-9.900,-20.800,0.500
'[00:00:01.335 01/01/2011]',-15.900,-27.200,-17.400,-8.500,-20.200,0.500
'[00:00:01.336 01/01/2011]',-13.800,-25.500,-16.600,-8.000,-19.900,0.500
'[00:00:01.337 01/01/2011]',-11.200,-23.900,-16.200,-8.200,-19.500,0.500
'[00:00:01.338 01/01/2011]',-9.200,-22.900,-16.000,-8.600,-18.900,0.500
'[00:00:01.339 01/01/2011]',-8.500,-22.500,-16.100,-9.300,-18.500,0.500
'[00:00:01.340 01/01/2011]',-9.100,-22.600,-16.400,-10.400,-18.400,0.500
'[00:00:01.341 01/01/2011]',-10.600,-23.200,-17.100,-11.600,-18.900,0.500
'[00:00:01.342 01/01/2011]',-12.100,-24.000,-18.300,-13.000,-19.800,0.500
'[00:00:01.343 01/01/2011]',-13.200,-24.700,-20.100,-14.100,-20.900,0.500
'[00:00:01.344 01/01/2011]',-13.600,-25.300,-22.200,-14.700,-21.900,0.500
'[00:00:01.345 01/01/2011]',-13.600,-25.800,-24.600,-14.900,-22.500,0.500
'[00:00:01.346 01/01/2011]',-13.200,-26.200,-27.200,-14.800,-22.800,0.500
'[00:00:01.347 01/01/2011]',-12.800,-26.800,-30.000,-14.500,-22.900,0.500
'[00:00:01.348 01/01/2011]',-12.500,-27.500,-32.700,-14.200,-23.200,0.500
'[00:00:01.349 01/01/2011]',-12.500,-28.200,-35.201,-13.900,-23.500,0.500
'[00:00:01.350 01/01/2011]',-12.900,-28.700,-37.201,-13.500,-23.700,0.500
'[00:00:01.351 01/01/2011]',-13.400,-29.000,-38.301,-13.000,-23.600,0.500
'[00:00:01.352 01/01/2011]',-14.100,-29.100,-38.701,-12.400,-23.400,0.500
'[00:00:01.353 01/01/2011]',-14.700,-29.400,-38.501,-12.000,-23.000,0.500
'[00:00:01.354 01/01/2011]',-15.200,-30.100,-37.901,-12.000,-22.700,0.500
'[00:00:01.355 01/01/2011]',-15.600,-31.200,-37.201,-12.200,-22.600,0.500
'[00:00:01.356 01/01/2011]',-15.900,-32.200,-36.501,-12.600,-22.500,0.500
'[00:00:01.357 01/01/2011]',-16.100,-33.001,-35.601,-12.800,-22.300,0.500
'[00:00:01.358 01/01/2011]',-15.800,-33.101,-34.701,-12.800,-21.900,0.500
'[00:00:01.359 01/01/2011]',-15.000,-32.901,-33.801,-12.700,-21.300,0.500
'[00:00:01.360 01/01/2011]',-13.800,-32.901,-33.401,-12.700,-20.600,0.500
'[00:00:01.361 01/01/2011]',-12.800,-33.301,-33.801,-13.200,-20.000,0.500
'[00:00:01.362 01/01/2011]',-12.200,-34.401,-35.001,-14.200,-19.900,0.500
'[00:00:01.363 01/01/2011]',-12.400,-35.701,-36.701,-15.400,-20.000,0.500
'[00:00:01.364 01/01/2011]',-13.100,-36.801,-38.201,-16.300,-20.400,0.500
'[00:00:01.365 01/01/2011]',-13.800,-37.401,-39.101,-16.600,-20.800,0.500
'[00:00:01.366 01/01/2011]',-14.300,-37.401,-39.101,-16.000,-21.000,0.500
'[00:00:01.367 01/01/2011]',-14.800,-37.401,-38.501,-15.000,-21.100,0.500
'[00:00:01.368 01/01/2011]',-15.700,-37.701,-38.001,-14.200,-21.200,0.500
'[00:00:01.369 01/01/2011]',-17.200,-38.501,-38.001,-14.100,-21.500,0.500
'[00:00:01.370 01/01/2011]',-19.300,-39.601,-38.801,-15.100,-22.300,0.500
'[00:00:01.371 01/01/2011]',-21.200,-40.801,-40.101,-16.800,-23.300,0.500
'[00:00:01.372 01/01/2011]',-22.500,-41.401,-41.101,-18.400,-24.400,0.500
'[00:00:01.373 01/01/2011]',-22.700,-41.301,-41.501,-19.100,-25.000,0.500
'[00:00:01.374 01/01/2011]',-22.000,-40.401,-41.101,-18.600,-25.100,0.500
'[00:00:01.375 01/01/2011]',-20.900,-38.801,-40.101,-17.000,-24.600,0.500
'[00:00:01.376 01/01/2011]',-19.700,-36.801,-39.301,-15.200,-23.700,0.500
'[00:00:01.377 01/01/2011]',-18.500,-34.901,-38.901,-13.900,-22.900,0.500
'[00:00:01.378 01/01/2011]',-17.000,-33.301,-39.001,-13.400,-22.400,0.500
'[00:00:01.379 01/01/2011]',-15.200,-32.400,-39.201,-13.700,-22.100,0.500
'[00:00:01.380 01/01/2011]',-13.300,-32.100,-39.101,-14.300,-21.900,0.500
'[00:00:01.381 01/01/2011]',-11.700,-32.300,-38.401,-14.800,-21.700,0.500
'[00:00:01.382 01/01/2011]',-10.800,-32.600,-37.301,-15.000,-21.300,0.500
'[00:00:01.383 01/01/2011]',-10.600,-32.500,-36.501,-15.100,-21.000,0.500
'[00:00:01.384 01/01/2011]',-10.600,-32.100,-36.501,-15.500,-21.100,0.500
'[00:00:01.385 01/01/2011]',-10.100,-31.600,-37.501,-16.300,-21.500,0.500
'[00:00:01.386 01/01/2011]',-8.600,-31.600,-39.101,-17.300,-22.300,0.500
'[00:00:01.387 01/01/2011]',-6.000,-32.600,-40.801,-18.100,-23.200,0.500
'[00:00:01.388 01/01/2011]',-2.900,-35.001,-42.001,-18.600,-23.900,0.500
'[00:00:01.389 01/01/2011]',0.000,-38.701,-42.601,-18.800,-24.200,0.500
'[00:00:01.390 01/01/2011]',1.700,-43.001,-42.701,-18.900,-24.300,0.500
'[00:00:01.391 01/01/2011]',1.900,-47.001,-42.401,-19.000,-24.300,0.500
'[00:00:01.392 01/01/2011]',0.700,-49.701,-41.801,-19.200,-24.100,0.500
'[00:00:01.393 01/01/2011]',-1.500,-50.801,-41.001,-19.100,-23.800,0.500
'[00:00:01.394 01/01/2011]',-3.800,-50.001,-39.901,-18.400,-23.200,0.500
'[00:00:01.395 01/01/2011]',-5.400,-47.901,-38.801,-17.200,-22.300,0.500
'[00:00:01.396 01/01/2011]',-5.900,-45.201,-37.701,-15.800,-21.300,0.500
'[00:00:01.397 01/01/2011]',-5.300,-42.701,-37.101,-14.500,-20.400,0.500
'[00:00:01.398 01/01/2011]',-4.100,-40.801,-36.801,-14.000,-20.000,0.500
'[00:00:01.399 01/01/2011]',-3.400,-39.601,-36.701,-14.300,-20.100,0.500
'[00:00:01.400 01/01/2011]',-4.200,-39.101,-36.301,-15.100,-20.500,0.500
'[00:00:01.401 01/01/2011]',-6.700,-38.801,-35.701,-16.000,-21.000,0.500
'[00:00:01.402 01/01/2011]',-10.300,-38.601,-34.901,-16.500,-21.400,0.500
'[00:00:01.403 01/01/2011]',-13.600,-38.301,-34.201,-16.400,-21.500,0.500
'[00:00:01.404 01/01/2011]',-15.100,-38.101,-33.901,-15.900,-21.500,0.500
'[00:00:01.405 01/01/2011]',-13.900,-37.801,-34.001,-15.200,-21.600,0.500
'[00:00:01.406 01/01/2011]',-10.800,-37.601,-34.401,-14.700,-21.900,0.500
'[00:00:01.407 01/01/2011]',-7.900,-37.501,-34.901,-14.700,-22.500,0.500
'[00:00:01.408 01/01/2011]',-7.200,-37.401,-35.301,-15.200,-23.200,0.500
'[00:00:01.409 01/01/2011]',-9.700,-37.401,-35.401,-16.000,-23.700,0.500
'[00:00:01.410 01/01/2011]',-14.700,-37.401,-35.001,-16.700,-23.800,0.500
'[00:00:01.411 01/01/2011]',-20.100,-37.401,-34.101,-16.700,-23.500,0.500
'[00:00:01.412 01/01/2011]',-23.600,-37.501,-33.001,-15.900,-22.900,0.500
'[00:00:01.413 01/01/2011]',-24.300,-37.701,-32.000,-14.300,-22.200,0.500
'[00:00:01.414 01/01/2011]',-23.000,-38.001,-31.700,-12.600,-21.800,0.500
'[00:00:01.415 01/01/2011]',-21.500,-38.401,-32.801,-11.400,-21.800,0.500
'[00:00:01.416 01/01/2011]',-21.400,-38.801,-35.301,-11.300,-22.200,0.500
'[00:00:01.417 01/01/2011]',-23.100,-39.201,-38.801,-12.400,-23.100,0.500
'[00:00:01.418 01/01/2011]',-26.000,-39.401,-42.401,-14.400,-24.100,0.500
'[00:00:01.419 01/01/2011]',-28.800,-39.401,-45.201,-16.600,-25.000,0.500
'[00:00:01.420 01/01/2011]',-30.900,-39.401,-46.801,-18.200,-25.800,0.500
'[00:00:01.421 01/01/2011]',-31.800,-39.301,-47.301,-18.900,-26.300,0.500
'[00:00:01.422 01/01/2011]',-31.800,-39.301,-47.301,-18.900,-26.600,0.500
'[00:00:01.423 01/01/2011]',-31.100,-39.301,-47.401,-18.500,-26.700,0.500
'[00:00:01.424 01/01/2011]',-30.000,-39.201,-47.801,-18.000,-26.700,0.500
'[00:00:01.425 01/01/2011]',-28.700,-38.801,-48.101,-17.700,-26.600,0.500
'[00:00:01.426 01/01/2011]',-27.900,-38.201,-47.601,-17.300,-26.300,0.500
'[00:00:01.427 01/01/2011]',-28.200,-37.201,-45.701,-16.800,-25.800,0.500
'[00:00:01.428 01/01/2011]',-30.000,-36.101,-42.401,-16.100,-25.100,0.500
'[00:00:01.429 01/01/2011]',-33.101,-35.101,-38.301,-15.300,-24.400,0.500
'[00:00:01.430 01/01/2011]',-36.501,-34.301,-34.501,-14.800,-23.800,0.500
'[00:00:01.431 01/01/2011]',-39.101,-33.601,-32.100,-14.600,-23.300,0.500
'[00:00:01.432 01/01/2011]',-40.401,-33.001,-31.500,-14.800,-23.100,0.500
'[00:00:01.433 01/01/2011]',-40.601,-32.400,-32.700,-15.100,-22.900,0.500
'[00:00:01.434 01/01/2011]',-40.301,-32.000,-34.801,-15.300,-22.600,0.500
'[00:00:01.435 01/01/2011]',-39.901,-32.100,-37.001,-15.500,-22.500,0.500
'[00:00:01.436 01/01/2011]',-39.501,-32.901,-38.701,-15.900,-22.700,0.500
'[00:00:01.437 01/01/2011]',-38.901,-34.401,-39.801,-17.100,-23.600,0.500
'[00:00:01.438 01/01/2011]',-38.101,-36.201,-40.701,-19.100,-25.400,0.500
'[00:00:01.439 01/01/2011]',-37.701,-37.901,-42.201,-21.700,-27.900,0.500
'[00:00:01.440 01/01/2011]',-38.101,-39.101,-44.601,-24.100,-30.500,0.500
'[00:00:01.441 01/01/2011]',-39.701,-39.601,-47.801,-25.700,-32.500,0.500
'[00:00:01.442 01/01/2011]',-41.901,-39.601,-50.801,-26.000,-33.501,0.500
'[00:00:01.443 01/01/2011]',-43.501,-39.501,-52.801,-25.100,-33.701,0.500
'[00:00:01.444 01/01/2011]',-43.501,-39.701,-53.101,-23.800,-33.301,0.500
'[00:00:01.445 01/01/2011]',-42.001,-40.501,-51.701,-23.000,-33.101,0.500
'[00:00:01.446 01/01/2011]',-39.601,-41.801,-49.501,-23.400,-33.501,0.500
'[00:00:01.447 01/01/2011]',-37.501,-43.301,-47.801,-25.100,-34.601,0.500
'[00:00:01.448 01/01/2011]',-36.401,-44.901,-47.301,-27.400,-36.101,0.500
'[00:00:01.449 01/01/2011]',-36.301,-46.701,-48.201,-29.600,-37.801,0.500
'[00:00:01.450 01/01/2011]',-36.901,-48.701,-50.001,-31.000,-39.201,0.500
'[00:00:01.451 01/01/2011]',-37.501,-51.001,-51.701,-31.100,-40.401,0.500
'[00:00:01.452 01/01/2011]',-38.201,-53.201,-52.301,-30.400,-41.301,0.500
'[00:00:01.453 01/01/2011]',-39.401,-55.001,-51.801,-29.400,-41.901,0.500
'[00:00:01.454 01/01/2011]',-41.401,-56.001,-50.801,-28.700,-42.101,0.500
'[00:00:01.455 01/01/2011]',-43.901,-56.001,-49.901,-28.400,-41.801,0.500
'[00:00:01.456 01/01/2011]',-46.201,-55.201,-49.601,-28.200,-40.701,0.500
'[00:00:01.457 01/01/2011]',-47.501,-54.201,-49.601,-27.800,-38.801,0.500
'[00:00:01.458 01/01/2011]',-47.401,-53.401,-49.401,-26.800,-36.101,0.500
'[00:00:01.459 01/01/2011]',-46.401,-52.801,-48.001,-25.000,-32.901,0.500
'[00:00:01.460 01/01/2011]',-45.401,-52.201,-45.301,-23.000,-29.600,0.500
'[00:00:01.461 01/01/2011]',-45.201,-51.101,-41.801,-21.100,-26.600,0.500
'[00:00:01.462 01/01/2011]',-45.801,-49.201,-38.401,-19.700,-24.200,0.500
'[00:00:01.463 01/01/2011]',-46.801,-46.701,-36.101,-19.200,-22.400,0.500
'[00:00:01.464 01/01/2011]',-47.101,-44.401,-35.301,-19.100,-21.000,0.500
'[00:00:01.465 01/01/2011]',-46.501,-43.001,-35.701,-19.400,-19.800,0.500
'[00:00:01.466 01/01/2011]',-45.001,-42.801,-36.501,-19.600,-18.900,0.500
'[00:00:01.467 01/01/2011]',-43.701,-43.501,-37.101,-19.600,-18.300,0.500
'[00:00:01.468 01/01/2011]',-43.401,-44.401,-37.201,-19.400,-18.200,0.500
'[00:00:01.469 01/01/2011]',-44.401,-44.501,-36.901,-19.300,-18.700,0.500
'[00:00:01.470 01/01/2011]',-46.001,-43.701,-36.701,-19.300,-19.500,0.500
'[00:00:01.471 01/01/2011]',-47.001,-42.001,-36.601,-19.300,-20.200,0.500
'[00:00:01.472 01/01/2011]',-46.601,-40.101,-36.501,-19.100,-20.500,0.500
'[00:00:01.473 01/01/2011]',-44.701,-38.301,-35.801,-18.400,-20.100,0.500
'[00:00:01.474 01/01/2011]',-42.101,-37.001,-33.901,-16.900,-19.000,0.500
'[00:00:01.475 01/01/2011]',-40.301,-35.701,-30.800,-14.600,-17.500,0.500
'[00:00:01.476 01/01/2011]',-40.801,-34.101,-26.900,-11.600,-15.900,0.500
'[00:00:01.477 01/01/2011]',-43.601,-31.900,-23.300,-8.300,-14.200,0.500
'[00:00:01.478 01/01/2011]',-47.801,-29.400,-20.800,-5.100,-12.500,0.500
'[00:00:01.479 01/01/2011]',-51.801,-27.300,-19.900,-2.400,-10.600,0.500
'[00:00:01.480 01/01/2011]',-53.901,-26.000,-20.300,-0.600,-8.700,0.500
'[00:00:01.481 01/01/2011]',-53.601,-26.000,-21.300,0.400,-6.900,0.500
'[00:00:01.482 01/01/2011]',-51.501,-26.900,-21.900,0.900,-5.200,0.500
'[00:00:01.483 01/01/2011]',-49.401,-28.500,-21.800,1.000,-3.700,0.500
'[00:00:01.484 01/01/2011]',-48.601,-30.100,-21.000,1.300,-2.000,0.500
'[00:00:01.485 01/01/2011]',-49.801,-31.700,-20.200,1.900,0.100,0.500
'[00:00:01.486 01/01/2011]',-52.301,-33.401,-19.800,2.800,2.700,0.500
'[00:00:01.487 01/01/2011]',-55.001,-35.701,-20.000,3.700,5.900,0.500
'[00:00:01.488 01/01/2011]',-56.501,-38.801,-20.500,4.200,9.200,0.500
'[00:00:01.489 01/01/2011]',-56.501,-42.801,-21.200,4.200,12.400,0.500
'[00:00:01.490 01/01/2011]',-55.501,-47.501,-21.600,3.800,15.000,0.500
'[00:00:01.491 01/01/2011]',-54.501,-52.601,-22.400,3.200,17.000,0.500
'[00:00:01.492 01/01/2011]',-54.001,-58.301,-24.000,2.600,18.400,0.500
'[00:00:01.493 01/01/2011]',-54.201,-64.401,-27.100,2.200,19.700,0.500
'[00:00:01.494 01/01/2011]',-55.001,-71.201,-31.800,1.900,20.800,0.500
'[00:00:01.495 01/01/2011]',-56.101,-78.201,-37.401,1.400,22.000,0.500
'[00:00:01.496 01/01/2011]',-57.601,-85.101,-43.001,0.600,22.900,0.500
'[00:00:01.497 01/01/2011]',-59.901,-91.101,-47.401,-0.600,23.600,0.500
'[00:00:01.498 01/01/2011]',-62.801,-96.001,-50.201,-2.200,24.000,0.500
'[00:00:01.499 01/01/2011]',-65.501,-99.902,-51.701,-4.000,24.100,0.500
'[00:00:01.500 01/01/2011]',-67.001,-103.102,-52.601,-6.000,23.800,0.500
'[00:00:01.501 01/01/2011]',-66.601,-106.202,-53.701,-8.100,23.400,0.500
'[00:00:01.502 01/01/2011]',-64.401,-109.402,-55.601,-10.400,22.600,0.500
'[00:00:01.503 01/01/2011]',-61.601,-112.302,-57.901,-12.700,21.600,0.500
'[00:00:01.504 01/01/2011]',-59.801,-114.502,-60.401,-14.600,20.500,0.500
'[00:00:01.505 01/01/2011]',-59.701,-115.702,-62.301,-16.100,19.300,0.500
'[00:00:01.506 01/01/2011]',-61.401,-116.002,-63.501,-17.100,18.100,0.500
'[00:00:01.507 01/01/2011]',-63.701,-115.702,-64.101,-17.800,16.800,0.500
'[00:00:01.508 01/01/2011]',-65.201,-115.202,-64.401,-18.700,15.200,0.500
'[00:00:01.509 01/01/2011]',-65.001,-114.502,-64.601,-20.200,13.000,0.500
'[00:00:01.510 01/01/2011]',-63.301,-113.702,-64.901,-22.500,9.900,0.500
'[00:00:01.511 01/01/2011]',-61.001,-112.302,-65.201,-25.500,5.600,0.500
'[00:00:01.512 01/01/2011]',-59.201,-110.202,-65.201,-29.000,0.200,0.500
'[00:00:01.513 01/01/2011]',-58.501,-107.402,-65.001,-32.801,-6.400,0.500
'[00:00:01.514 01/01/2011]',-58.501,-104.202,-64.801,-37.001,-14.300,0.500
'[00:00:01.515 01/01/2011]',-58.401,-100.602,-64.801,-41.801,-23.300,0.500
'[00:00:01.516 01/01/2011]',-57.101,-96.601,-65.101,-46.901,-32.901,0.500
'[00:00:01.517 01/01/2011]',-54.401,-92.301,-65.701,-52.101,-42.301,0.500
'[00:00:01.518 01/01/2011]',-51.201,-87.801,-66.101,-56.601,-50.701,0.500
'[00:00:01.519 01/01/2011]',-48.601,-83.701,-66.201,-59.601,-57.101,0.500
'[00:00:01.520 01/01/2011]',-47.701,-80.201,-66.001,-60.901,-61.001,0.500
'[00:00:01.521 01/01/2011]',-48.301,-77.501,-65.501,-60.401,-62.401,0.500
'[00:00:01.522 01/01/2011]',-48.801,-75.601,-65.001,-58.601,-61.801,0.500
'[00:00:01.523 01/01/2011]',-47.001,-73.901,-64.301,-56.201,-59.701,0.500
'[00:00:01.524 01/01/2011]',-41.401,-72.001,-63.101,-53.501,-56.701,0.500
'[00:00:01.525 01/01/2011]',-32.200,-69.801,-61.401,-50.801,-53.401,0.500
'[00:00:01.526 01/01/2011]',-21.300,-67.201,-58.901,-48.001,-50.101,0.500
'[00:00:01.527 01/01/2011]',-10.900,-64.701,-55.901,-45.201,-46.801,0.500
'[00:00:01.528 01/01/2011]',-2.400,-62.301,-52.501,-42.101,-43.601,0.500
'[00:00:01.529 01/01/2011]',4.600,-59.901,-48.701,-38.401,-40.001,0.500
'[00:00:01.530 01/01/2011]',12.300,-57.001,-44.601,-34.001,-35.601,0.500
'[00:00:01.531 01/01/2011]',23.500,-53.301,-39.901,-28.800,-30.300,0.500
'[00:00:01.532 01/01/2011]',39.601,-49.001,-35.101,-23.400,-24.200,0.500
'[00:00:01.533 01/01/2011]',59.601,-44.701,-30.800,-18.400,-18.000,0.500
'[00:00:01.534 01/01/2011]',80.901,-41.401,-28.000,-14.900,-12.900,0.500
'[00:00:01.535 01/01/2011]',99.402,-40.001,-27.200,-13.300,-9.800,0.500
'[00:00:01.536 01/01/2011]',111.502,-40.601,-28.500,-13.800,-9.100,0.500
'[00:00:01.537 01/01/2011]',115.402,-42.801,-31.100,-15.600,-10.500,0.500
'[00:00:01.538 01/01/2011]',110.902,-45.501,-34.001,-17.900,-12.900,0.500
'[00:00:01.539 01/01/2011]',99.202,-47.601,-36.401,-19.800,-15.700,0.500
'[00:00:01.540 01/01/2011]',82.501,-48.801,-38.101,-21.400,-18.400,0.500
'[00:00:01.541 01/01/2011]',62.601,-49.301,-39.601,-23.100,-21.200,0.500
'[00:00:01.542 01/01/2011]',40.901,-49.901,-41.401,-25.400,-24.800,0.500
'[00:00:01.543 01/01/2011]',17.700,-51.501,-43.901,-28.400,-29.700,0.500
'[00:00:01.544 01/01/2011]',-7.300,-54.501,-46.801,-31.600,-35.501,0.500
'[00:00:01.545 01/01/2011]',-34.001,-58.601,-49.301,-34.201,-41.501,0.500
'[00:00:01.546 01/01/2011]',-61.601,-62.601,-50.801,-35.601,-46.301,0.500
'[00:00:01.547 01/01/2011]',-88.601,-65.601,-51.101,-35.501,-48.901,0.500
'[00:00:01.548 01/01/2011]',-112.502,-66.801,-50.301,-34.201,-48.901,0.500
'[00:00:01.549 01/01/2011]',-131.202,-66.201,-49.001,-32.300,-46.801,0.500
'[00:00:01.550 01/01/2011]',-143.502,-64.101,-47.801,-30.200,-43.401,0.500
'[00:00:01.551 01/01/2011]',-149.102,-61.301,-46.801,-28.200,-39.801,0.500
'[00:00:01.552 01/01/2011]',-148.902,-58.701,-46.201,-26.400,-36.701,0.500
'[00:00:01.553 01/01/2011]',-144.502,-56.501,-45.601,-24.700,-34.101,0.500
'[00:00:01.554 01/01/2011]',-137.102,-55.001,-44.901,-23.100,-31.700,0.500
'[00:00:01.555 01/01/2011]',-127.902,-54.101,-43.701,-21.700,-29.400,0.500
'[00:00:01.556 01/01/2011]',-117.602,-53.701,-42.301,-20.600,-27.100,0.500
'[00:00:01.557 01/01/2011]',-106.602,-53.801,-40.701,-19.900,-25.000,0.500
'[00:00:01.558 01/01/2011]',-95.501,-54.201,-39.401,-19.300,-23.200,0.500
'[00:00:01.559 01/01/2011]',-85.001,-54.801,-38.301,-18.800,-21.800,0.500
'[00:00:01.560 01/01/2011]',-76.001,-55.501,-37.701,-18.200,-20.900,0.500
'[00:00:01.561 01/01/2011]',-68.901,-55.801,-37.301,-17.600,-20.300,0.500
'[00:00:01.562 01/01/2011]',-63.901,-55.601,-37.201,-17.200,-20.100,0.500
'[00:00:01.563 01/01/2011]',-60.501,-54.901,-37.301,-17.300,-20.500,0.500
'[00:00:01.564 01/01/2011]',-58.001,-53.901,-37.601,-17.800,-21.500,0.500
'[00:00:01.565 01/01/2011]',-55.701,-52.801,-38.001,-18.500,-22.700,0.500
'[00:00:01.566 01/01/2011]',-53.501,-51.801,-38.201,-19.100,-23.800,0.500
'[00:00:01.567 01/01/2011]',-51.501,-50.901,-38.101,-19.100,-24.100,0.500
'[00:00:01.568 01/01/2011]',-50.101,-49.901,-37.301,-18.300,-23.300,0.500
'[00:00:01.569 01/01/2011]',-49.301,-48.501,-36.001,-16.900,-21.700,0.500
'[00:00:01.570 01/01/2011]',-48.901,-46.501,-34.301,-15.400,-19.800,0.500
'[00:00:01.571 01/01/2011]',-48.701,-44.201,-32.801,-14.300,-18.300,0.500
'[00:00:01.572 01/01/2011]',-48.701,-42.101,-31.800,-14.100,-17.700,0.500
'[00:00:01.573 01/01/2011]',-49.401,-40.701,-31.600,-14.800,-18.000,0.500
'[00:00:01.574 01/01/2011]',-51.001,-40.601,-32.200,-16.100,-18.900,0.500
'[00:00:01.575 01/01/2011]',-53.101,-41.601,-33.001,-17.500,-20.000,0.500
'[00:00:01.576 01/01/2011]',-54.601,-43.401,-33.701,-18.500,-20.800,0.500
'[00:00:01.577 01/01/2011]',-54.401,-45.401,-34.101,-19.000,-21.500,0.500
'[00:00:01.578 01/01/2011]',-52.101,-47.201,-34.201,-18.900,-22.000,0.500
'[00:00:01.579 01/01/2011]',-48.901,-48.201,-34.101,-18.500,-22.500,0.500
'[00:00:01.580 01/01/2011]',-46.801,-48.601,-34.101,-18.200,-22.900,0.500
'[00:00:01.581 01/01/2011]',-47.601,-48.401,-34.201,-18.200,-23.300,0.500
'[00:00:01.582 01/01/2011]',-51.301,-48.001,-34.501,-18.500,-23.600,0.500
'[00:00:01.583 01/01/2011]',-56.301,-47.701,-35.001,-19.100,-23.900,0.500
'[00:00:01.584 01/01/2011]',-59.501,-47.701,-35.701,-19.800,-24.200,0.500
'[00:00:01.585 01/01/2011]',-59.001,-48.301,-36.801,-20.500,-24.600,0.500
'[00:00:01.586 01/01/2011]',-54.401,-49.301,-38.401,-21.000,-24.900,0.500
'[00:00:01.587 01/01/2011]',-47.901,-50.701,-40.301,-21.200,-24.900,0.500
'[00:00:01.588 01/01/2011]',-42.801,-52.201,-42.401,-21.100,-24.600,0.500
'[00:00:01.589 01/01/2011]',-41.501,-53.601,-44.201,-20.800,-24.100,0.500
'[00:00:01.590 01/01/2011]',-44.401,-54.801,-45.101,-20.500,-23.800,0.500
'[00:00:01.591 01/01/2011]',-50.001,-55.701,-45.101,-20.400,-24.000,0.500
'[00:00:01.592 01/01/2011]',-55.301,-56.701,-44.601,-20.600,-25.000,0.500
'[00:00:01.593 01/01/2011]',-58.101,-57.801,-44.201,-21.200,-26.600,0.500
'[00:00:01.594 01/01/2011]',-57.401,-59.201,-44.601,-21.800,-28.400,0.500
'[00:00:01.595 01/01/2011]',-54.001,-60.901,-46.301,-22.500,-29.800,0.500
'[00:00:01.596 01/01/2011]',-49.801,-62.701,-48.701,-23.200,-30.600,0.500
'[00:00:01.597 01/01/2011]',-46.601,-64.401,-51.201,-23.700,-30.700,0.500
'[00:00:01.598 01/01/2011]',-45.401,-65.501,-52.701,-24.200,-30.300,0.500
'[00:00:01.599 01/01/2011]',-46.301,-65.701,-52.901,-24.400,-29.600,0.500
'[00:00:01.600 01/01/2011]',-48.701,-65.101,-51.701,-24.200,-28.700,0.500
'[00:00:01.601 01/01/2011]',-51.501,-63.901,-49.901,-23.700,-27.400,0.500
'[00:00:01.602 01/01/2011]',-53.901,-62.501,-48.101,-22.700,-25.900,0.500
'[00:00:01.603 01/01/2011]',-54.901,-61.201,-46.601,-21.600,-24.000,0.500
'[00:00:01.604 01/01/2011]',-54.101,-60.201,-45.401,-20.500,-22.300,0.500
'[00:00:01.605 01/01/2011]',-51.801,-59.401,-44.301,-19.800,-21.000,0.500
'[00:00:01.606 01/01/2011]',-48.601,-58.401,-42.901,-19.600,-20.300,0.500
'[00:00:01.607 01/01/2011]',-45.701,-57.101,-41.301,-19.600,-20.000,0.500
'[00:00:01.608 01/01/2011]',-44.301,-55.601,-39.801,-19.500,-19.700,0.500
'[00:00:01.609 01/01/2011]',-44.601,-54.301,-38.501,-19.100,-19.200,0.500
'[00:00:01.610 01/01/2011]',-46.101,-53.801,-37.901,-18.500,-18.500,0.500
'[00:00:01.611 01/01/2011]',-47.601,-54.401,-37.901,-18.000,-18.200,0.500
'[00:00:01.612 01/01/2011]',-48.001,-56.001,-38.601,-18.100,-19.000,0.500
'[00:00:01.613 01/01/2011]',-47.201,-58.201,-39.901,-19.100,-21.000,0.500
'[00:00:01.614 01/01/2011]',-46.201,-60.501,-41.501,-20.900,-23.800,0.500
'[00:00:01.615 01/01/2011]',-46.101,-62.301,-43.301,-23.000,-26.400,0.500
'[00:00:01.616 01/01/2011]',-47.601,-63.401,-44.801,-24.700,-27.900,0.500
'[00:00:01.617 01/01/2011]',-50.301,-63.901,-45.501,-25.700,-27.800,0.500
'[00:00:01.618 01/01/2011]',-52.801,-64.201,-45.601,-25.800,-26.600,0.500
'[00:00:01.619 01/01/2011]',-53.701,-64.601,-45.101,-25.200,-25.200,0.500
'[00:00:01.620 01/01/2011]',-52.401,-65.301,-44.401,-24.300,-24.400,0.500
'[00:00:01.621 01/01/2011]',-49.801,-66.401,-43.901,-23.200,-24.200,0.500
'[00:00:01.622 01/01/2011]',-47.401,-67.501,-43.501,-21.900,-24.000,0.500
'[00:00:01.623 01/01/2011]',-46.401,-67.701,-42.701,-20.300,-23.000,0.500
'[00:00:01.624 01/01/2011]',-47.201,-66.801,-41.101,-18.500,-20.800,0.500
'[00:00:01.625 01/01/2011]',-48.801,-64.501,-38.501,-16.700,-17.500,0.500
'[00:00:01.626 01/01/2011]',-50.201,-61.201,-35.301,-15.300,-14.100,0.500
'[00:00:01.627 01/01/2011]',-50.501,-57.801,-32.400,-14.600,-11.500,0.500
'[00:00:01.628 01/01/2011]',-49.701,-55.301,-30.700,-14.700,-10.300,0.500
'[00:00:01.629 01/01/2011]',-48.701,-54.101,-30.800,-15.500,-10.400,0.500
'[00:00:01.630 01/01/2011]',-48.301,-54.201,-32.500,-16.700,-11.300,0.500
'[00:00:01.631 01/01/2011]',-48.801,-55.301,-35.101,-18.200,-12.600,0.500
'[00:00:01.632 01/01/2011]',-49.901,-56.901,-37.601,-19.700,-13.800,0.500
'[00:00:01.633 01/01/2011]',-50.601,-58.501,-39.401,-21.300,-14.900,0.500
'[00:00:01.634 01/01/2011]',-50.601,-60.101,-40.501,-22.600,-16.000,0.500
'[00:00:01.635 01/01/2011]',-50.001,-62.001,-41.101,-23.400,-16.900,0.500
'[00:00:01.636 01/01/2011]',-49.801,-64.301,-42.001,-23.400,-17.500,0.500
'[00:00:01.637 01/01/2011]',-50.701,-66.701,-43.201,-22.500,-17.700,0.500
'[00:00:01.638 01/01/2011]',-52.901,-68.701,-44.701,-20.900,-17.400,0.500
'[00:00:01.639 01/01/2011]',-55.601,-69.701,-45.901,-19.200,-16.900,0.500
'[00:00:01.640 01/01/2011]',-57.201,-69.301,-46.301,-17.800,-16.300,0.500
'[00:00:01.641 01/01/2011]',-56.701,-67.401,-45.801,-16.800,-15.800,0.500
'[00:00:01.642 01/01/2011]',-53.801,-64.601,-44.701,-16.200,-15.200,0.500
'[00:00:01.643 01/01/2011]',-49.801,-61.701,-43.601,-15.600,-14.300,0.500
'[00:00:01.644 01/01/2011]',-46.301,-59.601,-43.101,-14.800,-13.100,0.500
'[00:00:01.645 01/01/2011]',-44.701,-58.601,-43.301,-13.800,-11.500,0.500
'[00:00:01.646 01/01/2011]',-45.101,-58.801,-44.001,-12.900,-9.900,0.500
'[00:00:01.647 01/01/2011]',-46.701,-59.701,-44.701,-12.700,-8.700,0.500
'[00:00:01.648 01/01/2011]',-48.401,-60.701,-45.201,-13.200,-8.400,0.500
'[00:00:01.649 01/01/2011]',-49.401,-61.501,-45.401,-14.400,-8.800,0.500
'[00:00:01.650 01/01/2011]',-49.801,-62.101,-45.501,-15.700,-9.800,0.500
'[00:00:01.651 01/01/2011]',-50.001,-62.501,-45.801,-16.600,-10.800,0.500
'[00:00:01.652 01/01/2011]',-50.201,-63.201,-46.201,-16.600,-11.700,0.500
'[00:00:01.653 01/01/2011]',-49.801,-64.101,-46.401,-15.900,-12.200,0.500
'[00:00:01.654 01/01/2011]',-48.501,-65.001,-46.301,-15.000,-12.500,0.500
'[00:00:01.655 01/01/2011]',-46.101,-65.801,-45.901,-14.500,-13.100,0.500
'[00:00:01.656 01/01/2011]',-43.801,-66.301,-45.501,-14.900,-14.000,0.500
'[00:00:01.657 01/01/2011]',-42.801,-66.501,-45.501,-16.000,-15.100,0.500
'[00:00:01.658 01/01/2011]',-44.101,-66.601,-46.101,-17.500,-16.200,0.500
'[00:00:01.659 01/01/2011]',-47.101,-66.701,-47.301,-18.700,-16.900,0.500
'[00:00:01.660 01/01/2011]',-50.401,-66.801,-48.401,-19.100,-16.700,0.500
'[00:00:01.661 01/01/2011]',-52.201,-66.801,-48.901,-18.900,-15.800,0.500
'[00:00:01.662 01/01/2011]',-51.601,-66.601,-48.701,-18.100,-14.500,0.500
'[00:00:01.663 01/01/2011]',-49.301,-66.401,-48.001,-17.300,-13.200,0.500
'[00:00:01.664 01/01/2011]',-47.101,-66.301,-47.201,-16.700,-12.300,0.500
'[00:00:01.665 01/01/2011]',-46.401,-66.701,-47.001,-16.400,-12.100,0.500
'[00:00:01.666 01/01/2011]',-47.501,-67.601,-47.401,-16.300,-12.700,0.500
'[00:00:01.667 01/01/2011]',-49.401,-68.701,-48.101,-16.300,-13.800,0.500
'[00:00:01.668 01/01/2011]',-50.601,-69.801,-48.701,-16.600,-15.100,0.500
'[00:00:01.669 01/01/2011]',-50.201,-70.401,-49.001,-17.200,-16.100,0.500
'[00:00:01.670 01/01/2011]',-48.701,-70.601,-49.001,-17.900,-16.400,0.500
'[00:00:01.671 01/01/2011]',-47.101,-70.701,-49.001,-18.700,-16.200,0.500
'[00:00:01.672 01/01/2011]',-46.501,-70.901,-49.401,-19.200,-15.700,0.500
'[00:00:01.673 01/01/2011]',-47.201,-71.601,-50.301,-19.300,-15.100,0.500
'[00:00:01.674 01/01/2011]',-48.501,-72.701,-51.401,-19.200,-14.800,0.500
'[00:00:01.675 01/01/2011]',-49.501,-73.801,-52.201,-18.900,-14.700,0.500
'[00:00:01.676 01/01/2011]',-49.501,-74.501,-52.201,-18.500,-14.500,0.500
'[00:00:01.677 01/01/2011]',-48.701,-74.701,-51.201,-18.100,-13.900,0.500
'[00:00:01.678 01/01/2011]',-47.601,-74.401,-49.401,-17.500,-12.900,0.500
'[00:00:01.679 01/01/2011]',-46.801,-73.801,-47.501,-16.800,-11.900,0.500
'[00:00:01.680 01/01/2011]',-46.201,-73.001,-46.101,-15.900,-11.100,0.500
'[00:00:01.681 01/01/2011]',-45.601,-72.401,-45.601,-15.200,-10.900,0.500
'[00:00:01.682 01/01/2011]',-44.501,-71.901,-45.801,-14.800,-10.900,0.500
'[00:00:01.683 01/01/2011]',-43.301,-71.601,-46.101,-14.700,-10.900,0.500
'[00:00:01.684 01/01/2011]',-42.601,-71.601,-46.001,-14.800,-10.500,0.500
'[00:00:01.685 01/01/2011]',-42.901,-71.701,-45.201,-15.000,-9.900,0.500
'[00:00:01.686 01/01/2011]',-44.401,-71.901,-44.201,-15.200,-9.300,0.500
'[00:00:01.687 01/01/2011]',-46.401,-72.201,-43.501,-15.400,-9.200,0.500
'[00:00:01.688 01/01/2011]',-47.901,-72.501,-43.601,-15.500,-9.500,0.500
'[00:00:01.689 01/01/2011]',-48.201,-72.801,-44.501,-15.300,-10.000,0.500
'[00:00:01.690 01/01/2011]',-47.201,-73.301,-45.701,-14.900,-10.000,0.500
'[00:00:01.691 01/01/2011]',-45.901,-73.901,-46.601,-14.200,-9.400,0.500
'[00:00:01.692 01/01/2011]',-45.101,-74.701,-47.001,-13.600,-8.400,0.500
'[00:00:01.693 01/01/2011]',-45.401,-75.601,-47.101,-13.400,-7.800,0.500
'[00:00:01.694 01/01/2011]',-46.501,-76.301,-47.201,-13.800,-7.900,0.500
'[00:00:01.695 01/01/2011]',-47.401,-76.801,-47.601,-14.800,-8.700,0.500
'[00:00:01.696 01/01/2011]',-47.201,-77.101,-48.201,-15.800,-9.600,0.500
'[00:00:01.697 01/01/2011]',-46.101,-77.001,-48.401,-16.300,-9.900,0.500
'[00:00:01.698 01/01/2011]',-44.701,-76.701,-48.001,-15.800,-9.200,0.500
'[00:00:01.699 01/01/2011]',-44.101,-76.201,-46.801,-14.500,-8.000,0.500
'[00:00:01.700 01/01/2011]',-45.001,-75.701,-45.301,-13.000,-6.900,0.500
'[00:00:01.701 01/01/2011]',-47.001,-75.501,-44.201,-11.900,-6.500,0.500
'[00:00:01.702 01/01/2011]',-49.001,-76.101,-44.001,-11.700,-6.900,0.500
'[00:00:01.703 01/01/2011]',-49.901,-77.501,-44.601,-12.200,-7.800,0.500
'[00:00:01.704 01/01/2011]',-49.501,-79.401,-45.701,-13.300,-8.600,0.500
'[00:00:01.705 01/01/2011]',-48.101,-81.201,-46.601,-14.500,-8.900,0.500
'[00:00:01.706 01/01/2011]',-46.701,-82.101,-47.001,-15.400,-8.800,0.500
'[00:00:01.707 01/01/2011]',-46.001,-81.601,-46.601,-15.900,-8.700,0.500
'[00:00:01.708 01/01/2011]',-46.001,-79.901,-45.801,-16.000,-8.500,0.500
'[00:00:01.709 01/01/2011]',-46.401,-77.801,-44.701,-15.600,-8.200,0.500
'[00:00:01.710 01/01/2011]',-46.401,-76.001,-43.501,-14.500,-7.200,0.500
'[00:00:01.711 01/01/2011]',-46.001,-75.101,-42.201,-13.000,-5.500,0.500
'[00:00:01.712 01/01/2011]',-45.401,-74.901,-40.901,-11.000,-3.400,0.500
'[00:00:01.713 01/01/2011]',-45.301,-75.101,-39.601,-9.400,-1.600,0.500
'[00:00:01.714 01/01/2011]',-45.901,-75.101,-38.501,-8.500,-0.700,0.500
'[00:00:01.715 01/01/2011]',-47.201,-75.001,-37.901,-8.900,-1.000,0.500
'[00:00:01.716 01/01/2011]',-48.601,-75.201,-38.101,-10.500,-2.300,0.500
'[00:00:01.717 01/01/2011]',-49.701,-76.201,-39.201,-12.800,-4.100,0.500
'[00:00:01.718 01/01/2011]',-50.101,-78.201,-41.201,-15.100,-5.800,0.500
'[00:00:01.719 01/01/2011]',-49.901,-81.101,-44.001,-16.600,-7.300,0.500
'[00:00:01.720 01/01/2011]',-49.301,-84.201,-47.101,-17.100,-8.400,0.500
'[00:00:01.721 01/01/2011]',-48.701,-86.801,-49.701,-17.000,-9.500,0.500
'[00:00:01.722 01/01/2011]',-48.201,-88.701,-51.101,-16.700,-10.800,0.500
'[00:00:01.723 01/01/2011]',-48.201,-89.901,-51.501,-16.900,-12.200,0.500
'[00:00:01.724 01/01/2011]',-48.601,-90.901,-51.401,-17.600,-13.900,0.500
'[00:00:01.725 01/01/2011]',-49.201,-91.901,-52.101,-18.600,-15.500,0.500
'[00:00:01.726 01/01/2011]',-49.501,-93.101,-54.401,-19.400,-17.000,0.500
'[00:00:01.727 01/01/2011]',-49.201,-94.101,-57.801,-20.000,-18.000,0.500
'[00:00:01.728 01/01/2011]',-48.001,-94.701,-60.201,-20.700,-18.200,0.500
'[00:00:01.729 01/01/2011]',-46.501,-95.001,-58.601,-22.100,-17.600,0.500
'[00:00:01.730 01/01/2011]',-45.601,-94.901,-50.501,-24.800,-16.500,0.500
'[00:00:01.731 01/01/2011]',-46.401,-94.801,-35.101,-28.800,-15.600,0.500
'[00:00:01.732 01/01/2011]',-48.901,-94.901,-14.500,-33.401,-15.300,0.500
'[00:00:01.733 01/01/2011]',-52.601,-95.101,7.600,-37.501,-15.900,0.500
'[00:00:01.734 01/01/2011]',-55.801,-95.401,27.600,-40.101,-17.100,0.500
'[00:00:01.735 01/01/2011]',-57.501,-95.401,43.301,-40.501,-18.200,0.500
'[00:00:01.736 01/01/2011]',-57.201,-94.901,54.501,-39.001,-18.600,0.500
'[00:00:01.737 01/01/2011]',-55.901,-94.001,62.801,-36.301,-17.900,0.500
'[00:00:01.738 01/01/2011]',-55.101,-92.601,69.901,-33.501,-16.400,0.500
'[00:00:01.739 01/01/2011]',-55.701,-91.001,76.801,-31.300,-14.600,0.500
'[00:00:01.740 01/01/2011]',-57.401,-89.301,83.401,-29.900,-13.100,0.500
'[00:00:01.741 01/01/2011]',-58.801,-87.501,88.801,-29.300,-12.200,0.500
'[00:00:01.742 01/01/2011]',-58.401,-85.801,92.601,-28.900,-11.700,0.500
'[00:00:01.743 01/01/2011]',-55.801,-84.201,94.901,-28.600,-11.300,0.500
'[00:00:01.744 01/01/2011]',-52.101,-83.001,96.601,-28.400,-10.700,0.500
'[00:00:01.745 01/01/2011]',-49.201,-82.101,98.301,-28.200,-9.800,0.500
'[00:00:01.746 01/01/2011]',-48.601,-81.501,100.302,-28.400,-8.700,0.500
'[00:00:01.747 01/01/2011]',-50.501,-81.001,102.102,-28.800,-7.800,0.500
'[00:00:01.748 01/01/2011]',-53.501,-80.501,103.202,-29.300,-7.300,0.500
'[00:00:01.749 01/01/2011]',-56.301,-79.801,103.402,-29.700,-7.400,0.500
'[00:00:01.750 01/01/2011]',-58.001,-79.101,102.702,-29.800,-8.200,0.500
'[00:00:01.751 01/01/2011]',-58.801,-78.601,101.902,-29.800,-9.500,0.500
'[00:00:01.752 01/01/2011]',-59.601,-78.501,101.502,-29.900,-11.100,0.500
'[00:00:01.753 01/01/2011]',-60.901,-79.001,101.802,-30.300,-12.500,0.500
'[00:00:01.754 01/01/2011]',-62.301,-79.801,102.602,-31.000,-13.600,0.500
'[00:00:01.755 01/01/2011]',-63.101,-80.601,103.402,-31.600,-14.100,0.500
'[00:00:01.756 01/01/2011]',-62.301,-81.101,103.802,-31.800,-14.200,0.500
'[00:00:01.757 01/01/2011]',-60.301,-80.801,103.902,-31.500,-14.100,0.500
'[00:00:01.758 01/01/2011]',-57.801,-79.801,103.802,-30.800,-14.300,0.500
'[00:00:01.759 01/01/2011]',-56.001,-78.401,103.902,-30.200,-14.700,0.500
'[00:00:01.760 01/01/2011]',-55.101,-76.901,104.502,-29.800,-15.200,0.500
'[00:00:01.761 01/01/2011]',-54.601,-75.801,105.402,-29.600,-15.700,0.500
'[00:00:01.762 01/01/2011]',-53.701,-75.201,106.202,-29.500,-16.000,0.500
'[00:00:01.763 01/01/2011]',-52.201,-74.801,106.502,-29.200,-16.100,0.500
'[00:00:01.764 01/01/2011]',-50.601,-74.601,106.602,-29.200,-16.500,0.500
'[00:00:01.765 01/01/2011]',-49.601,-74.501,106.802,-29.700,-17.600,0.500
'[00:00:01.766 01/01/2011]',-49.901,-74.701,107.502,-31.300,-19.200,0.500
'[00:00:01.767 01/01/2011]',-51.201,-75.601,108.502,-33.601,-21.200,0.500
'[00:00:01.768 01/01/2011]',-52.801,-77.301,108.502,-35.601,-23.000,0.500
'[00:00:01.769 01/01/2011]',-53.901,-79.301,105.802,-35.701,-24.100,0.500
'[00:00:01.770 01/01/2011]',-54.301,-81.101,98.502,-32.901,-24.200,0.500
'[00:00:01.771 01/01/2011]',-54.301,-82.101,85.601,-27.500,-23.600,0.500
'[00:00:01.772 01/01/2011]',-54.201,-82.001,67.901,-20.700,-22.600,0.500
'[00:00:01.773 01/01/2011]',-54.401,-81.201,47.701,-14.500,-21.700,0.500
'[00:00:01.774 01/01/2011]',-54.401,-79.901,27.900,-10.500,-21.200,0.500
'[00:00:01.775 01/01/2011]',-54.001,-78.801,11.400,-9.100,-21.200,0.500
'[00:00:01.776 01/01/2011]',-53.101,-77.901,-0.600,-9.500,-21.400,0.500
'[00:00:01.777 01/01/2011]',-52.101,-76.901,-8.200,-10.400,-21.600,0.500
'[00:00:01.778 01/01/2011]',-51.401,-75.801,-13.000,-10.800,-21.900,0.500
'[00:00:01.779 01/01/2011]',-51.301,-74.501,-16.600,-10.600,-22.100,0.500
'[00:00:01.780 01/01/2011]',-51.901,-73.201,-20.300,-10.200,-22.300,0.500
'[00:00:01.781 01/01/2011]',-52.601,-72.601,-24.600,-10.400,-22.800,0.500
'[00:00:01.782 01/01/2011]',-53.001,-72.701,-29.000,-11.400,-23.300,0.500
'[00:00:01.783 01/01/2011]',-52.901,-73.401,-32.901,-12.900,-24.000,0.500
'[00:00:01.784 01/01/2011]',-52.501,-74.401,-36.001,-14.000,-24.700,0.500
'[00:00:01.785 01/01/2011]',-51.801,-75.101,-38.101,-14.400,-25.200,0.500
'[00:00:01.786 01/01/2011]',-51.101,-75.001,-39.601,-14.000,-25.500,0.500
'[00:00:01.787 01/01/2011]',-50.401,-74.201,-40.801,-13.200,-25.500,0.500
'[00:00:01.788 01/01/2011]',-49.601,-73.101,-42.001,-12.500,-25.300,0.500
'[00:00:01.789 01/01/2011]',-48.901,-71.901,-43.001,-12.200,-24.800,0.500
'[00:00:01.790 01/01/2011]',-48.501,-71.001,-43.601,-12.100,-24.200,0.500
'[00:00:01.791 01/01/2011]',-48.701,-70.501,-43.601,-11.900,-23.700,0.500
'[00:00:01.792 01/01/2011]',-49.801,-70.101,-42.901,-11.600,-23.300,0.500
'[00:00:01.793 01/01/2011]',-51.501,-69.501,-41.801,-11.200,-23.100,0.500
'[00:00:01.794 01/01/2011]',-53.201,-68.301,-40.801,-11.300,-23.100,0.500
'[00:00:01.795 01/01/2011]',-54.001,-66.401,-40.301,-12.100,-23.300,0.500
'[00:00:01.796 01/01/2011]',-53.401,-64.101,-40.501,-13.600,-23.600,0.500
'[00:00:01.797 01/01/2011]',-51.601,-62.301,-41.601,-15.400,-23.900,0.500
'[00:00:01.798 01/01/2011]',-49.401,-61.601,-43.301,-17.000,-24.200,0.500
'[00:00:01.799 01/01/2011]',-47.801,-62.601,-45.101,-17.800,-24.300,0.500
'[00:00:01.800 01/01/2011]',-47.501,-65.101,-46.801,-17.500,-24.400,0.500
'[00:00:01.801 01/01/2011]',-48.001,-68.401,-47.901,-16.500,-24.500,0.500
'[00:00:01.802 01/01/2011]',-48.701,-71.401,-48.601,-15.200,-24.700,0.500
'[00:00:01.803 01/01/2011]',-48.601,-73.201,-48.701,-14.200,-24.800,0.500
'[00:00:01.804 01/01/2011]',-47.701,-73.501,-48.601,-13.600,-25.000,0.500
'[00:00:01.805 01/01/2011]',-46.701,-72.301,-48.401,-13.500,-25.000,0.500
'[00:00:01.806 01/01/2011]',-46.401,-70.401,-48.001,-13.400,-24.800,0.500
'[00:00:01.807 01/01/2011]',-47.201,-68.301,-47.501,-13.100,-24.600,0.500
'[00:00:01.808 01/01/2011]',-48.701,-66.601,-46.901,-12.400,-24.400,0.500
'[00:00:01.809 01/01/2011]',-49.901,-65.401,-46.301,-11.600,-24.400,0.500
'[00:00:01.810 01/01/2011]',-50.301,-64.601,-45.901,-10.700,-24.400,0.500
'[00:00:01.811 01/01/2011]',-50.001,-64.101,-45.801,-10.300,-24.400,0.500
'[00:00:01.812 01/01/2011]',-50.101,-64.001,-45.901,-10.400,-24.100,0.500
'[00:00:01.813 01/01/2011]',-51.101,-64.101,-46.001,-11.200,-23.600,0.500
'[00:00:01.814 01/01/2011]',-52.701,-64.501,-45.901,-12.300,-22.900,0.500
'[00:00:01.815 01/01/2011]',-53.801,-64.801,-45.601,-13.400,-22.500,0.500
'[00:00:01.816 01/01/2011]',-53.301,-65.101,-45.201,-14.200,-22.500,0.500
'[00:00:01.817 01/01/2011]',-50.701,-65.201,-45.201,-14.400,-23.000,0.500
'[00:00:01.818 01/01/2011]',-46.801,-65.301,-45.701,-14.100,-23.900,0.500
'[00:00:01.819 01/01/2011]',-43.001,-65.601,-46.901,-13.600,-25.000,0.500
'[00:00:01.820 01/01/2011]',-40.201,-66.501,-48.401,-13.500,-26.000,0.500
'[00:00:01.821 01/01/2011]',-38.801,-67.701,-49.901,-13.900,-26.900,0.500
'[00:00:01.822 01/01/2011]',-38.101,-68.901,-51.101,-15.100,-27.600,0.500
'[00:00:01.823 01/01/2011]',-37.301,-69.601,-51.801,-16.400,-28.000,0.500
'[00:00:01.824 01/01/2011]',-36.101,-69.601,-52.101,-17.300,-27.900,0.500
'[00:00:01.825 01/01/2011]',-34.401,-68.801,-51.901,-17.200,-27.300,0.500
'[00:00:01.826 01/01/2011]',-32.801,-67.801,-51.501,-16.100,-26.200,0.500
'[00:00:01.827 01/01/2011]',-31.300,-67.001,-50.901,-14.500,-24.900,0.500
'[00:00:01.828 01/01/2011]',-30.300,-66.701,-50.201,-13.200,-24.000,0.500
'[00:00:01.829 01/01/2011]',-29.800,-67.001,-49.501,-12.600,-23.600,0.500
'[00:00:01.830 01/01/2011]',-30.100,-67.601,-49.001,-12.900,-23.900,0.500
'[00:00:01.831 01/01/2011]',-31.200,-68.001,-48.801,-13.800,-24.500,0.500
'[00:00:01.832 01/01/2011]',-32.700,-68.001,-48.901,-14.700,-25.000,0.500
'[00:00:01.833 01/01/2011]',-33.501,-67.801,-49.201,-15.300,-25.000,0.500
'[00:00:01.834 01/01/2011]',-32.801,-67.501,-49.701,-15.400,-24.700,0.500
'[00:00:01.835 01/01/2011]',-29.900,-67.401,-50.401,-15.300,-24.400,0.500
'[00:00:01.836 01/01/2011]',-25.700,-67.601,-51.201,-15.200,-24.500,0.500
'[00:00:01.837 01/01/2011]',-21.400,-68.101,-52.001,-15.300,-25.200,0.500
'[00:00:01.838 01/01/2011]',-18.600,-68.601,-52.701,-15.300,-26.300,0.500
'[00:00:01.839 01/01/2011]',-18.300,-69.001,-53.001,-15.200,-27.200,0.500
'[00:00:01.840 01/01/2011]',-20.500,-69.001,-52.801,-14.900,-27.500,0.500
'[00:00:01.841 01/01/2011]',-24.300,-68.701,-52.201,-14.400,-27.300,0.500
'[00:00:01.842 01/01/2011]',-28.300,-68.301,-51.301,-14.000,-26.800,0.500
'[00:00:01.843 01/01/2011]',-31.200,-67.901,-50.601,-13.900,-26.600,0.500
'[00:00:01.844 01/01/2011]',-32.200,-67.601,-50.401,-14.300,-26.800,0.500
'[00:00:01.845 01/01/2011]',-30.900,-67.501,-50.601,-14.800,-27.400,0.500
'[00:00:01.846 01/01/2011]',-28.100,-67.701,-50.901,-15.400,-27.800,0.500
'[00:00:01.847 01/01/2011]',-25.000,-67.901,-51.101,-15.900,-27.700,0.500
'[00:00:01.848 01/01/2011]',-23.200,-68.301,-51.001,-16.200,-27.100,0.500
'[00:00:01.849 01/01/2011]',-23.600,-68.601,-50.901,-16.300,-26.300,0.500
'[00:00:01.850 01/01/2011]',-25.900,-68.801,-51.001,-16.100,-25.600,0.500
'[00:00:01.851 01/01/2011]',-29.000,-68.901,-51.301,-15.800,-25.300,0.500
'[00:00:01.852 01/01/2011]',-30.900,-69.001,-51.601,-15.400,-25.400,0.500
'[00:00:01.853 01/01/2011]',-30.900,-68.901,-51.501,-15.000,-25.400,0.500
'[00:00:01.854 01/01/2011]',-29.100,-68.701,-50.701,-14.900,-25.200,0.500
'[00:00:01.855 01/01/2011]',-27.400,-68.701,-49.301,-15.300,-24.800,0.500
'[00:00:01.856 01/01/2011]',-27.300,-68.901,-47.901,-16.000,-24.400,0.500
'[00:00:01.857 01/01/2011]',-29.700,-69.301,-47.101,-17.100,-24.500,0.500
'[00:00:01.858 01/01/2011]',-33.601,-70.001,-47.201,-18.200,-25.300,0.500
'[00:00:01.859 01/01/2011]',-37.301,-70.801,-48.101,-18.800,-26.500,0.500
'[00:00:01.860 01/01/2011]',-39.301,-71.501,-49.201,-18.900,-27.600,0.500
'[00:00:01.861 01/01/2011]',-39.201,-71.901,-49.801,-18.200,-28.100,0.500
'[00:00:01.862 01/01/2011]',-37.801,-71.801,-49.901,-17.100,-27.700,0.500
'[00:00:01.863 01/01/2011]',-36.601,-71.201,-49.701,-15.700,-27.000,0.500
'[00:00:01.864 01/01/2011]',-36.601,-70.201,-49.701,-14.500,-26.400,0.500
'[00:00:01.865 01/01/2011]',-38.101,-69.101,-50.201,-13.800,-26.700,0.500
'[00:00:01.866 01/01/2011]',-40.201,-68.401,-51.501,-13.900,-27.800,0.500
'[00:00:01.867 01/01/2011]',-42.001,-68.501,-53.101,-14.800,-29.300,0.500
'[00:00:01.868 01/01/2011]',-42.701,-69.301,-54.501,-16.200,-30.400,0.500
'[00:00:01.869 01/01/2011]',-42.301,-70.701,-55.201,-17.500,-30.500,0.500
'[00:00:01.870 01/01/2011]',-41.201,-71.901,-55.101,-18.500,-29.500,0.500
'[00:00:01.871 01/01/2011]',-40.101,-72.201,-54.201,-18.900,-27.900,0.500
'[00:00:01.872 01/01/2011]',-39.401,-71.301,-53.101,-18.800,-26.400,0.500
'[00:00:01.873 01/01/2011]',-39.401,-69.101,-52.301,-18.200,-25.700,0.500
'[00:00:01.874 01/01/2011]',-40.301,-66.301,-52.001,-17.300,-25.700,0.500
'[00:00:01.875 01/01/2011]',-42.001,-63.801,-52.101,-16.100,-25.900,0.500
'[00:00:01.876 01/01/2011]',-44.301,-62.201,-52.401,-14.500,-25.700,0.500
'[00:00:01.877 01/01/2011]',-47.001,-61.301,-52.301,-12.500,-24.600,0.500
'[00:00:01.878 01/01/2011]',-49.401,-60.901,-51.201,-10.100,-22.700,0.500
'[00:00:01.879 01/01/2011]',-51.001,-60.201,-49.301,-7.700,-20.400,0.500
'[00:00:01.880 01/01/2011]',-51.301,-58.901,-46.801,-5.700,-18.200,0.500
'[00:00:01.881 01/01/2011]',-50.501,-57.001,-44.401,-4.600,-16.700,0.500
'[00:00:01.882 01/01/2011]',-48.801,-55.301,-42.601,-4.200,-16.100,0.500
'[00:00:01.883 01/01/2011]',-46.801,-54.401,-41.801,-4.700,-16.400,0.500
'[00:00:01.884 01/01/2011]',-45.101,-54.701,-41.901,-6.000,-17.500,0.500
'[00:00:01.885 01/01/2011]',-44.101,-56.301,-43.001,-7.700,-19.200,0.500
'[00:00:01.886 01/01/2011]',-44.401,-58.501,-44.901,-9.800,-21.400,0.500
'[00:00:01.887 01/01/2011]',-45.801,-60.801,-47.301,-12.000,-23.800,0.500
'[00:00:01.888 01/01/2011]',-48.101,-62.801,-49.901,-13.900,-25.900,0.500
'[00:00:01.889 01/01/2011]',-50.901,-64.101,-52.201,-15.100,-27.200,0.500
'[00:00:01.890 01/01/2011]',-53.001,-64.901,-53.601,-15.600,-27.600,0.500
'[00:00:01.891 01/01/2011]',-53.801,-65.501,-53.701,-15.300,-27.200,0.500
'[00:00:01.892 01/01/2011]',-52.901,-66.101,-52.801,-15.000,-26.600,0.500
'[00:00:01.893 01/01/2011]',-50.601,-67.201,-51.701,-15.100,-26.400,0.500
'[00:00:01.894 01/01/2011]',-48.001,-68.901,-51.101,-15.800,-26.900,0.500
'[00:00:01.895 01/01/2011]',-46.301,-71.201,-51.801,-17.100,-27.700,0.500
'[00:00:01.896 01/01/2011]',-46.201,-74.001,-53.501,-18.200,-28.300,0.500
'[00:00:01.897 01/01/2011]',-47.401,-76.801,-55.701,-18.500,-28.100,0.500
'[00:00:01.898 01/01/2011]',-48.901,-79.301,-57.401,-17.800,-27.100,0.500
'[00:00:01.899 01/01/2011]',-49.601,-81.001,-58.101,-16.300,-25.700,0.500
'[00:00:01.900 01/01/2011]',-49.001,-82.001,-57.801,-14.900,-24.700,0.500
'[00:00:01.901 01/01/2011]',-47.401,-82.401,-56.901,-14.300,-24.700,0.500
'[00:00:01.902 01/01/2011]',-45.601,-82.601,-56.001,-14.800,-25.800,0.500
'[00:00:01.903 01/01/2011]',-44.701,-82.901,-55.601,-16.000,-27.500,0.500
'[00:00:01.904 01/01/2011]',-44.701,-83.401,-55.601,-17.200,-28.800,0.500
'[00:00:01.905 01/01/2011]',-45.301,-84.201,-55.701,-17.600,-29.200,0.500
'[00:00:01.906 01/01/2011]',-45.701,-85.001,-55.601,-17.100,-28.700,0.500
'[00:00:01.907 01/01/2011]',-45.301,-85.501,-55.001,-16.000,-27.800,0.500
'[00:00:01.908 01/01/2011]',-44.401,-85.501,-54.001,-14.900,-27.200,0.500
'[00:00:01.909 01/01/2011]',-43.901,-85.001,-53.001,-14.300,-27.300,0.500
'[00:00:01.910 01/01/2011]',-44.201,-83.901,-52.301,-14.200,-28.000,0.500
'[00:00:01.911 01/01/2011]',-45.601,-82.401,-52.201,-14.500,-28.700,0.500
'[00:00:01.912 01/01/2011]',-47.101,-80.601,-52.901,-14.600,-29.000,0.500
'[00:00:01.913 01/01/2011]',-47.901,-79.001,-54.101,-14.400,-28.500,0.500
'[00:00:01.914 01/01/2011]',-47.401,-77.701,-55.301,-13.800,-27.500,0.500
'[00:00:01.915 01/01/2011]',-45.801,-77.001,-56.301,-13.200,-26.500,0.500
'[00:00:01.916 01/01/2011]',-44.301,-76.801,-56.601,-12.900,-26.200,0.500
'[00:00:01.917 01/01/2011]',-44.001,-76.701,-56.401,-13.200,-26.700,0.500
'[00:00:01.918 01/01/2011]',-45.201,-76.601,-55.901,-14.000,-27.700,0.500
'[00:00:01.919 01/01/2011]',-47.301,-76.101,-55.401,-15.000,-28.800,0.500
'[00:00:01.920 01/01/2011]',-48.801,-75.101,-54.901,-15.700,-29.300,0.500
'[00:00:01.921 01/01/2011]',-48.201,-73.901,-54.401,-15.600,-28.900,0.500
'[00:00:01.922 01/01/2011]',-45.301,-72.801,-53.801,-14.800,-28.100,0.500
'[00:00:01.923 01/01/2011]',-40.801,-72.001,-53.201,-13.600,-27.200,0.500
'[00:00:01.924 01/01/2011]',-36.601,-71.801,-52.801,-12.800,-27.000,0.500
'[00:00:01.925 01/01/2011]',-34.301,-72.201,-52.701,-12.700,-27.600,0.500
'[00:00:01.926 01/01/2011]',-34.301,-72.801,-53.101,-13.500,-28.900,0.500
'[00:00:01.927 01/01/2011]',-35.901,-73.301,-53.601,-14.800,-30.300,0.500
'[00:00:01.928 01/01/2011]',-37.601,-73.501,-54.201,-16.000,-31.500,0.500
'[00:00:01.929 01/01/2011]',-38.201,-73.401,-54.401,-16.500,-32.100,0.500
'[00:00:01.930 01/01/2011]',-37.401,-73.201,-54.501,-16.500,-32.600,0.500
'[00:00:01.931 01/01/2011]',-36.101,-73.201,-54.701,-16.100,-33.001,0.500
'[00:00:01.932 01/01/2011]',-35.401,-73.401,-55.101,-16.000,-33.501,0.500
'[00:00:01.933 01/01/2011]',-36.101,-73.901,-55.801,-16.300,-33.701,0.500
'[00:00:01.934 01/01/2011]',-38.101,-74.301,-56.401,-16.800,-33.201,0.500
'[00:00:01.935 01/01/2011]',-40.701,-74.201,-56.501,-17.100,-32.200,0.500
'[00:00:01.936 01/01/2011]',-43.101,-73.901,-56.201,-16.800,-31.000,0.500
'[00:00:01.937 01/01/2011]',-44.601,-73.701,-55.901,-16.300,-30.200,0.500
'[00:00:01.938 01/01/2011]',-45.001,-74.201,-56.201,-15.900,-30.400,0.500
'[00:00:01.939 01/01/2011]',-44.201,-75.801,-57.401,-15.900,-31.500,0.500
'[00:00:01.940 01/01/2011]',-42.701,-78.201,-59.301,-16.300,-32.801,0.500
'[00:00:01.941 01/01/2011]',-41.001,-80.601,-61.001,-16.400,-33.301,0.500
'[00:00:01.942 01/01/2011]',-40.201,-81.901,-61.501,-15.700,-32.600,0.500
'[00:00:01.943 01/01/2011]',-40.801,-81.301,-60.101,-13.800,-30.600,0.500
'[00:00:01.944 01/01/2011]',-43.101,-78.801,-56.901,-11.300,-28.200,0.500
'[00:00:01.945 01/01/2011]',-45.901,-75.301,-52.901,-9.000,-26.100,0.500
'[00:00:01.946 01/01/2011]',-47.501,-72.001,-49.401,-7.700,-24.700,0.500
'[00:00:01.947 01/01/2011]',-46.101,-70.001,-47.201,-7.500,-24.000,0.500
'[00:00:01.948 01/01/2011]',-41.701,-69.701,-46.701,-8.000,-23.700,0.500
'[00:00:01.949 01/01/2011]',-35.801,-70.401,-47.301,-8.700,-23.300,0.500
'[00:00:01.950 01/01/2011]',-30.900,-71.401,-48.401,-9.100,-23.000,0.500
'[00:00:01.951 01/01/2011]',-28.900,-71.901,-49.301,-8.900,-22.600,0.500
'[00:00:01.952 01/01/2011]',-29.800,-71.401,-49.901,-8.600,-22.300,0.500
'[00:00:01.953 01/01/2011]',-31.900,-70.101,-50.301,-8.300,-22.200,0.500
'[00:00:01.954 01/01/2011]',-32.801,-68.501,-50.701,-8.300,-22.100,0.500
'[00:00:01.955 01/01/2011]',-31.500,-67.201,-51.301,-8.600,-22.100,0.500
'[00:00:01.956 01/01/2011]',-29.300,-66.601,-52.001,-9.200,-22.300,0.500
'[00:00:01.957 01/01/2011]',-28.300,-67.101,-52.901,-10.100,-22.800,0.500
'[00:00:01.958 01/01/2011]',-30.400,-68.701,-54.101,-11.500,-23.700,0.500
'[00:00:01.959 01/01/2011]',-35.101,-71.201,-55.601,-13.400,-25.000,0.500
'[00:00:01.960 01/01/2011]',-40.201,-74.101,-57.301,-15.500,-26.500,0.500
'[00:00:01.961 01/01/2011]',-43.101,-76.801,-59.001,-17.400,-28.000,0.500
'[00:00:01.962 01/01/2011]',-42.601,-78.501,-60.301,-18.800,-29.300,0.500
'[00:00:01.963 01/01/2011]',-39.501,-79.001,-60.901,-19.200,-30.500,0.500
'[00:00:01.964 01/01/2011]',-35.901,-78.401,-60.801,-18.800,-31.200,0.500
'[00:00:01.965 01/01/2011]',-33.701,-77.101,-60.101,-17.700,-31.100,0.500
'[00:00:01.966 01/01/2011]',-32.700,-75.701,-59.101,-16.000,-30.000,0.500
'[00:00:01.967 01/01/2011]',-31.100,-74.501,-58.201,-14.100,-27.900,0.500
'[00:00:01.968 01/01/2011]',-27.000,-73.501,-57.401,-12.200,-25.400,0.500
'[00:00:01.969 01/01/2011]',-19.500,-72.701,-57.001,-10.700,-23.200,0.500
'[00:00:01.970 01/01/2011]',-10.000,-72.001,-57.001,-9.800,-22.000,0.500
'[00:00:01.971 01/01/2011]',-0.500,-71.401,-57.101,-9.600,-21.600,0.500
'[00:00:01.972 01/01/2011]',7.500,-70.601,-56.901,-9.200,-21.300,0.500
'[00:00:01.973 01/01/2011]',14.900,-69.501,-55.701,-7.800,-19.700,0.500
'[00:00:01.974 01/01/2011]',24.000,-67.701,-52.801,-4.700,-15.800,0.500
'[00:00:01.975 01/01/2011]',38.001,-64.901,-48.301,-0.100,-9.800,0.500
'[00:00:01.976 01/01/2011]',57.701,-61.601,-42.901,5.100,-2.900,0.500
'[00:00:01.977 01/01/2011]',81.401,-58.501,-38.101,9.300,3.100,0.500
'[00:00:01.978 01/01/2011]',104.502,-56.301,-35.201,11.300,6.600,0.500
'[00:00:01.979 01/01/2011]',122.002,-55.701,-35.101,10.600,7.000,0.500
'[00:00:01.980 01/01/2011]',130.402,-56.401,-37.501,8.100,4.800,0.500
'[00:00:01.981 01/01/2011]',129.302,-57.901,-41.201,4.900,1.400,0.500
'[00:00:01.982 01/01/2011]',121.102,-59.501,-44.901,2.400,-2.300,0.500
'[00:00:01.983 01/01/2011]',109.102,-61.001,-47.801,0.800,-5.700,0.500
'[00:00:01.984 01/01/2011]',95.701,-62.701,-49.901,-0.300,-9.200,0.500
'[00:00:01.985 01/01/2011]',81.301,-64.901,-51.801,-1.900,-13.500,0.500
'[00:00:01.986 01/01/2011]',64.601,-68.001,-54.301,-4.900,-19.100,0.500
'[00:00:01.987 01/01/2011]',43.501,-71.901,-58.001,-9.400,-25.800,0.500
'[00:00:01.988 01/01/2011]',17.400,-75.701,-62.401,-14.800,-33.001,0.500
'[00:00:01.989 01/01/2011]',-12.800,-78.901,-66.901,-20.100,-39.601,0.500
'[00:00:01.990 01/01/2011]',-44.401,-81.001,-70.401,-24.100,-44.501,0.500
'[00:00:01.991 01/01/2011]',-73.701,-82.101,-72.601,-26.100,-47.501,0.500
'[00:00:01.992 01/01/2011]',-97.901,-82.401,-73.601,-26.300,-48.601,0.500
'[00:00:01.993 01/01/2011]',-115.202,-82.301,-73.701,-25.200,-48.401,0.500
'[00:00:01.994 01/01/2011]',-125.502,-82.001,-73.901,-23.400,-47.301,0.500
'[00:00:01.995 01/01/2011]',-129.702,-81.401,-74.701,-21.900,-45.701,0.500
'[00:00:01.996 01/01/2011]',-129.202,-80.801,-75.901,-20.800,-43.501,0.500
'[00:00:01.997 01/01/2011]',-125.202,-80.201,-77.201,-20.000,-40.701,0.500
'[00:00:01.998 01/01/2011]',-118.302,-79.801,-78.001,-19.100,-37.501,0.500
'[00:00:01.999 01/01/2011]',-108.902,-79.401,-78.001,-17.500,-34.101,0.500
'[00:00:02.000 01/01/2011]',-97.401,-78.801,-77.201,-15.200,-30.900,0.500
'[00:00:02.001 01/01/2011]',-84.801,-77.801,-76.001,-12.500,-28.300,0.500
'[00:00:02.002 01/01/2011]',-72.501,-76.201,-74.501,-9.900,-26.400,0.500
'[00:00:02.003 01/01/2011]',-62.201,-74.201,-72.901,-8.100,-25.100,0.500
'[00:00:02.004 01/01/2011]',-54.701,-72.101,-71.301,-7.400,-24.100,0.500
'[00:00:02.005 01/01/2011]',-49.801,-70.401,-69.401,-7.500,-23.000,0.500
'[00:00:02.006 01/01/2011]',-46.101,-69.101,-67.501,-8.000,-22.100,0.500
'[00:00:02.007 01/01/2011]',-42.201,-68.101,-65.901,-8.400,-21.300,0.500
'[00:00:02.008 01/01/2011]',-37.801,-67.301,-65.301,-8.600,-21.000,0.500
'[00:00:02.009 01/01/2011]',-33.301,-66.601,-65.601,-8.900,-21.200,0.500
'[00:00:02.010 01/01/2011]',-30.100,-66.001,-66.801,-9.600,-21.800,0.500
'[00:00:02.011 01/01/2011]',-28.800,-65.801,-68.301,-11.200,-22.800,0.500
'[00:00:02.012 01/01/2011]',-29.400,-66.101,-69.401,-13.600,-24.000,0.500
'[00:00:02.013 01/01/2011]',-30.700,-66.901,-69.801,-16.300,-25.200,0.500
'[00:00:02.014 01/01/2011]',-31.400,-68.101,-69.501,-18.600,-26.600,0.500
'[00:00:02.015 01/01/2011]',-30.900,-69.401,-68.901,-20.100,-27.900,0.500
'[00:00:02.016 01/01/2011]',-29.900,-70.801,-68.201,-20.500,-28.900,0.500
'[00:00:02.017 01/01/2011]',-29.200,-72.301,-67.501,-19.700,-29.400,0.500
'[00:00:02.018 01/01/2011]',-29.500,-73.901,-67.101,-18.100,-29.400,0.500
'[00:00:02.019 01/01/2011]',-30.300,-75.501,-67.001,-16.300,-29.100,0.500
'[00:00:02.020 01/01/2011]',-30.700,-76.701,-67.301,-14.600,-28.900,0.500
'[00:00:02.021 01/01/2011]',-30.000,-77.401,-68.401,-13.500,-29.000,0.500
'[00:00:02.022 01/01/2011]',-28.400,-77.501,-70.301,-13.100,-29.500,0.500
'[00:00:02.023 01/01/2011]',-26.800,-77.501,-72.701,-13.600,-30.200,0.500
'[00:00:02.024 01/01/2011]',-26.400,-77.501,-75.001,-14.600,-30.900,0.500
'[00:00:02.025 01/01/2011]',-27.600,-78.001,-76.501,-15.900,-31.300,0.500
'[00:00:02.026 01/01/2011]',-29.700,-78.901,-76.401,-17.000,-31.300,0.500
'[00:00:02.027 01/01/2011]',-31.300,-80.101,-74.701,-17.500,-31.000,0.500
'[00:00:02.028 01/01/2011]',-31.100,-81.101,-71.701,-17.200,-30.300,0.500
'[00:00:02.029 01/01/2011]',-29.000,-81.501,-68.301,-16.400,-29.400,0.500
'[00:00:02.030 01/01/2011]',-26.100,-81.201,-65.401,-15.600,-28.600,0.500
'[00:00:02.031 01/01/2011]',-24.000,-80.601,-63.701,-15.300,-28.100,0.500
'[00:00:02.032 01/01/2011]',-23.900,-80.101,-63.301,-16.000,-28.100,0.500
'[00:00:02.033 01/01/2011]',-25.700,-80.201,-63.701,-17.300,-28.400,0.500
'[00:00:02.034 01/01/2011]',-28.300,-80.901,-63.901,-18.800,-28.800,0.500
'[00:00:02.035 01/01/2011]',-30.300,-81.701,-63.101,-19.500,-28.600,0.500
'[00:00:02.036 01/01/2011]',-30.900,-82.001,-61.101,-18.800,-27.700,0.500
'[00:00:02.037 01/01/2011]',-29.900,-81.201,-58.301,-17.000,-26.300,0.500
'[00:00:02.038 01/01/2011]',-28.200,-79.501,-55.601,-14.600,-24.800,0.500
'[00:00:02.039 01/01/2011]',-26.900,-77.401,-54.001,-12.600,-23.900,0.500
'[00:00:02.040 01/01/2011]',-26.600,-76.001,-53.501,-11.800,-23.600,0.500
'[00:00:02.041 01/01/2011]',-27.400,-75.801,-54.001,-12.100,-23.900,0.500
'[00:00:02.042 01/01/2011]',-28.500,-77.101,-54.601,-13.200,-24.300,0.500
'[00:00:02.043 01/01/2011]',-29.400,-79.301,-54.901,-14.400,-24.700,0.500
'[00:00:02.044 01/01/2011]',-29.300,-81.801,-54.701,-15.200,-24.900,0.500
'[00:00:02.045 01/01/2011]',-28.500,-83.901,-54.701,-15.500,-25.200,0.500
'[00:00:02.046 01/01/2011]',-27.200,-85.401,-55.201,-15.600,-25.800,0.500
'[00:00:02.047 01/01/2011]',-26.300,-86.601,-56.501,-15.900,-26.700,0.500
'[00:00:02.048 01/01/2011]',-26.100,-87.401,-58.101,-16.400,-27.600,0.500
'[00:00:02.049 01/01/2011]',-26.700,-87.901,-59.401,-17.100,-28.200,0.500
'[00:00:02.050 01/01/2011]',-27.300,-87.901,-59.901,-17.600,-28.300,0.500
'[00:00:02.051 01/01/2011]',-27.000,-87.201,-59.601,-17.800,-28.100,0.500
'[00:00:02.052 01/01/2011]',-25.600,-86.001,-59.101,-17.800,-27.700,0.500
'[00:00:02.053 01/01/2011]',-23.500,-84.701,-58.801,-17.800,-27.400,0.500
'[00:00:02.054 01/01/2011]',-22.200,-83.801,-58.701,-17.800,-27.300,0.500
'[00:00:02.055 01/01/2011]',-23.200,-83.501,-58.801,-18.000,-27.100,0.500
'[00:00:02.056 01/01/2011]',-26.600,-83.601,-58.601,-18.200,-26.800,0.500
'[00:00:02.057 01/01/2011]',-31.200,-83.701,-57.901,-18.400,-26.500,0.500
'[00:00:02.058 01/01/2011]',-34.901,-83.501,-56.901,-18.400,-26.200,0.500
'[00:00:02.059 01/01/2011]',-35.801,-83.001,-55.901,-18.600,-26.100,0.500
'[00:00:02.060 01/01/2011]',-33.501,-82.401,-55.101,-19.000,-26.200,0.500
'[00:00:02.061 01/01/2011]',-29.500,-82.001,-54.701,-19.700,-26.400,0.500
'[00:00:02.062 01/01/2011]',-26.300,-82.001,-54.601,-20.400,-26.800,0.500
'[00:00:02.063 01/01/2011]',-25.400,-82.201,-54.601,-20.800,-27.200,0.500
'[00:00:02.064 01/01/2011]',-26.700,-82.501,-54.801,-20.800,-27.600,0.500
'[00:00:02.065 01/01/2011]',-28.700,-82.901,-55.601,-20.300,-28.000,0.500
'[00:00:02.066 01/01/2011]',-29.700,-83.301,-56.901,-19.400,-28.500,0.500
'[00:00:02.067 01/01/2011]',-28.800,-83.901,-58.601,-18.600,-29.000,0.500
'[00:00:02.068 01/01/2011]',-26.900,-84.601,-60.401,-18.200,-29.600,0.500
'[00:00:02.069 01/01/2011]',-25.200,-85.201,-61.601,-18.300,-30.200,0.500
'[00:00:02.070 01/01/2011]',-24.900,-85.401,-61.801,-18.700,-30.700,0.500
'[00:00:02.071 01/01/2011]',-26.200,-85.101,-60.901,-19.200,-31.000,0.500
'[00:00:02.072 01/01/2011]',-28.200,-84.201,-59.301,-19.400,-31.000,0.500
'[00:00:02.073 01/01/2011]',-29.600,-83.301,-57.301,-19.200,-30.500,0.500
'[00:00:02.074 01/01/2011]',-29.600,-82.501,-55.801,-18.500,-29.800,0.500
'[00:00:02.075 01/01/2011]',-28.400,-82.101,-55.201,-17.800,-29.300,0.500
'[00:00:02.076 01/01/2011]',-26.500,-82.001,-55.701,-17.600,-29.200,0.500
'[00:00:02.077 01/01/2011]',-24.800,-82.001,-57.301,-18.000,-29.700,0.500
'[00:00:02.078 01/01/2011]',-24.200,-81.601,-59.501,-19.200,-30.600,0.500
'[00:00:02.079 01/01/2011]',-25.000,-80.801,-61.801,-20.700,-31.300,0.500
'[00:00:02.080 01/01/2011]',-26.900,-79.401,-63.501,-21.800,-31.400,0.500
'[00:00:02.081 01/01/2011]',-29.000,-78.001,-64.201,-22.100,-30.700,0.500
'[00:00:02.082 01/01/2011]',-30.600,-76.801,-64.001,-21.300,-29.500,0.500
'[00:00:02.083 01/01/2011]',-30.800,-76.301,-62.901,-19.900,-28.200,0.500
'[00:00:02.084 01/01/2011]',-29.600,-76.901,-61.501,-18.400,-27.300,0.500
'[00:00:02.085 01/01/2011]',-27.800,-78.301,-60.101,-17.500,-26.900,0.500
'[00:00:02.086 01/01/2011]',-26.200,-80.101,-58.901,-17.400,-27.100,0.500
'[00:00:02.087 01/01/2011]',-25.600,-81.501,-58.001,-18.100,-27.500,0.500
'[00:00:02.088 01/01/2011]',-26.000,-81.901,-57.301,-18.900,-28.000,0.500
'[00:00:02.089 01/01/2011]',-26.800,-81.101,-57.001,-19.400,-28.600,0.500
'[00:00:02.090 01/01/2011]',-27.400,-79.401,-57.101,-19.300,-29.400,0.500
'[00:00:02.091 01/01/2011]',-27.400,-77.801,-57.601,-19.000,-30.400,0.500
'[00:00:02.092 01/01/2011]',-27.000,-77.201,-58.701,-18.700,-31.400,0.500
'[00:00:02.093 01/01/2011]',-26.800,-77.801,-60.201,-18.900,-32.200,0.500
'[00:00:02.094 01/01/2011]',-27.500,-79.401,-61.901,-19.400,-32.500,0.500
'[00:00:02.095 01/01/2011]',-29.000,-81.101,-63.501,-20.100,-32.200,0.500
'[00:00:02.096 01/01/2011]',-31.000,-81.901,-64.801,-20.400,-31.300,0.500
'[00:00:02.097 01/01/2011]',-32.500,-81.501,-65.501,-20.100,-30.100,0.500
'[00:00:02.098 01/01/2011]',-32.801,-80.101,-65.501,-18.900,-28.600,0.500
'[00:00:02.099 01/01/2011]',-31.300,-78.501,-65.001,-17.200,-26.900,0.500
'[00:00:02.100 01/01/2011]',-28.200,-77.101,-63.801,-15.500,-25.200,0.500
'[00:00:02.101 01/01/2011]',-24.100,-76.101,-62.201,-14.100,-23.500,0.500
'[00:00:02.102 01/01/2011]',-20.200,-75.401,-60.101,-13.400,-22.300,0.500
'[00:00:02.103 01/01/2011]',-17.900,-74.601,-57.801,-13.400,-21.900,0.500
'[00:00:02.104 01/01/2011]',-18.000,-73.601,-55.501,-13.800,-22.200,0.500
'[00:00:02.105 01/01/2011]',-19.900,-72.601,-53.701,-14.200,-22.900,0.500
'[00:00:02.106 01/01/2011]',-22.500,-71.801,-52.601,-14.200,-23.500,0.500
'[00:00:02.107 01/01/2011]',-24.200,-71.101,-52.201,-13.500,-23.300,0.500
'[00:00:02.108 01/01/2011]',-24.300,-70.601,-52.001,-12.100,-22.200,0.500
'[00:00:02.109 01/01/2011]',-23.300,-69.801,-51.701,-10.500,-20.800,0.500
'[00:00:02.110 01/01/2011]',-22.400,-68.801,-50.901,-9.200,-19.600,0.500
'[00:00:02.111 01/01/2011]',-22.600,-67.901,-49.801,-8.800,-19.200,0.500
'[00:00:02.112 01/01/2011]',-23.700,-67.501,-49.001,-9.200,-19.600,0.500
'[00:00:02.113 01/01/2011]',-24.700,-68.101,-48.901,-10.500,-20.700,0.500
'[00:00:02.114 01/01/2011]',-24.500,-69.401,-49.801,-12.000,-22.100,0.500
'[00:00:02.115 01/01/2011]',-22.900,-71.201,-51.401,-13.300,-23.500,0.500
'[00:00:02.116 01/01/2011]',-20.900,-72.801,-53.401,-14.500,-25.100,0.500
'[00:00:02.117 01/01/2011]',-19.800,-74.201,-55.001,-15.600,-27.100,0.500
'[00:00:02.118 01/01/2011]',-20.500,-75.401,-56.101,-16.900,-29.400,0.500
'[00:00:02.119 01/01/2011]',-22.400,-76.401,-56.801,-18.300,-31.700,0.500
'[00:00:02.120 01/01/2011]',-24.200,-77.301,-57.001,-19.400,-33.201,0.500
'[00:00:02.121 01/01/2011]',-24.800,-77.701,-56.801,-19.700,-33.301,0.500
'[00:00:02.122 01/01/2011]',-23.700,-77.301,-56.201,-18.700,-31.900,0.500
'[00:00:02.123 01/01/2011]',-21.700,-76.101,-55.101,-16.600,-29.600,0.500
'[00:00:02.124 01/01/2011]',-19.700,-74.301,-53.801,-14.200,-27.300,0.500
'[00:00:02.125 01/01/2011]',-18.300,-72.601,-52.501,-12.400,-25.700,0.500
'[00:00:02.126 01/01/2011]',-17.300,-71.601,-51.801,-11.700,-24.900,0.500
'[00:00:02.127 01/01/2011]',-16.200,-71.501,-51.601,-12.000,-24.400,0.500
'[00:00:02.128 01/01/2011]',-14.600,-71.901,-51.901,-12.400,-23.500,0.500
'[00:00:02.129 01/01/2011]',-13.100,-72.001,-52.001,-12.300,-21.700,0.500
'[00:00:02.130 01/01/2011]',-12.300,-71.601,-51.801,-11.200,-19.400,0.500
'[00:00:02.131 01/01/2011]',-12.800,-70.801,-51.401,-9.800,-17.200,0.500
'[00:00:02.132 01/01/2011]',-14.400,-69.901,-51.101,-8.600,-16.100,0.500
'[00:00:02.133 01/01/2011]',-16.300,-69.701,-51.401,-8.300,-16.300,0.500
'[00:00:02.134 01/01/2011]',-17.500,-70.401,-52.201,-9.000,-17.400,0.500
'[00:00:02.135 01/01/2011]',-17.600,-71.701,-53.501,-10.100,-18.500,0.500
'[00:00:02.136 01/01/2011]',-16.900,-73.101,-54.701,-11.000,-19.100,0.500
'[00:00:02.137 01/01/2011]',-16.100,-74.101,-55.601,-11.400,-18.900,0.500
'[00:00:02.138 01/01/2011]',-16.000,-74.501,-56.001,-11.400,-18.300,0.500
'[00:00:02.139 01/01/2011]',-16.600,-74.601,-56.101,-11.200,-17.600,0.500
'[00:00:02.140 01/01/2011]',-17.600,-74.601,-55.901,-10.900,-17.000,0.500
'[00:00:02.141 01/01/2011]',-18.700,-74.501,-55.101,-10.500,-16.400,0.500
'[00:00:02.142 01/01/2011]',-19.600,-74.101,-53.501,-9.700,-15.400,0.500
'[00:00:02.143 01/01/2011]',-20.700,-73.001,-51.001,-8.200,-13.700,0.500
'[00:00:02.144 01/01/2011]',-22.100,-71.201,-47.901,-6.200,-11.600,0.500
'[00:00:02.145 01/01/2011]',-23.900,-68.901,-44.901,-4.400,-9.600,0.500
'[00:00:02.146 01/01/2011]',-25.500,-66.701,-42.601,-3.100,-8.200,0.500
'[00:00:02.147 01/01/2011]',-26.300,-65.101,-41.701,-2.800,-8.000,0.500
'[00:00:02.148 01/01/2011]',-25.800,-64.601,-42.001,-3.300,-9.000,0.500
'[00:00:02.149 01/01/2011]',-23.900,-64.801,-43.301,-4.300,-10.700,0.500
'[00:00:02.150 01/01/2011]',-21.200,-65.301,-45.101,-5.300,-12.900,0.500
'[00:00:02.151 01/01/2011]',-18.400,-65.601,-47.001,-6.100,-14.800,0.500
'[00:00:02.152 01/01/2011]',-16.200,-65.301,-48.701,-6.300,-16.200,0.500
'[00:00:02.153 01/01/2011]',-15.100,-64.401,-50.001,-5.700,-16.700,0.500
'[00:00:02.154 01/01/2011]',-15.200,-62.901,-50.601,-4.100,-16.200,0.500
'[00:00:02.155 01/01/2011]',-16.500,-61.001,-50.101,-1.600,-14.800,0.500
'[00:00:02.156 01/01/2011]',-18.400,-58.801,-48.601,1.500,-12.800,0.500
'[00:00:02.157 01/01/2011]',-20.300,-56.601,-46.601,4.400,-10.500,0.500
'[00:00:02.158 01/01/2011]',-21.700,-54.601,-44.501,6.500,-8.400,0.500
'[00:00:02.159 01/01/2011]',-22.100,-53.101,-43.101,7.600,-6.500,0.500
'[00:00:02.160 01/01/2011]',-21.800,-52.501,-42.601,7.800,-4.700,0.500
'[00:00:02.161 01/01/2011]',-21.500,-53.001,-43.201,7.600,-2.900,0.500
'[00:00:02.162 01/01/2011]',-21.900,-54.801,-44.501,7.400,-1.000,0.500
'[00:00:02.163 01/01/2011]',-23.200,-58.101,-46.201,7.400,1.100,0.500
'[00:00:02.164 01/01/2011]',-24.800,-63.001,-47.901,7.300,3.100,0.500
'[00:00:02.165 01/01/2011]',-25.700,-69.101,-49.301,7.000,5.100,0.500
'[00:00:02.166 01/01/2011]',-25.100,-76.001,-50.401,6.500,7.200,0.500
'[00:00:02.167 01/01/2011]',-23.300,-82.501,-50.701,6.400,9.600,0.500
'[00:00:02.168 01/01/2011]',-21.500,-88.101,-50.301,6.900,12.300,0.500
'[00:00:02.169 01/01/2011]',-20.900,-92.401,-49.301,8.100,15.200,0.500
'[00:00:02.170 01/01/2011]',-22.500,-95.901,-48.101,9.400,18.000,0.500
'[00:00:02.171 01/01/2011]',-25.700,-99.502,-47.501,10.100,20.100,0.500
'[00:00:02.172 01/01/2011]',-29.200,-103.802,-47.701,9.600,21.700,0.500
'[00:00:02.173 01/01/2011]',-31.800,-109.302,-48.901,7.800,22.700,0.500
'[00:00:02.174 01/01/2011]',-33.001,-115.202,-50.601,5.100,23.500,0.500
'[00:00:02.175 01/01/2011]',-33.201,-120.902,-52.601,2.200,24.200,0.500
'[00:00:02.176 01/01/2011]',-33.301,-125.602,-54.501,-0.500,24.900,0.500
'[00:00:02.177 01/01/2011]',-33.701,-129.302,-56.401,-2.700,25.300,0.500
'[00:00:02.178 01/01/2011]',-34.401,-132.502,-58.401,-4.500,25.200,0.500
'[00:00:02.179 01/01/2011]',-34.801,-135.802,-60.601,-6.100,24.300,0.500
'[00:00:02.180 01/01/2011]',-34.701,-139.302,-62.901,-7.500,22.700,0.500
'[00:00:02.181 01/01/2011]',-34.301,-142.702,-64.901,-8.700,20.600,0.500
'[00:00:02.182 01/01/2011]',-34.201,-145.602,-66.501,-9.700,18.300,0.500
'[00:00:02.183 01/01/2011]',-34.701,-147.602,-67.501,-10.700,16.200,0.500
'[00:00:02.184 01/01/2011]',-35.701,-148.902,-68.101,-11.800,14.200,0.500
'[00:00:02.185 01/01/2011]',-36.801,-149.802,-68.501,-13.200,12.300,0.500
'[00:00:02.186 01/01/2011]',-37.601,-150.802,-68.901,-14.600,10.300,0.500
'[00:00:02.187 01/01/2011]',-37.801,-151.402,-69.501,-16.000,8.100,0.500
'[00:00:02.188 01/01/2011]',-37.501,-151.202,-70.201,-17.300,5.200,0.500
'[00:00:02.189 01/01/2011]',-36.401,-149.702,-71.001,-18.700,1.600,0.500
'[00:00:02.190 01/01/2011]',-34.401,-146.702,-71.601,-20.300,-2.900,0.500
'[00:00:02.191 01/01/2011]',-31.300,-142.702,-72.101,-22.500,-8.200,0.500
'[00:00:02.192 01/01/2011]',-27.200,-138.302,-72.401,-25.100,-14.200,0.500
'[00:00:02.193 01/01/2011]',-23.200,-133.702,-72.301,-27.900,-20.800,0.500
'[00:00:02.194 01/01/2011]',-20.400,-129.102,-72.201,-30.600,-27.600,0.500
'[00:00:02.195 01/01/2011]',-19.500,-124.202,-72.001,-32.801,-34.101,0.500
'[00:00:02.196 01/01/2011]',-19.900,-118.702,-72.001,-34.301,-39.701,0.500
'[00:00:02.197 01/01/2011]',-20.400,-112.702,-72.101,-35.201,-43.901,0.500
'[00:00:02.198 01/01/2011]',-19.800,-106.802,-72.401,-35.501,-46.501,0.500
'[00:00:02.199 01/01/2011]',-18.000,-101.902,-72.701,-35.301,-47.701,0.500
'[00:00:02.200 01/01/2011]',-15.800,-98.502,-73.201,-34.901,-48.201,0.500
'[00:00:02.201 01/01/2011]',-14.500,-96.701,-73.801,-34.601,-48.501,0.500
'[00:00:02.202 01/01/2011]',-14.500,-96.001,-74.701,-34.601,-49.101,0.500
'[00:00:02.203 01/01/2011]',-15.400,-95.701,-75.801,-34.901,-49.701,0.500
'[00:00:02.204 01/01/2011]',-15.800,-95.101,-77.001,-35.501,-50.101,0.500
'[00:00:02.205 01/01/2011]',-15.000,-93.701,-78.001,-35.801,-49.901,0.500
'[00:00:02.206 01/01/2011]',-13.200,-91.601,-78.501,-35.501,-49.101,0.500
'[00:00:02.207 01/01/2011]',-11.600,-89.401,-78.601,-34.401,-48.301,0.500
'[00:00:02.208 01/01/2011]',-11.700,-87.601,-78.201,-32.901,-47.801,0.500
'[00:00:02.209 01/01/2011]',-13.700,-86.701,-77.501,-31.500,-47.901,0.500
'[00:00:02.210 01/01/2011]',-16.200,-86.701,-76.801,-30.500,-48.301,0.500
'[00:00:02.211 01/01/2011]',-17.400,-87.601,-76.301,-30.000,-48.501,0.500
'[00:00:02.212 01/01/2011]',-16.400,-88.901,-76.001,-29.700,-47.801,0.500
'[00:00:02.213 01/01/2011]',-13.800,-90.001,-75.801,-29.100,-46.201,0.500
'[00:00:02.214 01/01/2011]',-11.700,-90.401,-75.501,-27.800,-43.901,0.500
'[00:00:02.215 01/01/2011]',-12.100,-89.801,-74.601,-25.800,-41.301,0.500
'[00:00:02.216 01/01/2011]',-15.700,-88.401,-73.101,-23.300,-39.001,0.500
'[00:00:02.217 01/01/2011]',-21.000,-86.301,-71.101,-20.700,-37.001,0.500
'[00:00:02.218 01/01/2011]',-25.500,-84.101,-69.001,-18.400,-35.201,0.500
'[00:00:02.219 01/01/2011]',-26.900,-82.001,-67.001,-16.500,-33.201,0.500
'[00:00:02.220 01/01/2011]',-24.900,-80.401,-65.601,-15.000,-31.100,0.500
'[00:00:02.221 01/01/2011]',-21.300,-79.501,-64.801,-14.000,-29.000,0.500
'[00:00:02.222 01/01/2011]',-18.400,-79.001,-64.601,-13.500,-27.200,0.500
'[00:00:02.223 01/01/2011]',-17.700,-78.701,-64.701,-13.600,-25.900,0.500
'[00:00:02.224 01/01/2011]',-19.100,-78.601,-64.901,-14.100,-25.000,0.500
'[00:00:02.225 01/01/2011]',-21.000,-78.301,-65.001,-14.500,-24.100,0.500
'[00:00:02.226 01/01/2011]',-21.800,-78.101,-64.901,-14.500,-23.000,0.500
'[00:00:02.227 01/01/2011]',-21.000,-77.701,-64.201,-13.800,-21.600,0.500
'[00:00:02.228 01/01/2011]',-19.700,-77.201,-63.001,-12.700,-20.300,0.500
'[00:00:02.229 01/01/2011]',-19.400,-76.401,-61.501,-11.900,-19.500,0.500
'[00:00:02.230 01/01/2011]',-20.900,-75.201,-60.201,-11.900,-19.400,0.500
'[00:00:02.231 01/01/2011]',-23.400,-73.901,-59.501,-13.000,-20.000,0.500
'[00:00:02.232 01/01/2011]',-25.300,-72.901,-59.901,-14.700,-21.000,0.500
'[00:00:02.233 01/01/2011]',-24.900,-72.801,-61.101,-16.100,-21.900,0.500
'[00:00:02.234 01/01/2011]',-22.400,-73.801,-62.801,-16.600,-22.100,0.500
'[00:00:02.235 01/01/2011]',-19.100,-75.501,-64.101,-15.700,-21.700,0.500
'[00:00:02.236 01/01/2011]',-17.100,-77.201,-64.601,-13.600,-20.600,0.500
'[00:00:02.237 01/01/2011]',-17.400,-78.101,-64.001,-11.200,-19.500,0.500
'[00:00:02.238 01/01/2011]',-19.200,-77.901,-62.901,-9.300,-18.600,0.500
'[00:00:02.239 01/01/2011]',-21.000,-76.701,-61.601,-8.300,-18.300,0.500
'[00:00:02.240 01/01/2011]',-21.100,-75.301,-60.601,-8.100,-18.700,0.500
'[00:00:02.241 01/01/2011]',-19.400,-74.201,-60.101,-8.300,-19.500,0.500
'[00:00:02.242 01/01/2011]',-17.400,-73.801,-59.801,-8.300,-20.100,0.500
'[00:00:02.243 01/01/2011]',-16.700,-73.901,-59.601,-7.800,-20.200,0.500
'[00:00:02.244 01/01/2011]',-18.200,-74.501,-59.401,-6.900,-19.600,0.500
'[00:00:02.245 01/01/2011]',-20.800,-75.101,-59.101,-6.100,-18.700,0.500
'[00:00:02.246 01/01/2011]',-22.900,-75.801,-58.901,-5.700,-17.700,0.500
'[00:00:02.247 01/01/2011]',-23.000,-76.401,-58.901,-6.000,-17.200,0.500
'[00:00:02.248 01/01/2011]',-21.000,-76.701,-59.001,-6.800,-17.200,0.500
'[00:00:02.249 01/01/2011]',-18.500,-76.601,-59.201,-7.500,-17.600,0.500
'[00:00:02.250 01/01/2011]',-17.100,-76.101,-59.401,-8.000,-17.900,0.500
'[00:00:02.251 01/01/2011]',-18.000,-75.101,-59.501,-7.800,-17.900,0.500
'[00:00:02.252 01/01/2011]',-20.500,-74.201,-59.501,-7.200,-17.600,0.500
'[00:00:02.253 01/01/2011]',-23.200,-73.801,-59.401,-6.400,-17.100,0.500
'[00:00:02.254 01/01/2011]',-24.600,-74.001,-59.201,-5.700,-16.800,0.500
'[00:00:02.255 01/01/2011]',-24.200,-74.601,-58.901,-5.300,-16.800,0.500
'[00:00:02.256 01/01/2011]',-22.300,-75.201,-58.401,-5.000,-16.900,0.500
'[00:00:02.257 01/01/2011]',-20.100,-75.301,-57.601,-4.800,-16.900,0.500
'[00:00:02.258 01/01/2011]',-18.200,-74.601,-56.501,-4.400,-16.200,0.500
'[00:00:02.259 01/01/2011]',-16.700,-73.301,-55.001,-3.700,-15.000,0.500
'[00:00:02.260 01/01/2011]',-15.400,-71.701,-53.401,-2.900,-13.400,0.500
'[00:00:02.261 01/01/2011]',-13.900,-70.201,-51.801,-1.800,-11.800,0.500
'[00:00:02.262 01/01/2011]',-12.300,-69.001,-50.601,-0.800,-10.500,0.500
'[00:00:02.263 01/01/2011]',-11.100,-68.201,-49.901,-0.100,-9.600,0.500
'[00:00:02.264 01/01/2011]',-10.700,-67.601,-49.801,0.200,-9.100,0.500
'[00:00:02.265 01/01/2011]',-10.800,-67.201,-50.101,-0.200,-8.800,0.500
'[00:00:02.266 01/01/2011]',-11.100,-67.101,-50.501,-1.000,-8.500,0.500
'[00:00:02.267 01/01/2011]',-11.100,-67.401,-51.201,-2.000,-8.000,0.500
'[00:00:02.268 01/01/2011]',-10.700,-68.201,-52.301,-2.900,-7.600,0.500
'[00:00:02.269 01/01/2011]',-10.000,-69.401,-53.801,-3.300,-7.200,0.500
'[00:00:02.270 01/01/2011]',-9.700,-70.801,-55.901,-3.000,-6.800,0.500
'[00:00:02.271 01/01/2011]',-9.700,-72.001,-58.101,-2.300,-6.500,0.500
'[00:00:02.272 01/01/2011]',-9.500,-72.701,-60.001,-1.400,-6.100,0.500
'[00:00:02.273 01/01/2011]',-8.200,-72.701,-61.101,-0.600,-5.500,0.500
'[00:00:02.274 01/01/2011]',-5.300,-72.301,-61.201,-0.200,-4.800,0.500
'[00:00:02.275 01/01/2011]',-1.200,-71.701,-60.601,0.100,-4.300,0.500
'[00:00:02.276 01/01/2011]',2.800,-71.401,-59.701,0.200,-4.200,0.500
'[00:00:02.277 01/01/2011]',5.200,-71.401,-59.001,0.300,-4.600,0.500
'[00:00:02.278 01/01/2011]',5.300,-71.601,-58.801,0.500,-5.400,0.500
'[00:00:02.279 01/01/2011]',3.700,-71.901,-59.001,0.600,-6.200,0.500
'[00:00:02.280 01/01/2011]',2.300,-72.001,-59.401,0.700,-6.600,0.500
'[00:00:02.281 01/01/2011]',2.800,-71.901,-59.401,0.700,-6.300,0.500
'[00:00:02.282 01/01/2011]',5.900,-71.601,-58.901,0.700,-5.600,0.500
'[00:00:02.283 01/01/2011]',10.200,-71.401,-57.701,0.600,-5.100,0.500
'[00:00:02.284 01/01/2011]',13.300,-71.501,-56.101,0.200,-5.300,0.500
'[00:00:02.285 01/01/2011]',13.100,-71.901,-54.501,-0.700,-6.400,0.500
'[00:00:02.286 01/01/2011]',9.200,-72.601,-53.201,-2.000,-8.100,0.500
'[00:00:02.287 01/01/2011]',3.500,-73.601,-52.301,-3.500,-9.600,0.500
'[00:00:02.288 01/01/2011]',-1.400,-74.501,-51.501,-4.300,-10.000,0.500
'[00:00:02.289 01/01/2011]',-3.100,-74.901,-50.701,-3.800,-8.800,0.500
'[00:00:02.290 01/01/2011]',-1.400,-74.201,-49.201,-1.900,-6.200,0.500
'[00:00:02.291 01/01/2011]',2.000,-72.301,-47.001,1.300,-3.000,0.500
'[00:00:02.292 01/01/2011]',4.600,-69.201,-44.201,4.700,-0.100,0.500
'[00:00:02.293 01/01/2011]',4.400,-65.501,-41.401,7.200,2.000,0.500
'[00:00:02.294 01/01/2011]',1.300,-62.101,-39.001,8.200,2.900,0.500
'[00:00:02.295 01/01/2011]',-3.000,-59.801,-37.501,7.700,2.900,0.500
'[00:00:02.296 01/01/2011]',-6.400,-58.801,-36.901,6.300,2.400,0.500
'[00:00:02.297 01/01/2011]',-7.400,-58.901,-37.001,4.800,1.500,0.500
'[00:00:02.298 01/01/2011]',-5.800,-59.801,-37.801,3.600,0.400,0.500
'[00:00:02.299 01/01/2011]',-2.800,-60.901,-39.001,2.800,-1.100,0.500
'[00:00:02.300 01/01/2011]',0.000,-62.201,-40.801,1.700,-2.800,0.500
'[00:00:02.301 01/01/2011]',1.100,-63.801,-43.201,0.000,-4.800,0.500
'[00:00:02.302 01/01/2011]',0.100,-65.901,-45.901,-2.300,-6.900,0.500
'[00:00:02.303 01/01/2011]',-2.800,-68.201,-48.901,-4.800,-9.000,0.500
'[00:00:02.304 01/01/2011]',-6.400,-70.401,-51.601,-6.700,-11.000,0.500
'[00:00:02.305 01/01/2011]',-9.700,-72.101,-53.801,-7.700,-12.700,0.500
'[00:00:02.306 01/01/2011]',-11.700,-73.201,-55.601,-7.700,-14.000,0.500
'[00:00:02.307 01/01/2011]',-12.000,-74.301,-56.901,-7.300,-14.900,0.500
'[00:00:02.308 01/01/2011]',-11.300,-75.701,-57.901,-7.100,-15.500,0.500
'[00:00:02.309 01/01/2011]',-10.400,-77.701,-58.701,-7.500,-16.000,0.500
'[00:00:02.310 01/01/2011]',-10.700,-80.001,-59.201,-8.300,-16.700,0.500
'[00:00:02.311 01/01/2011]',-12.800,-82.001,-59.301,-9.100,-17.600,0.500
'[00:00:02.312 01/01/2011]',-16.800,-83.301,-59.101,-9.400,-18.300,0.500
'[00:00:02.313 01/01/2011]',-21.500,-83.601,-58.701,-8.700,-18.300,0.500
'[00:00:02.314 01/01/2011]',-25.400,-83.501,-58.101,-7.300,-17.200,0.500
'[00:00:02.315 01/01/2011]',-27.000,-83.401,-57.501,-5.500,-15.200,0.500
'[00:00:02.316 01/01/2011]',-26.000,-83.801,-57.001,-3.700,-13.000,0.500
'[00:00:02.317 01/01/2011]',-23.300,-84.601,-56.501,-2.300,-11.500,0.500
'[00:00:02.318 01/01/2011]',-20.200,-85.301,-56.101,-1.700,-11.000,0.500
'[00:00:02.319 01/01/2011]',-18.300,-85.501,-55.701,-1.600,-11.500,0.500
'[00:00:02.320 01/01/2011]',-18.000,-84.801,-55.401,-1.900,-12.300,0.500
'[00:00:02.321 01/01/2011]',-18.900,-83.701,-55.001,-2.100,-12.500,0.500
'[00:00:02.322 01/01/2011]',-19.800,-82.601,-54.501,-2.300,-11.700,0.500
'[00:00:02.323 01/01/2011]',-19.900,-82.101,-53.901,-2.300,-10.300,0.500
'[00:00:02.324 01/01/2011]',-19.200,-82.301,-53.001,-2.200,-8.900,0.500
'[00:00:02.325 01/01/2011]',-18.500,-82.701,-52.101,-2.300,-8.100,0.500
'[00:00:02.326 01/01/2011]',-18.900,-82.901,-51.301,-2.700,-8.300,0.500
'[00:00:02.327 01/01/2011]',-20.700,-82.401,-51.001,-3.200,-9.000,0.500
'[00:00:02.328 01/01/2011]',-23.300,-81.301,-51.601,-3.600,-9.900,0.500
'[00:00:02.329 01/01/2011]',-25.500,-80.201,-53.001,-3.900,-10.100,0.500
'[00:00:02.330 01/01/2011]',-26.300,-80.101,-55.201,-4.000,-9.700,0.500
'[00:00:02.331 01/01/2011]',-25.400,-81.201,-57.601,-3.700,-8.600,0.500
'[00:00:02.332 01/01/2011]',-23.600,-83.201,-59.401,-3.300,-7.500,0.500
'[00:00:02.333 01/01/2011]',-22.100,-85.301,-60.401,-2.700,-6.700,0.500
'[00:00:02.334 01/01/2011]',-22.000,-86.401,-60.301,-1.900,-6.400,0.500
'[00:00:02.335 01/01/2011]',-23.200,-86.001,-59.601,-0.900,-6.400,0.500
'[00:00:02.336 01/01/2011]',-24.700,-84.301,-58.901,-0.100,-6.500,0.500
'[00:00:02.337 01/01/2011]',-25.300,-82.101,-58.801,0.400,-6.300,0.500
'[00:00:02.338 01/01/2011]',-24.400,-80.501,-59.301,0.400,-5.700,0.500
'[00:00:02.339 01/01/2011]',-22.100,-79.701,-60.001,-0.100,-4.700,0.500
'[00:00:02.340 01/01/2011]',-19.900,-79.601,-60.101,-0.800,-3.500,0.500
'[00:00:02.341 01/01/2011]',-18.900,-79.501,-59.501,-1.400,-2.300,0.500
'[00:00:02.342 01/01/2011]',-20.000,-79.101,-58.201,-1.200,-1.200,0.500
'[00:00:02.343 01/01/2011]',-22.700,-78.201,-56.901,-0.300,-0.400,0.500
'[00:00:02.344 01/01/2011]',-25.500,-77.401,-56.401,1.200,0.100,0.500
'[00:00:02.345 01/01/2011]',-27.000,-77.201,-56.701,2.600,0.300,0.500
'[00:00:02.346 01/01/2011]',-26.100,-78.001,-57.801,3.400,0.100,0.500
'[00:00:02.347 01/01/2011]',-23.200,-79.401,-58.801,3.200,-0.400,0.500
'[00:00:02.348 01/01/2011]',-19.700,-80.901,-59.301,2.000,-0.900,0.500
'[00:00:02.349 01/01/2011]',-17.200,-81.901,-59.201,0.400,-1.300,0.500
'[00:00:02.350 01/01/2011]',-17.100,-81.901,-58.801,-1.100,-1.300,0.500
'[00:00:02.351 01/01/2011]',-19.100,-81.001,-58.801,-1.600,-0.900,0.500
'[00:00:02.352 01/01/2011]',-22.200,-79.701,-59.601,-1.100,0.000,0.500
'[00:00:02.353 01/01/2011]',-24.700,-78.301,-61.001,0.500,0.900,0.500
'[00:00:02.354 01/01/2011]',-25.500,-77.301,-62.901,2.500,1.600,0.500
'[00:00:02.355 01/01/2011]',-24.500,-76.801,-64.501,4.500,1.800,0.500
'[00:00:02.356 01/01/2011]',-22.400,-76.801,-65.401,5.900,1.700,0.500
'[00:00:02.357 01/01/2011]',-20.500,-77.101,-65.501,6.700,1.500,0.500
'[00:00:02.358 01/01/2011]',-19.700,-77.501,-64.601,6.700,1.600,0.500
'[00:00:02.359 01/01/2011]',-20.000,-77.701,-62.801,6.200,2.100,0.500
'[00:00:02.360 01/01/2011]',-21.200,-77.701,-60.201,5.400,3.000,0.500
'[00:00:02.361 01/01/2011]',-22.500,-77.401,-56.901,4.700,4.300,0.500
'[00:00:02.362 01/01/2011]',-23.500,-76.901,-53.201,4.400,5.700,0.500
'[00:00:02.363 01/01/2011]',-24.000,-76.401,-49.501,4.400,7.000,0.500
'[00:00:02.364 01/01/2011]',-24.200,-75.801,-46.301,4.900,8.000,0.500
'[00:00:02.365 01/01/2011]',-24.500,-75.101,-44.101,5.400,8.400,0.500
'[00:00:02.366 01/01/2011]',-24.900,-74.501,-43.401,5.600,8.300,0.500
'[00:00:02.367 01/01/2011]',-25.400,-74.201,-44.101,5.200,7.700,0.500
'[00:00:02.368 01/01/2011]',-25.700,-74.701,-46.101,4.100,6.900,0.500
'[00:00:02.369 01/01/2011]',-25.400,-75.901,-48.501,2.700,6.100,0.500
'[00:00:02.370 01/01/2011]',-24.600,-77.601,-50.501,1.600,5.600,0.500
'[00:00:02.371 01/01/2011]',-23.200,-78.901,-51.401,1.300,5.500,0.500
'[00:00:02.372 01/01/2011]',-22.100,-79.101,-50.701,1.800,5.900,0.500
'[00:00:02.373 01/01/2011]',-21.700,-78.101,-48.601,3.000,6.500,0.500
'[00:00:02.374 01/01/2011]',-22.500,-76.201,-45.801,4.300,7.300,0.500
'[00:00:02.375 01/01/2011]',-24.300,-74.601,-43.301,5.300,8.200,0.500
'[00:00:02.376 01/01/2011]',-26.400,-73.801,-41.401,5.800,9.300,0.500
'[00:00:02.377 01/01/2011]',-27.900,-74.201,-40.401,6.000,10.600,0.500
'[00:00:02.378 01/01/2011]',-28.300,-75.101,-39.901,6.000,11.900,0.500
'[00:00:02.379 01/01/2011]',-27.500,-75.901,-39.601,6.100,13.100,0.500
'[00:00:02.380 01/01/2011]',-26.200,-76.001,-39.201,6.300,13.600,0.500
'[00:00:02.381 01/01/2011]',-24.800,-75.601,-38.801,6.200,13.500,0.500
'[00:00:02.382 01/01/2011]',-23.800,-75.101,-38.801,5.800,12.900,0.500
'[00:00:02.383 01/01/2011]',-22.900,-75.301,-39.201,5.300,12.100,0.500
'[00:00:02.384 01/01/2011]',-21.800,-76.201,-40.001,5.100,11.700,0.500
'[00:00:02.385 01/01/2011]',-20.500,-77.301,-40.701,5.400,11.900,0.500
'[00:00:02.386 01/01/2011]',-19.300,-78.101,-41.001,6.400,12.400,0.500
'[00:00:02.387 01/01/2011]',-18.900,-77.801,-40.901,7.500,12.800,0.500
'[00:00:02.388 01/01/2011]',-19.800,-76.501,-40.301,8.400,12.700,0.500
'[00:00:02.389 01/01/2011]',-22.000,-75.001,-39.801,8.300,12.100,0.500
'[00:00:02.390 01/01/2011]',-24.800,-74.101,-39.401,7.300,11.200,0.500
'[00:00:02.391 01/01/2011]',-27.000,-74.401,-39.401,5.900,10.600,0.500
'[00:00:02.392 01/01/2011]',-27.900,-75.801,-39.501,4.500,10.700,0.500
'[00:00:02.393 01/01/2011]',-27.400,-77.801,-39.601,4.000,11.200,0.500
'[00:00:02.394 01/01/2011]',-26.000,-79.501,-39.701,4.400,11.700,0.500
'[00:00:02.395 01/01/2011]',-24.500,-80.301,-39.901,5.400,11.600,0.500
'[00:00:02.396 01/01/2011]',-23.700,-80.301,-40.201,6.300,10.800,0.500
'[00:00:02.397 01/01/2011]',-23.600,-79.801,-40.701,6.600,9.600,0.500
'[00:00:02.398 01/01/2011]',-24.100,-79.601,-41.101,6.200,8.600,0.500
'[00:00:02.399 01/01/2011]',-24.300,-80.101,-41.201,5.500,8.500,0.500
'[00:00:02.400 01/01/2011]',-23.700,-81.401,-41.001,5.100,9.400,0.500
'[00:00:02.401 01/01/2011]',-22.400,-83.201,-40.601,5.400,10.800,0.500
'[00:00:02.402 01/01/2011]',-21.200,-84.801,-40.201,6.100,12.100,0.500
'[00:00:02.403 01/01/2011]',-20.800,-85.901,-40.501,6.900,12.600,0.500
'[00:00:02.404 01/01/2011]',-22.000,-86.301,-41.601,7.200,12.300,0.500
'[00:00:02.405 01/01/2011]',-24.600,-86.301,-43.301,6.600,11.600,0.500
'[00:00:02.406 01/01/2011]',-27.900,-86.401,-45.201,5.300,11.000,0.500
'[00:00:02.407 01/01/2011]',-30.700,-86.801,-46.701,3.800,11.000,0.500
'[00:00:02.408 01/01/2011]',-32.500,-87.301,-47.301,2.700,11.400,0.500
'[00:00:02.409 01/01/2011]',-33.201,-87.701,-46.801,2.200,11.800,0.500
'[00:00:02.410 01/01/2011]',-33.001,-87.401,-45.601,2.000,11.800,0.500
'[00:00:02.411 01/01/2011]',-32.300,-86.201,-43.901,1.800,11.400,0.500
'[00:00:02.412 01/01/2011]',-30.400,-84.301,-42.301,1.300,10.900,0.500
'[00:00:02.413 01/01/2011]',-26.300,-82.101,-41.001,0.900,11.000,0.500
'[00:00:02.414 01/01/2011]',-19.500,-80.101,-39.801,0.900,11.900,0.500
'[00:00:02.415 01/01/2011]',-10.100,-78.301,-38.801,1.800,13.700,0.500
'[00:00:02.416 01/01/2011]',0.400,-76.701,-37.601,3.700,16.000,0.500
'[00:00:02.417 01/01/2011]',10.200,-75.101,-35.901,6.300,18.300,0.500
'[00:00:02.418 01/01/2011]',18.800,-72.901,-33.401,9.400,20.700,0.500
'[00:00:02.419 01/01/2011]',27.100,-70.201,-30.000,12.800,23.600,0.500
'[00:00:02.420 01/01/2011]',37.401,-66.701,-25.500,16.800,27.800,0.500
'[00:00:02.421 01/01/2011]',51.901,-62.901,-20.400,21.400,33.401,0.500
'[00:00:02.422 01/01/2011]',71.201,-59.101,-15.500,26.400,39.601,0.500
'[00:00:02.423 01/01/2011]',93.401,-56.001,-12.200,31.100,45.401,0.500
'[00:00:02.424 01/01/2011]',114.802,-54.001,-11.300,34.301,49.001,0.500
'[00:00:02.425 01/01/2011]',131.302,-53.401,-13.200,35.301,49.701,0.500
'[00:00:02.426 01/01/2011]',140.302,-54.001,-17.500,34.201,47.401,0.500
'[00:00:02.427 01/01/2011]',141.002,-55.401,-22.900,31.600,43.301,0.500
'[00:00:02.428 01/01/2011]',134.802,-56.701,-28.200,28.700,38.501,0.500
'[00:00:02.429 01/01/2011]',123.602,-57.601,-32.500,26.300,34.001,0.500
'[00:00:02.430 01/01/2011]',109.402,-58.101,-35.601,24.600,30.300,0.500
'[00:00:02.431 01/01/2011]',93.101,-58.701,-38.101,23.000,26.800,0.500
'[00:00:02.432 01/01/2011]',74.301,-59.701,-40.701,20.800,22.900,0.500
'[00:00:02.433 01/01/2011]',52.501,-61.701,-43.601,17.500,18.000,0.500
'[00:00:02.434 01/01/2011]',26.900,-64.401,-46.901,13.200,12.100,0.500
'[00:00:02.435 01/01/2011]',-2.000,-67.201,-49.901,8.600,5.700,0.500
'[00:00:02.436 01/01/2011]',-32.500,-69.601,-52.201,4.600,-0.300,0.500
'[00:00:02.437 01/01/2011]',-61.701,-70.901,-53.501,1.900,-4.700,0.500
'[00:00:02.438 01/01/2011]',-86.601,-70.901,-53.701,1.000,-7.100,0.500
'[00:00:02.439 01/01/2011]',-104.802,-69.701,-52.901,1.900,-7.200,0.500
'[00:00:02.440 01/01/2011]',-115.402,-67.901,-51.401,4.000,-5.500,0.500
'[00:00:02.441 01/01/2011]',-119.202,-65.801,-49.401,6.600,-2.900,0.500
'[00:00:02.442 01/01/2011]',-118.002,-64.001,-47.001,9.000,-0.300,0.500
'[00:00:02.443 01/01/2011]',-113.602,-62.501,-44.601,10.600,1.600,0.500
'[00:00:02.444 01/01/2011]',-107.202,-61.501,-42.601,11.200,2.700,0.500
'[00:00:02.445 01/01/2011]',-99.102,-60.701,-41.101,11.100,3.400,0.500
'[00:00:02.446 01/01/2011]',-89.501,-59.601,-40.201,10.700,4.000,0.500
'[00:00:02.447 01/01/2011]',-78.701,-58.101,-39.401,10.500,4.700,0.500
'[00:00:02.448 01/01/2011]',-67.501,-56.001,-38.501,10.700,5.400,0.500
'[00:00:02.449 01/01/2011]',-57.001,-53.601,-37.401,11.100,5.700,0.500
'[00:00:02.450 01/01/2011]',-47.801,-51.201,-36.001,11.500,5.400,0.500
'[00:00:02.451 01/01/2011]',-40.101,-49.401,-34.801,11.800,4.800,0.500
'[00:00:02.452 01/01/2011]',-33.901,-48.201,-34.101,12.000,4.500,0.500
'[00:00:02.453 01/01/2011]',-28.700,-47.301,-33.901,12.400,4.900,0.500
'[00:00:02.454 01/01/2011]',-24.500,-46.301,-34.001,13.300,6.200,0.500
'[00:00:02.455 01/01/2011]',-21.400,-45.001,-33.901,14.400,8.300,0.500
'[00:00:02.456 01/01/2011]',-19.500,-43.301,-33.501,15.700,10.500,0.500
'[00:00:02.457 01/01/2011]',-18.500,-41.501,-32.600,16.600,12.000,0.500
'[00:00:02.458 01/01/2011]',-18.100,-40.201,-31.700,16.900,12.500,0.500
'[00:00:02.459 01/01/2011]',-17.800,-39.501,-31.200,16.600,12.100,0.500
'[00:00:02.460 01/01/2011]',-17.500,-39.401,-31.500,15.700,11.000,0.500
'[00:00:02.461 01/01/2011]',-17.300,-40.001,-32.801,14.600,9.700,0.500
'[00:00:02.462 01/01/2011]',-17.700,-41.101,-35.001,13.300,8.300,0.500
'[00:00:02.463 01/01/2011]',-18.700,-42.701,-37.701,11.900,7.000,0.500
'[00:00:02.464 01/01/2011]',-20.000,-44.601,-40.201,10.300,5.800,0.500
'[00:00:02.465 01/01/2011]',-21.100,-46.601,-42.101,8.800,4.800,0.500
'[00:00:02.466 01/01/2011]',-21.200,-48.001,-42.801,7.700,3.900,0.500
'[00:00:02.467 01/01/2011]',-20.400,-48.601,-42.401,7.300,3.200,0.500
'[00:00:02.468 01/01/2011]',-19.200,-48.201,-41.401,7.600,2.500,0.500
'[00:00:02.469 01/01/2011]',-18.100,-47.201,-40.601,8.500,1.700,0.500
'[00:00:02.470 01/01/2011]',-17.800,-46.601,-40.901,9.200,0.500,0.500
'[00:00:02.471 01/01/2011]',-18.100,-46.901,-42.501,9.300,-0.900,0.500
'[00:00:02.472 01/01/2011]',-18.500,-48.501,-45.201,8.700,-2.400,0.500
'[00:00:02.473 01/01/2011]',-18.700,-50.801,-48.001,7.900,-3.600,0.500
'[00:00:02.474 01/01/2011]',-18.300,-53.001,-50.001,7.500,-4.100,0.500
'[00:00:02.475 01/01/2011]',-17.800,-54.301,-50.701,8.200,-3.600,0.500
'[00:00:02.476 01/01/2011]',-17.700,-54.101,-50.401,9.900,-2.400,0.500
'[00:00:02.477 01/01/2011]',-18.500,-52.701,-49.701,11.800,-0.700,0.500
'[00:00:02.478 01/01/2011]',-19.800,-51.101,-49.301,13.300,1.300,0.500
'[00:00:02.479 01/01/2011]',-20.900,-49.901,-49.301,13.500,3.100,0.500
'[00:00:02.480 01/01/2011]',-21.000,-49.801,-49.401,12.600,4.600,0.500
'[00:00:02.481 01/01/2011]',-19.600,-50.601,-49.001,11.000,5.700,0.500
'[00:00:02.482 01/01/2011]',-17.300,-51.801,-47.701,9.900,6.500,0.500
'[00:00:02.483 01/01/2011]',-15.000,-52.601,-45.701,9.700,6.700,0.500
'[00:00:02.484 01/01/2011]',-14.000,-52.501,-43.701,10.700,6.500,0.500
'[00:00:02.485 01/01/2011]',-14.800,-51.601,-42.301,12.300,5.900,0.500
'[00:00:02.486 01/01/2011]',-16.800,-50.201,-41.901,13.400,5.000,0.500
'[00:00:02.487 01/01/2011]',-18.800,-49.001,-42.101,13.600,3.900,0.500
'[00:00:02.488 01/01/2011]',-19.600,-48.501,-42.501,12.500,3.000,0.500
'[00:00:02.489 01/01/2011]',-18.500,-48.901,-42.401,10.800,2.400,0.500
'[00:00:02.490 01/01/2011]',-16.100,-49.801,-41.701,9.100,2.300,0.500
'[00:00:02.491 01/01/2011]',-13.600,-50.501,-40.501,8.100,2.700,0.500
'[00:00:02.492 01/01/2011]',-12.300,-50.301,-39.101,7.800,3.400,0.500
'[00:00:02.493 01/01/2011]',-12.700,-48.901,-37.601,8.000,4.300,0.500
'[00:00:02.494 01/01/2011]',-14.300,-46.701,-36.201,8.100,5.000,0.500
'[00:00:02.495 01/01/2011]',-15.700,-44.401,-35.201,7.600,5.300,0.500
'[00:00:02.496 01/01/2011]',-15.900,-43.001,-34.701,6.600,5.200,0.500
'[00:00:02.497 01/01/2011]',-14.800,-42.901,-34.801,5.500,5.000,0.500
'[00:00:02.498 01/01/2011]',-13.100,-44.101,-35.201,4.900,4.900,0.500
'[00:00:02.499 01/01/2011]',-12.000,-45.701,-35.401,5.300,5.200,0.500
'[00:00:02.500 01/01/2011]',-11.700,-46.901,-34.901,6.700,6.000,0.500
'[00:00:02.501 01/01/2011]',-11.700,-46.801,-33.401,8.600,7.000,0.500
'[00:00:02.502 01/01/2011]',-10.900,-45.401,-31.100,10.300,7.700,0.500
'[00:00:02.503 01/01/2011]',-8.800,-43.501,-28.800,11.600,7.800,0.500
'[00:00:02.504 01/01/2011]',-6.200,-41.801,-27.500,12.300,7.300,0.500
'[00:00:02.505 01/01/2011]',-5.100,-40.901,-27.500,12.600,6.700,0.500
'[00:00:02.506 01/01/2011]',-6.800,-40.801,-28.500,12.900,6.200,0.500
'[00:00:02.507 01/01/2011]',-11.000,-40.901,-29.800,13.200,6.300,0.500
'[00:00:02.508 01/01/2011]',-15.700,-40.501,-30.600,13.200,6.800,0.500
'[00:00:02.509 01/01/2011]',-18.300,-39.301,-30.900,12.700,7.400,0.500
'[00:00:02.510 01/01/2011]',-17.400,-37.601,-30.800,11.500,7.700,0.500
'[00:00:02.511 01/01/2011]',-13.900,-36.001,-31.000,9.900,7.500,0.500
'[00:00:02.512 01/01/2011]',-10.500,-35.001,-31.400,8.300,6.900,0.500
'[00:00:02.513 01/01/2011]',-9.700,-34.901,-32.000,7.200,6.100,0.500
'[00:00:02.514 01/01/2011]',-12.500,-35.301,-32.200,6.800,5.500,0.500
'[00:00:02.515 01/01/2011]',-17.300,-35.801,-31.900,6.900,5.100,0.500
'[00:00:02.516 01/01/2011]',-21.000,-36.001,-30.900,7.500,4.900,0.500
'[00:00:02.517 01/01/2011]',-21.400,-35.701,-29.700,8.100,5.000,0.500
'[00:00:02.518 01/01/2011]',-18.500,-35.201,-28.700,8.700,5.200,0.500
'[00:00:02.519 01/01/2011]',-14.100,-34.701,-28.000,9.300,5.600,0.500
'[00:00:02.520 01/01/2011]',-10.800,-34.201,-27.600,9.900,6.200,0.500
'[00:00:02.521 01/01/2011]',-10.100,-33.801,-27.400,10.300,6.800,0.500
'[00:00:02.522 01/01/2011]',-11.800,-33.301,-27.400,10.500,7.300,0.500
'[00:00:02.523 01/01/2011]',-14.500,-32.801,-27.700,10.500,7.700,0.500
'[00:00:02.524 01/01/2011]',-16.500,-32.200,-28.400,10.500,7.900,0.500
'[00:00:02.525 01/01/2011]',-17.400,-31.800,-29.300,10.600,8.000,0.500
'[00:00:02.526 01/01/2011]',-17.200,-31.400,-29.900,10.800,8.000,0.500
'[00:00:02.527 01/01/2011]',-16.700,-31.200,-29.900,11.100,8.100,0.500
'[00:00:02.528 01/01/2011]',-16.300,-31.300,-29.300,11.100,8.100,0.500
'[00:00:02.529 01/01/2011]',-15.600,-31.800,-28.400,10.600,8.100,0.500
'[00:00:02.530 01/01/2011]',-14.200,-32.700,-27.500,9.700,7.700,0.500
'[00:00:02.531 01/01/2011]',-12.300,-33.901,-27.100,8.700,7.100,0.500
'[00:00:02.532 01/01/2011]',-10.300,-35.101,-27.400,8.100,6.400,0.500
'[00:00:02.533 01/01/2011]',-9.400,-36.001,-28.100,8.100,5.900,0.500
'[00:00:02.534 01/01/2011]',-10.100,-36.201,-28.900,8.500,5.800,0.500
'[00:00:02.535 01/01/2011]',-12.500,-35.801,-29.400,8.800,6.000,0.500
'[00:00:02.536 01/01/2011]',-15.300,-35.001,-29.300,8.700,6.300,0.500
'[00:00:02.537 01/01/2011]',-17.500,-34.301,-28.500,7.900,6.500,0.500
'[00:00:02.538 01/01/2011]',-18.200,-33.901,-27.100,7.000,6.500,0.500
'[00:00:02.539 01/01/2011]',-17.500,-33.801,-25.500,6.400,6.600,0.500
'[00:00:02.540 01/01/2011]',-16.000,-33.901,-23.900,6.600,6.900,0.500
'[00:00:02.541 01/01/2011]',-14.600,-33.901,-22.700,7.600,7.800,0.500
'[00:00:02.542 01/01/2011]',-13.700,-33.701,-22.100,9.000,9.200,0.500
'[00:00:02.543 01/01/2011]',-13.100,-33.301,-22.000,10.300,10.700,0.500
'[00:00:02.544 01/01/2011]',-12.500,-32.700,-22.300,11.200,11.900,0.500
'[00:00:02.545 01/01/2011]',-11.700,-31.900,-22.800,11.800,12.300,0.500
'[00:00:02.546 01/01/2011]',-11.000,-31.100,-23.100,12.100,12.100,0.500
'[00:00:02.547 01/01/2011]',-10.700,-30.100,-23.300,12.500,11.700,0.500
'[00:00:02.548 01/01/2011]',-11.200,-28.900,-23.500,13.100,11.700,0.500
'[00:00:02.549 01/01/2011]',-12.000,-27.600,-23.800,14.000,12.300,0.500
'[00:00:02.550 01/01/2011]',-12.400,-26.400,-24.200,15.200,13.600,0.500
'[00:00:02.551 01/01/2011]',-12.000,-25.300,-24.400,16.300,14.900,0.500
'[00:00:02.552 01/01/2011]',-10.700,-24.400,-24.200,17.300,15.700,0.500
'[00:00:02.553 01/01/2011]',-9.300,-23.500,-23.300,18.000,15.600,0.500
'[00:00:02.554 01/01/2011]',-8.000,-22.700,-21.900,18.300,15.100,0.500
'[00:00:02.555 01/01/2011]',-7.100,-22.000,-20.300,18.300,14.600,0.500
'[00:00:02.556 01/01/2011]',-6.100,-21.600,-18.900,18.000,14.800,0.500
'[00:00:02.557 01/01/2011]',-4.600,-21.400,-17.800,17.800,15.800,0.500
'[00:00:02.558 01/01/2011]',-3.200,-21.300,-17.200,17.900,17.400,0.500
'[00:00:02.559 01/01/2011]',-2.500,-21.200,-16.800,18.300,18.700,0.500
'[00:00:02.560 01/01/2011]',-3.400,-20.800,-16.500,18.700,18.900,0.500
'[00:00:02.561 01/01/2011]',-5.600,-20.100,-16.500,18.700,17.900,0.500
'[00:00:02.562 01/01/2011]',-7.900,-19.200,-16.900,18.200,16.300,0.500
'[00:00:02.563 01/01/2011]',-8.700,-18.400,-17.900,17.200,15.000,0.500
'[00:00:02.564 01/01/2011]',-7.900,-17.900,-19.200,16.100,14.900,0.500
'[00:00:02.565 01/01/2011]',-6.300,-17.900,-20.400,15.600,16.100,0.500
'[00:00:02.566 01/01/2011]',-6.000,-18.300,-20.800,15.900,18.000,0.500
'[00:00:02.567 01/01/2011]',-8.100,-19.000,-20.500,16.900,19.600,0.500
'[00:00:02.568 01/01/2011]',-12.100,-19.900,-19.700,18.400,20.300,0.500
'[00:00:02.569 01/01/2011]',-15.700,-20.900,-18.900,19.700,19.800,0.500
'[00:00:02.570 01/01/2011]',-16.700,-21.800,-18.700,20.500,18.700,0.500
'[00:00:02.571 01/01/2011]',-14.300,-22.300,-19.100,20.900,17.700,0.500
'[00:00:02.572 01/01/2011]',-9.900,-22.200,-20.000,20.800,17.300,0.500
'[00:00:02.573 01/01/2011]',-5.800,-21.200,-21.000,20.400,17.600,0.500
'[00:00:02.574 01/01/2011]',-4.000,-19.900,-21.800,19.700,18.000,0.500
'[00:00:02.575 01/01/2011]',-4.700,-18.800,-22.400,18.900,18.100,0.500
'[00:00:02.576 01/01/2011]',-6.500,-18.500,-23.000,18.200,17.900,0.500
'[00:00:02.577 01/01/2011]',-7.600,-19.300,-23.400,17.800,17.400,0.500
'[00:00:02.578 01/01/2011]',-7.200,-20.900,-23.700,18.100,17.100,0.500
'[00:00:02.579 01/01/2011]',-5.500,-22.500,-23.600,19.000,17.100,0.500
'[00:00:02.580 01/01/2011]',-3.800,-23.400,-23.100,20.100,17.600,0.500
'[00:00:02.581 01/01/2011]',-3.000,-23.100,-22.600,21.100,18.000,0.500
'[00:00:02.582 01/01/2011]',-3.300,-21.900,-22.200,21.500,18.300,0.500
'[00:00:02.583 01/01/2011]',-4.500,-20.200,-22.300,21.200,18.100,0.500
'[00:00:02.584 01/01/2011]',-5.700,-18.900,-22.900,20.500,17.600,0.500
'[00:00:02.585 01/01/2011]',-6.400,-18.100,-23.700,19.800,17.000,0.500
'[00:00:02.586 01/01/2011]',-6.200,-17.600,-24.400,19.400,16.500,0.500
'[00:00:02.587 01/01/2011]',-5.200,-16.900,-24.800,19.100,16.300,0.500
'[00:00:02.588 01/01/2011]',-3.600,-15.800,-24.800,18.800,16.300,0.500
'[00:00:02.589 01/01/2011]',-2.000,-14.300,-24.500,18.300,16.600,0.500
'[00:00:02.590 01/01/2011]',-1.300,-12.900,-23.900,17.800,17.000,0.500
'[00:00:02.591 01/01/2011]',-2.000,-12.000,-23.100,17.700,17.500,0.500
'[00:00:02.592 01/01/2011]',-4.000,-11.700,-22.200,18.200,17.900,0.500
'[00:00:02.593 01/01/2011]',-6.300,-11.700,-21.100,19.400,18.100,0.500
'[00:00:02.594 01/01/2011]',-7.500,-11.800,-20.200,20.700,18.100,0.500
'[00:00:02.595 01/01/2011]',-6.900,-11.500,-19.400,21.600,17.700,0.500
'[00:00:02.596 01/01/2011]',-4.900,-10.900,-18.800,21.600,17.200,0.500
'[00:00:02.597 01/01/2011]',-2.500,-10.100,-18.100,20.900,16.800,0.500
'[00:00:02.598 01/01/2011]',-1.100,-9.200,-17.200,20.200,17.000,0.500
'[00:00:02.599 01/01/2011]',-0.800,-8.200,-15.800,20.100,17.900,0.500
'[00:00:02.600 01/01/2011]',-1.000,-6.800,-13.900,21.100,19.600,0.500
'[00:00:02.601 01/01/2011]',-0.400,-4.800,-12.000,23.000,21.400,0.500
'[00:00:02.602 01/01/2011]',1.100,-2.500,-10.500,24.800,22.900,0.500
'[00:00:02.603 01/01/2011]',2.800,-0.500,-10.000,25.800,23.300,0.500
'[00:00:02.604 01/01/2011]',3.400,0.400,-10.800,25.500,22.600,0.500
'[00:00:02.605 01/01/2011]',2.000,-0.100,-12.600,23.800,21.000,0.500
'[00:00:02.606 01/01/2011]',-1.000,-1.800,-14.900,21.500,19.000,0.500
'[00:00:02.607 01/01/2011]',-4.200,-4.000,-17.000,19.500,17.100,0.500
'[00:00:02.608 01/01/2011]',-6.300,-5.700,-18.300,18.300,15.700,0.500
'[00:00:02.609 01/01/2011]',-6.400,-6.400,-18.500,18.300,14.800,0.500
'[00:00:02.610 01/01/2011]',-5.000,-5.900,-18.000,19.200,14.700,0.500
'[00:00:02.611 01/01/2011]',-3.200,-4.700,-17.100,20.700,15.400,0.500
'[00:00:02.612 01/01/2011]',-2.100,-3.600,-16.400,22.400,16.900,0.500
'[00:00:02.613 01/01/2011]',-2.200,-2.800,-16.100,24.000,19.100,0.500
'[00:00:02.614 01/01/2011]',-3.500,-2.300,-16.100,25.200,21.400,0.500
'[00:00:02.615 01/01/2011]',-5.500,-2.000,-16.200,26.000,23.400,0.500
'[00:00:02.616 01/01/2011]',-7.600,-1.700,-16.000,26.200,24.500,0.500
'[00:00:02.617 01/01/2011]',-9.300,-1.200,-15.400,26.100,24.700,0.500
'[00:00:02.618 01/01/2011]',-10.000,-0.900,-14.700,25.700,24.400,0.500
'[00:00:02.619 01/01/2011]',-9.600,-1.000,-14.400,25.400,23.800,0.500
'[00:00:02.620 01/01/2011]',-8.400,-1.700,-14.900,25.300,23.500,0.500
'[00:00:02.621 01/01/2011]',-7.100,-2.800,-16.500,25.100,23.200,0.500
'[00:00:02.622 01/01/2011]',-6.800,-4.200,-19.100,24.800,22.600,0.500
'[00:00:02.623 01/01/2011]',-7.700,-5.700,-21.800,23.900,21.700,0.500
'[00:00:02.624 01/01/2011]',-9.700,-7.100,-24.000,22.700,20.400,0.500
'[00:00:02.625 01/01/2011]',-11.600,-8.500,-25.000,21.400,19.300,0.500
'[00:00:02.626 01/01/2011]',-12.200,-9.600,-24.400,20.300,18.900,0.500
'[00:00:02.627 01/01/2011]',-11.300,-10.500,-22.600,20.100,19.300,0.500
'[00:00:02.628 01/01/2011]',-9.200,-10.900,-20.200,20.600,20.300,0.500
'[00:00:02.629 01/01/2011]',-7.500,-10.900,-17.800,21.900,21.500,0.500
'[00:00:02.630 01/01/2011]',-7.200,-10.700,-16.200,23.300,22.300,0.500
'[00:00:02.631 01/01/2011]',-8.800,-10.500,-15.400,24.600,22.600,0.500
'[00:00:02.632 01/01/2011]',-11.400,-10.300,-15.200,25.400,22.600,0.500
'[00:00:02.633 01/01/2011]',-13.800,-10.100,-15.500,25.600,22.600,0.500
'[00:00:02.634 01/01/2011]',-14.700,-9.500,-16.000,25.400,22.900,0.500
'[00:00:02.635 01/01/2011]',-13.900,-8.500,-16.900,24.800,23.200,0.500
'[00:00:02.636 01/01/2011]',-11.900,-7.300,-18.200,24.000,23.300,0.500
'[00:00:02.637 01/01/2011]',-10.100,-6.300,-19.700,23.300,23.100,0.500
'[00:00:02.638 01/01/2011]',-9.400,-5.500,-21.200,22.900,22.700,0.500
'[00:00:02.639 01/01/2011]',-10.200,-4.900,-22.000,23.100,22.200,0.500
'[00:00:02.640 01/01/2011]',-12.100,-4.100,-21.900,23.800,21.800,0.500
'[00:00:02.641 01/01/2011]',-14.300,-2.900,-21.000,24.600,21.500,0.500
'[00:00:02.642 01/01/2011]',-15.700,-1.600,-20.100,25.100,21.000,0.500
'[00:00:02.643 01/01/2011]',-15.700,-0.700,-19.600,24.600,19.900,0.500
'[00:00:02.644 01/01/2011]',-14.200,-0.700,-19.800,23.400,18.300,0.500
'[00:00:02.645 01/01/2011]',-11.900,-1.600,-20.400,21.800,16.600,0.500
'[00:00:02.646 01/01/2011]',-9.500,-2.600,-20.500,20.800,15.400,0.500
'[00:00:02.647 01/01/2011]',-8.000,-2.800,-19.600,20.700,15.200,0.500
'[00:00:02.648 01/01/2011]',-7.700,-1.800,-17.500,21.700,15.900,0.500
'[00:00:02.649 01/01/2011]',-8.400,0.100,-15.000,23.200,17.300,0.500
'[00:00:02.650 01/01/2011]',-9.500,1.900,-13.000,24.300,18.700,0.500
'[00:00:02.651 01/01/2011]',-10.500,2.600,-12.100,24.600,19.700,0.500
'[00:00:02.652 01/01/2011]',-10.900,2.000,-12.300,23.900,20.200,0.500
'[00:00:02.653 01/01/2011]',-10.700,0.800,-12.900,22.700,20.600,0.500
'[00:00:02.654 01/01/2011]',-10.000,0.200,-13.200,21.800,21.200,0.500
'[00:00:02.655 01/01/2011]',-9.200,0.800,-12.800,21.400,22.200,0.500
'[00:00:02.656 01/01/2011]',-8.600,2.600,-11.900,21.600,23.600,0.500
'[00:00:02.657 01/01/2011]',-8.400,4.600,-11.200,22.000,24.800,0.500
'[00:00:02.658 01/01/2011]',-8.500,5.400,-11.200,22.200,25.600,0.500
'[00:00:02.659 01/01/2011]',-8.900,4.500,-12.100,22.400,25.800,0.500
'[00:00:02.660 01/01/2011]',-9.600,2.100,-13.400,22.700,25.600,0.500
'[00:00:02.661 01/01/2011]',-10.300,-0.600,-14.300,23.400,25.400,0.500
'[00:00:02.662 01/01/2011]',-10.800,-2.300,-14.600,24.400,25.500,0.500
'[00:00:02.663 01/01/2011]',-10.500,-2.400,-14.000,25.300,25.700,0.500
'[00:00:02.664 01/01/2011]',-9.400,-1.200,-12.900,25.600,26.000,0.500
'[00:00:02.665 01/01/2011]',-7.500,0.400,-11.700,25.000,26.000,0.500
'[00:00:02.666 01/01/2011]',-5.100,1.700,-10.600,23.900,25.600,0.500
'[00:00:02.667 01/01/2011]',-2.900,2.300,-9.800,23.000,25.000,0.500
'[00:00:02.668 01/01/2011]',-1.500,2.400,-8.900,23.000,24.500,0.500
'[00:00:02.669 01/01/2011]',-1.300,2.700,-8.100,24.000,24.400,0.500
'[00:00:02.670 01/01/2011]',-2.400,3.700,-7.200,25.700,24.800,0.500
'[00:00:02.671 01/01/2011]',-4.600,5.300,-6.700,27.300,25.600,0.500
'[00:00:02.672 01/01/2011]',-7.100,7.200,-6.700,28.000,26.200,0.500
'[00:00:02.673 01/01/2011]',-9.400,8.800,-7.200,27.600,26.300,0.500
'[00:00:02.674 01/01/2011]',-10.600,9.700,-7.900,26.300,25.900,0.500
'[00:00:02.675 01/01/2011]',-10.200,9.800,-8.400,25.100,25.200,0.500
'[00:00:02.676 01/01/2011]',-8.300,9.600,-8.400,24.700,24.800,0.500
'[00:00:02.677 01/01/2011]',-5.800,9.400,-7.600,25.400,25.000,0.500
'[00:00:02.678 01/01/2011]',-3.600,9.500,-6.300,27.000,26.100,0.500
'[00:00:02.679 01/01/2011]',-2.900,10.100,-4.900,28.800,27.600,0.500
'[00:00:02.680 01/01/2011]',-4.000,10.800,-3.800,30.100,29.000,0.500
'[00:00:02.681 01/01/2011]',-6.500,11.500,-3.300,30.600,29.800,0.500
'[00:00:02.682 01/01/2011]',-9.200,11.800,-3.600,30.200,29.800,0.500
'[00:00:02.683 01/01/2011]',-10.800,11.900,-4.300,29.300,29.300,0.500
'[00:00:02.684 01/01/2011]',-10.700,11.900,-5.000,28.400,28.800,0.500
'[00:00:02.685 01/01/2011]',-9.000,12.000,-5.200,27.800,28.600,0.500
'[00:00:02.686 01/01/2011]',-6.500,12.500,-4.700,27.600,28.800,0.500
'[00:00:02.687 01/01/2011]',-4.000,13.200,-3.500,27.500,29.300,0.500
'[00:00:02.688 01/01/2011]',-2.500,14.100,-2.300,27.400,30.000,0.500
'[00:00:02.689 01/01/2011]',-2.100,14.900,-1.200,27.100,30.800,0.500
'[00:00:02.690 01/01/2011]',-2.800,15.500,-0.700,26.600,31.700,0.500
'[00:00:02.691 01/01/2011]',-4.200,15.800,-0.700,26.200,32.700,0.500
'[00:00:02.692 01/01/2011]',-5.600,16.100,-0.800,26.000,33.701,0.500
'[00:00:02.693 01/01/2011]',-6.800,16.500,-0.700,26.200,34.301,0.500
'[00:00:02.694 01/01/2011]',-7.300,16.900,-0.200,26.800,34.401,0.500
'[00:00:02.695 01/01/2011]',-7.300,17.400,0.600,27.400,33.901,0.500
'[00:00:02.696 01/01/2011]',-7.000,18.000,1.500,28.000,33.201,0.500
'[00:00:02.697 01/01/2011]',-6.400,18.800,2.400,28.500,32.600,0.500
'[00:00:02.698 01/01/2011]',-5.800,20.000,3.000,28.900,32.400,0.500
'[00:00:02.699 01/01/2011]',-5.000,21.500,3.400,29.100,32.700,0.500
'[00:00:02.700 01/01/2011]',-4.000,23.300,3.800,29.000,33.201,0.500
'[00:00:02.701 01/01/2011]',-2.800,25.100,4.100,28.800,33.401,0.500
'[00:00:02.702 01/01/2011]',-1.800,26.400,4.300,28.500,33.301,0.500
'[00:00:02.703 01/01/2011]',-1.600,26.900,4.100,28.200,32.801,0.500
'[00:00:02.704 01/01/2011]',-2.200,26.300,3.500,28.000,32.100,0.500
'[00:00:02.705 01/01/2011]',-3.300,24.800,2.500,27.900,31.600,0.500
'[00:00:02.706 01/01/2011]',-4.100,22.900,1.600,28.000,31.400,0.500
'[00:00:02.707 01/01/2011]',-3.600,21.200,1.000,28.200,31.700,0.500
'[00:00:02.708 01/01/2011]',-1.500,20.300,1.100,28.400,32.300,0.500
'[00:00:02.709 01/01/2011]',1.600,20.300,1.800,29.000,33.201,0.500
'[00:00:02.710 01/01/2011]',4.400,21.200,2.700,29.700,34.201,0.500
'[00:00:02.711 01/01/2011]',6.000,22.500,3.500,30.600,35.101,0.500
'[00:00:02.712 01/01/2011]',6.100,23.800,3.700,31.400,35.801,0.500
'[00:00:02.713 01/01/2011]',5.300,24.300,3.500,31.900,36.301,0.500
'[00:00:02.714 01/01/2011]',4.700,24.200,3.200,32.000,36.601,0.500
'[00:00:02.715 01/01/2011]',5.000,23.700,3.000,32.000,37.001,0.500
'[00:00:02.716 01/01/2011]',6.200,23.500,3.400,32.200,37.601,0.500
'[00:00:02.717 01/01/2011]',7.800,24.000,4.000,32.700,38.501,0.500
'[00:00:02.718 01/01/2011]',9.300,25.300,4.600,33.201,39.301,0.500
'[00:00:02.719 01/01/2011]',10.200,27.100,4.700,33.301,39.901,0.500
'[00:00:02.720 01/01/2011]',10.600,28.700,4.200,32.801,39.901,0.500
'[00:00:02.721 01/01/2011]',10.900,29.500,3.100,31.600,39.401,0.500
'[00:00:02.722 01/01/2011]',11.300,29.400,2.000,30.400,38.501,0.500
'[00:00:02.723 01/01/2011]',12.000,28.900,1.500,29.700,37.901,0.500
'[00:00:02.724 01/01/2011]',13.000,28.400,1.800,30.000,37.901,0.500
'[00:00:02.725 01/01/2011]',14.100,28.500,3.100,31.100,38.701,0.500
'[00:00:02.726 01/01/2011]',15.300,29.400,5.000,32.801,40.001,0.500
'[00:00:02.727 01/01/2011]',16.600,30.900,7.100,34.401,41.501,0.500
'[00:00:02.728 01/01/2011]',18.200,32.700,8.600,35.701,42.601,0.500
'[00:00:02.729 01/01/2011]',20.300,34.401,9.100,36.501,43.201,0.500
'[00:00:02.730 01/01/2011]',22.800,35.401,8.600,37.001,43.401,0.500
'[00:00:02.731 01/01/2011]',25.200,35.601,7.100,37.401,43.401,0.500
'[00:00:02.732 01/01/2011]',26.700,35.001,5.500,37.801,43.501,0.500
'[00:00:02.733 01/01/2011]',26.400,33.901,4.300,38.201,43.901,0.500
'[00:00:02.734 01/01/2011]',23.900,32.801,4.200,38.601,44.501,0.500
'[00:00:02.735 01/01/2011]',19.900,32.100,5.400,38.901,45.001,0.500
'[00:00:02.736 01/01/2011]',15.600,32.000,7.500,39.101,45.301,0.500
'[00:00:02.737 01/01/2011]',12.800,32.400,9.700,39.001,45.501,0.500
'[00:00:02.738 01/01/2011]',12.100,32.700,11.100,38.701,45.601,0.500
'[00:00:02.739 01/01/2011]',13.200,32.500,11.200,38.101,45.801,0.500
'[00:00:02.740 01/01/2011]',14.900,31.600,10.100,37.301,46.001,0.500
'[00:00:02.741 01/01/2011]',16.100,30.100,8.500,36.701,46.201,0.500
'[00:00:02.742 01/01/2011]',16.300,28.700,7.100,36.401,46.501,0.500
'[00:00:02.743 01/01/2011]',15.700,27.900,6.600,36.701,46.701,0.500
'[00:00:02.744 01/01/2011]',14.900,28.300,7.200,37.301,47.101,0.500
'[00:00:02.745 01/01/2011]',13.900,29.600,8.700,38.101,47.701,0.500
'[00:00:02.746 01/01/2011]',12.500,31.700,10.500,38.901,48.601,0.500
'[00:00:02.747 01/01/2011]',10.300,34.001,12.100,39.601,49.501,0.500
'[00:00:02.748 01/01/2011]',7.800,36.101,13.300,40.301,50.401,0.500
'[00:00:02.749 01/01/2011]',6.300,37.701,14.000,41.101,51.201,0.500
'[00:00:02.750 01/01/2011]',6.900,38.801,14.500,42.101,51.901,0.500
'[00:00:02.751 01/01/2011]',9.800,39.801,15.200,43.101,52.501,0.500
'[00:00:02.752 01/01/2011]',13.500,41.101,16.000,43.801,53.001,0.500
'[00:00:02.753 01/01/2011]',15.500,42.901,16.900,44.001,53.201,0.500
'[00:00:02.754 01/01/2011]',14.100,45.101,17.500,43.401,52.701,0.500
'[00:00:02.755 01/01/2011]',9.500,47.401,17.400,42.001,51.501,0.500
'[00:00:02.756 01/01/2011]',3.700,48.901,16.500,40.101,49.401,0.500
'[00:00:02.757 01/01/2011]',-0.500,49.201,15.000,38.001,47.001,0.500
'[00:00:02.758 01/01/2011]',-1.400,48.401,13.500,36.301,44.701,0.500
'[00:00:02.759 01/01/2011]',0.900,46.901,12.400,35.301,43.201,0.500
'[00:00:02.760 01/01/2011]',4.200,45.601,12.000,34.901,42.801,0.500
'[00:00:02.761 01/01/2011]',6.500,45.301,12.300,35.001,43.101,0.500
'[00:00:02.762 01/01/2011]',6.400,45.901,12.800,35.201,44.001,0.500
'[00:00:02.763 01/01/2011]',4.300,47.001,13.500,35.301,44.901,0.500
'[00:00:02.764 01/01/2011]',1.600,48.101,13.900,35.401,45.601,0.500
'[00:00:02.765 01/01/2011]',-0.600,48.401,14.100,35.601,46.301,0.500
'[00:00:02.766 01/01/2011]',-1.800,47.901,14.100,36.101,46.901,0.500
'[00:00:02.767 01/01/2011]',-2.500,46.901,13.900,36.801,47.501,0.500
'[00:00:02.768 01/01/2011]',-3.000,45.701,13.400,37.501,48.301,0.500
'[00:00:02.769 01/01/2011]',-3.200,44.701,12.700,37.601,49.101,0.500
'[00:00:02.770 01/01/2011]',-2.700,44.101,11.700,37.101,49.601,0.500
'[00:00:02.771 01/01/2011]',-1.500,43.901,10.600,36.101,49.701,0.500
'[00:00:02.772 01/01/2011]',-0.200,43.701,9.500,35.101,49.501,0.500
'[00:00:02.773 01/01/2011]',0.200,43.301,8.400,34.501,48.801,0.500
'[00:00:02.774 01/01/2011]',-1.300,42.301,7.400,34.401,47.901,0.500
'[00:00:02.775 01/01/2011]',-4.400,40.601,6.500,34.901,46.901,0.500
'[00:00:02.776 01/01/2011]',-7.600,38.401,5.900,35.501,46.001,0.500
'[00:00:02.777 01/01/2011]',-9.300,36.101,5.800,36.001,45.601,0.500
'[00:00:02.778 01/01/2011]',-8.500,34.501,6.200,36.301,45.701,0.500
'[00:00:02.779 01/01/2011]',-5.700,33.901,6.900,36.601,46.501,0.500
'[00:00:02.780 01/01/2011]',-2.500,34.101,7.700,36.701,47.601,0.500
'[00:00:02.781 01/01/2011]',-0.900,34.701,7.900,36.701,48.501,0.500
'[00:00:02.782 01/01/2011]',-1.700,35.201,7.300,36.701,49.101,0.500
'[00:00:02.783 01/01/2011]',-4.200,35.301,6.000,36.501,49.101,0.500
'[00:00:02.784 01/01/2011]',-6.900,35.201,4.400,36.201,48.901,0.500
'[00:00:02.785 01/01/2011]',-8.500,35.201,2.800,36.001,48.901,0.500
'[00:00:02.786 01/01/2011]',-8.600,35.801,1.400,36.101,49.401,0.500
'[00:00:02.787 01/01/2011]',-8.100,37.101,0.300,36.501,50.301,0.500
'[00:00:02.788 01/01/2011]',-8.000,38.701,-0.400,37.101,51.301,0.500
'[00:00:02.789 01/01/2011]',-8.600,40.601,-0.700,37.901,52.301,0.500
'[00:00:02.790 01/01/2011]',-9.700,42.501,-0.400,38.601,53.001,0.500
'[00:00:02.791 01/01/2011]',-10.300,44.701,0.600,39.201,53.601,0.500
'[00:00:02.792 01/01/2011]',-9.900,47.101,2.200,39.901,54.101,0.500
'[00:00:02.793 01/01/2011]',-8.700,49.601,4.300,40.501,54.801,0.500
'[00:00:02.794 01/01/2011]',-7.600,51.501,6.300,41.001,55.401,0.500
'[00:00:02.795 01/01/2011]',-7.200,52.501,7.800,41.301,55.801,0.500
'[00:00:02.796 01/01/2011]',-7.400,52.301,8.800,41.501,55.701,0.500
'[00:00:02.797 01/01/2011]',-7.300,51.501,9.500,41.601,55.301,0.500
'[00:00:02.798 01/01/2011]',-6.400,50.701,10.400,41.801,55.001,0.500
'[00:00:02.799 01/01/2011]',-4.700,50.501,11.700,42.101,55.201,0.500
'[00:00:02.800 01/01/2011]',-3.300,51.101,13.300,42.601,55.801,0.500
'[00:00:02.801 01/01/2011]',-3.500,52.301,15.100,43.201,56.601,0.500
'[00:00:02.802 01/01/2011]',-5.800,53.701,16.700,43.901,57.301,0.500
'[00:00:02.803 01/01/2011]',-9.200,54.801,18.100,44.501,57.701,0.500
'[00:00:02.804 01/01/2011]',-11.700,55.801,19.400,45.301,57.901,0.500
'[00:00:02.805 01/01/2011]',-11.600,57.001,20.800,46.301,58.301,0.500
'[00:00:02.806 01/01/2011]',-8.700,58.601,22.200,47.401,59.101,0.500
'[00:00:02.807 01/01/2011]',-4.600,60.401,23.300,48.401,60.401,0.500
'[00:00:02.808 01/01/2011]',-1.500,62.301,23.800,49.201,61.701,0.500
'[00:00:02.809 01/01/2011]',-1.200,63.801,23.400,49.501,62.501,0.500
'[00:00:02.810 01/01/2011]',-3.800,64.901,22.700,49.201,62.601,0.500
'[00:00:02.811 01/01/2011]',-7.900,65.501,22.300,48.701,61.901,0.500
'[00:00:02.812 01/01/2011]',-11.500,65.901,22.900,48.001,61.001,0.500
'[00:00:02.813 01/01/2011]',-13.200,66.001,24.300,47.601,60.301,0.500
'[00:00:02.814 01/01/2011]',-12.800,65.801,25.900,47.501,60.401,0.500
'[00:00:02.815 01/01/2011]',-11.000,65.401,27.000,48.101,61.301,0.500
'[00:00:02.816 01/01/2011]',-8.900,65.001,26.800,49.201,63.001,0.500
'[00:00:02.817 01/01/2011]',-7.100,65.301,25.700,50.701,65.101,0.500
'[00:00:02.818 01/01/2011]',-6.000,66.501,24.500,52.401,66.901,0.500
'[00:00:02.819 01/01/2011]',-5.700,68.801,24.200,53.701,68.101,0.500
'[00:00:02.820 01/01/2011]',-6.400,71.601,25.200,54.201,68.401,0.500
'[00:00:02.821 01/01/2011]',-8.300,73.901,27.200,53.601,67.801,0.500
'[00:00:02.822 01/01/2011]',-10.700,74.901,29.100,52.001,66.601,0.500
'[00:00:02.823 01/01/2011]',-12.600,74.401,29.800,49.701,65.301,0.500
'[00:00:02.824 01/01/2011]',-13.000,72.901,28.900,47.501,64.301,0.500
'[00:00:02.825 01/01/2011]',-11.400,71.301,27.100,46.001,63.801,0.500
'[00:00:02.826 01/01/2011]',-8.400,70.501,25.400,45.501,63.901,0.500
'[00:00:02.827 01/01/2011]',-5.500,70.801,24.900,46.001,64.301,0.500
'[00:00:02.828 01/01/2011]',-4.200,72.201,26.100,46.901,65.001,0.500
'[00:00:02.829 01/01/2011]',-4.900,74.101,28.500,47.901,65.901,0.500
'[00:00:02.830 01/01/2011]',-7.400,76.101,31.400,48.801,66.901,0.500
'[00:00:02.831 01/01/2011]',-10.200,78.101,33.901,49.601,68.001,0.500
'[00:00:02.832 01/01/2011]',-12.200,79.801,35.601,50.601,69.101,0.500
'[00:00:02.833 01/01/2011]',-12.700,81.301,36.401,51.601,70.101,0.500
'[00:00:02.834 01/01/2011]',-11.900,82.301,36.701,52.601,70.901,0.500
'[00:00:02.835 01/01/2011]',-10.200,82.601,36.601,53.301,71.501,0.500
'[00:00:02.836 01/01/2011]',-8.500,81.801,36.401,53.501,72.001,0.500
'[00:00:02.837 01/01/2011]',-7.400,80.301,36.101,53.201,72.501,0.500
'[00:00:02.838 01/01/2011]',-6.900,78.501,35.801,52.701,73.001,0.500
'[00:00:02.839 01/01/2011]',-7.100,77.101,35.401,52.401,73.401,0.500
'[00:00:02.840 01/01/2011]',-7.300,76.501,35.201,52.501,73.601,0.500
'[00:00:02.841 01/01/2011]',-7.000,76.801,35.001,53.001,73.601,0.500
'[00:00:02.842 01/01/2011]',-5.800,77.801,35.001,53.901,73.601,0.500
'[00:00:02.843 01/01/2011]',-3.400,78.901,35.001,55.201,73.901,0.500
'[00:00:02.844 01/01/2011]',-0.700,79.901,34.901,56.501,74.501,0.500
'[00:00:02.845 01/01/2011]',1.700,80.801,34.601,57.801,75.501,0.500
'[00:00:02.846 01/01/2011]',2.700,81.501,34.101,58.601,76.401,0.500
'[00:00:02.847 01/01/2011]',2.100,82.301,33.401,58.701,76.901,0.500
'[00:00:02.848 01/01/2011]',0.500,83.001,32.901,58.101,76.901,0.500
'[00:00:02.849 01/01/2011]',-1.100,83.701,32.901,56.901,76.501,0.500
'[00:00:02.850 01/01/2011]',-2.000,84.301,33.701,55.601,76.001,0.500
'[00:00:02.851 01/01/2011]',-1.700,84.901,35.301,54.801,75.801,0.500
'[00:00:02.852 01/01/2011]',-0.800,85.301,37.301,54.601,75.901,0.500
'[00:00:02.853 01/01/2011]',0.000,85.501,39.001,54.701,75.801,0.500
'[00:00:02.854 01/01/2011]',0.000,85.401,39.501,54.801,75.401,0.500
'[00:00:02.855 01/01/2011]',-1.100,85.001,38.901,54.601,74.501,0.500
'[00:00:02.856 01/01/2011]',-2.800,84.701,37.501,54.301,73.501,0.500
'[00:00:02.857 01/01/2011]',-4.600,84.801,36.201,54.301,73.001,0.500
'[00:00:02.858 01/01/2011]',-5.700,85.901,35.801,55.401,73.701,0.500
'[00:00:02.859 01/01/2011]',-5.800,88.201,36.801,57.601,75.901,0.500
'[00:00:02.860 01/01/2011]',-4.300,91.901,38.901,60.801,79.301,0.500
'[00:00:02.861 01/01/2011]',-1.100,96.501,41.801,64.101,83.401,0.500
'[00:00:02.862 01/01/2011]',4.100,101.402,44.701,67.201,87.401,0.500
'[00:00:02.863 01/01/2011]',11.200,105.902,47.401,69.801,90.901,0.500
'[00:00:02.864 01/01/2011]',19.500,109.502,49.901,72.001,94.001,0.500
'[00:00:02.865 01/01/2011]',28.300,112.502,52.501,74.501,97.101,0.500
'[00:00:02.866 01/01/2011]',37.001,115.502,55.801,78.001,100.902,0.500
'[00:00:02.867 01/01/2011]',46.101,119.202,60.201,82.601,106.102,0.500
'[00:00:02.868 01/01/2011]',56.701,124.002,65.901,88.301,112.802,0.500
'[00:00:02.869 01/01/2011]',70.701,129.702,72.701,94.501,120.702,0.500
'[00:00:02.870 01/01/2011]',88.701,135.402,79.901,100.202,129.002,0.500
'[00:00:02.871 01/01/2011]',109.802,139.802,86.101,104.602,136.702,0.500
'[00:00:02.872 01/01/2011]',131.002,142.102,90.301,107.002,142.602,0.500
'[00:00:02.873 01/01/2011]',148.202,141.802,91.601,107.402,146.002,0.500
'[00:00:02.874 01/01/2011]',157.902,139.102,90.401,106.102,146.902,0.500
'[00:00:02.875 01/01/2011]',158.802,134.602,87.501,103.702,145.702,0.500
'[00:00:02.876 01/01/2011]',151.702,128.902,84.001,100.802,143.202,0.500
'[00:00:02.877 01/01/2011]',139.202,122.502,80.701,97.801,140.402,0.500
'[00:00:02.878 01/01/2011]',123.602,115.502,77.701,94.501,137.702,0.500
'[00:00:02.879 01/01/2011]',105.802,107.702,74.501,90.801,135.102,0.500
'[00:00:02.880 01/01/2011]',85.301,99.202,70.501,86.601,132.102,0.500
'[00:00:02.881 01/01/2011]',60.801,90.301,65.701,81.801,128.102,0.500
'[00:00:02.882 01/01/2011]',31.900,81.401,60.501,76.901,123.202,0.500
'[00:00:02.883 01/01/2011]',-0.100,73.101,55.501,72.301,117.802,0.500
'[00:00:02.884 01/01/2011]',-32.000,66.001,51.401,68.301,112.902,0.500
'[00:00:02.885 01/01/2011]',-60.101,60.101,48.301,64.901,109.302,0.500
'[00:00:02.886 01/01/2011]',-81.701,55.101,45.701,62.001,107.102,0.500
'[00:00:02.887 01/01/2011]',-96.001,50.501,43.101,59.201,106.102,0.500
'[00:00:02.888 01/01/2011]',-103.902,45.801,40.101,56.301,105.502,0.500
'[00:00:02.889 01/01/2011]',-107.402,40.901,36.901,53.601,104.702,0.500
'[00:00:02.890 01/01/2011]',-108.102,36.301,34.001,51.501,103.702,0.500
'[00:00:02.891 01/01/2011]',-106.102,32.500,32.100,50.401,103.002,0.500
'[00:00:02.892 01/01/2011]',-101.002,30.300,31.600,50.901,103.402,0.500
'[00:00:02.893 01/01/2011]',-91.701,30.000,32.500,52.801,105.202,0.500
'[00:00:02.894 01/01/2011]',-78.501,31.600,34.701,55.801,108.302,0.500
'[00:00:02.895 01/01/2011]',-62.801,34.801,37.401,58.901,111.902,0.500
'[00:00:02.896 01/01/2011]',-47.101,38.901,40.301,61.501,115.102,0.500
'[00:00:02.897 01/01/2011]',-33.701,43.601,42.801,63.101,117.102,0.500
'[00:00:02.898 01/01/2011]',-24.000,48.601,44.901,63.401,117.502,0.500
'[00:00:02.899 01/01/2011]',-17.500,53.701,46.501,62.701,116.202,0.500
'[00:00:02.900 01/01/2011]',-13.000,58.701,47.501,61.301,113.202,0.500
'[00:00:02.901 01/01/2011]',-9.200,63.601,47.701,59.101,108.602,0.500
'[00:00:02.902 01/01/2011]',-5.700,68.101,47.001,56.101,102.402,0.500
'[00:00:02.903 01/01/2011]',-2.800,72.301,45.301,52.101,94.901,0.500
'[00:00:02.904 01/01/2011]',-1.000,76.501,43.101,47.501,86.901,0.500
'[00:00:02.905 01/01/2011]',-0.500,80.801,40.901,42.601,79.101,0.500
'[00:00:02.906 01/01/2011]',-0.400,85.301,39.301,38.201,72.301,0.500
'[00:00:02.907 01/01/2011]',0.200,89.901,38.801,35.001,66.801,0.500
'[00:00:02.908 01/01/2011]',1.800,94.201,39.201,33.301,62.801,0.500
'[00:00:02.909 01/01/2011]',4.000,97.801,40.101,33.001,60.001,0.500
'[00:00:02.910 01/01/2011]',5.600,100.502,41.101,33.501,58.301,0.500
'[00:00:02.911 01/01/2011]',5.800,102.102,41.801,34.401,57.401,0.500
'[00:00:02.912 01/01/2011]',4.600,103.102,42.201,35.301,57.201,0.500
'[00:00:02.913 01/01/2011]',3.200,103.602,42.501,35.801,57.501,0.500
'[00:00:02.914 01/01/2011]',3.100,104.102,42.701,36.001,57.901,0.500
'[00:00:02.915 01/01/2011]',4.900,104.602,42.801,35.901,58.301,0.500
'[00:00:02.916 01/01/2011]',7.800,105.102,42.801,35.801,58.601,0.500
'[00:00:02.917 01/01/2011]',10.100,105.502,42.701,36.101,59.001,0.500
'[00:00:02.918 01/01/2011]',10.500,106.202,43.001,36.901,60.101,0.500
'[00:00:02.919 01/01/2011]',8.600,107.202,44.201,38.601,62.301,0.500
'[00:00:02.920 01/01/2011]',5.700,109.002,46.501,41.001,65.601,0.500
'[00:00:02.921 01/01/2011]',3.700,111.402,49.901,43.901,69.401,0.500
'[00:00:02.922 01/01/2011]',3.800,114.302,53.701,46.901,73.201,0.500
'[00:00:02.923 01/01/2011]',5.800,116.902,56.901,49.501,76.301,0.500
'[00:00:02.924 01/01/2011]',8.300,118.902,59.001,51.501,78.301,0.500
'[00:00:02.925 01/01/2011]',9.400,120.002,60.001,52.801,79.401,0.500
'[00:00:02.926 01/01/2011]',8.100,120.502,60.201,53.601,80.301,0.500
'[00:00:02.927 01/01/2011]',5.100,120.802,60.501,54.101,81.301,0.500
'[00:00:02.928 01/01/2011]',2.100,121.202,61.201,54.301,82.501,0.500
'[00:00:02.929 01/01/2011]',0.800,121.702,62.101,54.401,83.801,0.500
'[00:00:02.930 01/01/2011]',1.700,122.002,62.901,54.401,84.601,0.500
'[00:00:02.931 01/01/2011]',4.200,121.902,63.101,54.201,84.701,0.500
'[00:00:02.932 01/01/2011]',6.500,121.302,62.601,54.001,84.101,0.500
'[00:00:02.933 01/01/2011]',7.200,121.002,61.701,54.001,83.401,0.500
'[00:00:02.934 01/01/2011]',6.100,121.302,60.801,54.401,83.101,0.500
'[00:00:02.935 01/01/2011]',4.100,122.702,60.301,55.001,83.501,0.500
'[00:00:02.936 01/01/2011]',2.800,125.002,60.401,55.901,84.401,0.500
'[00:00:02.937 01/01/2011]',3.000,127.502,60.801,56.701,85.601,0.500
'[00:00:02.938 01/01/2011]',4.600,129.502,61.401,57.401,86.501,0.500
'[00:00:02.939 01/01/2011]',6.200,130.502,62.101,58.001,86.901,0.500
'[00:00:02.940 01/01/2011]',6.300,130.202,62.601,58.701,86.801,0.500
'[00:00:02.941 01/01/2011]',4.200,128.902,63.101,59.601,86.501,0.500
'[00:00:02.942 01/01/2011]',0.600,127.102,63.701,60.801,86.201,0.500
'[00:00:02.943 01/01/2011]',-2.900,125.402,64.401,62.201,86.201,0.500
'[00:00:02.944 01/01/2011]',-4.900,124.202,65.101,63.701,86.401,0.500
'[00:00:02.945 01/01/2011]',-4.500,124.002,66.101,65.201,87.001,0.500
'[00:00:02.946 01/01/2011]',-2.300,124.802,67.401,66.501,87.901,0.500
'[00:00:02.947 01/01/2011]',0.400,126.802,69.101,67.801,89.201,0.500
'[00:00:02.948 01/01/2011]',2.000,129.702,70.901,69.101,90.601,0.500
'[00:00:02.949 01/01/2011]',1.700,132.902,72.601,70.001,92.001,0.500
'[00:00:02.950 01/01/2011]',-0.200,135.702,73.601,70.501,92.901,0.500
'[00:00:02.951 01/01/2011]',-2.500,137.702,73.601,70.401,93.201,0.500
'[00:00:02.952 01/01/2011]',-3.900,138.502,72.801,69.801,93.101,0.500
'[00:00:02.953 01/01/2011]',-3.400,138.402,71.501,69.301,92.901,0.500
'[00:00:02.954 01/01/2011]',-1.100,137.802,70.401,69.201,93.201,0.500
'[00:00:02.955 01/01/2011]',2.300,137.202,69.901,69.501,94.201,0.500
'[00:00:02.956 01/01/2011]',5.300,137.202,70.401,70.301,95.601,0.500
'[00:00:02.957 01/01/2011]',6.500,137.902,71.601,70.901,97.101,0.500
'[00:00:02.958 01/01/2011]',5.600,139.102,73.101,71.201,98.001,0.500
'[00:00:02.959 01/01/2011]',2.700,140.502,74.501,71.101,98.201,0.500
'[00:00:02.960 01/01/2011]',-0.800,141.402,75.401,70.701,98.101,0.500
'[00:00:02.961 01/01/2011]',-3.700,141.702,75.801,70.401,98.001,0.500
'[00:00:02.962 01/01/2011]',-4.700,141.402,76.001,70.401,98.301,0.500
'[00:00:02.963 01/01/2011]',-3.600,140.802,76.101,70.801,98.902,0.500
'[00:00:02.964 01/01/2011]',-1.200,140.502,76.501,71.301,99.502,0.500
'[00:00:02.965 01/01/2011]',1.500,140.802,77.101,71.701,99.602,0.500
'[00:00:02.966 01/01/2011]',3.000,141.702,77.901,72.101,99.002,0.500
'[00:00:02.967 01/01/2011]',2.800,142.702,78.601,72.101,98.001,0.500
'[00:00:02.968 01/01/2011]',1.100,143.202,78.801,71.801,97.001,0.500
'[00:00:02.969 01/01/2011]',-1.200,142.702,78.401,71.001,96.601,0.500
'[00:00:02.970 01/01/2011]',-3.300,141.702,77.601,69.801,96.801,0.500
'[00:00:02.971 01/01/2011]',-4.600,140.802,76.901,68.401,97.401,0.500
'[00:00:02.972 01/01/2011]',-5.100,140.802,76.701,67.201,98.001,0.500
'[00:00:02.973 01/01/2011]',-5.200,142.002,77.401,66.601,98.301,0.500
'[00:00:02.974 01/01/2011]',-5.300,144.202,79.001,66.701,98.301,0.500
'[00:00:02.975 01/01/2011]',-5.200,146.102,81.101,67.301,98.402,0.500
'[00:00:02.976 01/01/2011]',-4.900,147.002,83.001,67.901,98.602,0.500
'[00:00:02.977 01/01/2011]',-4.000,146.202,84.001,68.001,98.902,0.500
'[00:00:02.978 01/01/2011]',-2.800,144.102,84.201,67.601,99.102,0.500
'[00:00:02.979 01/01/2011]',-1.600,141.802,83.901,66.901,98.602,0.500
'[00:00:02.980 01/01/2011]',-0.800,140.302,83.701,66.301,97.401,0.500
'[00:00:02.981 01/01/2011]',-0.400,140.302,84.001,66.201,95.901,0.500
'[00:00:02.982 01/01/2011]',-0.300,141.702,85.101,66.701,94.501,0.500
'[00:00:02.983 01/01/2011]',-0.100,143.802,86.701,67.601,94.001,0.500
'[00:00:02.984 01/01/2011]',0.100,145.602,88.201,68.501,94.301,0.500
'[00:00:02.985 01/01/2011]',0.200,146.702,89.101,69.101,95.401,0.500
'[00:00:02.986 01/01/2011]',-0.200,147.002,89.201,69.601,96.701,0.500
'[00:00:02.987 01/01/2011]',-1.000,146.902,88.501,69.801,97.801,0.500
'[00:00:02.988 01/01/2011]',-1.800,146.702,87.301,70.001,98.402,0.500
'[00:00:02.989 01/01/2011]',-2.000,146.802,86.101,70.201,98.802,0.500
'[00:00:02.990 01/01/2011]',-1.200,147.302,85.301,70.501,99.102,0.500
'[00:00:02.991 01/01/2011]',0.400,148.102,85.001,71.001,99.702,0.500
'[00:00:02.992 01/01/2011]',2.100,149.202,85.301,71.501,100.502,0.500
'[00:00:02.993 01/01/2011]',3.300,150.402,85.701,72.001,101.202,0.500
'[00:00:02.994 01/01/2011]',3.700,151.502,85.801,72.201,101.502,0.500
'[00:00:02.995 01/01/2011]',3.500,152.202,85.301,72.001,101.102,0.500
'[00:00:02.996 01/01/2011]',3.200,152.202,84.101,71.401,100.002,0.500
'[00:00:02.997 01/01/2011]',3.000,151.402,82.501,70.401,98.301,0.500
'[00:00:02.998 01/01/2011]',2.900,150.102,80.801,69.401,96.601,0.500
'[00:00:02.999 01/01/2011]',2.500,148.702,79.201,68.501,95.301,0.500
'[00:00:03.000 01/01/2011]',1.300,147.602,77.601,67.701,94.701,0.500
'[00:00:03.001 01/01/2011]',-0.500,147.202,76.401,66.901,95.001,0.500
'[00:00:03.002 01/01/2011]',-2.300,147.302,75.801,66.201,95.801,0.500
'[00:00:03.003 01/01/2011]',-3.300,147.802,76.101,65.701,96.901,0.500
'[00:00:03.004 01/01/2011]',-3.100,148.402,77.501,65.601,97.801,0.500
'[00:00:03.005 01/01/2011]',-1.600,149.002,79.901,66.101,98.402,0.500
'[00:00:03.006 01/01/2011]',0.600,149.402,82.401,67.001,98.702,0.500
'[00:00:03.007 01/01/2011]',2.700,149.802,84.501,68.201,98.702,0.500
'[00:00:03.008 01/01/2011]',4.100,150.102,85.601,69.401,98.702,0.500
'[00:00:03.009 01/01/2011]',4.500,150.402,85.901,70.201,98.602,0.500
'[00:00:03.010 01/01/2011]',4.300,150.602,85.701,70.401,98.402,0.500
'[00:00:03.011 01/01/2011]',4.200,150.702,85.601,70.301,98.201,0.500
'[00:00:03.012 01/01/2011]',4.600,150.902,85.801,69.801,98.001,0.500
'[00:00:03.013 01/01/2011]',5.700,151.102,86.201,69.301,97.701,0.500
'[00:00:03.014 01/01/2011]',7.300,151.502,86.501,68.701,97.401,0.500
'[00:00:03.015 01/01/2011]',8.600,151.902,86.701,68.101,97.301,0.500
'[00:00:03.016 01/01/2011]',9.200,152.402,86.701,67.701,97.401,0.500
'[00:00:03.017 01/01/2011]',8.800,152.702,86.701,67.501,97.801,0.500
'[00:00:03.018 01/01/2011]',7.800,152.902,86.901,67.701,98.301,0.500
'[00:00:03.019 01/01/2011]',6.800,152.702,86.901,68.301,98.902,0.500
'[00:00:03.020 01/01/2011]',6.600,152.402,86.601,69.101,99.302,0.500
'[00:00:03.021 01/01/2011]',7.500,152.002,85.801,70.001,99.302,0.500
'[00:00:03.022 01/01/2011]',9.300,151.902,84.801,70.701,98.902,0.500
'[00:00:03.023 01/01/2011]',11.300,152.202,83.801,70.901,98.402,0.500
'[00:00:03.024 01/01/2011]',12.500,152.602,83.301,70.401,97.901,0.500
'[00:00:03.025 01/01/2011]',12.300,152.902,83.301,69.301,97.601,0.500
'[00:00:03.026 01/01/2011]',10.800,152.702,83.401,67.601,97.601,0.500
'[00:00:03.027 01/01/2011]',8.600,151.802,83.401,65.701,97.401,0.500
'[00:00:03.028 01/01/2011]',6.700,150.502,83.201,64.201,97.101,0.500
'[00:00:03.029 01/01/2011]',5.700,149.202,83.201,63.501,96.701,0.500
'[00:00:03.030 01/01/2011]',6.100,148.402,83.901,63.701,96.501,0.500
'[00:00:03.031 01/01/2011]',7.400,148.402,85.601,64.701,96.801,0.500
'[00:00:03.032 01/01/2011]',8.900,148.802,88.101,66.101,97.601,0.500
'[00:00:03.033 01/01/2011]',10.000,149.202,90.701,67.501,98.602,0.500
'[00:00:03.034 01/01/2011]',10.100,148.902,92.801,68.301,99.302,0.500
'[00:00:03.035 01/01/2011]',9.400,147.702,93.801,68.601,99.602,0.500
'[00:00:03.036 01/01/2011]',8.100,145.802,93.701,68.601,99.302,0.500
'[00:00:03.037 01/01/2011]',6.800,143.702,93.201,68.601,98.902,0.500
'[00:00:03.038 01/01/2011]',5.600,142.202,92.901,68.701,99.002,0.500
'[00:00:03.039 01/01/2011]',5.100,141.802,93.201,69.001,99.702,0.500
'[00:00:03.040 01/01/2011]',5.400,142.502,94.201,69.201,100.902,0.500
'[00:00:03.041 01/01/2011]',6.700,144.202,95.201,69.001,102.002,0.500
'[00:00:03.042 01/01/2011]',8.700,146.502,95.801,68.401,102.702,0.500
'[00:00:03.043 01/01/2011]',10.700,148.702,95.601,67.801,102.702,0.500
'[00:00:03.044 01/01/2011]',11.800,150.702,94.701,67.401,102.402,0.500
'[00:00:03.045 01/01/2011]',11.000,152.102,93.701,67.501,102.102,0.500
'[00:00:03.046 01/01/2011]',8.300,153.002,93.001,68.001,102.102,0.500
'[00:00:03.047 01/01/2011]',4.800,153.502,92.901,68.501,102.502,0.500
'[00:00:03.048 01/01/2011]',2.400,153.802,93.401,68.701,103.002,0.500
'[00:00:03.049 01/01/2011]',2.400,154.502,94.401,68.601,103.602,0.500
'[00:00:03.050 01/01/2011]',5.200,155.802,95.701,68.501,104.302,0.500
'[00:00:03.051 01/01/2011]',9.200,157.902,97.301,69.001,105.202,0.500
'[00:00:03.052 01/01/2011]',12.300,160.702,99.402,70.201,106.702,0.500
'[00:00:03.053 01/01/2011]',12.700,163.903,101.802,72.201,108.702,0.500
'[00:00:03.054 01/01/2011]',10.100,166.903,104.202,74.301,110.702,0.500
'[00:00:03.055 01/01/2011]',5.900,169.303,106.202,76.001,112.502,0.500
'[00:00:03.056 01/01/2011]',2.400,170.903,107.302,76.901,113.802,0.500
'[00:00:03.057 01/01/2011]',1.300,171.703,107.602,77.201,114.502,0.500
'[00:00:03.058 01/01/2011]',2.900,172.003,107.002,76.801,114.702,0.500
'[00:00:03.059 01/01/2011]',6.000,171.803,106.102,75.901,114.102,0.500
'[00:00:03.060 01/01/2011]',9.300,171.303,105.102,74.401,112.802,0.500
'[00:00:03.061 01/01/2011]',11.400,170.603,104.402,72.401,110.802,0.500
'[00:00:03.062 01/01/2011]',12.300,169.703,103.802,70.101,108.502,0.500
'[00:00:03.063 01/01/2011]',12.200,168.803,103.302,68.101,106.502,0.500
'[00:00:03.064 01/01/2011]',11.700,168.203,102.802,67.101,105.402,0.500
'[00:00:03.065 01/01/2011]',11.100,168.103,102.102,67.401,105.302,0.500
'[00:00:03.066 01/01/2011]',10.500,168.403,101.102,68.501,105.502,0.500
'[00:00:03.067 01/01/2011]',9.900,168.603,99.502,69.601,105.402,0.500
'[00:00:03.068 01/01/2011]',9.600,168.303,97.201,69.701,104.202,0.500
'[00:00:03.069 01/01/2011]',9.600,166.903,94.401,68.701,102.102,0.500
'[00:00:03.070 01/01/2011]',9.600,164.603,91.601,67.101,99.902,0.500
'[00:00:03.071 01/01/2011]',9.300,161.902,89.501,65.801,98.402,0.500
'[00:00:03.072 01/01/2011]',8.400,159.602,88.701,65.701,98.201,0.500
'[00:00:03.073 01/01/2011]',6.900,158.302,89.301,66.901,99.202,0.500
'[00:00:03.074 01/01/2011]',5.500,158.302,91.001,68.901,100.902,0.500
'[00:00:03.075 01/01/2011]',4.700,159.102,93.001,70.901,102.502,0.500
'[00:00:03.076 01/01/2011]',4.800,160.102,94.601,72.401,103.902,0.500
'[00:00:03.077 01/01/2011]',5.200,160.902,95.801,73.501,105.302,0.500
'[00:00:03.078 01/01/2011]',5.100,161.702,96.701,74.501,106.802,0.500
'[00:00:03.079 01/01/2011]',4.100,162.602,97.601,75.701,108.802,0.500
'[00:00:03.080 01/01/2011]',2.400,163.903,98.602,77.001,110.802,0.500
'[00:00:03.081 01/01/2011]',1.100,165.203,99.502,78.001,112.502,0.500
'[00:00:03.082 01/01/2011]',0.900,166.103,99.802,78.301,113.402,0.500
'[00:00:03.083 01/01/2011]',2.000,166.203,99.302,77.601,113.402,0.500
'[00:00:03.084 01/01/2011]',3.200,165.303,98.101,75.801,112.602,0.500
'[00:00:03.085 01/01/2011]',3.500,163.903,96.601,73.401,111.202,0.500
'[00:00:03.086 01/01/2011]',2.100,162.502,95.201,70.801,109.502,0.500
'[00:00:03.087 01/01/2011]',-0.400,161.302,93.801,68.401,107.802,0.500
'[00:00:03.088 01/01/2011]',-2.500,160.402,92.601,66.601,106.202,0.500
'[00:00:03.089 01/01/2011]',-2.700,159.402,91.201,65.701,105.102,0.500
'[00:00:03.090 01/01/2011]',-0.800,158.002,89.701,65.601,104.702,0.500
'[00:00:03.091 01/01/2011]',2.000,156.302,88.301,66.201,104.902,0.500
'[00:00:03.092 01/01/2011]',3.800,154.602,87.601,67.101,105.502,0.500
'[00:00:03.093 01/01/2011]',3.200,153.702,87.801,67.801,106.302,0.500
'[00:00:03.094 01/01/2011]',0.600,153.802,88.801,68.301,107.002,0.500
'[00:00:03.095 01/01/2011]',-2.300,155.002,90.301,68.301,107.502,0.500
'[00:00:03.096 01/01/2011]',-3.500,156.802,92.201,68.301,108.002,0.500
'[00:00:03.097 01/01/2011]',-2.100,158.602,94.001,68.501,108.702,0.500
'[00:00:03.098 01/01/2011]',1.200,160.202,95.501,69.001,109.502,0.500
'[00:00:03.099 01/01/2011]',4.400,161.102,96.701,69.501,110.202,0.500
'[00:00:03.100 01/01/2011]',6.100,161.302,97.501,69.901,110.602,0.500
'[00:00:03.101 01/01/2011]',5.800,161.002,97.901,69.901,110.602,0.500
'[00:00:03.102 01/01/2011]',4.700,160.202,98.201,69.601,110.602,0.500
'[00:00:03.103 01/01/2011]',4.200,159.302,98.802,69.401,110.702,0.500
'[00:00:03.104 01/01/2011]',5.000,158.402,100.002,69.401,111.202,0.500
'[00:00:03.105 01/01/2011]',6.400,157.802,101.902,69.601,112.002,0.500
'[00:00:03.106 01/01/2011]',7.000,157.602,104.002,70.001,112.802,0.500
'[00:00:03.107 01/01/2011]',5.700,157.602,105.802,70.101,113.102,0.500
'[00:00:03.108 01/01/2011]',2.500,157.702,106.502,69.801,112.902,0.500
'[00:00:03.109 01/01/2011]',-1.000,157.802,106.302,69.101,112.102,0.500
'[00:00:03.110 01/01/2011]',-3.100,158.002,105.402,68.301,111.202,0.500
'[00:00:03.111 01/01/2011]',-3.000,158.302,104.502,67.501,110.402,0.500
'[00:00:03.112 01/01/2011]',-1.000,158.902,104.002,66.801,109.902,0.500
'[00:00:03.113 01/01/2011]',1.400,159.702,104.202,66.401,109.702,0.500
'[00:00:03.114 01/01/2011]',2.700,160.402,104.702,66.101,109.602,0.500
'[00:00:03.115 01/01/2011]',2.800,160.902,105.302,65.901,109.502,0.500
'[00:00:03.116 01/01/2011]',2.200,161.302,105.902,65.801,109.602,0.500
'[00:00:03.117 01/01/2011]',2.200,161.602,106.402,65.901,109.702,0.500
'[00:00:03.118 01/01/2011]',3.400,162.102,106.902,66.201,109.702,0.500
'[00:00:03.119 01/01/2011]',5.700,162.702,107.602,66.601,109.602,0.500
'[00:00:03.120 01/01/2011]',8.200,163.302,108.302,66.901,109.202,0.500
'[00:00:03.121 01/01/2011]',9.700,163.702,108.702,67.201,108.702,0.500
'[00:00:03.122 01/01/2011]',10.200,163.903,108.902,67.301,108.202,0.500
'[00:00:03.123 01/01/2011]',9.800,164.003,108.702,67.401,108.002,0.500
'[00:00:03.124 01/01/2011]',9.300,164.403,108.502,67.701,108.202,0.500
'[00:00:03.125 01/01/2011]',8.900,165.203,108.302,68.201,108.602,0.500
'[00:00:03.126 01/01/2011]',8.400,166.303,108.002,68.801,108.802,0.500
'[00:00:03.127 01/01/2011]',7.300,167.403,107.602,69.101,108.402,0.500
'[00:00:03.128 01/01/2011]',5.400,168.003,107.202,68.701,107.602,0.500
'[00:00:03.129 01/01/2011]',3.300,168.003,106.702,67.401,106.302,0.500
'[00:00:03.130 01/01/2011]',2.100,167.503,106.302,65.301,104.802,0.500
'[00:00:03.131 01/01/2011]',2.200,166.603,106.202,62.801,103.402,0.500
'[00:00:03.132 01/01/2011]',3.700,165.803,106.402,60.601,102.002,0.500
'[00:00:03.133 01/01/2011]',5.400,165.303,106.502,59.001,100.502,0.500
'[00:00:03.134 01/01/2011]',6.400,165.103,106.402,58.401,99.002,0.500
'[00:00:03.135 01/01/2011]',6.100,165.103,105.902,58.701,97.801,0.500
'[00:00:03.136 01/01/2011]',4.900,165.103,105.402,59.401,97.101,0.500
'[00:00:03.137 01/01/2011]',3.600,165.103,105.202,60.301,97.201,0.500
'[00:00:03.138 01/01/2011]',3.000,165.503,105.702,61.001,98.001,0.500
'[00:00:03.139 01/01/2011]',3.100,166.303,107.002,61.601,99.002,0.500
'[00:00:03.140 01/01/2011]',3.300,167.403,108.602,61.901,99.802,0.500
'[00:00:03.141 01/01/2011]',3.100,168.803,110.302,62.201,99.902,0.500
'[00:00:03.142 01/01/2011]',2.600,169.903,111.602,62.501,99.502,0.500
'[00:00:03.143 01/01/2011]',2.500,170.503,112.402,62.701,98.702,0.500
'[00:00:03.144 01/01/2011]',3.300,170.603,112.902,62.901,97.801,0.500
'[00:00:03.145 01/01/2011]',4.900,170.503,113.502,63.401,97.101,0.500
'[00:00:03.146 01/01/2011]',6.600,170.503,114.402,64.001,96.701,0.500
'[00:00:03.147 01/01/2011]',7.400,170.903,115.402,64.701,96.301,0.500
'[00:00:03.148 01/01/2011]',6.900,171.603,116.102,65.201,96.001,0.500
'[00:00:03.149 01/01/2011]',5.200,172.303,116.302,65.101,95.601,0.500
'[00:00:03.150 01/01/2011]',3.400,172.603,115.702,64.201,95.201,0.500
'[00:00:03.151 01/01/2011]',2.300,172.203,114.602,62.701,94.801,0.500
'[00:00:03.152 01/01/2011]',2.300,171.103,113.402,61.101,94.301,0.500
'[00:00:03.153 01/01/2011]',3.000,169.603,112.302,59.901,94.001,0.500
'[00:00:03.154 01/01/2011]',3.900,168.503,111.602,59.701,93.801,0.500
'[00:00:03.155 01/01/2011]',4.400,168.303,111.502,60.301,93.701,0.500
'[00:00:03.156 01/01/2011]',4.400,169.103,111.702,61.301,93.701,0.500
'[00:00:03.157 01/01/2011]',4.200,170.703,112.202,62.101,93.501,0.500
'[00:00:03.158 01/01/2011]',3.900,172.303,112.602,62.201,93.001,0.500
'[00:00:03.159 01/01/2011]',4.000,173.303,112.702,61.201,92.001,0.500
'[00:00:03.160 01/01/2011]',4.500,173.303,112.402,59.401,90.601,0.500
'[00:00:03.161 01/01/2011]',5.500,172.303,111.502,57.301,88.901,0.500
'[00:00:03.162 01/01/2011]',6.800,170.803,110.202,55.501,87.501,0.500
'[00:00:03.163 01/01/2011]',8.100,169.603,109.002,54.401,86.501,0.500
'[00:00:03.164 01/01/2011]',9.000,169.203,108.502,54.501,86.201,0.500
'[00:00:03.165 01/01/2011]',9.300,170.103,109.002,55.401,86.301,0.500
'[00:00:03.166 01/01/2011]',9.200,171.903,110.502,56.901,86.501,0.500
'[00:00:03.167 01/01/2011]',9.000,174.203,112.502,58.301,86.601,0.500
'[00:00:03.168 01/01/2011]',9.000,176.303,114.302,59.301,86.101,0.500
'[00:00:03.169 01/01/2011]',9.500,177.503,115.202,59.401,85.101,0.500
'[00:00:03.170 01/01/2011]',10.200,177.703,115.202,58.701,83.801,0.500
'[00:00:03.171 01/01/2011]',10.900,177.003,114.402,57.701,82.501,0.500
'[00:00:03.172 01/01/2011]',11.500,176.103,113.702,56.801,81.701,0.500
'[00:00:03.173 01/01/2011]',12.200,175.703,113.402,56.501,81.801,0.500
'[00:00:03.174 01/01/2011]',12.900,176.203,113.902,57.101,82.701,0.500
'[00:00:03.175 01/01/2011]',14.000,177.503,114.802,58.301,84.001,0.500
'[00:00:03.176 01/01/2011]',15.100,179.003,115.402,59.601,85.201,0.500
'[00:00:03.177 01/01/2011]',15.900,180.203,115.202,60.501,85.501,0.500
'[00:00:03.178 01/01/2011]',16.300,180.503,114.002,60.501,85.001,0.500
'[00:00:03.179 01/01/2011]',16.800,180.003,111.802,59.901,83.801,0.500
'[00:00:03.180 01/01/2011]',17.700,179.003,109.302,58.701,82.501,0.500
'[00:00:03.181 01/01/2011]',19.400,177.803,107.202,57.501,81.701,0.500
'[00:00:03.182 01/01/2011]',21.900,176.703,106.002,56.501,81.501,0.500
'[00:00:03.183 01/01/2011]',24.400,175.603,105.602,55.701,81.601,0.500
'[00:00:03.184 01/01/2011]',26.400,174.603,105.802,54.901,81.601,0.500
'[00:00:03.185 01/01/2011]',27.200,173.503,106.002,54.001,81.001,0.500
'[00:00:03.186 01/01/2011]',27.100,172.503,105.802,53.201,79.701,0.500
'[00:00:03.187 01/01/2011]',26.600,171.903,105.102,52.601,78.201,0.500
'[00:00:03.188 01/01/2011]',26.400,171.903,104.202,52.701,76.901,0.500
'[00:00:03.189 01/01/2011]',26.600,172.703,103.602,53.701,76.301,0.500
'[00:00:03.190 01/01/2011]',27.100,174.303,103.802,55.401,76.301,0.500
'[00:00:03.191 01/01/2011]',27.300,176.403,104.902,57.501,76.501,0.500
'[00:00:03.192 01/01/2011]',26.700,178.603,106.502,59.201,76.401,0.500
'[00:00:03.193 01/01/2011]',25.200,180.403,107.802,60.001,75.601,0.500
'[00:00:03.194 01/01/2011]',23.000,181.403,108.502,59.701,74.401,0.500
'[00:00:03.195 01/01/2011]',20.700,181.303,108.202,58.301,72.901,0.500
'[00:00:03.196 01/01/2011]',18.900,180.403,107.202,56.501,71.701,0.500
'[00:00:03.197 01/01/2011]',18.000,179.003,106.102,54.601,71.001,0.500
'[00:00:03.198 01/01/2011]',17.500,177.903,105.702,53.101,70.601,0.500
'[00:00:03.199 01/01/2011]',17.200,177.703,106.002,51.901,70.401,0.500
'[00:00:03.200 01/01/2011]',16.700,178.603,107.102,50.801,70.201,0.500
'[00:00:03.201 01/01/2011]',16.000,180.303,108.302,49.701,69.701,0.500
'[00:00:03.202 01/01/2011]',15.400,182.003,109.002,48.501,69.201,0.500
'[00:00:03.203 01/01/2011]',15.000,182.903,109.002,47.401,68.701,0.500
'[00:00:03.204 01/01/2011]',14.300,182.603,108.302,46.601,68.301,0.500
'[00:00:03.205 01/01/2011]',13.000,181.403,107.102,46.401,68.101,0.500
'[00:00:03.206 01/01/2011]',11.000,179.903,105.802,46.801,67.901,0.500
'[00:00:03.207 01/01/2011]',8.900,178.603,104.802,47.601,67.701,0.500
'[00:00:03.208 01/01/2011]',7.900,178.103,104.102,48.701,67.601,0.500
'[00:00:03.209 01/01/2011]',8.800,178.403,103.802,49.501,67.401,0.500
'[00:00:03.210 01/01/2011]',11.600,179.303,103.902,50.101,67.401,0.500
'[00:00:03.211 01/01/2011]',15.000,180.503,104.302,50.201,67.401,0.500
'[00:00:03.212 01/01/2011]',17.000,181.603,105.102,50.101,67.301,0.500
'[00:00:03.213 01/01/2011]',16.500,182.403,105.902,49.701,67.101,0.500
'[00:00:03.214 01/01/2011]',13.600,182.703,106.702,49.301,66.801,0.500
'[00:00:03.215 01/01/2011]',10.100,182.603,107.102,48.901,66.501,0.500
'[00:00:03.216 01/01/2011]',8.000,182.203,107.302,48.801,66.301,0.500
'[00:00:03.217 01/01/2011]',8.000,181.903,107.402,48.801,66.201,0.500
'[00:00:03.218 01/01/2011]',9.200,182.103,107.802,48.801,66.101,0.500
'[00:00:03.219 01/01/2011]',9.600,183.003,108.602,48.601,65.801,0.500
'[00:00:03.220 01/01/2011]',8.100,184.303,109.602,47.901,65.201,0.500
'[00:00:03.221 01/01/2011]',5.000,185.403,110.202,46.601,64.301,0.500
'[00:00:03.222 01/01/2011]',2.300,185.703,110.102,44.901,63.201,0.500
'[00:00:03.223 01/01/2011]',1.900,184.603,108.802,43.201,61.901,0.500
'[00:00:03.224 01/01/2011]',4.500,182.303,106.702,41.801,60.501,0.500
'[00:00:03.225 01/01/2011]',8.300,179.203,104.102,41.101,58.901,0.500
'[00:00:03.226 01/01/2011]',10.600,176.103,101.902,41.001,57.301,0.500
'[00:00:03.227 01/01/2011]',9.300,173.803,100.402,41.401,55.701,0.500
'[00:00:03.228 01/01/2011]',4.400,172.503,100.102,42.101,54.501,0.500
'[00:00:03.229 01/01/2011]',-1.700,172.303,100.602,42.801,53.801,0.500
'[00:00:03.230 01/01/2011]',-5.900,172.603,101.602,43.601,53.601,0.500
'[00:00:03.231 01/01/2011]',-6.100,173.103,102.202,44.301,53.801,0.500
'[00:00:03.232 01/01/2011]',-2.600,173.403,102.102,44.701,54.101,0.500
'[00:00:03.233 01/01/2011]',2.300,173.503,101.202,44.701,54.301,0.500
'[00:00:03.234 01/01/2011]',6.100,173.503,99.602,44.201,54.401,0.500
'[00:00:03.235 01/01/2011]',7.300,173.603,97.801,43.201,54.501,0.500
'[00:00:03.236 01/01/2011]',6.300,173.603,96.301,41.901,54.801,0.500
'[00:00:03.237 01/01/2011]',5.200,173.503,95.301,40.601,55.401,0.500
'[00:00:03.238 01/01/2011]',5.500,173.003,94.701,39.701,55.901,0.500
'[00:00:03.239 01/01/2011]',7.800,171.903,94.201,39.401,56.101,0.500
'[00:00:03.240 01/01/2011]',10.800,170.103,93.601,39.601,55.601,0.500
'[00:00:03.241 01/01/2011]',12.700,167.903,92.701,39.801,54.601,0.500
'[00:00:03.242 01/01/2011]',12.300,165.803,91.901,39.801,53.401,0.500
'[00:00:03.243 01/01/2011]',9.700,164.003,91.301,39.401,52.601,0.500
'[00:00:03.244 01/01/2011]',6.400,162.802,91.101,38.601,52.201,0.500
'[00:00:03.245 01/01/2011]',4.100,162.002,91.401,37.901,52.301,0.500
'[00:00:03.246 01/01/2011]',3.500,161.502,91.701,37.201,52.501,0.500
'[00:00:03.247 01/01/2011]',4.300,161.202,91.901,36.901,52.301,0.500
'[00:00:03.248 01/01/2011]',5.400,161.102,91.801,36.601,51.701,0.500
'[00:00:03.249 01/01/2011]',6.200,161.102,91.701,36.401,50.801,0.500
'[00:00:03.250 01/01/2011]',6.300,161.502,91.701,36.101,50.101,0.500
'[00:00:03.251 01/01/2011]',6.400,162.102,92.201,35.801,50.101,0.500
'[00:00:03.252 01/01/2011]',6.900,162.702,93.101,35.701,50.601,0.500
'[00:00:03.253 01/01/2011]',7.900,163.502,94.301,35.901,51.501,0.500
'[00:00:03.254 01/01/2011]',8.500,164.303,95.301,36.001,52.201,0.500
'[00:00:03.255 01/01/2011]',8.100,165.103,95.901,35.901,52.101,0.500
'[00:00:03.256 01/01/2011]',6.700,165.903,95.701,35.101,50.901,0.500
'[00:00:03.257 01/01/2011]',5.200,166.303,94.801,33.501,48.801,0.500
'[00:00:03.258 01/01/2011]',4.700,166.003,93.401,31.600,46.301,0.500
'[00:00:03.259 01/01/2011]',6.000,164.603,92.101,29.700,43.901,0.500
'[00:00:03.260 01/01/2011]',8.600,162.702,91.501,28.500,42.401,0.500
'[00:00:03.261 01/01/2011]',11.300,160.902,91.801,28.200,42.101,0.500
'[00:00:03.262 01/01/2011]',13.000,160.102,93.101,28.900,42.801,0.500
'[00:00:03.263 01/01/2011]',13.000,160.702,95.001,30.200,44.301,0.500
'[00:00:03.264 01/01/2011]',11.700,162.702,96.801,31.600,46.001,0.500
'[00:00:03.265 01/01/2011]',10.200,165.103,97.901,32.600,47.401,0.500
'[00:00:03.266 01/01/2011]',8.900,166.903,97.901,33.201,48.101,0.500
'[00:00:03.267 01/01/2011]',7.800,167.503,97.201,33.401,48.201,0.500
'[00:00:03.268 01/01/2011]',6.500,166.703,96.101,33.201,47.801,0.500
'[00:00:03.269 01/01/2011]',4.800,164.903,95.101,32.901,46.801,0.500
'[00:00:03.270 01/01/2011]',3.000,162.802,94.401,32.400,45.601,0.500
'[00:00:03.271 01/01/2011]',1.600,161.002,93.801,31.900,44.301,0.500
'[00:00:03.272 01/01/2011]',1.200,159.602,93.101,31.300,43.101,0.500
'[00:00:03.273 01/01/2011]',1.500,158.502,92.201,30.700,42.401,0.500
'[00:00:03.274 01/01/2011]',2.100,157.702,91.501,30.400,42.301,0.500
'[00:00:03.275 01/01/2011]',2.500,157.102,91.201,30.400,42.801,0.500
'[00:00:03.276 01/01/2011]',3.200,156.802,91.801,30.500,43.501,0.500
'[00:00:03.277 01/01/2011]',4.500,156.802,93.001,30.600,43.801,0.500
'[00:00:03.278 01/01/2011]',6.800,157.202,94.001,30.200,43.601,0.500
'[00:00:03.279 01/01/2011]',9.500,157.602,94.201,29.400,42.901,0.500
'[00:00:03.280 01/01/2011]',11.300,157.902,93.201,28.300,42.001,0.500
'[00:00:03.281 01/01/2011]',11.400,158.002,91.401,27.400,41.401,0.500
'[00:00:03.282 01/01/2011]',9.800,158.002,89.401,26.800,41.501,0.500
'[00:00:03.283 01/01/2011]',7.900,158.102,88.001,26.800,41.901,0.500
'[00:00:03.284 01/01/2011]',7.400,158.102,87.601,27.000,42.301,0.500
'[00:00:03.285 01/01/2011]',9.100,157.702,87.701,27.000,42.101,0.500
'[00:00:03.286 01/01/2011]',12.000,156.502,87.901,26.300,41.201,0.500
'[00:00:03.287 01/01/2011]',13.900,154.502,87.501,25.100,39.601,0.500
'[00:00:03.288 01/01/2011]',12.900,151.802,86.501,23.600,38.001,0.500
'[00:00:03.289 01/01/2011]',8.700,149.402,85.201,22.700,37.001,0.500
'[00:00:03.290 01/01/2011]',3.100,147.902,84.101,22.700,36.801,0.500
'[00:00:03.291 01/01/2011]',-1.000,147.902,83.501,23.700,37.401,0.500
'[00:00:03.292 01/01/2011]',-1.900,149.202,83.601,25.300,38.301,0.500
'[00:00:03.293 01/01/2011]',0.800,151.202,83.901,26.700,39.001,0.500
'[00:00:03.294 01/01/2011]',5.200,153.002,84.001,27.300,39.201,0.500
'[00:00:03.295 01/01/2011]',9.200,154.002,83.601,27.000,38.901,0.500
'[00:00:03.296 01/01/2011]',11.300,153.902,82.601,25.800,38.101,0.500
'[00:00:03.297 01/01/2011]',11.200,153.002,81.001,24.200,37.201,0.500
'[00:00:03.298 01/01/2011]',10.000,151.802,79.401,22.500,36.301,0.500
'[00:00:03.299 01/01/2011]',8.900,150.502,77.901,21.100,35.401,0.500
'[00:00:03.300 01/01/2011]',8.400,149.502,76.801,20.400,34.401,0.500
'[00:00:03.301 01/01/2011]',8.500,148.802,76.401,20.100,33.201,0.500
'[00:00:03.302 01/01/2011]',8.600,148.402,76.501,20.300,31.900,0.500
'[00:00:03.303 01/01/2011]',8.400,148.302,77.001,20.700,30.900,0.500
'[00:00:03.304 01/01/2011]',8.000,148.502,77.701,21.100,30.400,0.500
'[00:00:03.305 01/01/2011]',7.500,148.902,78.501,21.300,30.600,0.500
'[00:00:03.306 01/01/2011]',7.300,149.302,79.401,21.200,31.100,0.500
'[00:00:03.307 01/01/2011]',7.200,149.802,80.201,21.000,31.500,0.500
'[00:00:03.308 01/01/2011]',6.900,149.902,80.701,20.600,31.400,0.500
'[00:00:03.309 01/01/2011]',6.100,149.902,80.901,20.100,30.500,0.500
'[00:00:03.310 01/01/2011]',5.000,149.602,80.601,19.700,29.400,0.500
'[00:00:03.311 01/01/2011]',3.900,149.302,80.201,19.400,28.400,0.500
'[00:00:03.312 01/01/2011]',3.300,149.102,79.901,19.200,28.200,0.500
'[00:00:03.313 01/01/2011]',3.400,149.002,80.201,19.100,28.800,0.500
'[00:00:03.314 01/01/2011]',4.500,149.102,81.001,19.300,30.000,0.500
'[00:00:03.315 01/01/2011]',6.600,149.102,82.001,19.600,31.000,0.500
'[00:00:03.316 01/01/2011]',9.700,148.902,82.701,19.900,31.600,0.500
'[00:00:03.317 01/01/2011]',13.900,148.602,82.801,20.200,31.600,0.500
'[00:00:03.318 01/01/2011]',19.600,148.102,82.101,20.600,31.300,0.500
'[00:00:03.319 01/01/2011]',26.900,147.802,81.401,21.200,31.600,0.500
'[00:00:03.320 01/01/2011]',35.601,148.002,81.401,22.300,32.901,0.500
'[00:00:03.321 01/01/2011]',45.301,149.002,82.801,24.200,35.801,0.500
'[00:00:03.322 01/01/2011]',55.701,151.102,86.201,27.100,40.101,0.500
'[00:00:03.323 01/01/2011]',67.201,154.402,91.001,31.000,45.701,0.500
'[00:00:03.324 01/01/2011]',80.801,158.802,96.601,35.701,52.201,0.500
'[00:00:03.325 01/01/2011]',97.401,164.003,102.002,40.501,59.001,0.500
'[00:00:03.326 01/01/2011]',117.002,169.203,106.402,44.601,65.301,0.500
'[00:00:03.327 01/01/2011]',138.102,173.703,109.202,47.301,70.101,0.500
'[00:00:03.328 01/01/2011]',157.202,176.603,110.402,48.301,72.501,0.500
'[00:00:03.329 01/01/2011]',170.303,177.403,109.702,47.501,72.201,0.500
'[00:00:03.330 01/01/2011]',174.503,176.203,107.302,45.701,69.501,0.500
'[00:00:03.331 01/01/2011]',169.303,173.403,103.202,43.401,65.101,0.500
'[00:00:03.332 01/01/2011]',156.802,169.803,97.801,41.101,60.101,0.500
'[00:00:03.333 01/01/2011]',140.402,166.003,91.601,38.701,55.001,0.500
'[00:00:03.334 01/01/2011]',123.102,162.402,85.201,35.701,50.001,0.500
'[00:00:03.335 01/01/2011]',105.802,158.802,78.901,31.700,44.401,0.500
'[00:00:03.336 01/01/2011]',87.101,154.702,73.001,26.300,37.901,0.500
'[00:00:03.337 01/01/2011]',64.901,149.902,67.801,20.200,30.400,0.500
'[00:00:03.338 01/01/2011]',37.701,144.402,63.601,14.100,22.500,0.500
'[00:00:03.339 01/01/2011]',6.400,138.902,60.601,9.000,15.300,0.500
'[00:00:03.340 01/01/2011]',-25.900,134.602,59.301,5.700,10.000,0.500
'[00:00:03.341 01/01/2011]',-54.701,132.202,59.501,4.200,7.100,0.500
'[00:00:03.342 01/01/2011]',-76.201,132.102,61.001,4.200,6.600,0.500
'[00:00:03.343 01/01/2011]',-88.701,133.402,62.901,4.900,7.800,0.500
'[00:00:03.344 01/01/2011]',-92.701,135.202,64.701,5.800,10.000,0.500
'[00:00:03.345 01/01/2011]',-90.701,136.102,66.101,6.800,12.100,0.500
'[00:00:03.346 01/01/2011]',-85.301,135.802,67.101,7.800,13.900,0.500
'[00:00:03.347 01/01/2011]',-78.601,134.502,68.201,8.800,15.200,0.500
'[00:00:03.348 01/01/2011]',-71.001,132.902,69.601,10.100,16.100,0.500
'[00:00:03.349 01/01/2011]',-62.101,131.902,71.401,11.500,17.000,0.500
'[00:00:03.350 01/01/2011]',-51.301,132.002,73.401,13.000,18.100,0.500
'[00:00:03.351 01/01/2011]',-38.801,132.902,75.401,14.600,19.500,0.500
'[00:00:03.352 01/01/2011]',-26.100,134.202,77.201,16.200,20.800,0.500
'[00:00:03.353 01/01/2011]',-15.000,135.602,78.801,17.600,21.900,0.500
'[00:00:03.354 01/01/2011]',-7.200,136.702,80.101,18.800,22.500,0.500
'[00:00:03.355 01/01/2011]',-3.200,137.402,80.801,19.500,22.600,0.500
'[00:00:03.356 01/01/2011]',-1.800,137.802,80.601,19.600,22.200,0.500
'[00:00:03.357 01/01/2011]',-1.100,137.702,79.401,19.100,21.700,0.500
'[00:00:03.358 01/01/2011]',0.700,137.402,77.601,18.300,21.200,0.500
'[00:00:03.359 01/01/2011]',4.400,137.002,75.701,17.500,20.900,0.500
'[00:00:03.360 01/01/2011]',9.200,136.802,74.401,17.000,20.800,0.500
'[00:00:03.361 01/01/2011]',13.600,137.102,73.901,16.800,20.800,0.500
'[00:00:03.362 01/01/2011]',16.300,137.802,74.001,16.900,20.900,0.500
'[00:00:03.363 01/01/2011]',16.600,138.702,74.101,16.700,20.900,0.500
'[00:00:03.364 01/01/2011]',15.100,139.302,73.801,16.100,20.900,0.500
'[00:00:03.365 01/01/2011]',12.600,139.502,73.201,15.000,20.900,0.500
'[00:00:03.366 01/01/2011]',10.100,139.302,72.801,13.500,20.900,0.500
'[00:00:03.367 01/01/2011]',8.500,139.002,72.901,12.400,20.900,0.500
'[00:00:03.368 01/01/2011]',8.000,139.002,73.801,12.000,21.100,0.500
'[00:00:03.369 01/01/2011]',8.800,139.602,75.201,12.500,21.500,0.500
'[00:00:03.370 01/01/2011]',10.700,140.902,76.601,13.800,22.200,0.500
'[00:00:03.371 01/01/2011]',13.100,142.602,77.501,15.300,23.100,0.500
'[00:00:03.372 01/01/2011]',15.400,144.302,77.701,16.400,24.000,0.500
'[00:00:03.373 01/01/2011]',16.300,145.502,77.601,17.000,24.800,0.500
'[00:00:03.374 01/01/2011]',15.400,146.002,77.701,17.000,25.500,0.500
'[00:00:03.375 01/01/2011]',12.700,145.902,78.501,16.700,26.000,0.500
'[00:00:03.376 01/01/2011]',9.100,145.602,79.901,16.500,26.500,0.500
'[00:00:03.377 01/01/2011]',6.100,145.402,81.501,16.700,26.900,0.500
'[00:00:03.378 01/01/2011]',5.000,145.702,82.701,17.200,27.300,0.500
'[00:00:03.379 01/01/2011]',6.500,146.102,83.101,17.600,27.500,0.500
'[00:00:03.380 01/01/2011]',9.900,146.302,82.801,17.900,27.200,0.500
'[00:00:03.381 01/01/2011]',13.800,146.002,82.101,17.800,26.700,0.500
'[00:00:03.382 01/01/2011]',16.600,145.302,81.801,17.700,26.200,0.500
'[00:00:03.383 01/01/2011]',17.300,144.602,82.301,17.700,26.100,0.500
'[00:00:03.384 01/01/2011]',16.100,144.602,83.801,18.100,26.400,0.500
'[00:00:03.385 01/01/2011]',14.400,145.602,85.801,18.700,27.200,0.500
'[00:00:03.386 01/01/2011]',13.900,147.402,87.801,19.200,28.100,0.500
'[00:00:03.387 01/01/2011]',15.100,149.202,88.901,19.300,28.600,0.500
'[00:00:03.388 01/01/2011]',17.400,150.202,88.901,18.700,28.400,0.500
'[00:00:03.389 01/01/2011]',18.900,149.802,87.801,17.300,27.400,0.500
'[00:00:03.390 01/01/2011]',18.400,148.202,86.001,15.300,25.800,0.500
'[00:00:03.391 01/01/2011]',15.600,146.002,83.701,13.000,23.900,0.500
'[00:00:03.392 01/01/2011]',12.000,143.802,81.401,10.700,21.800,0.500
'[00:00:03.393 01/01/2011]',9.600,141.902,79.001,8.700,19.900,0.500
'[00:00:03.394 01/01/2011]',9.700,140.502,76.701,7.400,18.200,0.500
'[00:00:03.395 01/01/2011]',11.600,139.402,74.801,6.800,16.800,0.500
'[00:00:03.396 01/01/2011]',13.600,138.402,73.301,6.900,15.900,0.500
'[00:00:03.397 01/01/2011]',14.100,137.602,72.301,7.300,15.600,0.500
'[00:00:03.398 01/01/2011]',12.600,137.102,71.801,7.800,15.700,0.500
'[00:00:03.399 01/01/2011]',10.400,136.602,71.501,7.900,15.800,0.500
'[00:00:03.400 01/01/2011]',9.000,136.202,71.301,7.600,15.600,0.500
'[00:00:03.401 01/01/2011]',9.300,135.402,70.901,7.100,14.900,0.500
'[00:00:03.402 01/01/2011]',10.900,134.302,70.401,6.900,13.900,0.500
'[00:00:03.403 01/01/2011]',12.300,133.002,69.901,7.100,12.900,0.500
'[00:00:03.404 01/01/2011]',12.300,131.702,69.401,7.900,12.300,0.500
'[00:00:03.405 01/01/2011]',10.900,130.802,68.901,8.900,12.300,0.500
'[00:00:03.406 01/01/2011]',8.900,130.302,68.501,9.600,12.800,0.500
'[00:00:03.407 01/01/2011]',7.800,130.102,68.401,9.800,13.400,0.500
'[00:00:03.408 01/01/2011]',8.200,129.902,68.601,9.300,13.800,0.500
'[00:00:03.409 01/01/2011]',9.700,129.602,69.301,8.500,13.700,0.500
'[00:00:03.410 01/01/2011]',11.400,129.102,70.301,7.700,13.200,0.500
'[00:00:03.411 01/01/2011]',12.600,128.502,71.201,7.200,12.200,0.500
'[00:00:03.412 01/01/2011]',13.100,127.902,71.501,7.100,11.100,0.500
'[00:00:03.413 01/01/2011]',13.000,127.402,70.901,7.300,10.300,0.500
'[00:00:03.414 01/01/2011]',12.800,127.202,69.801,7.700,9.800,0.500
'[00:00:03.415 01/01/2011]',12.500,127.302,69.001,8.300,10.000,0.500
'[00:00:03.416 01/01/2011]',12.200,128.102,69.201,9.300,10.800,0.500
'[00:00:03.417 01/01/2011]',11.800,129.502,70.501,10.700,12.200,0.500
'[00:00:03.418 01/01/2011]',11.200,131.402,72.801,12.400,13.600,0.500
'[00:00:03.419 01/01/2011]',10.500,133.202,75.101,13.700,14.600,0.500
'[00:00:03.420 01/01/2011]',9.400,134.502,76.401,14.200,14.900,0.500
'[00:00:03.421 01/01/2011]',8.100,134.602,76.501,13.600,14.400,0.500
'[00:00:03.422 01/01/2011]',6.700,133.602,75.601,12.100,13.300,0.500
'[00:00:03.423 01/01/2011]',5.700,132.102,74.401,10.300,11.900,0.500
'[00:00:03.424 01/01/2011]',5.800,130.602,73.701,8.800,10.700,0.500
'[00:00:03.425 01/01/2011]',7.000,129.902,74.001,8.100,9.900,0.500
'[00:00:03.426 01/01/2011]',9.100,129.902,75.001,7.900,9.500,0.500
'[00:00:03.427 01/01/2011]',10.800,130.202,76.201,7.600,9.200,0.500
'[00:00:03.428 01/01/2011]',11.300,130.302,77.101,7.000,9.100,0.500
'[00:00:03.429 01/01/2011]',10.100,129.702,77.201,5.900,9.000,0.500
'[00:00:03.430 01/01/2011]',7.700,128.702,76.701,4.700,8.800,0.500
'[00:00:03.431 01/01/2011]',5.300,127.702,75.901,4.000,8.700,0.500
'[00:00:03.432 01/01/2011]',4.100,127.102,75.201,4.200,8.300,0.500
'[00:00:03.433 01/01/2011]',4.600,127.102,74.801,5.100,7.800,0.500
'[00:00:03.434 01/01/2011]',6.300,127.502,74.601,6.100,7.100,0.500
'[00:00:03.435 01/01/2011]',8.300,127.802,74.301,6.700,6.100,0.500
'[00:00:03.436 01/01/2011]',9.500,127.702,73.901,6.500,5.000,0.500
'[00:00:03.437 01/01/2011]',9.400,127.102,73.201,5.400,3.900,0.500
'[00:00:03.438 01/01/2011]',8.000,126.302,72.401,3.800,2.600,0.500
'[00:00:03.439 01/01/2011]',5.900,125.602,71.501,2.100,1.200,0.500
'[00:00:03.440 01/01/2011]',3.700,125.402,70.601,0.600,0.100,0.500
'[00:00:03.441 01/01/2011]',2.200,125.602,70.001,-0.500,-0.300,0.500
'[00:00:03.442 01/01/2011]',1.900,126.102,69.901,-0.700,0.400,0.500
'[00:00:03.443 01/01/2011]',3.000,126.802,70.201,0.000,2.400,0.500
'[00:00:03.444 01/01/2011]',5.500,127.602,70.901,1.700,5.500,0.500
'[00:00:03.445 01/01/2011]',8.600,128.202,71.701,4.100,8.800,0.500
'[00:00:03.446 01/01/2011]',11.300,128.502,72.201,6.400,11.600,0.500
'[00:00:03.447 01/01/2011]',12.200,128.302,71.901,8.200,13.000,0.500
'[00:00:03.448 01/01/2011]',10.600,127.402,70.401,8.900,13.100,0.500
'[00:00:03.449 01/01/2011]',6.900,126.202,68.201,8.800,12.200,0.500
'[00:00:03.450 01/01/2011]',2.500,124.702,65.601,8.000,11.100,0.500
'[00:00:03.451 01/01/2011]',-0.400,123.502,63.501,7.100,10.000,0.500
'[00:00:03.452 01/01/2011]',-0.400,122.702,62.201,6.300,9.100,0.500
'[00:00:03.453 01/01/2011]',2.600,122.202,61.801,5.600,8.100,0.500
'[00:00:03.454 01/01/2011]',7.000,121.702,61.801,4.900,6.900,0.500
'[00:00:03.455 01/01/2011]',10.800,120.902,61.501,4.100,5.600,0.500
'[00:00:03.456 01/01/2011]',12.200,119.402,60.601,3.200,4.600,0.500
'[00:00:03.457 01/01/2011]',11.100,117.702,59.101,2.600,4.300,0.500
'[00:00:03.458 01/01/2011]',8.700,116.002,57.601,2.400,4.900,0.500
'[00:00:03.459 01/01/2011]',7.000,114.902,56.701,2.800,6.200,0.500
'[00:00:03.460 01/01/2011]',7.100,114.702,56.601,3.500,7.600,0.500
'[00:00:03.461 01/01/2011]',9.000,115.202,57.301,4.300,8.500,0.500
'[00:00:03.462 01/01/2011]',11.400,115.902,58.001,4.700,8.500,0.500
'[00:00:03.463 01/01/2011]',12.700,116.102,58.301,4.400,7.700,0.500
'[00:00:03.464 01/01/2011]',12.300,115.602,57.801,3.300,6.400,0.500
'[00:00:03.465 01/01/2011]',10.500,114.302,56.901,1.700,5.300,0.500
'[00:00:03.466 01/01/2011]',8.500,112.702,56.001,0.200,4.600,0.500
'[00:00:03.467 01/01/2011]',7.400,111.602,55.801,-0.500,4.500,0.500
'[00:00:03.468 01/01/2011]',8.000,111.302,56.701,-0.300,5.000,0.500
'[00:00:03.469 01/01/2011]',9.800,112.002,58.401,0.800,5.600,0.500
'[00:00:03.470 01/01/2011]',12.200,113.302,60.401,2.100,6.000,0.500
'[00:00:03.471 01/01/2011]',14.100,114.402,62.001,2.900,6.000,0.500
'[00:00:03.472 01/01/2011]',14.700,114.902,62.901,3.000,5.700,0.500
'[00:00:03.473 01/01/2011]',13.800,114.702,62.801,2.300,5.200,0.500
'[00:00:03.474 01/01/2011]',11.700,114.002,62.301,1.600,4.900,0.500
'[00:00:03.475 01/01/2011]',9.300,113.502,61.701,1.200,4.900,0.500
'[00:00:03.476 01/01/2011]',7.600,113.402,61.301,1.400,5.200,0.500
'[00:00:03.477 01/01/2011]',7.300,113.802,61.101,1.900,5.500,0.500
'[00:00:03.478 01/01/2011]',8.800,114.302,60.601,2.100,5.400,0.500
'[00:00:03.479 01/01/2011]',11.500,114.302,59.401,1.500,4.500,0.500
'[00:00:03.480 01/01/2011]',14.400,113.402,57.101,-0.100,2.600,0.500
'[00:00:03.481 01/01/2011]',16.600,111.602,53.901,-2.400,0.100,0.500
'[00:00:03.482 01/01/2011]',17.500,109.702,50.301,-5.300,-2.900,0.500
'[00:00:03.483 01/01/2011]',16.900,108.602,47.301,-8.100,-5.700,0.500
'[00:00:03.484 01/01/2011]',14.900,108.902,45.601,-10.700,-8.000,0.500
'[00:00:03.485 01/01/2011]',11.800,110.502,45.301,-12.700,-9.400,0.500
'[00:00:03.486 01/01/2011]',8.200,112.602,46.001,-13.800,-9.900,0.500
'[00:00:03.487 01/01/2011]',4.800,113.702,46.801,-13.800,-9.600,0.500
'[00:00:03.488 01/01/2011]',2.500,112.802,47.201,-12.700,-8.800,0.500
'[00:00:03.489 01/01/2011]',1.900,109.902,47.001,-10.700,-7.800,0.500
'[00:00:03.490 01/01/2011]',3.200,105.902,46.601,-8.400,-7.100,0.500
'[00:00:03.491 01/01/2011]',5.500,102.102,46.601,-6.100,-6.600,0.500
'[00:00:03.492 01/01/2011]',7.500,99.702,47.501,-4.200,-6.300,0.500
'[00:00:03.493 01/01/2011]',8.500,99.002,49.301,-2.900,-5.800,0.500
'[00:00:03.494 01/01/2011]',8.400,99.502,51.601,-2.100,-5.000,0.500
'[00:00:03.495 01/01/2011]',8.000,100.202,53.601,-1.400,-3.700,0.500
'[00:00:03.496 01/01/2011]',8.100,100.402,55.001,-1.000,-2.300,0.500
'[00:00:03.497 01/01/2011]',8.800,100.002,55.501,-0.800,-1.200,0.500
'[00:00:03.498 01/01/2011]',9.600,99.102,55.201,-1.000,-0.800,0.500
'[00:00:03.499 01/01/2011]',9.600,98.502,54.601,-1.400,-1.200,0.500
'[00:00:03.500 01/01/2011]',8.700,98.402,53.701,-1.900,-1.900,0.500
'[00:00:03.501 01/01/2011]',7.500,98.902,52.901,-2.200,-2.400,0.500
'[00:00:03.502 01/01/2011]',7.100,100.102,52.401,-2.000,-2.300,0.500
'[00:00:03.503 01/01/2011]',8.200,101.702,52.501,-1.500,-1.400,0.500
'[00:00:03.504 01/01/2011]',10.100,103.702,53.101,-1.000,-0.100,0.500
'[00:00:03.505 01/01/2011]',11.500,105.802,53.901,-1.000,0.900,0.500
'[00:00:03.506 01/01/2011]',11.100,107.502,54.401,-1.700,1.300,0.500
'[00:00:03.507 01/01/2011]',8.900,108.402,54.301,-2.800,0.800,0.500
'[00:00:03.508 01/01/2011]',6.100,108.302,53.601,-4.100,-0.200,0.500
'[00:00:03.509 01/01/2011]',4.400,107.502,52.501,-4.800,-1.200,0.500
'[00:00:03.510 01/01/2011]',4.900,106.602,51.601,-4.900,-1.800,0.500
'[00:00:03.511 01/01/2011]',7.000,106.002,51.201,-4.400,-2.100,0.500
'[00:00:03.512 01/01/2011]',9.300,106.002,51.401,-3.600,-2.200,0.500
'[00:00:03.513 01/01/2011]',10.500,106.502,51.701,-3.000,-2.500,0.500
'[00:00:03.514 01/01/2011]',10.600,107.002,51.901,-2.900,-3.200,0.500
'[00:00:03.515 01/01/2011]',10.300,107.302,51.801,-3.300,-4.000,0.500
'[00:00:03.516 01/01/2011]',11.000,107.302,51.601,-3.900,-4.900,0.500
'[00:00:03.517 01/01/2011]',13.000,107.302,51.701,-4.500,-5.500,0.500
'[00:00:03.518 01/01/2011]',15.200,107.502,52.301,-5.000,-5.800,0.500
'[00:00:03.519 01/01/2011]',16.300,107.702,53.401,-5.100,-5.900,0.500
'[00:00:03.520 01/01/2011]',15.300,108.102,54.801,-4.800,-5.800,0.500
'[00:00:03.521 01/01/2011]',12.500,108.502,56.201,-4.000,-5.600,0.500
'[00:00:03.522 01/01/2011]',9.100,109.202,57.601,-2.800,-5.100,0.500
'[00:00:03.523 01/01/2011]',6.700,110.202,59.001,-1.500,-4.200,0.500
'[00:00:03.524 01/01/2011]',5.900,111.802,60.601,-0.400,-2.700,0.500
'[00:00:03.525 01/01/2011]',6.400,113.702,62.201,0.400,-0.800,0.500
'[00:00:03.526 01/01/2011]',7.100,115.602,63.501,0.700,1.100,0.500
'[00:00:03.527 01/01/2011]',7.200,116.902,64.001,0.800,2.600,0.500
'[00:00:03.528 01/01/2011]',6.200,117.602,63.801,0.600,3.300,0.500
'[00:00:03.529 01/01/2011]',4.600,117.602,62.801,0.300,3.000,0.500
'[00:00:03.530 01/01/2011]',3.300,117.202,61.401,-0.400,1.800,0.500
'[00:00:03.531 01/01/2011]',2.700,116.302,59.801,-1.700,0.100,0.500
'[00:00:03.532 01/01/2011]',3.100,114.902,58.001,-3.500,-1.800,0.500
'[00:00:03.533 01/01/2011]',3.900,113.102,56.301,-5.500,-3.500,0.500
'[00:00:03.534 01/01/2011]',4.400,111.102,54.501,-7.200,-5.000,0.500
'[00:00:03.535 01/01/2011]',4.000,109.302,52.901,-8.500,-6.300,0.500
'[00:00:03.536 01/01/2011]',2.700,108.302,51.701,-9.100,-7.400,0.500
'[00:00:03.537 01/01/2011]',1.000,108.302,50.901,-9.400,-8.300,0.500
'[00:00:03.538 01/01/2011]',-0.100,108.902,50.501,-9.500,-9.100,0.500
'[00:00:03.539 01/01/2011]',0.200,109.402,50.301,-9.800,-9.600,0.500
'[00:00:03.540 01/01/2011]',2.000,109.202,50.301,-10.000,-9.900,0.500
'[00:00:03.541 01/01/2011]',4.600,107.902,50.101,-10.100,-10.000,0.500
'[00:00:03.542 01/01/2011]',6.800,105.902,49.601,-9.900,-10.100,0.500
'[00:00:03.543 01/01/2011]',7.900,103.402,48.601,-9.600,-10.400,0.500
'[00:00:03.544 01/01/2011]',7.800,101.102,47.101,-9.400,-10.900,0.500
'[00:00:03.545 01/01/2011]',7.200,99.002,45.201,-9.600,-11.400,0.500
'[00:00:03.546 01/01/2011]',6.900,97.201,43.501,-10.100,-11.500,0.500
'[00:00:03.547 01/01/2011]',7.200,95.701,42.501,-10.500,-11.100,0.500
'[00:00:03.548 01/01/2011]',7.500,94.901,42.601,-10.500,-10.300,0.500
'[00:00:03.549 01/01/2011]',7.000,94.901,43.801,-10.000,-9.400,0.500
'[00:00:03.550 01/01/2011]',5.400,95.701,45.601,-9.100,-8.900,0.500
'[00:00:03.551 01/01/2011]',3.100,96.901,47.301,-8.300,-8.900,0.500
'[00:00:03.552 01/01/2011]',1.300,98.001,48.301,-7.800,-9.400,0.500
'[00:00:03.553 01/01/2011]',1.300,98.402,48.801,-7.600,-9.900,0.500
'[00:00:03.554 01/01/2011]',3.100,98.201,49.101,-7.600,-10.300,0.500
'[00:00:03.555 01/01/2011]',5.800,97.901,50.001,-7.200,-10.100,0.500
'[00:00:03.556 01/01/2011]',8.100,98.201,51.801,-6.100,-9.500,0.500
'[00:00:03.557 01/01/2011]',9.100,99.702,54.401,-4.300,-8.600,0.500
'[00:00:03.558 01/01/2011]',8.800,102.402,57.301,-1.900,-7.500,0.500
'[00:00:03.559 01/01/2011]',8.100,105.902,59.901,0.700,-6.100,0.500
'[00:00:03.560 01/01/2011]',7.400,109.402,61.901,3.200,-4.300,0.500
'[00:00:03.561 01/01/2011]',7.100,112.202,63.301,5.600,-1.900,0.500
'[00:00:03.562 01/01/2011]',6.700,114.002,64.301,7.800,0.800,0.500
'[00:00:03.563 01/01/2011]',6.000,114.902,65.401,9.900,3.600,0.500
'[00:00:03.564 01/01/2011]',5.100,115.002,66.501,11.800,6.000,0.500
'[00:00:03.565 01/01/2011]',4.600,114.402,67.401,13.100,7.700,0.500
'[00:00:03.566 01/01/2011]',4.700,113.102,67.601,13.400,8.800,0.500
'[00:00:03.567 01/01/2011]',5.000,111.102,67.101,12.800,9.800,0.500
'[00:00:03.568 01/01/2011]',4.500,108.202,65.901,11.500,11.000,0.500
'[00:00:03.569 01/01/2011]',2.600,104.602,64.601,10.300,12.800,0.500
'[00:00:03.570 01/01/2011]',-0.400,100.402,63.601,9.700,15.400,0.500
'[00:00:03.571 01/01/2011]',-3.300,96.201,63.301,10.000,18.300,0.500
'[00:00:03.572 01/01/2011]',-4.500,92.101,63.301,10.900,21.100,0.500
'[00:00:03.573 01/01/2011]',-3.200,88.301,63.301,11.700,23.600,0.500
'[00:00:03.574 01/01/2011]',0.000,84.701,62.701,11.700,25.600,0.500
'[00:00:03.575 01/01/2011]',3.300,81.101,61.501,10.400,27.100,0.500
'[00:00:03.576 01/01/2011]',4.800,77.501,59.901,8.200,28.200,0.500
'[00:00:03.577 01/01/2011]',3.600,73.501,58.501,5.600,29.000,0.500
'[00:00:03.578 01/01/2011]',0.600,69.001,57.201,2.900,29.200,0.500
'[00:00:03.579 01/01/2011]',-2.700,64.001,55.801,0.200,28.700,0.500
'[00:00:03.580 01/01/2011]',-4.400,58.401,53.701,-2.800,27.200,0.500
'[00:00:03.581 01/01/2011]',-4.000,52.301,50.301,-6.500,24.900,0.500
'[00:00:03.582 01/01/2011]',-2.000,46.101,45.901,-10.900,21.900,0.500
'[00:00:03.583 01/01/2011]',-0.100,40.401,41.201,-15.300,18.600,0.500
'[00:00:03.584 01/01/2011]',0.600,35.801,37.301,-19.000,15.200,0.500
'[00:00:03.585 01/01/2011]',-0.300,32.700,35.201,-21.300,12.100,0.500
'[00:00:03.586 01/01/2011]',-1.800,30.900,34.801,-21.800,9.500,0.500
'[00:00:03.587 01/01/2011]',-2.800,30.400,35.401,-20.900,7.600,0.500
'[00:00:03.588 01/01/2011]',-2.200,30.500,36.101,-19.500,6.500,0.500
'[00:00:03.589 01/01/2011]',-0.600,31.000,36.301,-18.500,6.200,0.500
'[00:00:03.590 01/01/2011]',1.000,31.900,35.801,-18.200,6.300,0.500
'[00:00:03.591 01/01/2011]',1.300,33.201,35.501,-18.800,6.200,0.500
'[00:00:03.592 01/01/2011]',-0.300,35.201,35.801,-19.600,5.300,0.500
'[00:00:03.593 01/01/2011]',-2.700,38.201,36.901,-20.300,3.400,0.500
'[00:00:03.594 01/01/2011]',-4.000,41.901,38.501,-20.700,0.600,0.500
'[00:00:03.595 01/01/2011]',-2.600,46.101,39.801,-21.100,-3.100,0.500
'[00:00:03.596 01/01/2011]',1.900,50.401,40.001,-22.000,-7.200,0.500
'[00:00:03.597 01/01/2011]',7.800,54.301,38.901,-23.800,-11.700,0.500
'[00:00:03.598 01/01/2011]',12.600,57.901,37.201,-26.700,-16.400,0.500
'[00:00:03.599 01/01/2011]',14.200,61.201,35.501,-29.900,-21.300,0.500
'[00:00:03.600 01/01/2011]',12.200,64.801,34.601,-32.700,-26.000,0.500
'[00:00:03.601 01/01/2011]',7.900,68.701,34.701,-34.501,-30.000,0.500
'[00:00:03.602 01/01/2011]',4.000,72.901,35.601,-34.901,-32.901,0.500
'[00:00:03.603 01/01/2011]',2.800,76.701,36.901,-34.401,-34.601,0.500
'[00:00:03.604 01/01/2011]',5.000,79.701,38.101,-33.601,-35.201,0.500
'[00:00:03.605 01/01/2011]',9.600,81.601,38.801,-32.901,-35.301,0.500
'[00:00:03.606 01/01/2011]',14.200,82.301,39.001,-32.500,-35.201,0.500
'[00:00:03.607 01/01/2011]',16.800,82.501,38.801,-32.200,-35.201,0.500
'[00:00:03.608 01/01/2011]',16.600,82.601,38.601,-31.500,-35.201,0.500
'[00:00:03.609 01/01/2011]',14.500,83.201,38.401,-30.200,-35.001,0.500
'[00:00:03.610 01/01/2011]',12.100,84.101,38.601,-28.500,-34.601,0.500
'[00:00:03.611 01/01/2011]',11.000,85.101,39.001,-27.100,-34.201,0.500
'[00:00:03.612 01/01/2011]',12.000,85.901,39.401,-26.600,-33.901,0.500
'[00:00:03.613 01/01/2011]',14.500,86.401,39.501,-27.000,-33.801,0.500
'[00:00:03.614 01/01/2011]',17.200,86.601,39.101,-28.100,-33.901,0.500
'[00:00:03.615 01/01/2011]',19.000,86.701,38.301,-29.100,-33.901,0.500
'[00:00:03.616 01/01/2011]',19.400,86.801,37.701,-29.400,-33.401,0.500
'[00:00:03.617 01/01/2011]',18.700,87.001,37.901,-28.600,-32.300,0.500
'[00:00:03.618 01/01/2011]',17.500,87.101,39.001,-27.000,-30.900,0.500
'[00:00:03.619 01/01/2011]',16.300,87.201,41.001,-25.200,-29.500,0.500
'[00:00:03.620 01/01/2011]',15.300,87.301,43.101,-23.600,-28.100,0.500
'[00:00:03.621 01/01/2011]',14.000,87.601,44.701,-22.500,-27.000,0.500
'[00:00:03.622 01/01/2011]',12.400,88.001,45.501,-22.100,-25.800,0.500
'[00:00:03.623 01/01/2011]',10.600,88.501,45.901,-22.000,-24.600,0.500
'[00:00:03.624 01/01/2011]',9.400,89.101,46.501,-22.000,-23.300,0.500
'[00:00:03.625 01/01/2011]',9.900,89.701,47.601,-22.000,-22.500,0.500
'[00:00:03.626 01/01/2011]',12.300,90.401,49.101,-22.000,-22.300,0.500
'[00:00:03.627 01/01/2011]',15.800,91.001,50.401,-22.000,-23.000,0.500
'[00:00:03.628 01/01/2011]',19.100,91.301,50.701,-21.900,-24.200,0.500
'[00:00:03.629 01/01/2011]',20.400,91.101,49.701,-21.700,-25.200,0.500
'[00:00:03.630 01/01/2011]',19.100,90.101,47.801,-21.500,-25.500,0.500
'[00:00:03.631 01/01/2011]',15.800,88.401,46.201,-21.000,-24.500,0.500
'[00:00:03.632 01/01/2011]',12.200,86.701,45.901,-20.100,-22.600,0.500
'[00:00:03.633 01/01/2011]',10.300,85.701,47.701,-18.700,-20.100,0.500
'[00:00:03.634 01/01/2011]',11.000,85.801,51.101,-16.800,-17.700,0.500
'[00:00:03.635 01/01/2011]',14.100,87.201,54.901,-14.700,-15.700,0.500
'[00:00:03.636 01/01/2011]',18.300,89.201,57.901,-12.700,-14.300,0.500
'[00:00:03.637 01/01/2011]',22.300,91.001,59.001,-11.500,-13.400,0.500
'[00:00:03.638 01/01/2011]',24.900,92.101,58.301,-11.300,-12.800,0.500
'[00:00:03.639 01/01/2011]',25.800,92.301,56.701,-11.800,-12.700,0.500
'[00:00:03.640 01/01/2011]',25.500,92.101,55.401,-12.400,-12.700,0.500
'[00:00:03.641 01/01/2011]',24.300,92.101,55.301,-12.500,-13.000,0.500
'[00:00:03.642 01/01/2011]',22.900,92.701,56.601,-11.900,-13.100,0.500
'[00:00:03.643 01/01/2011]',21.900,93.801,58.801,-10.700,-12.800,0.500
'[00:00:03.644 01/01/2011]',22.000,95.201,61.001,-9.200,-11.800,0.500
'[00:00:03.645 01/01/2011]',23.600,96.301,62.401,-8.100,-10.100,0.500
'[00:00:03.646 01/01/2011]',26.500,97.101,62.801,-7.700,-8.100,0.500
'[00:00:03.647 01/01/2011]',29.500,97.401,62.601,-8.000,-6.300,0.500
'[00:00:03.648 01/01/2011]',31.500,97.401,62.401,-8.500,-5.300,0.500
'[00:00:03.649 01/01/2011]',31.400,97.101,62.701,-8.900,-5.300,0.500
'[00:00:03.650 01/01/2011]',28.900,96.301,63.501,-8.900,-6.100,0.500
'[00:00:03.651 01/01/2011]',25.400,95.001,64.301,-8.500,-7.300,0.500
'[00:00:03.652 01/01/2011]',22.400,93.301,64.401,-8.100,-8.400,0.500
'[00:00:03.653 01/01/2011]',21.300,91.401,63.301,-8.000,-9.200,0.500
'[00:00:03.654 01/01/2011]',22.400,89.901,61.401,-8.500,-9.700,0.500
'[00:00:03.655 01/01/2011]',24.700,88.801,59.101,-9.600,-10.000,0.500
'[00:00:03.656 01/01/2011]',26.600,88.201,57.301,-11.100,-10.400,0.500
'[00:00:03.657 01/01/2011]',26.700,87.701,56.501,-12.200,-10.700,0.500
'[00:00:03.658 01/01/2011]',24.700,87.501,56.701,-12.600,-11.000,0.500
'[00:00:03.659 01/01/2011]',21.600,87.301,57.601,-12.200,-11.000,0.500
'[00:00:03.660 01/01/2011]',18.800,87.501,58.401,-11.400,-10.800,0.500
'[00:00:03.661 01/01/2011]',17.600,88.001,58.501,-10.800,-10.600,0.500
'[00:00:03.662 01/01/2011]',18.100,88.701,57.801,-10.700,-10.400,0.500
'[00:00:03.663 01/01/2011]',19.300,89.301,56.501,-11.200,-10.200,0.500
'[00:00:03.664 01/01/2011]',19.900,89.501,55.201,-11.800,-10.200,0.500
'[00:00:03.665 01/01/2011]',18.900,89.401,54.401,-12.200,-10.200,0.500
'[00:00:03.666 01/01/2011]',16.300,89.001,54.301,-12.300,-10.300,0.500
'[00:00:03.667 01/01/2011]',13.000,88.501,54.801,-12.200,-10.600,0.500
'[00:00:03.668 01/01/2011]',10.600,87.801,55.401,-12.400,-11.100,0.500
'[00:00:03.669 01/01/2011]',10.000,86.801,55.601,-12.900,-11.600,0.500
'[00:00:03.670 01/01/2011]',11.100,85.001,55.201,-13.600,-12.100,0.500
'[00:00:03.671 01/01/2011]',13.000,82.501,54.101,-14.200,-12.400,0.500
'[00:00:03.672 01/01/2011]',14.500,79.801,52.801,-14.200,-12.600,0.500
'[00:00:03.673 01/01/2011]',14.700,77.501,51.801,-13.600,-12.700,0.500
'[00:00:03.674 01/01/2011]',13.700,76.401,51.501,-12.700,-12.800,0.500
'[00:00:03.675 01/01/2011]',12.200,76.601,51.901,-11.700,-13.000,0.500
'[00:00:03.676 01/01/2011]',10.900,77.701,52.701,-11.100,-13.300,0.500
'[00:00:03.677 01/01/2011]',10.000,79.201,53.501,-11.000,-13.700,0.500
'[00:00:03.678 01/01/2011]',9.600,80.201,53.701,-11.500,-14.300,0.500
'[00:00:03.679 01/01/2011]',9.400,80.301,53.201,-12.400,-15.100,0.500
'[00:00:03.680 01/01/2011]',9.000,79.401,52.101,-13.700,-16.100,0.500
'[00:00:03.681 01/01/2011]',8.400,77.701,50.801,-15.300,-17.200,0.500
'[00:00:03.682 01/01/2011]',7.700,75.901,49.801,-16.800,-18.000,0.500
'[00:00:03.683 01/01/2011]',6.900,74.401,49.601,-17.800,-18.300,0.500
'[00:00:03.684 01/01/2011]',5.800,73.601,50.201,-17.800,-18.100,0.500
'[00:00:03.685 01/01/2011]',4.400,73.801,51.601,-16.900,-17.700,0.500
'[00:00:03.686 01/01/2011]',2.800,74.601,53.101,-15.600,-17.300,0.500
'[00:00:03.687 01/01/2011]',1.200,75.801,54.401,-14.500,-17.200,0.500
'[00:00:03.688 01/01/2011]',-0.300,76.701,54.901,-14.100,-17.100,0.500
'[00:00:03.689 01/01/2011]',-1.500,77.001,54.501,-14.500,-17.000,0.500
'[00:00:03.690 01/01/2011]',-2.500,76.401,53.501,-15.400,-16.500,0.500
'[00:00:03.691 01/01/2011]',-3.100,75.301,52.201,-16.200,-15.700,0.500
'[00:00:03.692 01/01/2011]',-3.200,74.201,51.201,-16.400,-14.600,0.500
'[00:00:03.693 01/01/2011]',-2.900,73.701,51.101,-15.700,-13.700,0.500
'[00:00:03.694 01/01/2011]',-2.300,74.301,51.901,-14.500,-12.800,0.500
'[00:00:03.695 01/01/2011]',-1.900,75.801,53.601,-13.200,-12.200,0.500
'[00:00:03.696 01/01/2011]',-1.800,77.901,55.501,-12.100,-11.700,0.500
'[00:00:03.697 01/01/2011]',-2.100,79.801,57.101,-11.500,-11.300,0.500
'[00:00:03.698 01/01/2011]',-2.000,81.001,58.001,-11.100,-10.900,0.500
'[00:00:03.699 01/01/2011]',-1.200,81.301,58.301,-11.000,-10.600,0.500
'[00:00:03.700 01/01/2011]',0.600,81.301,58.301,-10.800,-10.300,0.500
'[00:00:03.701 01/01/2011]',3.000,81.501,58.401,-10.400,-10.100,0.500
'[00:00:03.702 01/01/2011]',4.900,82.401,58.801,-9.800,-9.700,0.500
'[00:00:03.703 01/01/2011]',5.200,84.101,59.501,-8.900,-9.200,0.500
'[00:00:03.704 01/01/2011]',3.700,86.101,60.201,-7.900,-8.600,0.500
'[00:00:03.705 01/01/2011]',0.700,87.901,60.601,-6.800,-8.200,0.500
'[00:00:03.706 01/01/2011]',-2.600,89.101,60.601,-6.100,-8.000,0.500
'[00:00:03.707 01/01/2011]',-4.900,89.401,60.201,-6.000,-8.200,0.500
'[00:00:03.708 01/01/2011]',-5.300,89.001,59.501,-6.900,-8.600,0.500
'[00:00:03.709 01/01/2011]',-3.700,88.301,58.701,-8.600,-8.900,0.500
'[00:00:03.710 01/01/2011]',-0.800,87.401,57.701,-10.600,-9.200,0.500
'[00:00:03.711 01/01/2011]',2.300,86.401,56.401,-12.500,-9.500,0.500
'[00:00:03.712 01/01/2011]',4.600,85.301,54.901,-13.800,-10.300,0.500
'[00:00:03.713 01/01/2011]',5.500,84.301,53.201,-14.300,-11.500,0.500
'[00:00:03.714 01/01/2011]',5.000,83.201,51.401,-14.200,-13.200,0.500
'[00:00:03.715 01/01/2011]',3.800,82.101,49.701,-13.900,-14.800,0.500
'[00:00:03.716 01/01/2011]',2.500,81.101,48.101,-13.700,-16.000,0.500
'[00:00:03.717 01/01/2011]',1.500,79.901,46.601,-13.700,-16.400,0.500
'[00:00:03.718 01/01/2011]',0.700,78.401,45.201,-13.800,-16.300,0.500
'[00:00:03.719 01/01/2011]',-0.400,76.601,43.801,-14.000,-16.100,0.500
'[00:00:03.720 01/01/2011]',-1.800,74.801,42.401,-14.400,-16.500,0.500
'[00:00:03.721 01/01/2011]',-3.200,73.301,41.201,-14.900,-17.600,0.500
'[00:00:03.722 01/01/2011]',-3.800,72.101,40.001,-15.700,-19.300,0.500
'[00:00:03.723 01/01/2011]',-2.900,71.201,38.801,-16.800,-21.100,0.500
'[00:00:03.724 01/01/2011]',-0.500,70.001,37.301,-18.000,-22.300,0.500
'[00:00:03.725 01/01/2011]',2.300,68.201,35.901,-19.000,-22.800,0.500
'[00:00:03.726 01/01/2011]',4.300,65.801,34.701,-19.500,-22.700,0.500
'[00:00:03.727 01/01/2011]',4.200,63.201,34.101,-19.200,-22.100,0.500
'[00:00:03.728 01/01/2011]',2.100,61.301,34.201,-18.100,-21.300,0.500
'[00:00:03.729 01/01/2011]',-1.100,60.801,35.101,-16.400,-20.300,0.500
'[00:00:03.730 01/01/2011]',-3.500,61.801,36.401,-14.400,-19.000,0.500
'[00:00:03.731 01/01/2011]',-4.200,63.901,37.701,-12.700,-17.300,0.500
'[00:00:03.732 01/01/2011]',-2.800,66.101,38.801,-11.700,-15.400,0.500
'[00:00:03.733 01/01/2011]',-0.500,67.601,39.601,-11.600,-13.400,0.500
'[00:00:03.734 01/01/2011]',1.400,67.901,40.101,-12.200,-11.800,0.500
'[00:00:03.735 01/01/2011]',2.000,67.301,40.401,-13.000,-10.700,0.500
'[00:00:03.736 01/01/2011]',1.500,66.401,40.501,-13.700,-10.400,0.500
'[00:00:03.737 01/01/2011]',0.500,65.801,40.201,-14.000,-10.600,0.500
'[00:00:03.738 01/01/2011]',0.200,65.701,39.401,-14.200,-11.200,0.500
'[00:00:03.739 01/01/2011]',0.900,65.601,38.201,-14.400,-12.000,0.500
'[00:00:03.740 01/01/2011]',2.600,65.401,36.701,-14.800,-12.800,0.500
'[00:00:03.741 01/01/2011]',4.600,64.601,35.201,-15.500,-13.500,0.500
'[00:00:03.742 01/01/2011]',6.300,63.601,34.201,-16.000,-14.000,0.500
'[00:00:03.743 01/01/2011]',7.100,62.801,33.601,-16.200,-14.300,0.500
'[00:00:03.744 01/01/2011]',6.900,62.301,33.301,-16.000,-14.500,0.500
'[00:00:03.745 01/01/2011]',5.600,62.401,33.001,-15.700,-14.900,0.500
'[00:00:03.746 01/01/2011]',3.400,62.601,32.801,-15.800,-15.400,0.500
'[00:00:03.747 01/01/2011]',1.100,62.801,32.700,-16.200,-16.200,0.500
'[00:00:03.748 01/01/2011]',-0.900,62.701,32.801,-16.900,-17.100,0.500
'[00:00:03.749 01/01/2011]',-1.700,62.601,33.201,-17.600,-18.000,0.500
'[00:00:03.750 01/01/2011]',-1.400,62.401,33.701,-18.000,-18.700,0.500
'[00:00:03.751 01/01/2011]',-0.200,62.201,34.201,-18.200,-19.200,0.500
'[00:00:03.752 01/01/2011]',1.300,61.801,34.201,-18.600,-19.400,0.500
'[00:00:03.753 01/01/2011]',2.400,60.901,33.601,-19.200,-19.700,0.500
'[00:00:03.754 01/01/2011]',3.100,59.701,32.901,-20.000,-19.900,0.500
'[00:00:03.755 01/01/2011]',3.900,58.201,32.600,-20.600,-20.000,0.500
'[00:00:03.756 01/01/2011]',5.000,56.901,33.101,-20.500,-20.000,0.500
'[00:00:03.757 01/01/2011]',6.400,56.101,34.401,-19.600,-19.700,0.500
'[00:00:03.758 01/01/2011]',7.500,56.001,36.201,-18.300,-19.100,0.500
'[00:00:03.759 01/01/2011]',7.700,56.201,37.701,-16.900,-18.300,0.500
'[00:00:03.760 01/01/2011]',7.000,56.401,38.501,-16.000,-17.400,0.500
'[00:00:03.761 01/01/2011]',6.000,56.201,38.301,-15.500,-16.600,0.500
'[00:00:03.762 01/01/2011]',5.600,55.701,37.401,-15.300,-15.800,0.500
'[00:00:03.763 01/01/2011]',6.300,55.001,36.401,-15.200,-15.200,0.500
'[00:00:03.764 01/01/2011]',7.600,54.301,35.701,-15.100,-14.800,0.500
'[00:00:03.765 01/01/2011]',8.800,53.801,35.301,-15.100,-14.600,0.500
'[00:00:03.766 01/01/2011]',8.900,53.501,35.101,-15.500,-14.600,0.500
'[00:00:03.767 01/01/2011]',7.600,53.201,34.801,-16.200,-14.600,0.500
'[00:00:03.768 01/01/2011]',5.700,52.701,34.201,-17.200,-14.700,0.500
'[00:00:03.769 01/01/2011]',3.700,52.001,33.501,-18.100,-14.900,0.500
'[00:00:03.770 01/01/2011]',2.400,51.301,32.801,-18.900,-15.200,0.500
'[00:00:03.771 01/01/2011]',1.700,50.701,32.400,-19.400,-15.700,0.500
'[00:00:03.772 01/01/2011]',1.300,50.301,32.100,-19.700,-16.100,0.500
'[00:00:03.773 01/01/2011]',0.900,50.001,31.900,-19.700,-16.300,0.500
'[00:00:03.774 01/01/2011]',0.900,49.901,31.900,-19.300,-16.100,0.500
'[00:00:03.775 01/01/2011]',1.700,50.101,32.100,-18.500,-15.400,0.500
'[00:00:03.776 01/01/2011]',4.300,50.601,32.600,-17.400,-14.400,0.500
'[00:00:03.777 01/01/2011]',8.700,51.601,33.501,-16.200,-13.300,0.500
'[00:00:03.778 01/01/2011]',14.800,53.001,34.401,-15.400,-12.300,0.500
'[00:00:03.779 01/01/2011]',21.900,54.101,35.101,-14.900,-11.200,0.500
'[00:00:03.780 01/01/2011]',29.900,54.601,35.801,-14.500,-9.500,0.500
'[00:00:03.781 01/01/2011]',38.701,54.401,36.901,-13.500,-6.700,0.500
'[00:00:03.782 01/01/2011]',49.001,53.801,39.201,-11.300,-2.800,0.500
'[00:00:03.783 01/01/2011]',61.701,53.801,43.201,-7.700,2.400,0.500
'[00:00:03.784 01/01/2011]',77.701,55.301,48.801,-3.200,8.200,0.500
'[00:00:03.785 01/01/2011]',97.001,58.601,54.901,1.300,14.000,0.500
'[00:00:03.786 01/01/2011]',118.302,63.101,60.001,4.600,18.800,0.500
'[00:00:03.787 01/01/2011]',139.002,67.301,62.901,6.100,22.000,0.500
'[00:00:03.788 01/01/2011]',155.302,69.801,63.101,6.000,23.300,0.500
'[00:00:03.789 01/01/2011]',164.003,69.901,60.901,4.700,22.500,0.500
'[00:00:03.790 01/01/2011]',163.202,67.701,57.401,2.800,20.200,0.500
'[00:00:03.791 01/01/2011]',153.502,64.201,53.801,0.700,16.800,0.500
'[00:00:03.792 01/01/2011]',137.602,60.501,50.401,-1.400,12.700,0.500
'[00:00:03.793 01/01/2011]',119.302,57.201,47.301,-3.900,8.100,0.500
'[00:00:03.794 01/01/2011]',101.202,54.401,43.901,-7.300,2.800,0.500
'[00:00:03.795 01/01/2011]',84.101,51.301,39.701,-11.700,-3.300,0.500
'[00:00:03.796 01/01/2011]',66.401,47.201,34.801,-17.000,-10.400,0.500
'[00:00:03.797 01/01/2011]',45.901,42.001,29.400,-22.600,-18.100,0.500
'[00:00:03.798 01/01/2011]',20.800,36.101,24.300,-27.400,-25.500,0.500
'[00:00:03.799 01/01/2011]',-8.200,30.600,20.200,-30.600,-31.600,0.500
'[00:00:03.800 01/01/2011]',-38.301,26.700,17.500,-31.800,-35.601,0.500
'[00:00:03.801 01/01/2011]',-65.601,25.200,16.500,-31.300,-37.301,0.500
'[00:00:03.802 01/01/2011]',-86.501,26.100,17.000,-29.800,-37.101,0.500
'[00:00:03.803 01/01/2011]',-99.202,28.800,18.500,-28.300,-35.501,0.500
'[00:00:03.804 01/01/2011]',-103.702,32.000,20.400,-27.500,-33.301,0.500
'[00:00:03.805 01/01/2011]',-101.702,34.501,22.200,-27.300,-30.600,0.500
'[00:00:03.806 01/01/2011]',-95.201,35.401,23.600,-27.000,-27.800,0.500
'[00:00:03.807 01/01/2011]',-86.001,34.801,24.800,-26.000,-25.000,0.500
'[00:00:03.808 01/01/2011]',-75.701,33.201,25.900,-24.000,-22.500,0.500
'[00:00:03.809 01/01/2011]',-64.901,31.800,27.200,-21.600,-20.800,0.500
'[00:00:03.810 01/01/2011]',-54.301,31.300,28.700,-19.500,-19.900,0.500
'[00:00:03.811 01/01/2011]',-44.001,32.100,29.900,-18.500,-20.100,0.500
'[00:00:03.812 01/01/2011]',-34.101,33.701,30.500,-18.900,-20.900,0.500
'[00:00:03.813 01/01/2011]',-24.800,35.301,30.400,-20.000,-21.900,0.500
'[00:00:03.814 01/01/2011]',-16.600,36.201,29.700,-21.200,-22.800,0.500
'[00:00:03.815 01/01/2011]',-10.100,36.101,29.100,-21.700,-23.400,0.500
'[00:00:03.816 01/01/2011]',-5.700,35.301,28.900,-21.400,-23.900,0.500
'[00:00:03.817 01/01/2011]',-3.200,34.601,29.300,-20.900,-24.000,0.500
'[00:00:03.818 01/01/2011]',-1.900,34.501,29.800,-20.400,-23.500,0.500
'[00:00:03.819 01/01/2011]',-0.900,35.301,30.100,-20.100,-22.200,0.500
'[00:00:03.820 01/01/2011]',0.400,36.801,30.000,-19.900,-20.000,0.500
'[00:00:03.821 01/01/2011]',1.600,38.401,29.600,-19.400,-17.200,0.500
'[00:00:03.822 01/01/2011]',2.000,39.801,29.300,-18.400,-14.600,0.500
'[00:00:03.823 01/01/2011]',1.100,40.701,29.500,-17.100,-12.800,0.500
'[00:00:03.824 01/01/2011]',-0.800,41.301,30.000,-16.000,-11.900,0.500
'[00:00:03.825 01/01/2011]',-2.800,41.801,30.700,-15.300,-11.700,0.500
'[00:00:03.826 01/01/2011]',-3.500,42.401,31.300,-15.000,-11.700,0.500
'[00:00:03.827 01/01/2011]',-2.500,42.901,31.600,-15.000,-11.300,0.500
'[00:00:03.828 01/01/2011]',-0.500,43.301,31.900,-15.000,-10.600,0.500
'[00:00:03.829 01/01/2011]',1.300,43.401,32.700,-14.900,-10.100,0.500
'[00:00:03.830 01/01/2011]',1.700,43.201,33.901,-14.800,-10.100,0.500
'[00:00:03.831 01/01/2011]',0.700,43.101,35.201,-14.900,-10.900,0.500
'[00:00:03.832 01/01/2011]',-1.000,42.801,36.201,-15.400,-12.200,0.500
'[00:00:03.833 01/01/2011]',-2.000,42.301,36.201,-15.900,-13.500,0.500
'[00:00:03.834 01/01/2011]',-1.700,41.301,35.401,-16.000,-14.100,0.500
'[00:00:03.835 01/01/2011]',-0.500,39.701,34.401,-15.600,-14.000,0.500
'[00:00:03.836 01/01/2011]',0.700,37.801,33.801,-14.800,-13.200,0.500
'[00:00:03.837 01/01/2011]',1.200,36.101,34.001,-13.900,-12.500,0.500
'[00:00:03.838 01/01/2011]',0.700,35.101,35.001,-13.600,-12.300,0.500
'[00:00:03.839 01/01/2011]',0.000,35.101,36.001,-14.300,-12.800,0.500
'[00:00:03.840 01/01/2011]',-0.200,35.601,36.401,-15.700,-13.800,0.500
'[00:00:03.841 01/01/2011]',0.500,36.101,35.801,-17.400,-15.100,0.500
'[00:00:03.842 01/01/2011]',1.900,36.201,34.501,-18.800,-16.500,0.500
'[00:00:03.843 01/01/2011]',3.200,35.801,32.901,-19.500,-17.800,0.500
'[00:00:03.844 01/01/2011]',3.800,35.501,31.600,-19.700,-19.000,0.500
'[00:00:03.845 01/01/2011]',3.400,35.701,30.700,-19.600,-20.200,0.500
'[00:00:03.846 01/01/2011]',2.200,36.801,30.300,-19.200,-21.100,0.500
'[00:00:03.847 01/01/2011]',0.800,38.401,30.200,-18.600,-21.600,0.500
'[00:00:03.848 01/01/2011]',-0.100,40.101,30.500,-17.700,-21.700,0.500
'[00:00:03.849 01/01/2011]',-0.500,41.501,31.000,-16.400,-21.400,0.500
'[00:00:03.850 01/01/2011]',-0.400,42.301,31.800,-15.000,-21.000,0.500
'[00:00:03.851 01/01/2011]',-0.100,42.701,32.200,-13.900,-20.900,0.500
'[00:00:03.852 01/01/2011]',0.400,42.801,31.900,-13.500,-21.300,0.500
'[00:00:03.853 01/01/2011]',0.900,42.601,30.600,-13.800,-21.900,0.500
'[00:00:03.854 01/01/2011]',1.700,42.301,28.700,-14.500,-22.400,0.500
'[00:00:03.855 01/01/2011]',2.500,41.901,26.900,-15.100,-22.600,0.500
'[00:00:03.856 01/01/2011]',3.300,41.701,25.900,-15.300,-22.400,0.500
'[00:00:03.857 01/01/2011]',3.400,42.101,26.100,-15.000,-22.000,0.500
'[00:00:03.858 01/01/2011]',2.900,43.101,27.100,-14.600,-21.700,0.500
'[00:00:03.859 01/01/2011]',1.800,44.801,28.200,-14.300,-21.500,0.500
'[00:00:03.860 01/01/2011]',0.900,46.501,28.800,-14.200,-21.500,0.500
'[00:00:03.861 01/01/2011]',0.400,47.701,28.500,-14.300,-21.500,0.500
'[00:00:03.862 01/01/2011]',0.300,48.201,28.000,-14.300,-21.300,0.500
'[00:00:03.863 01/01/2011]',0.400,48.101,27.800,-14.100,-21.100,0.500
'[00:00:03.864 01/01/2011]',-0.100,47.901,28.000,-13.800,-21.100,0.500
'[00:00:03.865 01/01/2011]',-1.100,48.101,28.700,-13.400,-21.500,0.500
'[00:00:03.866 01/01/2011]',-2.400,48.901,29.300,-13.000,-22.200,0.500
'[00:00:03.867 01/01/2011]',-3.300,50.101,29.600,-12.700,-22.900,0.500
'[00:00:03.868 01/01/2011]',-3.700,51.601,29.700,-12.200,-23.300,0.500
'[00:00:03.869 01/01/2011]',-3.700,53.201,30.100,-11.500,-23.000,0.500
'[00:00:03.870 01/01/2011]',-4.000,54.701,31.400,-10.500,-21.900,0.500
'[00:00:03.871 01/01/2011]',-4.800,56.301,33.601,-9.400,-20.300,0.500
'[00:00:03.872 01/01/2011]',-5.900,58.001,36.301,-8.300,-18.400,0.500
'[00:00:03.873 01/01/2011]',-6.600,59.701,39.001,-7.700,-16.800,0.500
'[00:00:03.874 01/01/2011]',-6.000,61.401,41.001,-7.500,-15.900,0.500
'[00:00:03.875 01/01/2011]',-4.200,62.701,42.201,-8.000,-15.900,0.500
'[00:00:03.876 01/01/2011]',-1.800,63.401,42.601,-9.200,-16.800,0.500
'[00:00:03.877 01/01/2011]',-0.100,63.101,42.201,-11.100,-18.400,0.500
'[00:00:03.878 01/01/2011]',0.300,61.601,41.001,-13.300,-20.500,0.500
'[00:00:03.879 01/01/2011]',-0.500,59.101,38.901,-15.800,-22.800,0.500
'[00:00:03.880 01/01/2011]',-1.500,55.901,36.101,-18.100,-25.100,0.500
'[00:00:03.881 01/01/2011]',-1.800,52.701,33.001,-20.100,-27.300,0.500
'[00:00:03.882 01/01/2011]',-1.300,50.001,30.300,-21.500,-29.400,0.500
'[00:00:03.883 01/01/2011]',-0.200,48.201,28.500,-22.200,-31.100,0.500
'[00:00:03.884 01/01/2011]',0.700,47.401,27.900,-21.900,-32.200,0.500
'[00:00:03.885 01/01/2011]',0.800,47.401,28.400,-21.000,-32.500,0.500
'[00:00:03.886 01/01/2011]',0.400,48.001,29.600,-19.600,-32.000,0.500
'[00:00:03.887 01/01/2011]',-0.300,48.901,30.900,-18.100,-31.100,0.500
'[00:00:03.888 01/01/2011]',-0.900,50.101,31.900,-17.000,-30.100,0.500
'[00:00:03.889 01/01/2011]',-1.500,51.501,32.200,-16.300,-29.500,0.500
'[00:00:03.890 01/01/2011]',-2.200,52.901,31.700,-16.000,-29.300,0.500
'[00:00:03.891 01/01/2011]',-2.800,53.901,30.600,-15.900,-29.100,0.500
'[00:00:03.892 01/01/2011]',-2.900,54.401,29.200,-15.800,-28.800,0.500
'[00:00:03.893 01/01/2011]',-1.800,54.101,28.000,-15.500,-28.000,0.500
'[00:00:03.894 01/01/2011]',0.200,53.201,27.300,-15.100,-27.000,0.500
'[00:00:03.895 01/01/2011]',2.400,52.101,27.300,-14.900,-26.100,0.500
'[00:00:03.896 01/01/2011]',3.600,51.001,27.700,-14.900,-25.700,0.500
'[00:00:03.897 01/01/2011]',2.900,50.201,28.000,-15.100,-26.100,0.500
'[00:00:03.898 01/01/2011]',0.700,49.501,27.800,-15.400,-26.800,0.500
'[00:00:03.899 01/01/2011]',-1.800,49.001,27.300,-15.600,-27.600,0.500
'[00:00:03.900 01/01/2011]',-3.400,48.601,26.600,-15.900,-28.000,0.500
'[00:00:03.901 01/01/2011]',-3.300,48.301,26.200,-16.200,-27.900,0.500
'[00:00:03.902 01/01/2011]',-1.700,48.301,26.500,-16.800,-27.500,0.500
'[00:00:03.903 01/01/2011]',0.400,48.401,27.400,-17.500,-27.200,0.500
'[00:00:03.904 01/01/2011]',2.300,48.601,28.600,-18.100,-27.200,0.500
'[00:00:03.905 01/01/2011]',3.600,48.701,29.600,-18.600,-27.500,0.500
'[00:00:03.906 01/01/2011]',4.600,48.501,30.000,-18.800,-27.700,0.500
'[00:00:03.907 01/01/2011]',5.600,48.201,29.800,-18.800,-27.500,0.500
'[00:00:03.908 01/01/2011]',6.800,47.601,29.200,-18.800,-27.100,0.500
'[00:00:03.909 01/01/2011]',7.600,47.101,28.500,-19.100,-26.700,0.500
'[00:00:03.910 01/01/2011]',7.400,46.501,28.000,-20.000,-26.700,0.500
'[00:00:03.911 01/01/2011]',6.000,46.001,27.900,-21.300,-27.400,0.500
'[00:00:03.912 01/01/2011]',3.800,45.501,27.900,-23.000,-28.800,0.500
'[00:00:03.913 01/01/2011]',1.600,45.001,28.000,-24.500,-30.500,0.500
'[00:00:03.914 01/01/2011]',0.600,44.801,28.200,-25.500,-31.900,0.500
'[00:00:03.915 01/01/2011]',1.400,44.801,28.500,-25.600,-32.500,0.500
'[00:00:03.916 01/01/2011]',4.100,45.201,28.900,-24.800,-32.200,0.500
'[00:00:03.917 01/01/2011]',7.600,45.901,29.500,-23.300,-31.600,0.500
'[00:00:03.918 01/01/2011]',10.800,46.601,29.900,-21.600,-30.900,0.500
'[00:00:03.919 01/01/2011]',12.700,47.301,29.700,-20.400,-30.700,0.500
'[00:00:03.920 01/01/2011]',12.800,47.901,28.600,-19.900,-30.900,0.500
'[00:00:03.921 01/01/2011]',11.700,48.101,26.400,-19.900,-31.400,0.500
'[00:00:03.922 01/01/2011]',10.200,48.001,23.700,-20.100,-31.700,0.500
'[00:00:03.923 01/01/2011]',9.100,47.401,21.000,-20.100,-31.700,0.500
'[00:00:03.924 01/01/2011]',8.600,46.601,19.100,-19.800,-31.500,0.500
'[00:00:03.925 01/01/2011]',8.400,45.601,18.200,-19.300,-31.200,0.500
'[00:00:03.926 01/01/2011]',8.100,44.601,18.400,-19.000,-31.000,0.500
'[00:00:03.927 01/01/2011]',7.600,44.001,19.200,-19.100,-30.900,0.500
'[00:00:03.928 01/01/2011]',7.100,43.801,20.200,-19.500,-30.600,0.500
'[00:00:03.929 01/01/2011]',7.300,44.301,21.200,-19.700,-29.800,0.500
'[00:00:03.930 01/01/2011]',8.100,45.101,22.300,-19.300,-28.300,0.500
'[00:00:03.931 01/01/2011]',9.300,46.001,23.600,-18.200,-26.500,0.500
'[00:00:03.932 01/01/2011]',10.000,46.801,25.100,-17.000,-24.900,0.500
'[00:00:03.933 01/01/2011]',10.000,47.301,26.700,-16.200,-24.100,0.500
'[00:00:03.934 01/01/2011]',9.300,47.601,27.700,-16.700,-24.200,0.500
'[00:00:03.935 01/01/2011]',8.700,47.601,27.800,-18.400,-25.200,0.500
'[00:00:03.936 01/01/2011]',8.800,47.501,26.800,-20.900,-26.300,0.500
'[00:00:03.937 01/01/2011]',10.100,47.401,25.300,-23.300,-27.100,0.500
'[00:00:03.938 01/01/2011]',12.100,47.201,24.100,-24.500,-27.000,0.500
'[00:00:03.939 01/01/2011]',14.500,46.801,23.800,-24.300,-26.200,0.500
'[00:00:03.940 01/01/2011]',16.800,46.301,24.800,-22.600,-25.100,0.500
'[00:00:03.941 01/01/2011]',18.900,45.901,27.000,-20.400,-24.300,0.500
'[00:00:03.942 01/01/2011]',20.200,46.001,29.700,-18.200,-24.100,0.500
'[00:00:03.943 01/01/2011]',20.200,46.401,32.000,-16.700,-24.700,0.500
'[00:00:03.944 01/01/2011]',18.100,47.101,33.201,-16.000,-25.700,0.500
'[00:00:03.945 01/01/2011]',14.100,47.501,32.901,-15.700,-26.600,0.500
'[00:00:03.946 01/01/2011]',9.800,47.201,31.400,-15.600,-27.000,0.500
'[00:00:03.947 01/01/2011]',7.500,46.001,29.200,-15.700,-26.900,0.500
'[00:00:03.948 01/01/2011]',8.800,44.301,27.000,-15.800,-26.300,0.500
'[00:00:03.949 01/01/2011]',13.500,42.701,25.200,-16.200,-25.800,0.500
'[00:00:03.950 01/01/2011]',19.100,41.801,24.000,-16.800,-25.600,0.500
'[00:00:03.951 01/01/2011]',22.000,42.101,23.500,-17.400,-25.700,0.500
'[00:00:03.952 01/01/2011]',20.300,43.001,23.300,-18.000,-26.000,0.500
'[00:00:03.953 01/01/2011]',14.600,44.001,23.300,-18.200,-26.200,0.500
'[00:00:03.954 01/01/2011]',8.200,44.501,23.200,-18.200,-26.000,0.500
'[00:00:03.955 01/01/2011]',4.900,44.101,23.200,-18.200,-25.500,0.500
'[00:00:03.956 01/01/2011]',6.200,43.101,23.200,-18.200,-24.900,0.500
'[00:00:03.957 01/01/2011]',10.800,41.801,23.200,-18.500,-24.600,0.500
'[00:00:03.958 01/01/2011]',15.400,40.801,23.100,-18.900,-24.800,0.500
'[00:00:03.959 01/01/2011]',17.100,39.901,22.500,-19.300,-25.700,0.500
'[00:00:03.960 01/01/2011]',15.400,39.301,21.700,-19.600,-26.900,0.500
'[00:00:03.961 01/01/2011]',12.500,38.901,20.700,-19.600,-28.000,0.500
'[00:00:03.962 01/01/2011]',11.000,38.701,19.800,-19.500,-28.500,0.500
'[00:00:03.963 01/01/2011]',12.400,38.701,19.300,-19.300,-28.100,0.500
'[00:00:03.964 01/01/2011]',15.600,39.201,19.300,-18.700,-27.100,0.500
'[00:00:03.965 01/01/2011]',18.300,39.901,19.600,-17.900,-25.800,0.500
'[00:00:03.966 01/01/2011]',18.300,40.901,20.200,-16.700,-24.900,0.500
'[00:00:03.967 01/01/2011]',15.500,42.001,20.900,-15.400,-24.500,0.500
'[00:00:03.968 01/01/2011]',11.400,43.201,21.700,-14.200,-24.600,0.500
'[00:00:03.969 01/01/2011]',8.100,44.401,22.600,-13.500,-24.600,0.500
'[00:00:03.970 01/01/2011]',6.900,45.501,23.500,-13.400,-24.100,0.500
'[00:00:03.971 01/01/2011]',7.600,46.201,24.000,-13.800,-23.300,0.500
'[00:00:03.972 01/01/2011]',8.900,46.401,24.100,-14.300,-22.200,0.500
'[00:00:03.973 01/01/2011]',9.500,45.801,23.600,-14.800,-21.500,0.500
'[00:00:03.974 01/01/2011]',8.800,44.701,22.600,-15.000,-21.500,0.500
'[00:00:03.975 01/01/2011]',7.300,43.401,21.200,-14.900,-22.300,0.500
'[00:00:03.976 01/01/2011]',5.700,42.201,19.800,-14.800,-23.300,0.500
'[00:00:03.977 01/01/2011]',4.800,41.601,18.300,-14.700,-24.300,0.500
'[00:00:03.978 01/01/2011]',4.800,41.501,17.100,-14.700,-24.700,0.500
'[00:00:03.979 01/01/2011]',5.500,41.901,16.200,-14.900,-24.800,0.500
'[00:00:03.980 01/01/2011]',6.800,42.501,15.700,-15.300,-24.600,0.500
'[00:00:03.981 01/01/2011]',8.000,42.901,15.600,-16.000,-24.400,0.500
'[00:00:03.982 01/01/2011]',8.500,43.001,15.700,-17.000,-24.500,0.500
'[00:00:03.983 01/01/2011]',7.900,42.601,15.800,-18.300,-24.600,0.500
'[00:00:03.984 01/01/2011]',6.500,42.101,15.800,-19.300,-24.600,0.500
'[00:00:03.985 01/01/2011]',4.800,41.801,15.400,-19.700,-24.300,0.500
'[00:00:03.986 01/01/2011]',3.800,41.801,15.100,-19.100,-23.600,0.500
'[00:00:03.987 01/01/2011]',3.800,42.301,15.100,-17.500,-22.600,0.500
'[00:00:03.988 01/01/2011]',4.900,43.201,15.700,-15.400,-21.800,0.500
'[00:00:03.989 01/01/2011]',6.400,44.201,17.000,-13.400,-21.300,0.500
'[00:00:03.990 01/01/2011]',7.600,45.101,18.300,-12.300,-21.700,0.500
'[00:00:03.991 01/01/2011]',8.000,45.601,19.100,-12.500,-22.900,0.500
'[00:00:03.992 01/01/2011]',7.300,45.601,19.000,-13.800,-24.600,0.500
'[00:00:03.993 01/01/2011]',5.700,45.301,18.000,-15.800,-26.500,0.500
'[00:00:03.994 01/01/2011]',3.200,44.501,16.700,-17.600,-28.100,0.500
'[00:00:03.995 01/01/2011]',0.200,43.501,16.000,-18.900,-29.000,0.500
'[00:00:03.996 01/01/2011]',-2.800,42.501,16.200,-19.300,-29.300,0.500
'[00:00:03.997 01/01/2011]',-4.800,41.701,17.400,-19.000,-29.100,0.500
'[00:00:03.998 01/01/2011]',-4.900,41.401,18.800,-18.300,-28.600,0.500
'[00:00:03.999 01/01/2011]',-2.800,41.801,19.800,-17.500,-28.000,0.500
'[00:00:04.000 01/01/2011]',0.700,42.601,19.900,-17.000,-27.400,0.500
'[00:00:04.001 01/01/2011]',3.800,43.601,18.900,-16.800,-26.700,0.500
'[00:00:04.002 01/01/2011]',4.900,44.301,17.200,-16.600,-26.000,0.500
'[00:00:04.003 01/01/2011]',3.100,44.501,15.400,-16.500,-25.300,0.500
'[00:00:04.004 01/01/2011]',-0.600,44.201,13.900,-16.500,-25.100,0.500
'[00:00:04.005 01/01/2011]',-4.300,43.601,13.000,-16.500,-25.400,0.500
'[00:00:04.006 01/01/2011]',-6.300,42.801,12.800,-16.700,-26.200,0.500
'[00:00:04.007 01/01/2011]',-5.700,42.001,13.200,-16.900,-27.300,0.500
'[00:00:04.008 01/01/2011]',-3.100,41.201,14.000,-17.100,-28.300,0.500
'[00:00:04.009 01/01/2011]',0.200,40.201,15.100,-17.200,-28.900,0.500
'[00:00:04.010 01/01/2011]',2.700,39.101,16.000,-17.100,-29.200,0.500
'[00:00:04.011 01/01/2011]',4.000,37.701,16.400,-16.800,-29.100,0.500
'[00:00:04.012 01/01/2011]',4.300,35.901,16.000,-16.700,-29.100,0.500
'[00:00:04.013 01/01/2011]',3.900,34.101,14.900,-16.900,-29.400,0.500
'[00:00:04.014 01/01/2011]',3.100,32.600,13.400,-17.500,-30.000,0.500
'[00:00:04.015 01/01/2011]',2.100,32.000,11.800,-18.300,-30.600,0.500
'[00:00:04.016 01/01/2011]',0.800,32.300,10.300,-19.100,-31.100,0.500
'[00:00:04.017 01/01/2011]',-0.200,33.701,8.800,-19.800,-31.100,0.500
'[00:00:04.018 01/01/2011]',-0.600,35.301,7.200,-20.200,-30.900,0.500
'[00:00:04.019 01/01/2011]',0.000,36.701,5.700,-20.100,-30.500,0.500
'[00:00:04.020 01/01/2011]',1.400,37.101,4.400,-19.800,-30.200,0.500
'[00:00:04.021 01/01/2011]',2.700,36.401,3.800,-19.400,-30.200,0.500
'[00:00:04.022 01/01/2011]',3.100,35.101,4.200,-18.800,-30.500,0.500
'[00:00:04.023 01/01/2011]',2.500,33.801,5.400,-18.300,-30.800,0.500
'[00:00:04.024 01/01/2011]',1.400,33.101,7.300,-17.700,-31.100,0.500
'[00:00:04.025 01/01/2011]',0.800,33.301,9.200,-17.100,-31.200,0.500
'[00:00:04.026 01/01/2011]',1.600,34.201,10.900,-16.200,-31.000,0.500
'[00:00:04.027 01/01/2011]',3.600,35.301,12.200,-15.200,-30.500,0.500
'[00:00:04.028 01/01/2011]',5.800,36.301,13.100,-14.000,-29.600,0.500
'[00:00:04.029 01/01/2011]',7.400,37.001,14.000,-12.800,-28.300,0.500
'[00:00:04.030 01/01/2011]',7.700,37.601,14.900,-11.800,-26.700,0.500
'[00:00:04.031 01/01/2011]',7.000,38.101,15.800,-11.100,-24.800,0.500
'[00:00:04.032 01/01/2011]',6.400,38.801,16.700,-10.900,-23.100,0.500
'[00:00:04.033 01/01/2011]',6.300,39.601,17.500,-11.100,-21.800,0.500
'[00:00:04.034 01/01/2011]',6.900,40.501,18.100,-11.700,-20.800,0.500
'[00:00:04.035 01/01/2011]',7.400,41.201,18.700,-12.100,-20.200,0.500
'[00:00:04.036 01/01/2011]',7.300,41.801,19.000,-12.000,-19.700,0.500
'[00:00:04.037 01/01/2011]',6.300,42.401,19.300,-11.200,-19.200,0.500
'[00:00:04.038 01/01/2011]',5.100,43.201,19.500,-9.700,-18.600,0.500
'[00:00:04.039 01/01/2011]',4.700,44.401,19.700,-8.000,-18.000,0.500
'[00:00:04.040 01/01/2011]',5.700,45.701,19.900,-6.600,-17.900,0.500
'[00:00:04.041 01/01/2011]',7.700,46.901,19.700,-6.100,-18.500,0.500
'[00:00:04.042 01/01/2011]',9.800,47.601,19.000,-6.900,-19.800,0.500
'[00:00:04.043 01/01/2011]',10.800,47.201,17.400,-8.800,-21.600,0.500
'[00:00:04.044 01/01/2011]',10.300,45.701,14.900,-11.200,-23.800,0.500
'[00:00:04.045 01/01/2011]',8.700,43.401,12.000,-13.800,-26.100,0.500
'[00:00:04.046 01/01/2011]',7.300,40.801,9.200,-15.900,-28.300,0.500
'[00:00:04.047 01/01/2011]',6.700,38.701,7.300,-17.500,-30.300,0.500
'[00:00:04.048 01/01/2011]',7.000,37.401,6.700,-18.400,-32.000,0.500
'[00:00:04.049 01/01/2011]',7.600,37.001,7.400,-18.700,-33.201,0.500
'[00:00:04.050 01/01/2011]',7.600,37.101,8.900,-18.500,-33.801,0.500
'[00:00:04.051 01/01/2011]',6.900,37.501,10.600,-18.000,-33.601,0.500
'[00:00:04.052 01/01/2011]',6.100,37.701,11.800,-17.400,-33.101,0.500
'[00:00:04.053 01/01/2011]',5.900,37.501,12.300,-17.000,-32.801,0.500
'[00:00:04.054 01/01/2011]',6.900,36.801,12.000,-17.000,-33.201,0.500
'[00:00:04.055 01/01/2011]',8.700,35.801,11.000,-17.600,-34.301,0.500
'[00:00:04.056 01/01/2011]',10.100,34.401,9.700,-18.400,-36.001,0.500
'[00:00:04.057 01/01/2011]',10.400,33.001,8.600,-19.000,-37.501,0.500
'[00:00:04.058 01/01/2011]',9.500,31.800,8.200,-18.900,-38.101,0.500
'[00:00:04.059 01/01/2011]',8.200,31.000,8.600,-18.000,-37.901,0.500
'[00:00:04.060 01/01/2011]',7.400,30.800,9.800,-16.600,-37.001,0.500
'[00:00:04.061 01/01/2011]',7.600,30.900,11.300,-15.000,-36.101,0.500
'[00:00:04.062 01/01/2011]',8.400,31.000,12.800,-14.000,-35.801,0.500
'[00:00:04.063 01/01/2011]',9.200,30.900,13.700,-13.800,-36.201,0.500
'[00:00:04.064 01/01/2011]',9.300,30.500,13.900,-14.200,-37.101,0.500
'[00:00:04.065 01/01/2011]',8.800,30.100,13.600,-14.800,-38.101,0.500
'[00:00:04.066 01/01/2011]',8.400,30.200,13.200,-15.000,-38.701,0.500
'[00:00:04.067 01/01/2011]',8.600,31.100,13.200,-14.800,-38.701,0.500
'[00:00:04.068 01/01/2011]',9.400,32.801,13.600,-14.100,-38.401,0.500
'[00:00:04.069 01/01/2011]',10.200,35.001,14.300,-13.300,-37.801,0.500
'[00:00:04.070 01/01/2011]',10.600,37.101,15.100,-12.800,-37.501,0.500
'[00:00:04.071 01/01/2011]',10.400,38.501,15.700,-12.900,-37.701,0.500
'[00:00:04.072 01/01/2011]',10.100,38.701,15.600,-13.500,-38.501,0.500
'[00:00:04.073 01/01/2011]',10.300,37.801,14.900,-14.600,-39.601,0.500
'[00:00:04.074 01/01/2011]',11.300,36.201,13.800,-15.900,-41.101,0.500
'[00:00:04.075 01/01/2011]',12.600,34.601,12.800,-17.000,-42.401,0.500
'[00:00:04.076 01/01/2011]',13.300,33.501,12.200,-18.000,-43.301,0.500
'[00:00:04.077 01/01/2011]',12.800,33.101,12.300,-18.600,-43.901,0.500
'[00:00:04.078 01/01/2011]',11.100,33.401,13.100,-18.900,-44.101,0.500
'[00:00:04.079 01/01/2011]',9.000,34.001,14.100,-19.000,-43.901,0.500
'[00:00:04.080 01/01/2011]',7.800,34.301,14.600,-18.800,-43.401,0.500
'[00:00:04.081 01/01/2011]',8.300,34.201,14.300,-18.600,-42.601,0.500
'[00:00:04.082 01/01/2011]',10.700,33.701,13.500,-18.200,-41.501,0.500
'[00:00:04.083 01/01/2011]',13.800,33.001,12.700,-17.800,-40.301,0.500
'[00:00:04.084 01/01/2011]',16.300,32.500,12.900,-17.400,-39.401,0.500
'[00:00:04.085 01/01/2011]',16.800,32.100,14.200,-17.200,-39.101,0.500
'[00:00:04.086 01/01/2011]',14.900,32.000,16.400,-17.200,-39.501,0.500
'[00:00:04.087 01/01/2011]',11.200,31.900,18.500,-17.300,-40.401,0.500
'[00:00:04.088 01/01/2011]',7.400,31.900,19.600,-17.600,-41.401,0.500
'[00:00:04.089 01/01/2011]',5.100,31.700,19.100,-17.800,-42.101,0.500
'[00:00:04.090 01/01/2011]',5.300,31.300,17.300,-18.000,-42.401,0.500
'[00:00:04.091 01/01/2011]',7.600,30.400,14.900,-18.000,-42.301,0.500
'[00:00:04.092 01/01/2011]',10.600,29.100,12.500,-17.800,-42.101,0.500
'[00:00:04.093 01/01/2011]',12.900,27.400,10.900,-17.400,-41.801,0.500
'[00:00:04.094 01/01/2011]',13.500,25.800,10.000,-17.000,-41.401,0.500
'[00:00:04.095 01/01/2011]',12.500,24.900,9.600,-16.500,-41.001,0.500
'[00:00:04.096 01/01/2011]',11.300,25.000,9.500,-15.900,-40.301,0.500
'[00:00:04.097 01/01/2011]',11.100,26.100,9.700,-15.200,-39.501,0.500
'[00:00:04.098 01/01/2011]',12.600,27.800,10.200,-14.300,-38.601,0.500
'[00:00:04.099 01/01/2011]',15.100,29.500,11.300,-13.100,-37.701,0.500
'[00:00:04.100 01/01/2011]',17.300,30.700,12.900,-11.900,-37.001,0.500
'[00:00:04.101 01/01/2011]',18.100,31.400,14.600,-10.800,-36.301,0.500
'[00:00:04.102 01/01/2011]',17.400,31.800,16.000,-10.100,-35.701,0.500
'[00:00:04.103 01/01/2011]',16.000,31.900,16.800,-9.700,-35.301,0.500
'[00:00:04.104 01/01/2011]',14.900,31.900,16.700,-9.700,-35.101,0.500
'[00:00:04.105 01/01/2011]',14.800,31.700,16.100,-9.800,-34.901,0.500
'[00:00:04.106 01/01/2011]',15.300,31.300,15.500,-9.700,-34.801,0.500
'[00:00:04.107 01/01/2011]',15.800,31.000,15.300,-9.400,-34.501,0.500
'[00:00:04.108 01/01/2011]',15.700,31.000,15.900,-9.200,-34.001,0.500
'[00:00:04.109 01/01/2011]',15.300,31.500,16.900,-9.300,-33.601,0.500
'[00:00:04.110 01/01/2011]',15.700,32.200,18.000,-10.000,-33.601,0.500
'[00:00:04.111 01/01/2011]',17.700,32.400,18.700,-11.300,-34.201,0.500
'[00:00:04.112 01/01/2011]',21.500,31.800,18.700,-13.200,-35.401,0.500
'[00:00:04.113 01/01/2011]',26.200,30.300,18.400,-15.000,-36.701,0.500
'[00:00:04.114 01/01/2011]',30.200,28.500,18.300,-16.200,-37.401,0.500
'[00:00:04.115 01/01/2011]',32.500,27.300,18.700,-16.500,-37.101,0.500
'[00:00:04.116 01/01/2011]',32.600,27.500,19.800,-15.900,-35.801,0.500
'[00:00:04.117 01/01/2011]',31.000,29.000,21.000,-14.700,-34.001,0.500
'[00:00:04.118 01/01/2011]',28.600,31.300,21.900,-13.400,-32.400,0.500
'[00:00:04.119 01/01/2011]',26.000,33.301,22.200,-12.600,-31.600,0.500
'[00:00:04.120 01/01/2011]',23.600,34.001,22.000,-12.700,-31.500,0.500
'[00:00:04.121 01/01/2011]',21.700,33.201,21.800,-13.500,-31.900,0.500
'[00:00:04.122 01/01/2011]',20.400,31.400,21.900,-14.700,-32.300,0.500
'[00:00:04.123 01/01/2011]',20.100,29.400,22.300,-15.600,-32.500,0.500
'[00:00:04.124 01/01/2011]',20.700,28.200,22.600,-15.800,-32.600,0.500
'[00:00:04.125 01/01/2011]',21.700,27.900,22.500,-15.400,-33.001,0.500
'[00:00:04.126 01/01/2011]',22.500,28.500,21.900,-14.900,-33.801,0.500
'[00:00:04.127 01/01/2011]',22.500,29.200,21.100,-14.700,-34.901,0.500
'[00:00:04.128 01/01/2011]',21.600,29.600,20.700,-15.100,-35.901,0.500
'[00:00:04.129 01/01/2011]',20.400,29.500,21.000,-16.000,-36.501,0.500
'[00:00:04.130 01/01/2011]',19.500,29.000,22.000,-16.800,-36.601,0.500
'[00:00:04.131 01/01/2011]',19.100,28.300,23.200,-17.100,-36.301,0.500
'[00:00:04.132 01/01/2011]',18.900,27.700,24.000,-16.700,-36.201,0.500
'[00:00:04.133 01/01/2011]',18.100,27.400,24.000,-16.000,-36.501,0.500
'[00:00:04.134 01/01/2011]',16.300,27.200,23.600,-15.600,-37.001,0.500
'[00:00:04.135 01/01/2011]',14.100,27.100,23.100,-15.900,-37.401,0.500
'[00:00:04.136 01/01/2011]',12.500,27.000,23.100,-16.900,-37.401,0.500
'[00:00:04.137 01/01/2011]',12.200,26.900,23.600,-18.000,-37.001,0.500
'[00:00:04.138 01/01/2011]',13.000,26.700,24.400,-18.600,-36.501,0.500
'[00:00:04.139 01/01/2011]',14.000,26.400,25.000,-18.500,-36.401,0.500
'[00:00:04.140 01/01/2011]',13.700,26.000,25.000,-18.000,-37.001,0.500
'[00:00:04.141 01/01/2011]',11.400,25.400,24.500,-17.500,-38.101,0.500
'[00:00:04.142 01/01/2011]',7.800,24.700,23.700,-17.700,-39.501,0.500
'[00:00:04.143 01/01/2011]',4.100,23.900,22.800,-18.400,-40.801,0.500
'[00:00:04.144 01/01/2011]',1.800,23.300,21.900,-19.400,-41.601,0.500
'[00:00:04.145 01/01/2011]',1.600,23.000,21.000,-20.000,-42.101,0.500
'[00:00:04.146 01/01/2011]',2.900,22.800,20.200,-19.900,-42.201,0.500
'[00:00:04.147 01/01/2011]',4.900,22.900,19.500,-19.100,-42.201,0.500
'[00:00:04.148 01/01/2011]',6.100,23.100,19.200,-17.900,-42.501,0.500
'[00:00:04.149 01/01/2011]',5.900,23.300,19.600,-17.100,-43.001,0.500
'[00:00:04.150 01/01/2011]',3.900,23.700,20.700,-16.800,-43.701,0.500
'[00:00:04.151 01/01/2011]',0.600,24.200,22.000,-17.100,-44.301,0.500
'[00:00:04.152 01/01/2011]',-3.200,24.700,23.100,-17.800,-44.701,0.500
'[00:00:04.153 01/01/2011]',-6.300,25.000,23.500,-18.300,-44.601,0.500
'[00:00:04.154 01/01/2011]',-7.400,24.900,23.100,-18.400,-44.101,0.500
'[00:00:04.155 01/01/2011]',-6.100,24.300,22.300,-18.000,-43.301,0.500
'[00:00:04.156 01/01/2011]',-3.100,23.400,21.500,-17.400,-42.601,0.500
'[00:00:04.157 01/01/2011]',0.100,22.800,21.200,-17.000,-42.401,0.500
'[00:00:04.158 01/01/2011]',1.700,22.800,21.500,-17.100,-42.701,0.500
'[00:00:04.159 01/01/2011]',0.500,23.600,22.000,-17.900,-43.201,0.500
'[00:00:04.160 01/01/2011]',-3.000,24.700,22.300,-19.100,-43.401,0.500
'[00:00:04.161 01/01/2011]',-7.300,25.700,22.000,-20.300,-43.101,0.500
'[00:00:04.162 01/01/2011]',-10.700,26.200,21.200,-20.900,-42.301,0.500
'[00:00:04.163 01/01/2011]',-12.100,26.200,20.100,-20.600,-41.401,0.500
'[00:00:04.164 01/01/2011]',-12.100,26.000,19.400,-19.400,-40.601,0.500
'[00:00:04.165 01/01/2011]',-11.500,26.200,19.200,-18.000,-40.201,0.500
'[00:00:04.166 01/01/2011]',-11.500,26.900,19.600,-17.000,-40.101,0.500
'[00:00:04.167 01/01/2011]',-12.300,27.800,20.200,-16.800,-40.001,0.500
'[00:00:04.168 01/01/2011]',-13.100,28.400,20.800,-17.200,-39.501,0.500
'[00:00:04.169 01/01/2011]',-13.200,28.200,21.200,-17.800,-38.501,0.500
'[00:00:04.170 01/01/2011]',-12.100,27.100,21.700,-18.000,-37.301,0.500
'[00:00:04.171 01/01/2011]',-10.200,25.700,22.500,-17.300,-36.101,0.500
'[00:00:04.172 01/01/2011]',-8.500,24.900,23.800,-16.000,-35.201,0.500
'[00:00:04.173 01/01/2011]',-8.100,25.200,25.500,-14.400,-34.401,0.500
'[00:00:04.174 01/01/2011]',-9.500,26.700,27.200,-13.300,-33.801,0.500
'[00:00:04.175 01/01/2011]',-12.200,28.600,28.600,-12.900,-33.201,0.500
'[00:00:04.176 01/01/2011]',-15.400,29.900,29.200,-13.300,-32.600,0.500
'[00:00:04.177 01/01/2011]',-17.800,29.900,29.400,-14.200,-32.000,0.500
'[00:00:04.178 01/01/2011]',-18.800,28.500,29.400,-15.000,-31.600,0.500
'[00:00:04.179 01/01/2011]',-18.100,26.400,29.500,-15.600,-31.700,0.500
'[00:00:04.180 01/01/2011]',-16.400,24.400,29.500,-15.800,-32.100,0.500
'[00:00:04.181 01/01/2011]',-14.400,23.300,29.000,-15.900,-32.901,0.500
'[00:00:04.182 01/01/2011]',-13.200,23.100,27.900,-15.900,-33.701,0.500
'[00:00:04.183 01/01/2011]',-13.000,23.400,25.800,-16.000,-34.301,0.500
'[00:00:04.184 01/01/2011]',-13.700,23.600,23.400,-15.900,-34.401,0.500
'[00:00:04.185 01/01/2011]',-14.700,23.500,21.200,-15.400,-33.801,0.500
'[00:00:04.186 01/01/2011]',-15.800,23.200,19.800,-14.300,-32.600,0.500
'[00:00:04.187 01/01/2011]',-16.800,22.900,19.300,-12.900,-31.300,0.500
'[00:00:04.188 01/01/2011]',-17.800,23.000,19.600,-11.600,-30.200,0.500
'[00:00:04.189 01/01/2011]',-19.300,23.700,19.800,-11.200,-29.900,0.500
'[00:00:04.190 01/01/2011]',-21.100,24.800,19.400,-12.100,-30.300,0.500
'[00:00:04.191 01/01/2011]',-23.100,25.800,18.200,-14.200,-31.400,0.500
'[00:00:04.192 01/01/2011]',-24.800,26.200,16.500,-16.800,-32.400,0.500
'[00:00:04.193 01/01/2011]',-25.700,25.900,14.800,-19.000,-33.101,0.500
'[00:00:04.194 01/01/2011]',-25.500,24.800,13.700,-19.900,-33.201,0.500
'[00:00:04.195 01/01/2011]',-24.400,23.500,13.500,-19.100,-32.600,0.500
'[00:00:04.196 01/01/2011]',-22.600,22.300,14.200,-16.900,-31.600,0.500
'[00:00:04.197 01/01/2011]',-20.800,21.900,15.600,-13.900,-30.500,0.500
'[00:00:04.198 01/01/2011]',-19.400,22.300,17.200,-11.000,-29.400,0.500
'[00:00:04.199 01/01/2011]',-18.700,23.500,18.700,-8.700,-28.300,0.500
'[00:00:04.200 01/01/2011]',-18.700,25.000,19.800,-7.500,-27.500,0.500
'[00:00:04.201 01/01/2011]',-19.100,26.600,20.300,-7.300,-27.000,0.500
'[00:00:04.202 01/01/2011]',-19.800,28.000,20.100,-8.100,-27.200,0.500
'[00:00:04.203 01/01/2011]',-20.700,29.000,19.400,-9.500,-28.200,0.500
'[00:00:04.204 01/01/2011]',-21.700,29.500,18.200,-11.300,-30.100,0.500
'[00:00:04.205 01/01/2011]',-23.000,29.300,16.700,-13.100,-32.600,0.500
'[00:00:04.206 01/01/2011]',-24.400,28.500,15.200,-14.500,-35.001,0.500
'[00:00:04.207 01/01/2011]',-25.900,27.300,13.900,-15.300,-36.601,0.500
'[00:00:04.208 01/01/2011]',-27.000,26.300,13.100,-15.200,-37.101,0.500
'[00:00:04.209 01/01/2011]',-27.800,25.700,13.000,-14.400,-36.401,0.500
'[00:00:04.210 01/01/2011]',-28.400,25.900,13.400,-13.100,-35.001,0.500
'[00:00:04.211 01/01/2011]',-29.100,26.800,14.100,-11.800,-33.701,0.500
'[00:00:04.212 01/01/2011]',-29.800,27.800,14.600,-10.900,-32.801,0.500
'[00:00:04.213 01/01/2011]',-30.400,28.400,14.700,-10.600,-32.500,0.500
'[00:00:04.214 01/01/2011]',-30.400,28.500,14.300,-10.900,-32.600,0.500
'[00:00:04.215 01/01/2011]',-29.600,28.000,13.400,-11.600,-32.801,0.500
'[00:00:04.216 01/01/2011]',-28.200,27.300,12.200,-12.500,-32.901,0.500
'[00:00:04.217 01/01/2011]',-27.000,26.300,10.700,-13.300,-33.101,0.500
'[00:00:04.218 01/01/2011]',-26.400,25.100,9.300,-13.900,-33.401,0.500
'[00:00:04.219 01/01/2011]',-26.900,23.600,8.100,-14.200,-34.101,0.500
'[00:00:04.220 01/01/2011]',-28.200,21.700,7.500,-14.200,-35.001,0.500
'[00:00:04.221 01/01/2011]',-29.800,19.800,7.700,-13.900,-35.801,0.500
'[00:00:04.222 01/01/2011]',-31.100,18.300,8.900,-13.300,-36.401,0.500
'[00:00:04.223 01/01/2011]',-31.800,17.600,10.800,-12.600,-36.401,0.500
'[00:00:04.224 01/01/2011]',-31.800,18.000,13.000,-11.800,-36.001,0.500
'[00:00:04.225 01/01/2011]',-31.200,19.300,15.100,-11.200,-35.101,0.500
'[00:00:04.226 01/01/2011]',-30.400,21.200,17.000,-10.700,-33.901,0.500
'[00:00:04.227 01/01/2011]',-29.200,23.400,19.100,-10.200,-32.500,0.500
'[00:00:04.228 01/01/2011]',-28.000,25.400,21.500,-9.600,-31.100,0.500
'[00:00:04.229 01/01/2011]',-27.000,27.200,24.300,-8.700,-29.800,0.500
'[00:00:04.230 01/01/2011]',-26.300,28.800,27.300,-7.400,-28.600,0.500
'[00:00:04.231 01/01/2011]',-26.100,30.200,30.000,-5.500,-27.400,0.500
'[00:00:04.232 01/01/2011]',-26.500,31.700,32.300,-3.000,-25.900,0.500
'[00:00:04.233 01/01/2011]',-27.500,33.401,34.301,0.000,-24.000,0.500
'[00:00:04.234 01/01/2011]',-29.000,35.701,36.401,3.400,-21.300,0.500
'[00:00:04.235 01/01/2011]',-31.000,38.601,38.901,6.700,-18.300,0.500
'[00:00:04.236 01/01/2011]',-33.201,41.801,41.501,9.500,-15.200,0.500
'[00:00:04.237 01/01/2011]',-35.301,44.801,43.601,11.300,-12.700,0.500
'[00:00:04.238 01/01/2011]',-36.801,46.701,44.301,11.800,-11.000,0.500
'[00:00:04.239 01/01/2011]',-37.401,46.801,43.401,11.100,-10.200,0.500
'[00:00:04.240 01/01/2011]',-36.901,45.201,41.201,9.800,-9.800,0.500
'[00:00:04.241 01/01/2011]',-35.701,42.001,38.701,8.500,-9.600,0.500
'[00:00:04.242 01/01/2011]',-34.201,37.901,36.701,7.600,-9.000,0.500
'[00:00:04.243 01/01/2011]',-33.301,33.701,35.601,7.300,-7.900,0.500
'[00:00:04.244 01/01/2011]',-33.601,29.600,35.401,7.500,-6.500,0.500
'[00:00:04.245 01/01/2011]',-35.401,25.700,35.101,7.800,-4.900,0.500
'[00:00:04.246 01/01/2011]',-38.501,21.800,34.301,8.000,-3.100,0.500
'[00:00:04.247 01/01/2011]',-41.801,17.400,32.500,7.900,-1.000,0.500
'[00:00:04.248 01/01/2011]',-44.001,12.700,30.300,7.600,1.400,0.500
'[00:00:04.249 01/01/2011]',-44.001,7.800,28.000,7.500,4.500,0.500
'[00:00:04.250 01/01/2011]',-41.101,2.900,26.100,7.700,8.100,0.500
'[00:00:04.251 01/01/2011]',-35.701,-1.900,24.700,8.000,11.800,0.500
'[00:00:04.252 01/01/2011]',-28.600,-6.400,23.600,8.000,15.100,0.500
'[00:00:04.253 01/01/2011]',-20.700,-10.900,22.500,7.200,17.500,0.500
'[00:00:04.254 01/01/2011]',-12.500,-15.400,21.500,5.500,19.200,0.500
'[00:00:04.255 01/01/2011]',-3.600,-19.700,20.800,3.400,20.600,0.500
'[00:00:04.256 01/01/2011]',6.700,-23.400,21.300,1.600,22.500,0.500
'[00:00:04.257 01/01/2011]',19.400,-25.800,23.000,0.900,25.500,0.500
'[00:00:04.258 01/01/2011]',34.601,-26.700,26.000,1.600,29.600,0.500
'[00:00:04.259 01/01/2011]',52.201,-26.200,29.300,3.300,34.101,0.500
'[00:00:04.260 01/01/2011]',70.801,-24.700,31.900,5.100,37.901,0.500
'[00:00:04.261 01/01/2011]',88.501,-23.200,32.700,6.100,39.901,0.500
'[00:00:04.262 01/01/2011]',102.702,-22.300,31.800,6.000,39.701,0.500
'[00:00:04.263 01/01/2011]',111.202,-22.300,29.800,5.000,37.701,0.500
'[00:00:04.264 01/01/2011]',112.502,-23.100,27.700,3.700,34.401,0.500
'[00:00:04.265 01/01/2011]',106.402,-24.000,26.200,2.600,30.300,0.500
'[00:00:04.266 01/01/2011]',94.001,-24.600,25.200,1.400,24.900,0.500
'[00:00:04.267 01/01/2011]',77.201,-24.700,24.100,-0.700,17.800,0.500
'[00:00:04.268 01/01/2011]',58.001,-24.500,21.600,-4.400,8.400,0.500
'[00:00:04.269 01/01/2011]',37.101,-24.200,17.300,-10.100,-3.400,0.500
'[00:00:04.270 01/01/2011]',14.500,-24.100,11.400,-17.100,-16.700,0.500
'[00:00:04.271 01/01/2011]',-10.200,-23.900,5.000,-24.200,-29.800,0.500
'[00:00:04.272 01/01/2011]',-37.101,-23.200,-0.300,-30.200,-41.301,0.500
'[00:00:04.273 01/01/2011]',-65.101,-21.300,-3.700,-34.301,-50.201,0.500
'[00:00:04.274 01/01/2011]',-91.901,-18.300,-4.800,-36.401,-56.101,0.500
'[00:00:04.275 01/01/2011]',-114.902,-14.200,-4.200,-37.101,-59.801,0.500
'[00:00:04.276 01/01/2011]',-131.902,-9.800,-2.800,-37.001,-61.801,0.500
'[00:00:04.277 01/01/2011]',-142.102,-5.800,-1.300,-36.701,-62.901,0.500
'[00:00:04.278 01/01/2011]',-145.702,-2.900,0.200,-36.401,-63.101,0.500
'[00:00:04.279 01/01/2011]',-144.002,-0.900,1.700,-36.001,-62.601,0.500
'[00:00:04.280 01/01/2011]',-138.502,0.500,3.700,-35.301,-61.101,0.500
'[00:00:04.281 01/01/2011]',-130.402,2.000,6.200,-34.101,-58.801,0.500
'[00:00:04.282 01/01/2011]',-120.302,4.100,9.100,-32.500,-55.901,0.500
'[00:00:04.283 01/01/2011]',-108.602,6.900,11.700,-30.800,-53.201,0.500
'[00:00:04.284 01/01/2011]',-95.801,10.200,13.600,-29.200,-51.101,0.500
'[00:00:04.285 01/01/2011]',-82.701,13.300,14.500,-28.200,-49.701,0.500
'[00:00:04.286 01/01/2011]',-70.301,15.800,14.600,-27.700,-49.101,0.500
'[00:00:04.287 01/01/2011]',-59.701,17.300,14.300,-27.600,-48.801,0.500
'[00:00:04.288 01/01/2011]',-51.801,18.100,13.900,-27.600,-48.601,0.500
'[00:00:04.289 01/01/2011]',-46.801,18.500,13.700,-27.600,-48.001,0.500
'[00:00:04.290 01/01/2011]',-44.001,19.000,13.700,-27.300,-47.401,0.500
'[00:00:04.291 01/01/2011]',-42.701,19.600,13.800,-27.100,-46.901,0.500
'[00:00:04.292 01/01/2011]',-41.801,20.300,13.800,-27.200,-46.901,0.500
'[00:00:04.293 01/01/2011]',-41.001,20.600,13.700,-27.700,-47.501,0.500
'[00:00:04.294 01/01/2011]',-40.201,20.200,13.600,-28.600,-48.401,0.500
'[00:00:04.295 01/01/2011]',-39.401,19.300,13.500,-29.300,-49.101,0.500
'[00:00:04.296 01/01/2011]',-38.701,18.200,13.600,-29.500,-49.001,0.500
'[00:00:04.297 01/01/2011]',-37.801,17.400,13.800,-29.100,-48.001,0.500
'[00:00:04.298 01/01/2011]',-36.401,17.400,14.100,-28.000,-46.001,0.500
'[00:00:04.299 01/01/2011]',-34.501,17.900,14.600,-26.500,-43.401,0.500
'[00:00:04.300 01/01/2011]',-32.700,18.600,15.400,-24.900,-40.701,0.500
'[00:00:04.301 01/01/2011]',-31.800,19.100,16.700,-23.300,-38.301,0.500
'[00:00:04.302 01/01/2011]',-32.400,19.100,18.400,-21.700,-36.201,0.500
'[00:00:04.303 01/01/2011]',-34.501,18.900,20.400,-20.000,-34.401,0.500
'[00:00:04.304 01/01/2011]',-37.601,18.800,22.400,-18.400,-32.901,0.500
'[00:00:04.305 01/01/2011]',-40.601,18.800,23.900,-17.100,-31.800,0.500
'[00:00:04.306 01/01/2011]',-42.701,18.900,24.600,-16.400,-31.200,0.500
'[00:00:04.307 01/01/2011]',-43.301,18.800,24.500,-16.300,-31.200,0.500
'[00:00:04.308 01/01/2011]',-42.501,18.100,23.800,-16.600,-31.600,0.500
'[00:00:04.309 01/01/2011]',-40.901,17.000,22.800,-16.900,-32.000,0.500
'[00:00:04.310 01/01/2011]',-39.401,15.900,21.900,-16.700,-31.900,0.500
'[00:00:04.311 01/01/2011]',-38.901,15.200,21.600,-16.000,-31.300,0.500
'[00:00:04.312 01/01/2011]',-40.001,15.400,22.100,-14.900,-30.200,0.500
'[00:00:04.313 01/01/2011]',-42.601,16.300,23.100,-13.900,-29.100,0.500
'[00:00:04.314 01/01/2011]',-45.901,17.500,24.200,-13.100,-28.300,0.500
'[00:00:04.315 01/01/2011]',-48.801,18.500,24.900,-12.700,-28.000,0.500
'[00:00:04.316 01/01/2011]',-49.901,19.000,24.900,-12.500,-28.000,0.500
'[00:00:04.317 01/01/2011]',-48.701,19.100,24.200,-12.200,-27.700,0.500
'[00:00:04.318 01/01/2011]',-45.501,19.100,23.400,-11.600,-26.800,0.500
'[00:00:04.319 01/01/2011]',-41.701,19.500,22.900,-11.000,-25.300,0.500
'[00:00:04.320 01/01/2011]',-38.801,20.600,23.100,-10.500,-23.500,0.500
'[00:00:04.321 01/01/2011]',-37.901,22.300,23.900,-10.600,-22.200,0.500
'[00:00:04.322 01/01/2011]',-39.301,24.100,24.800,-11.400,-21.900,0.500
'[00:00:04.323 01/01/2011]',-42.201,25.300,25.400,-12.900,-22.700,0.500
'[00:00:04.324 01/01/2011]',-45.101,25.400,25.100,-14.700,-24.400,0.500
'[00:00:04.325 01/01/2011]',-47.001,24.200,24.000,-16.500,-26.200,0.500
'[00:00:04.326 01/01/2011]',-47.401,21.800,22.600,-17.700,-27.500,0.500
'[00:00:04.327 01/01/2011]',-46.401,18.900,21.200,-18.100,-28.100,0.500
'[00:00:04.328 01/01/2011]',-44.701,16.100,20.400,-17.500,-27.900,0.500
'[00:00:04.329 01/01/2011]',-42.801,14.100,20.400,-16.100,-27.000,0.500
'[00:00:04.330 01/01/2011]',-41.101,13.200,21.200,-14.100,-25.900,0.500
'[00:00:04.331 01/01/2011]',-39.601,13.300,22.600,-12.200,-24.900,0.500
'[00:00:04.332 01/01/2011]',-38.401,14.100,24.300,-10.800,-24.200,0.500
'[00:00:04.333 01/01/2011]',-37.801,15.000,25.800,-10.400,-24.200,0.500
'[00:00:04.334 01/01/2011]',-38.101,15.600,26.500,-11.200,-24.800,0.500
'[00:00:04.335 01/01/2011]',-39.601,15.600,26.400,-12.900,-26.100,0.500
'[00:00:04.336 01/01/2011]',-42.101,15.000,25.300,-14.800,-27.900,0.500
'[00:00:04.337 01/01/2011]',-45.201,14.100,23.800,-16.600,-29.900,0.500
'[00:00:04.338 01/01/2011]',-47.801,13.300,22.300,-17.600,-31.800,0.500
'[00:00:04.339 01/01/2011]',-49.201,12.800,21.300,-17.900,-33.201,0.500
'[00:00:04.340 01/01/2011]',-48.901,12.800,21.000,-17.500,-33.901,0.500
'[00:00:04.341 01/01/2011]',-47.301,13.400,21.200,-16.700,-33.801,0.500
'[00:00:04.342 01/01/2011]',-45.301,14.300,21.600,-15.600,-33.101,0.500
'[00:00:04.343 01/01/2011]',-43.901,15.300,21.900,-14.300,-32.000,0.500
'[00:00:04.344 01/01/2011]',-43.401,16.200,22.000,-13.000,-30.500,0.500
'[00:00:04.345 01/01/2011]',-43.701,16.800,22.200,-11.600,-28.900,0.500
'[00:00:04.346 01/01/2011]',-44.401,17.100,22.600,-10.200,-27.200,0.500
'[00:00:04.347 01/01/2011]',-44.801,17.400,23.600,-8.800,-25.300,0.500
'[00:00:04.348 01/01/2011]',-45.101,17.800,24.900,-7.700,-23.300,0.500
'[00:00:04.349 01/01/2011]',-45.601,18.500,26.200,-7.000,-21.700,0.500
'[00:00:04.350 01/01/2011]',-47.001,19.300,27.200,-7.000,-20.600,0.500
'[00:00:04.351 01/01/2011]',-49.301,19.900,27.800,-7.700,-20.500,0.500
'[00:00:04.352 01/01/2011]',-52.001,20.100,27.900,-9.100,-21.400,0.500
'[00:00:04.353 01/01/2011]',-54.201,19.500,27.700,-11.000,-23.000,0.500
'[00:00:04.354 01/01/2011]',-54.801,18.100,27.200,-13.000,-24.800,0.500
'[00:00:04.355 01/01/2011]',-53.601,16.100,26.500,-14.600,-26.400,0.500
'[00:00:04.356 01/01/2011]',-51.201,14.000,25.800,-15.700,-27.500,0.500
'[00:00:04.357 01/01/2011]',-48.801,12.300,25.000,-16.300,-28.000,0.500
'[00:00:04.358 01/01/2011]',-47.301,11.100,23.900,-16.600,-28.300,0.500
'[00:00:04.359 01/01/2011]',-47.201,10.300,22.400,-17.000,-28.500,0.500
'[00:00:04.360 01/01/2011]',-48.401,9.500,20.500,-17.600,-29.100,0.500
'[00:00:04.361 01/01/2011]',-50.201,8.500,18.200,-18.000,-29.800,0.500
'[00:00:04.362 01/01/2011]',-52.001,7.400,16.000,-18.200,-30.500,0.500
'[00:00:04.363 01/01/2011]',-53.401,6.500,14.500,-18.000,-30.800,0.500
'[00:00:04.364 01/01/2011]',-54.601,6.100,14.000,-17.500,-30.500,0.500
'[00:00:04.365 01/01/2011]',-55.501,6.700,14.600,-17.000,-29.900,0.500
'[00:00:04.366 01/01/2011]',-56.101,8.100,15.900,-16.800,-29.200,0.500
'[00:00:04.367 01/01/2011]',-56.501,9.800,17.200,-17.300,-28.800,0.500
'[00:00:04.368 01/01/2011]',-56.601,11.300,17.800,-18.300,-28.800,0.500
'[00:00:04.369 01/01/2011]',-56.401,12.100,17.800,-19.600,-29.000,0.500
'[00:00:04.370 01/01/2011]',-55.601,11.600,17.200,-20.600,-29.000,0.500
'[00:00:04.371 01/01/2011]',-53.901,10.000,16.400,-20.800,-28.500,0.500
'[00:00:04.372 01/01/2011]',-51.001,7.200,15.900,-20.000,-27.200,0.500
'[00:00:04.373 01/01/2011]',-47.201,4.000,15.700,-18.100,-25.600,0.500
'[00:00:04.374 01/01/2011]',-43.401,0.900,15.600,-15.400,-24.000,0.500
'[00:00:04.375 01/01/2011]',-41.001,-1.400,15.700,-12.500,-22.800,0.500
'[00:00:04.376 01/01/2011]',-41.001,-2.300,16.000,-10.300,-22.300,0.500
'[00:00:04.377 01/01/2011]',-43.601,-1.900,16.500,-9.200,-22.300,0.500
'[00:00:04.378 01/01/2011]',-47.901,-0.800,17.500,-9.200,-22.600,0.500
'[00:00:04.379 01/01/2011]',-51.901,0.500,19.000,-9.900,-22.700,0.500
'[00:00:04.380 01/01/2011]',-54.201,1.300,20.600,-10.700,-22.400,0.500
'[00:00:04.381 01/01/2011]',-54.401,1.900,22.100,-10.900,-21.500,0.500
'[00:00:04.382 01/01/2011]',-53.401,2.400,23.400,-10.500,-20.200,0.500
'[00:00:04.383 01/01/2011]',-52.701,3.600,24.600,-9.600,-18.900,0.500
'[00:00:04.384 01/01/2011]',-53.001,5.700,25.700,-8.900,-17.700,0.500
'[00:00:04.385 01/01/2011]',-54.101,8.300,26.900,-8.600,-16.700,0.500
'[00:00:04.386 01/01/2011]',-54.701,10.900,27.900,-8.900,-15.900,0.500
'[00:00:04.387 01/01/2011]',-53.801,12.600,28.500,-9.400,-15.000,0.500
'[00:00:04.388 01/01/2011]',-51.401,13.100,28.100,-9.800,-14.400,0.500
'[00:00:04.389 01/01/2011]',-48.701,12.400,26.700,-10.200,-14.000,0.500
'[00:00:04.390 01/01/2011]',-47.101,10.900,24.200,-10.700,-14.500,0.500
'[00:00:04.391 01/01/2011]',-47.301,9.200,21.000,-11.600,-15.900,0.500
'[00:00:04.392 01/01/2011]',-49.001,7.500,17.500,-13.100,-18.300,0.500
'[00:00:04.393 01/01/2011]',-51.201,6.300,14.200,-14.700,-21.200,0.500
'[00:00:04.394 01/01/2011]',-52.701,5.400,11.300,-15.900,-23.700,0.500
'[00:00:04.395 01/01/2011]',-53.201,4.900,9.200,-16.300,-25.100,0.500
'[00:00:04.396 01/01/2011]',-53.201,4.800,8.100,-15.800,-25.200,0.500
'[00:00:04.397 01/01/2011]',-53.201,4.900,8.100,-15.000,-24.200,0.500
'[00:00:04.398 01/01/2011]',-53.301,4.900,9.000,-14.400,-22.900,0.500
'[00:00:04.399 01/01/2011]',-53.001,4.800,10.400,-14.400,-22.100,0.500
'[00:00:04.400 01/01/2011]',-52.001,4.500,11.900,-15.000,-22.000,0.500
'[00:00:04.401 01/01/2011]',-50.201,3.900,13.200,-15.500,-22.400,0.500
'[00:00:04.402 01/01/2011]',-48.401,3.200,13.800,-15.500,-23.000,0.500
'[00:00:04.403 01/01/2011]',-47.501,2.500,13.900,-14.500,-23.300,0.500
'[00:00:04.404 01/01/2011]',-47.801,1.900,13.400,-13.100,-23.100,0.500
'[00:00:04.405 01/01/2011]',-49.001,1.200,12.400,-12.000,-22.700,0.500
'[00:00:04.406 01/01/2011]',-49.801,0.400,11.200,-12.000,-22.500,0.500
'[00:00:04.407 01/01/2011]',-49.301,-0.500,10.000,-13.300,-22.800,0.500
'[00:00:04.408 01/01/2011]',-47.401,-1.600,8.900,-15.500,-23.500,0.500
'[00:00:04.409 01/01/2011]',-45.201,-2.900,8.300,-17.600,-24.300,0.500
'[00:00:04.410 01/01/2011]',-44.101,-4.100,8.100,-19.000,-24.700,0.500
'[00:00:04.411 01/01/2011]',-45.101,-5.200,8.300,-19.200,-24.600,0.500
'[00:00:04.412 01/01/2011]',-48.101,-6.100,8.600,-18.600,-24.100,0.500
'[00:00:04.413 01/01/2011]',-51.601,-6.700,8.900,-18.000,-23.600,0.500
'[00:00:04.414 01/01/2011]',-53.901,-7.300,8.800,-18.100,-23.400,0.500
'[00:00:04.415 01/01/2011]',-53.701,-7.800,8.400,-19.000,-23.600,0.500
'[00:00:04.416 01/01/2011]',-51.301,-8.400,7.800,-20.400,-24.000,0.500
'[00:00:04.417 01/01/2011]',-48.001,-9.000,7.100,-21.500,-24.300,0.500
'[00:00:04.418 01/01/2011]',-45.601,-9.400,6.700,-21.800,-24.200,0.500
'[00:00:04.419 01/01/2011]',-45.101,-9.300,6.700,-20.800,-23.800,0.500
'[00:00:04.420 01/01/2011]',-46.501,-8.600,7.300,-18.800,-23.000,0.500
'[00:00:04.421 01/01/2011]',-48.501,-7.600,8.500,-16.400,-22.000,0.500
'[00:00:04.422 01/01/2011]',-49.701,-6.600,10.000,-14.100,-20.800,0.500
'[00:00:04.423 01/01/2011]',-49.601,-6.100,11.500,-12.400,-19.600,0.500
'[00:00:04.424 01/01/2011]',-48.801,-6.200,12.900,-11.400,-18.400,0.500
'[00:00:04.425 01/01/2011]',-48.601,-6.700,14.000,-10.900,-17.500,0.500
'[00:00:04.426 01/01/2011]',-50.001,-7.400,14.700,-11.000,-16.800,0.500
'[00:00:04.427 01/01/2011]',-53.201,-7.900,15.200,-11.400,-16.400,0.500
'[00:00:04.428 01/01/2011]',-56.901,-8.200,15.400,-12.100,-16.200,0.500
'[00:00:04.429 01/01/2011]',-59.301,-8.400,15.500,-13.100,-16.000,0.500
'[00:00:04.430 01/01/2011]',-59.001,-8.600,15.400,-14.000,-15.700,0.500
'[00:00:04.431 01/01/2011]',-55.901,-9.000,15.000,-14.700,-15.300,0.500
'[00:00:04.432 01/01/2011]',-51.101,-9.500,14.500,-15.200,-15.000,0.500
'[00:00:04.433 01/01/2011]',-46.501,-9.900,13.900,-15.500,-14.900,0.500
'[00:00:04.434 01/01/2011]',-43.901,-10.200,13.300,-15.700,-15.400,0.500
'[00:00:04.435 01/01/2011]',-44.101,-10.400,12.800,-16.000,-16.200,0.500
'[00:00:04.436 01/01/2011]',-47.101,-10.500,12.700,-16.500,-17.200,0.500
'[00:00:04.437 01/01/2011]',-52.001,-10.600,12.900,-16.900,-18.200,0.500
'[00:00:04.438 01/01/2011]',-57.301,-10.900,13.700,-17.200,-18.900,0.500
'[00:00:04.439 01/01/2011]',-61.801,-11.300,14.800,-17.200,-19.400,0.500
'[00:00:04.440 01/01/2011]',-64.301,-11.700,16.000,-17.100,-19.800,0.500
'[00:00:04.441 01/01/2011]',-64.501,-12.100,16.800,-17.100,-20.000,0.500
'[00:00:04.442 01/01/2011]',-62.801,-12.600,16.900,-17.500,-20.200,0.500
'[00:00:04.443 01/01/2011]',-60.201,-13.400,15.900,-18.200,-20.400,0.500
'[00:00:04.444 01/01/2011]',-57.801,-14.400,14.100,-18.800,-20.300,0.500
'[00:00:04.445 01/01/2011]',-56.601,-15.500,12.000,-19.200,-20.200,0.500
'[00:00:04.446 01/01/2011]',-56.901,-16.500,10.200,-19.200,-20.100,0.500
'[00:00:04.447 01/01/2011]',-58.401,-17.300,9.300,-18.900,-20.300,0.500
'[00:00:04.448 01/01/2011]',-60.001,-17.900,9.500,-18.700,-20.800,0.500
'[00:00:04.449 01/01/2011]',-60.901,-18.100,10.500,-18.800,-21.500,0.500
'[00:00:04.450 01/01/2011]',-60.701,-18.100,12.000,-19.000,-21.900,0.500
'[00:00:04.451 01/01/2011]',-59.501,-17.700,13.500,-19.000,-21.700,0.500
'[00:00:04.452 01/01/2011]',-57.901,-17.200,14.900,-18.500,-20.900,0.500
'[00:00:04.453 01/01/2011]',-57.001,-16.400,15.900,-17.600,-19.600,0.500
'[00:00:04.454 01/01/2011]',-57.401,-15.500,16.400,-16.300,-18.400,0.500
'[00:00:04.455 01/01/2011]',-59.201,-14.900,16.200,-15.200,-17.600,0.500
'[00:00:04.456 01/01/2011]',-61.601,-14.700,15.500,-14.700,-17.400,0.500
'[00:00:04.457 01/01/2011]',-63.901,-15.300,14.100,-15.000,-17.500,0.500
'[00:00:04.458 01/01/2011]',-65.101,-16.400,12.500,-15.800,-17.800,0.500
'[00:00:04.459 01/01/2011]',-65.101,-17.800,11.200,-16.800,-17.900,0.500
'[00:00:04.460 01/01/2011]',-64.401,-19.200,10.800,-17.800,-17.800,0.500
'[00:00:04.461 01/01/2011]',-64.001,-20.200,11.400,-18.600,-17.800,0.500
'[00:00:04.462 01/01/2011]',-64.601,-20.800,12.800,-19.300,-17.900,0.500
'[00:00:04.463 01/01/2011]',-66.101,-21.000,14.400,-19.900,-18.300,0.500
'[00:00:04.464 01/01/2011]',-67.901,-21.200,15.500,-20.400,-19.000,0.500
'[00:00:04.465 01/01/2011]',-69.101,-21.500,15.800,-20.900,-19.700,0.500
'[00:00:04.466 01/01/2011]',-69.001,-22.000,15.500,-21.200,-20.300,0.500
'[00:00:04.467 01/01/2011]',-67.801,-22.400,15.000,-21.500,-20.800,0.500
'[00:00:04.468 01/01/2011]',-66.201,-22.600,14.900,-21.700,-21.100,0.500
'[00:00:04.469 01/01/2011]',-64.901,-22.500,15.100,-22.000,-21.300,0.500
'[00:00:04.470 01/01/2011]',-64.301,-22.400,15.300,-22.300,-21.300,0.500
'[00:00:04.471 01/01/2011]',-64.601,-22.300,14.900,-22.400,-21.200,0.500
'[00:00:04.472 01/01/2011]',-65.701,-22.600,13.700,-22.300,-21.000,0.500
'[00:00:04.473 01/01/2011]',-67.201,-23.000,12.000,-21.900,-20.800,0.500
'[00:00:04.474 01/01/2011]',-69.001,-23.700,10.500,-21.200,-20.600,0.500
'[00:00:04.475 01/01/2011]',-70.901,-24.300,9.700,-20.600,-20.500,0.500
'[00:00:04.476 01/01/2011]',-72.501,-24.900,9.900,-20.300,-20.500,0.500
'[00:00:04.477 01/01/2011]',-73.301,-25.600,10.500,-20.300,-20.500,0.500
'[00:00:04.478 01/01/2011]',-73.101,-26.200,10.800,-20.500,-20.400,0.500
'[00:00:04.479 01/01/2011]',-72.301,-26.700,10.500,-20.500,-20.000,0.500
'[00:00:04.480 01/01/2011]',-71.501,-27.000,9.600,-20.100,-19.300,0.500
'[00:00:04.481 01/01/2011]',-71.101,-27.100,8.400,-19.200,-18.200,0.500
'[00:00:04.482 01/01/2011]',-71.301,-27.100,7.600,-18.000,-17.200,0.500
'[00:00:04.483 01/01/2011]',-71.801,-27.300,7.100,-17.100,-16.400,0.500
'[00:00:04.484 01/01/2011]',-72.401,-28.100,6.700,-16.700,-16.400,0.500
'[00:00:04.485 01/01/2011]',-73.001,-29.400,6.000,-17.000,-17.200,0.500
'[00:00:04.486 01/01/2011]',-73.901,-31.000,4.700,-17.900,-18.700,0.500
'[00:00:04.487 01/01/2011]',-75.201,-32.200,2.900,-18.900,-20.500,0.500
'[00:00:04.488 01/01/2011]',-76.501,-32.700,1.200,-19.800,-22.000,0.500
'[00:00:04.489 01/01/2011]',-77.001,-32.500,-0.100,-20.100,-22.500,0.500
'[00:00:04.490 01/01/2011]',-75.801,-31.800,-0.600,-19.700,-22.000,0.500
'[00:00:04.491 01/01/2011]',-72.601,-31.200,-0.400,-19.000,-20.900,0.500
'[00:00:04.492 01/01/2011]',-68.201,-31.000,0.100,-18.300,-19.700,0.500
'[00:00:04.493 01/01/2011]',-64.201,-31.100,0.500,-18.000,-19.200,0.500
'[00:00:04.494 01/01/2011]',-62.201,-31.500,0.700,-18.400,-19.400,0.500
'[00:00:04.495 01/01/2011]',-63.201,-31.800,0.500,-19.500,-20.100,0.500
'[00:00:04.496 01/01/2011]',-66.601,-31.900,0.100,-20.900,-20.500,0.500
'[00:00:04.497 01/01/2011]',-70.901,-31.700,-0.300,-22.100,-20.300,0.500
'[00:00:04.498 01/01/2011]',-74.201,-31.400,-0.300,-22.800,-19.400,0.500
'[00:00:04.499 01/01/2011]',-75.401,-31.000,0.100,-22.800,-18.300,0.500
'[00:00:04.500 01/01/2011]',-74.801,-30.600,0.800,-22.200,-17.600,0.500
'[00:00:04.501 01/01/2011]',-73.301,-30.100,1.800,-21.500,-17.800,0.500
'[00:00:04.502 01/01/2011]',-72.401,-29.300,2.700,-21.000,-18.500,0.500
'[00:00:04.503 01/01/2011]',-72.601,-28.300,3.400,-20.700,-19.200,0.500
'[00:00:04.504 01/01/2011]',-73.601,-26.900,3.800,-20.700,-19.400,0.500
'[00:00:04.505 01/01/2011]',-74.601,-25.300,4.400,-20.800,-18.900,0.500
'[00:00:04.506 01/01/2011]',-74.701,-23.900,5.100,-20.600,-17.900,0.500
'[00:00:04.507 01/01/2011]',-74.001,-23.000,5.800,-20.300,-17.200,0.500
'[00:00:04.508 01/01/2011]',-73.101,-23.300,6.300,-19.900,-17.300,0.500
'[00:00:04.509 01/01/2011]',-72.801,-24.900,6.000,-19.500,-18.300,0.500
'[00:00:04.510 01/01/2011]',-73.301,-27.600,4.700,-19.200,-19.600,0.500
'[00:00:04.511 01/01/2011]',-74.201,-30.400,3.000,-18.800,-20.600,0.500
'[00:00:04.512 01/01/2011]',-74.501,-32.200,1.600,-18.100,-20.600,0.500
'[00:00:04.513 01/01/2011]',-73.601,-32.000,1.400,-17.000,-19.700,0.500
'[00:00:04.514 01/01/2011]',-71.601,-29.800,2.500,-15.800,-18.500,0.500
'[00:00:04.515 01/01/2011]',-69.601,-26.500,4.500,-15.000,-17.800,0.500
'[00:00:04.516 01/01/2011]',-68.601,-23.500,6.000,-14.900,-18.200,0.500
'[00:00:04.517 01/01/2011]',-69.301,-21.900,6.200,-15.800,-19.700,0.500
'[00:00:04.518 01/01/2011]',-71.301,-22.200,4.800,-17.300,-21.900,0.500
'[00:00:04.519 01/01/2011]',-73.201,-23.900,2.600,-18.900,-23.900,0.500
'[00:00:04.520 01/01/2011]',-73.701,-25.800,0.700,-20.100,-25.100,0.500
'[00:00:04.521 01/01/2011]',-72.501,-26.800,0.200,-20.600,-25.500,0.500
'[00:00:04.522 01/01/2011]',-70.301,-26.400,1.500,-20.400,-25.200,0.500
'[00:00:04.523 01/01/2011]',-68.801,-24.800,3.900,-19.700,-24.800,0.500
'[00:00:04.524 01/01/2011]',-69.001,-22.700,6.400,-19.000,-24.500,0.500
'[00:00:04.525 01/01/2011]',-71.101,-20.900,8.100,-18.500,-24.400,0.500
'[00:00:04.526 01/01/2011]',-73.901,-19.600,8.500,-18.100,-24.200,0.500
'[00:00:04.527 01/01/2011]',-75.801,-18.800,7.900,-17.700,-23.800,0.500
'[00:00:04.528 01/01/2011]',-75.601,-18.000,7.100,-16.800,-22.900,0.500
'[00:00:04.529 01/01/2011]',-73.501,-17.000,6.800,-15.400,-21.900,0.500
'[00:00:04.530 01/01/2011]',-71.001,-15.500,7.300,-13.800,-20.800,0.500
'[00:00:04.531 01/01/2011]',-69.601,-13.800,8.600,-12.300,-19.900,0.500
'[00:00:04.532 01/01/2011]',-70.301,-12.100,10.300,-11.400,-19.300,0.500
'[00:00:04.533 01/01/2011]',-72.501,-10.700,12.100,-11.200,-18.800,0.500
'[00:00:04.534 01/01/2011]',-74.801,-9.500,13.800,-11.300,-18.100,0.500
'[00:00:04.535 01/01/2011]',-75.501,-8.500,15.200,-11.500,-17.400,0.500
'[00:00:04.536 01/01/2011]',-74.301,-7.300,16.200,-11.100,-16.700,0.500
'[00:00:04.537 01/01/2011]',-72.201,-6.100,16.500,-10.300,-16.500,0.500
'[00:00:04.538 01/01/2011]',-71.001,-5.100,15.700,-9.300,-16.700,0.500
'[00:00:04.539 01/01/2011]',-71.701,-4.700,13.700,-8.900,-17.600,0.500
'[00:00:04.540 01/01/2011]',-74.301,-5.400,10.400,-9.500,-18.800,0.500
'[00:00:04.541 01/01/2011]',-77.101,-7.200,6.400,-11.200,-20.500,0.500
'[00:00:04.542 01/01/2011]',-78.201,-9.800,2.400,-13.600,-22.400,0.500
'[00:00:04.543 01/01/2011]',-76.801,-12.600,-0.800,-16.100,-24.700,0.500
'[00:00:04.544 01/01/2011]',-73.301,-14.900,-2.900,-18.300,-27.100,0.500
'[00:00:04.545 01/01/2011]',-69.701,-16.400,-4.000,-20.000,-29.400,0.500
'[00:00:04.546 01/01/2011]',-67.801,-16.900,-4.700,-21.100,-31.200,0.500
'[00:00:04.547 01/01/2011]',-68.501,-16.800,-5.400,-21.900,-32.200,0.500
'[00:00:04.548 01/01/2011]',-71.001,-16.500,-6.400,-22.500,-32.400,0.500
'[00:00:04.549 01/01/2011]',-73.901,-16.300,-7.500,-22.800,-32.300,0.500
'[00:00:04.550 01/01/2011]',-75.401,-16.500,-8.400,-22.700,-32.400,0.500
'[00:00:04.551 01/01/2011]',-74.901,-16.900,-8.800,-22.200,-32.801,0.500
'[00:00:04.552 01/01/2011]',-72.701,-17.500,-8.600,-21.300,-33.301,0.500
'[00:00:04.553 01/01/2011]',-69.901,-18.100,-8.000,-20.300,-33.501,0.500
'[00:00:04.554 01/01/2011]',-67.301,-18.800,-7.100,-19.300,-33.101,0.500
'[00:00:04.555 01/01/2011]',-65.801,-19.500,-6.000,-18.500,-32.300,0.500
'[00:00:04.556 01/01/2011]',-65.501,-20.100,-4.700,-18.000,-31.400,0.500
'[00:00:04.557 01/01/2011]',-66.501,-20.600,-3.200,-17.700,-31.200,0.500
'[00:00:04.558 01/01/2011]',-68.301,-20.700,-1.600,-17.800,-31.800,0.500
'[00:00:04.559 01/01/2011]',-70.201,-20.700,-0.300,-18.300,-32.801,0.500
'[00:00:04.560 01/01/2011]',-71.301,-20.400,0.300,-19.000,-33.401,0.500
'[00:00:04.561 01/01/2011]',-71.101,-20.200,0.200,-19.900,-33.201,0.500
'[00:00:04.562 01/01/2011]',-69.701,-20.200,-0.400,-20.600,-32.000,0.500
'[00:00:04.563 01/01/2011]',-68.001,-20.400,-0.700,-20.900,-30.400,0.500
'[00:00:04.564 01/01/2011]',-66.901,-20.700,-0.300,-20.500,-29.100,0.500
'[00:00:04.565 01/01/2011]',-67.001,-20.900,0.900,-19.900,-28.500,0.500
'[00:00:04.566 01/01/2011]',-67.901,-21.000,2.500,-19.200,-28.600,0.500
'[00:00:04.567 01/01/2011]',-68.601,-21.000,3.800,-18.800,-29.000,0.500
'[00:00:04.568 01/01/2011]',-68.101,-21.100,4.300,-18.700,-29.200,0.500
'[00:00:04.569 01/01/2011]',-66.401,-21.500,3.900,-18.900,-28.900,0.500
'[00:00:04.570 01/01/2011]',-64.501,-21.900,2.900,-19.300,-28.400,0.500
'[00:00:04.571 01/01/2011]',-63.301,-22.100,2.200,-19.700,-28.000,0.500
'[00:00:04.572 01/01/2011]',-63.201,-21.800,2.400,-20.200,-28.000,0.500
'[00:00:04.573 01/01/2011]',-63.501,-20.900,3.500,-20.500,-28.100,0.500
'[00:00:04.574 01/01/2011]',-62.801,-19.400,5.200,-20.700,-28.200,0.500
'[00:00:04.575 01/01/2011]',-60.301,-18.100,7.000,-20.500,-27.700,0.500
'[00:00:04.576 01/01/2011]',-56.801,-17.400,8.400,-19.900,-26.900,0.500
'[00:00:04.577 01/01/2011]',-53.701,-17.500,9.100,-18.900,-26.000,0.500
'[00:00:04.578 01/01/2011]',-52.701,-18.400,9.100,-17.800,-25.300,0.500
'[00:00:04.579 01/01/2011]',-54.001,-19.700,8.800,-17.100,-25.200,0.500
'[00:00:04.580 01/01/2011]',-56.701,-21.100,8.100,-16.800,-25.500,0.500
'[00:00:04.581 01/01/2011]',-58.701,-22.400,7.300,-17.200,-25.900,0.500
'[00:00:04.582 01/01/2011]',-59.101,-23.400,6.400,-17.900,-26.400,0.500
'[00:00:04.583 01/01/2011]',-57.801,-24.000,5.800,-18.600,-26.600,0.500
'[00:00:04.584 01/01/2011]',-56.001,-24.000,5.600,-19.100,-26.700,0.500
'[00:00:04.585 01/01/2011]',-54.701,-23.200,5.700,-19.400,-26.700,0.500
'[00:00:04.586 01/01/2011]',-54.101,-21.500,6.100,-19.400,-26.400,0.500
'[00:00:04.587 01/01/2011]',-53.501,-19.300,6.600,-19.200,-26.000,0.500
'[00:00:04.588 01/01/2011]',-52.101,-16.900,7.100,-18.800,-25.300,0.500
'[00:00:04.589 01/01/2011]',-49.601,-14.900,7.700,-18.200,-24.500,0.500
'[00:00:04.590 01/01/2011]',-46.701,-13.400,8.600,-17.500,-23.900,0.500
'[00:00:04.591 01/01/2011]',-44.301,-12.400,9.900,-16.600,-23.600,0.500
'[00:00:04.592 01/01/2011]',-42.801,-11.700,11.400,-15.900,-23.700,0.500
'[00:00:04.593 01/01/2011]',-42.201,-11.200,12.400,-15.400,-24.000,0.500
'[00:00:04.594 01/01/2011]',-41.801,-10.900,12.400,-15.400,-24.400,0.500
'[00:00:04.595 01/01/2011]',-41.101,-11.100,10.900,-16.000,-24.800,0.500
'[00:00:04.596 01/01/2011]',-40.201,-11.700,8.200,-16.900,-25.100,0.500
'[00:00:04.597 01/01/2011]',-39.401,-12.700,5.100,-17.700,-25.300,0.500
'[00:00:04.598 01/01/2011]',-39.101,-13.500,2.600,-18.200,-25.300,0.500
'[00:00:04.599 01/01/2011]',-39.301,-13.900,1.200,-18.000,-25.100,0.500
'[00:00:04.600 01/01/2011]',-39.701,-13.800,1.200,-17.100,-24.900,0.500
'[00:00:04.601 01/01/2011]',-40.501,-13.400,1.800,-15.900,-24.700,0.500
'[00:00:04.602 01/01/2011]',-41.701,-13.000,2.500,-14.800,-24.900,0.500
'[00:00:04.603 01/01/2011]',-43.701,-13.200,2.800,-14.100,-25.500,0.500
'[00:00:04.604 01/01/2011]',-46.001,-13.800,2.700,-14.000,-26.300,0.500
'[00:00:04.605 01/01/2011]',-47.901,-14.600,2.700,-14.100,-26.700,0.500
'[00:00:04.606 01/01/2011]',-48.401,-15.200,2.900,-14.300,-26.400,0.500
'[00:00:04.607 01/01/2011]',-47.101,-15.400,3.500,-14.200,-25.500,0.500
'[00:00:04.608 01/01/2011]',-44.401,-15.200,4.100,-14.000,-24.200,0.500
'[00:00:04.609 01/01/2011]',-41.701,-14.900,4.300,-13.800,-23.400,0.500
'[00:00:04.610 01/01/2011]',-40.301,-14.700,3.700,-13.800,-23.400,0.500
'[00:00:04.611 01/01/2011]',-40.701,-14.700,2.600,-14.100,-24.200,0.500
'[00:00:04.612 01/01/2011]',-43.001,-14.900,1.500,-14.600,-25.500,0.500
'[00:00:04.613 01/01/2011]',-46.101,-15.300,0.900,-15.000,-26.900,0.500
'[00:00:04.614 01/01/2011]',-49.301,-15.700,0.900,-15.300,-28.100,0.500
'[00:00:04.615 01/01/2011]',-52.201,-16.300,1.100,-15.800,-29.000,0.500
'[00:00:04.616 01/01/2011]',-54.401,-17.000,1.200,-16.600,-29.900,0.500
'[00:00:04.617 01/01/2011]',-56.001,-18.000,0.900,-17.700,-30.700,0.500
'[00:00:04.618 01/01/2011]',-56.701,-19.000,0.200,-19.000,-31.400,0.500
'[00:00:04.619 01/01/2011]',-56.201,-19.800,-0.600,-20.000,-31.600,0.500
'[00:00:04.620 01/01/2011]',-54.701,-20.400,-1.000,-20.100,-31.200,0.500
'[00:00:04.621 01/01/2011]',-52.401,-20.700,-0.700,-19.200,-30.500,0.500
'[00:00:04.622 01/01/2011]',-50.401,-20.800,0.100,-17.700,-29.900,0.500
'[00:00:04.623 01/01/2011]',-49.701,-20.600,0.900,-16.100,-29.600,0.500
'[00:00:04.624 01/01/2011]',-51.101,-20.300,1.500,-15.200,-29.900,0.500
'[00:00:04.625 01/01/2011]',-54.501,-19.900,1.700,-15.200,-30.300,0.500
'[00:00:04.626 01/01/2011]',-58.601,-19.300,1.700,-16.200,-30.400,0.500
'[00:00:04.627 01/01/2011]',-61.901,-18.800,1.600,-17.500,-29.800,0.500
'[00:00:04.628 01/01/2011]',-62.901,-18.500,1.800,-18.600,-28.700,0.500
'[00:00:04.629 01/01/2011]',-61.101,-18.500,2.200,-19.200,-27.500,0.500
'[00:00:04.630 01/01/2011]',-57.701,-18.800,2.900,-19.400,-26.700,0.500
'[00:00:04.631 01/01/2011]',-54.701,-19.000,3.700,-19.400,-26.800,0.500
'[00:00:04.632 01/01/2011]',-54.201,-19.100,4.400,-19.800,-27.800,0.500
'[00:00:04.633 01/01/2011]',-56.701,-18.700,5.000,-20.800,-29.300,0.500
'[00:00:04.634 01/01/2011]',-61.101,-18.100,5.300,-22.300,-30.800,0.500
'[00:00:04.635 01/01/2011]',-64.901,-17.700,5.100,-24.000,-32.000,0.500
'[00:00:04.636 01/01/2011]',-66.001,-17.900,4.400,-25.200,-32.600,0.500
'[00:00:04.637 01/01/2011]',-63.601,-18.900,3.000,-25.400,-32.600,0.500
'[00:00:04.638 01/01/2011]',-59.001,-20.800,1.300,-24.500,-32.100,0.500
'[00:00:04.639 01/01/2011]',-54.701,-23.100,-0.200,-22.800,-31.300,0.500
'[00:00:04.640 01/01/2011]',-52.901,-25.100,-1.200,-20.800,-30.600,0.500
'[00:00:04.641 01/01/2011]',-54.401,-26.200,-1.400,-19.200,-30.200,0.500
'[00:00:04.642 01/01/2011]',-58.101,-26.100,-0.900,-18.300,-30.200,0.500
'[00:00:04.643 01/01/2011]',-61.901,-25.000,0.200,-18.100,-30.500,0.500
'[00:00:04.644 01/01/2011]',-63.901,-23.200,1.600,-18.400,-30.500,0.500
'[00:00:04.645 01/01/2011]',-63.501,-21.600,3.000,-18.500,-29.900,0.500
'[00:00:04.646 01/01/2011]',-61.301,-20.600,4.200,-18.000,-28.600,0.500
'[00:00:04.647 01/01/2011]',-58.601,-20.300,5.200,-16.900,-26.700,0.500
'[00:00:04.648 01/01/2011]',-56.801,-20.500,6.000,-15.600,-25.000,0.500
'[00:00:04.649 01/01/2011]',-56.601,-20.500,6.500,-14.600,-24.100,0.500
'[00:00:04.650 01/01/2011]',-57.601,-19.900,6.900,-14.300,-23.900,0.500
'[00:00:04.651 01/01/2011]',-59.001,-18.500,7.000,-14.900,-24.300,0.500
'[00:00:04.652 01/01/2011]',-59.901,-16.800,6.900,-16.000,-24.700,0.500
'[00:00:04.653 01/01/2011]',-59.401,-15.300,6.400,-17.300,-24.600,0.500
'[00:00:04.654 01/01/2011]',-57.401,-14.600,5.400,-18.300,-24.200,0.500
'[00:00:04.655 01/01/2011]',-54.601,-15.000,3.700,-18.900,-23.900,0.500
'[00:00:04.656 01/01/2011]',-52.101,-16.100,1.600,-19.100,-24.300,0.500
'[00:00:04.657 01/01/2011]',-51.301,-17.500,-0.400,-19.200,-25.600,0.500
'[00:00:04.658 01/01/2011]',-52.801,-18.600,-1.700,-19.300,-27.200,0.500
'[00:00:04.659 01/01/2011]',-56.201,-19.200,-2.100,-19.600,-28.600,0.500
'[00:00:04.660 01/01/2011]',-60.001,-19.400,-1.500,-19.800,-29.000,0.500
'[00:00:04.661 01/01/2011]',-62.601,-19.600,-0.600,-19.800,-28.400,0.500
'[00:00:04.662 01/01/2011]',-62.701,-19.900,-0.100,-19.500,-27.100,0.500
'[00:00:04.663 01/01/2011]',-60.501,-20.700,-0.300,-18.800,-25.700,0.500
'[00:00:04.664 01/01/2011]',-57.201,-21.700,-1.200,-17.800,-24.700,0.500
'[00:00:04.665 01/01/2011]',-54.501,-22.800,-2.100,-16.900,-24.100,0.500
'[00:00:04.666 01/01/2011]',-53.601,-23.600,-2.400,-16.100,-23.900,0.500
'[00:00:04.667 01/01/2011]',-54.701,-24.000,-1.500,-15.700,-23.900,0.500
'[00:00:04.668 01/01/2011]',-56.901,-23.800,0.400,-15.600,-23.800,0.500
'[00:00:04.669 01/01/2011]',-59.001,-23.000,2.800,-15.800,-23.700,0.500
'[00:00:04.670 01/01/2011]',-59.801,-22.000,5.200,-15.900,-23.600,0.500
'[00:00:04.671 01/01/2011]',-59.101,-20.800,7.300,-15.700,-23.200,0.500
'[00:00:04.672 01/01/2011]',-57.001,-19.500,9.000,-15.100,-22.700,0.500
'[00:00:04.673 01/01/2011]',-54.201,-18.300,10.200,-14.400,-22.100,0.500
'[00:00:04.674 01/01/2011]',-51.701,-17.400,10.900,-14.000,-21.700,0.500
'[00:00:04.675 01/01/2011]',-50.001,-16.900,11.000,-14.300,-21.800,0.500
'[00:00:04.676 01/01/2011]',-49.701,-17.000,10.600,-15.300,-22.400,0.500
'[00:00:04.677 01/01/2011]',-50.701,-17.800,9.700,-16.700,-23.500,0.500
'[00:00:04.678 01/01/2011]',-52.201,-19.000,8.700,-18.200,-25.000,0.500
'[00:00:04.679 01/01/2011]',-53.401,-20.200,7.900,-19.300,-26.300,0.500
'[00:00:04.680 01/01/2011]',-53.701,-21.200,7.300,-19.900,-27.600,0.500
'[00:00:04.681 01/01/2011]',-53.101,-21.900,6.800,-20.200,-28.800,0.500
'[00:00:04.682 01/01/2011]',-52.001,-22.200,6.200,-20.300,-30.000,0.500
'[00:00:04.683 01/01/2011]',-50.901,-22.300,5.200,-20.400,-31.100,0.500
'[00:00:04.684 01/01/2011]',-50.401,-22.200,4.300,-20.400,-32.000,0.500
'[00:00:04.685 01/01/2011]',-50.101,-22.000,3.600,-20.200,-32.100,0.500
'[00:00:04.686 01/01/2011]',-49.401,-21.400,3.600,-19.600,-31.300,0.500
'[00:00:04.687 01/01/2011]',-48.001,-20.300,4.200,-18.600,-29.500,0.500
'[00:00:04.688 01/01/2011]',-46.101,-18.800,5.300,-17.200,-26.900,0.500
'[00:00:04.689 01/01/2011]',-44.301,-17.400,6.300,-15.900,-24.000,0.500
'[00:00:04.690 01/01/2011]',-43.201,-16.200,7.000,-14.800,-21.400,0.500
'[00:00:04.691 01/01/2011]',-43.201,-15.700,7.200,-14.100,-19.500,0.500
'[00:00:04.692 01/01/2011]',-43.901,-15.800,7.200,-13.700,-18.300,0.500
'[00:00:04.693 01/01/2011]',-45.201,-16.100,7.000,-13.600,-17.800,0.500
'[00:00:04.694 01/01/2011]',-47.001,-16.300,6.800,-13.700,-17.800,0.500
'[00:00:04.695 01/01/2011]',-49.201,-16.400,6.600,-13.900,-18.200,0.500
'[00:00:04.696 01/01/2011]',-51.901,-16.200,6.300,-14.100,-18.600,0.500
'[00:00:04.697 01/01/2011]',-54.501,-16.100,6.200,-14.300,-19.100,0.500
'[00:00:04.698 01/01/2011]',-55.901,-16.100,6.400,-14.600,-19.200,0.500
'[00:00:04.699 01/01/2011]',-55.301,-16.200,7.200,-14.900,-19.100,0.500
'[00:00:04.700 01/01/2011]',-52.701,-16.400,8.400,-15.300,-18.700,0.500
'[00:00:04.701 01/01/2011]',-49.101,-16.500,9.800,-15.600,-18.100,0.500
'[00:00:04.702 01/01/2011]',-46.201,-16.700,11.200,-15.700,-17.300,0.500
'[00:00:04.703 01/01/2011]',-45.001,-16.900,12.400,-15.300,-16.400,0.500
'[00:00:04.704 01/01/2011]',-45.401,-16.900,13.700,-14.400,-15.400,0.500
'[00:00:04.705 01/01/2011]',-46.501,-16.800,15.000,-13.300,-14.600,0.500
'[00:00:04.706 01/01/2011]',-46.701,-16.500,16.500,-12.600,-14.300,0.500
'[00:00:04.707 01/01/2011]',-45.501,-16.200,17.800,-13.000,-15.000,0.500
'[00:00:04.708 01/01/2011]',-43.301,-16.100,18.300,-14.700,-16.800,0.500
'[00:00:04.709 01/01/2011]',-41.101,-16.800,17.800,-17.400,-19.500,0.500
'[00:00:04.710 01/01/2011]',-39.801,-18.600,16.200,-20.500,-22.600,0.500
'[00:00:04.711 01/01/2011]',-39.801,-21.400,14.000,-23.000,-25.400,0.500
'[00:00:04.712 01/01/2011]',-40.401,-24.800,11.700,-24.200,-27.300,0.500
'[00:00:04.713 01/01/2011]',-40.601,-28.000,10.000,-24.100,-28.100,0.500
'[00:00:04.714 01/01/2011]',-39.901,-30.300,8.900,-22.900,-28.200,0.500
'[00:00:04.715 01/01/2011]',-38.501,-31.500,8.300,-21.200,-27.900,0.500
'[00:00:04.716 01/01/2011]',-36.801,-31.500,7.900,-19.400,-27.600,0.500
'[00:00:04.717 01/01/2011]',-35.801,-30.800,7.400,-17.900,-27.400,0.500
'[00:00:04.718 01/01/2011]',-36.001,-29.900,6.400,-16.600,-27.400,0.500
'[00:00:04.719 01/01/2011]',-37.401,-29.000,5.100,-16.000,-27.600,0.500
'[00:00:04.720 01/01/2011]',-40.101,-28.300,3.600,-16.100,-28.100,0.500
'[00:00:04.721 01/01/2011]',-43.501,-27.900,1.900,-17.300,-28.700,0.500
'[00:00:04.722 01/01/2011]',-46.901,-28.100,0.500,-19.500,-29.300,0.500
'[00:00:04.723 01/01/2011]',-49.301,-28.800,-0.200,-22.000,-29.400,0.500
'[00:00:04.724 01/01/2011]',-49.601,-29.600,0.200,-23.900,-28.500,0.500
'[00:00:04.725 01/01/2011]',-46.801,-30.100,2.000,-24.200,-26.600,0.500
'[00:00:04.726 01/01/2011]',-40.701,-29.700,4.700,-22.700,-23.900,0.500
'[00:00:04.727 01/01/2011]',-31.900,-28.500,7.900,-19.900,-20.900,0.500
'[00:00:04.728 01/01/2011]',-21.800,-26.600,10.700,-16.900,-18.400,0.500
'[00:00:04.729 01/01/2011]',-12.200,-24.900,12.800,-14.600,-16.800,0.500
'[00:00:04.730 01/01/2011]',-3.800,-24.100,14.100,-13.600,-15.900,0.500
'[00:00:04.731 01/01/2011]',3.600,-24.100,15.200,-13.300,-14.900,0.500
'[00:00:04.732 01/01/2011]',11.700,-24.300,16.800,-12.500,-12.800,0.500
'[00:00:04.733 01/01/2011]',22.700,-23.800,19.400,-10.200,-8.900,0.500
'[00:00:04.734 01/01/2011]',38.101,-21.900,22.900,-6.200,-3.200,0.500
'[00:00:04.735 01/01/2011]',57.601,-18.600,26.600,-1.200,3.200,0.500
'[00:00:04.736 01/01/2011]',79.001,-14.700,29.600,3.500,8.900,0.500
'[00:00:04.737 01/01/2011]',98.602,-11.400,31.000,6.400,12.700,0.500
'[00:00:04.738 01/01/2011]',113.202,-9.200,30.600,7.300,14.100,0.500
'[00:00:04.739 01/01/2011]',120.702,-8.400,28.600,6.400,13.100,0.500
'[00:00:04.740 01/01/2011]',120.802,-8.300,25.800,4.700,10.900,0.500
'[00:00:04.741 01/01/2011]',114.802,-8.400,22.700,2.900,8.200,0.500
'[00:00:04.742 01/01/2011]',104.402,-8.700,19.600,1.300,5.400,0.500
'[00:00:04.743 01/01/2011]',90.401,-9.400,16.500,-0.700,2.300,0.500
'[00:00:04.744 01/01/2011]',73.301,-11.000,13.000,-3.700,-1.900,0.500
'[00:00:04.745 01/01/2011]',52.901,-13.700,9.000,-7.900,-7.600,0.500
'[00:00:04.746 01/01/2011]',29.300,-17.100,4.600,-12.800,-14.500,0.500
'[00:00:04.747 01/01/2011]',3.200,-20.400,0.100,-17.300,-22.100,0.500
'[00:00:04.748 01/01/2011]',-24.300,-23.000,-4.100,-20.800,-29.100,0.500
'[00:00:04.749 01/01/2011]',-51.601,-24.600,-7.800,-22.800,-34.601,0.500
'[00:00:04.750 01/01/2011]',-77.501,-25.500,-10.600,-23.600,-38.201,0.500
'[00:00:04.751 01/01/2011]',-100.502,-26.000,-12.400,-23.900,-39.801,0.500
'[00:00:04.752 01/01/2011]',-119.302,-26.200,-13.000,-24.000,-39.501,0.500
'[00:00:04.753 01/01/2011]',-132.402,-26.000,-12.300,-23.900,-37.801,0.500
'[00:00:04.754 01/01/2011]',-138.802,-25.300,-10.500,-23.300,-35.101,0.500
'[00:00:04.755 01/01/2011]',-138.402,-24.100,-7.800,-21.800,-31.600,0.500
'[00:00:04.756 01/01/2011]',-132.502,-22.800,-4.600,-19.300,-28.000,0.500
'[00:00:04.757 01/01/2011]',-123.202,-21.800,-1.600,-16.500,-24.500,0.500
'[00:00:04.758 01/01/2011]',-112.702,-21.400,1.000,-13.900,-21.700,0.500
'[00:00:04.759 01/01/2011]',-102.302,-21.800,2.800,-12.100,-19.600,0.500
'[00:00:04.760 01/01/2011]',-92.401,-22.500,3.900,-11.300,-18.300,0.500
'[00:00:04.761 01/01/2011]',-82.601,-23.200,4.400,-11.300,-17.700,0.500
'[00:00:04.762 01/01/2011]',-72.301,-23.500,4.200,-11.400,-17.500,0.500
'[00:00:04.763 01/01/2011]',-61.701,-23.500,3.500,-11.500,-17.700,0.500
'[00:00:04.764 01/01/2011]',-51.601,-23.500,2.500,-11.500,-17.900,0.500
'[00:00:04.765 01/01/2011]',-43.101,-23.800,1.100,-11.700,-18.000,0.500
'[00:00:04.766 01/01/2011]',-37.201,-24.500,-0.300,-12.300,-18.000,0.500
'[00:00:04.767 01/01/2011]',-34.101,-25.300,-1.600,-13.000,-17.900,0.500
'[00:00:04.768 01/01/2011]',-33.201,-25.900,-2.600,-13.700,-17.700,0.500
'[00:00:04.769 01/01/2011]',-33.601,-25.900,-3.400,-14.300,-17.600,0.500
'[00:00:04.770 01/01/2011]',-34.101,-25.500,-4.100,-14.800,-17.500,0.500
'[00:00:04.771 01/01/2011]',-34.001,-24.900,-4.800,-15.400,-17.600,0.500
'[00:00:04.772 01/01/2011]',-32.901,-24.600,-5.800,-16.300,-17.800,0.500
'[00:00:04.773 01/01/2011]',-31.100,-24.800,-6.900,-17.500,-18.000,0.500
'[00:00:04.774 01/01/2011]',-29.000,-25.800,-8.000,-18.500,-18.300,0.500
'[00:00:04.775 01/01/2011]',-27.300,-27.000,-8.600,-19.100,-18.500,0.500
'[00:00:04.776 01/01/2011]',-26.600,-28.000,-8.400,-18.900,-18.500,0.500
'[00:00:04.777 01/01/2011]',-27.100,-28.600,-7.300,-18.100,-18.500,0.500
'[00:00:04.778 01/01/2011]',-28.700,-28.500,-5.700,-17.200,-18.300,0.500
'[00:00:04.779 01/01/2011]',-30.800,-28.100,-4.200,-16.700,-18.200,0.500
'[00:00:04.780 01/01/2011]',-32.801,-27.800,-3.200,-16.800,-18.300,0.500
'[00:00:04.781 01/01/2011]',-34.001,-27.700,-3.000,-17.300,-18.400,0.500
'[00:00:04.782 01/01/2011]',-34.201,-28.000,-3.300,-17.800,-18.600,0.500
'[00:00:04.783 01/01/2011]',-33.801,-28.200,-3.500,-18.100,-18.700,0.500
'[00:00:04.784 01/01/2011]',-33.001,-28.400,-3.200,-18.000,-18.700,0.500
'[00:00:04.785 01/01/2011]',-32.500,-28.400,-2.300,-17.900,-18.800,0.500
'[00:00:04.786 01/01/2011]',-32.300,-28.500,-1.100,-17.700,-19.200,0.500
'[00:00:04.787 01/01/2011]',-32.300,-28.900,0.100,-17.600,-19.800,0.500
'[00:00:04.788 01/01/2011]',-32.200,-29.400,1.000,-17.200,-20.600,0.500
'[00:00:04.789 01/01/2011]',-31.700,-29.900,1.600,-16.400,-21.200,0.500
'[00:00:04.790 01/01/2011]',-30.900,-29.900,1.900,-15.300,-21.400,0.500
'[00:00:04.791 01/01/2011]',-29.900,-29.300,2.200,-14.200,-21.100,0.500
'[00:00:04.792 01/01/2011]',-28.900,-28.400,2.300,-13.900,-20.600,0.500
'[00:00:04.793 01/01/2011]',-28.100,-27.600,2.200,-14.400,-20.200,0.500
'[00:00:04.794 01/01/2011]',-27.300,-27.200,1.900,-15.800,-20.000,0.500
'[00:00:04.795 01/01/2011]',-26.500,-27.300,1.500,-17.500,-20.000,0.500
'[00:00:04.796 01/01/2011]',-25.300,-27.700,1.300,-18.600,-20.100,0.500
'[00:00:04.797 01/01/2011]',-24.000,-28.100,1.500,-18.800,-20.100,0.500
'[00:00:04.798 01/01/2011]',-22.900,-28.000,2.100,-18.000,-19.700,0.500
'[00:00:04.799 01/01/2011]',-22.800,-27.400,3.000,-16.600,-18.900,0.500
'[00:00:04.800 01/01/2011]',-23.900,-26.400,4.000,-15.200,-17.800,0.500
'[00:00:04.801 01/01/2011]',-26.100,-25.200,4.900,-14.100,-16.500,0.500
'[00:00:04.802 01/01/2011]',-28.600,-24.000,5.500,-13.600,-15.200,0.500
'[00:00:04.803 01/01/2011]',-30.200,-23.000,5.900,-13.600,-14.400,0.500
'[00:00:04.804 01/01/2011]',-30.000,-22.100,5.800,-13.800,-14.200,0.500
'[00:00:04.805 01/01/2011]',-27.800,-21.600,5.400,-14.000,-14.600,0.500
'[00:00:04.806 01/01/2011]',-24.600,-21.400,4.600,-14.000,-15.400,0.500
'[00:00:04.807 01/01/2011]',-21.600,-21.600,3.700,-13.800,-16.100,0.500
'[00:00:04.808 01/01/2011]',-20.300,-22.100,2.900,-13.500,-16.400,0.500
'[00:00:04.809 01/01/2011]',-20.800,-22.800,2.200,-13.300,-16.100,0.500
'[00:00:04.810 01/01/2011]',-22.600,-23.600,1.700,-13.400,-15.700,0.500
'[00:00:04.811 01/01/2011]',-24.200,-24.500,1.300,-13.900,-15.600,0.500
'[00:00:04.812 01/01/2011]',-24.600,-25.400,0.700,-15.000,-16.300,0.500
'[00:00:04.813 01/01/2011]',-23.400,-26.400,0.100,-16.200,-17.800,0.500
'[00:00:04.814 01/01/2011]',-21.300,-27.300,-0.500,-17.400,-19.300,0.500
'[00:00:04.815 01/01/2011]',-19.400,-28.300,-1.000,-18.300,-20.200,0.500
'[00:00:04.816 01/01/2011]',-18.800,-29.000,-1.400,-18.700,-20.000,0.500
'[00:00:04.817 01/01/2011]',-19.600,-29.500,-1.700,-18.400,-18.600,0.500
'[00:00:04.818 01/01/2011]',-21.300,-29.400,-1.900,-17.700,-16.800,0.500
'[00:00:04.819 01/01/2011]',-22.900,-28.800,-1.800,-16.700,-15.400,0.500
'[00:00:04.820 01/01/2011]',-23.900,-27.800,-1.300,-15.800,-14.900,0.500
'[00:00:04.821 01/01/2011]',-24.400,-26.400,-0.400,-15.200,-15.600,0.500
'[00:00:04.822 01/01/2011]',-24.800,-25.100,0.700,-15.000,-16.900,0.500
'[00:00:04.823 01/01/2011]',-26.000,-24.200,1.500,-15.300,-18.200,0.500
'[00:00:04.824 01/01/2011]',-28.100,-23.800,1.700,-15.900,-19.000,0.500
'[00:00:04.825 01/01/2011]',-30.500,-24.000,1.200,-16.600,-19.000,0.500
'[00:00:04.826 01/01/2011]',-32.200,-24.300,0.400,-17.100,-18.400,0.500
'[00:00:04.827 01/01/2011]',-31.800,-24.500,-0.200,-17.300,-17.500,0.500
'[00:00:04.828 01/01/2011]',-28.900,-24.300,-0.300,-17.000,-16.600,0.500
'[00:00:04.829 01/01/2011]',-24.200,-23.800,0.300,-16.600,-16.100,0.500
'[00:00:04.830 01/01/2011]',-19.800,-23.200,1.200,-16.200,-15.800,0.500
'[00:00:04.831 01/01/2011]',-17.600,-22.500,1.900,-16.000,-15.800,0.500
'[00:00:04.832 01/01/2011]',-18.600,-21.900,2.300,-15.900,-16.000,0.500
'[00:00:04.833 01/01/2011]',-22.200,-21.500,2.400,-15.700,-16.300,0.500
'[00:00:04.834 01/01/2011]',-26.400,-21.300,2.600,-15.300,-16.600,0.500
'[00:00:04.835 01/01/2011]',-29.000,-21.400,3.100,-14.800,-16.800,0.500
'[00:00:04.836 01/01/2011]',-29.000,-21.700,3.800,-14.400,-16.700,0.500
'[00:00:04.837 01/01/2011]',-26.900,-22.400,4.600,-14.600,-16.500,0.500
'[00:00:04.838 01/01/2011]',-24.500,-23.200,5.200,-15.300,-16.000,0.500
'[00:00:04.839 01/01/2011]',-23.600,-23.800,5.500,-16.200,-15.500,0.500
'[00:00:04.840 01/01/2011]',-24.500,-24.100,5.400,-16.800,-15.100,0.500
'[00:00:04.841 01/01/2011]',-26.300,-24.100,5.100,-16.700,-14.700,0.500
'[00:00:04.842 01/01/2011]',-27.600,-23.800,4.800,-15.800,-14.400,0.500
'[00:00:04.843 01/01/2011]',-27.200,-23.400,4.500,-14.500,-14.300,0.500
'[00:00:04.844 01/01/2011]',-25.600,-23.300,4.000,-13.500,-14.500,0.500
'[00:00:04.845 01/01/2011]',-23.900,-23.500,3.300,-13.200,-15.100,0.500
'[00:00:04.846 01/01/2011]',-23.600,-24.100,2.300,-14.000,-16.200,0.500
'[00:00:04.847 01/01/2011]',-25.100,-25.100,1.000,-15.800,-17.800,0.500
'[00:00:04.848 01/01/2011]',-27.500,-26.300,-0.400,-18.000,-19.800,0.500
'[00:00:04.849 01/01/2011]',-29.100,-27.600,-1.500,-20.200,-21.500,0.500
'[00:00:04.850 01/01/2011]',-28.700,-28.300,-2.100,-21.800,-22.600,0.500
'[00:00:04.851 01/01/2011]',-25.900,-28.100,-2.000,-22.300,-22.600,0.500
'[00:00:04.852 01/01/2011]',-21.800,-26.800,-1.200,-21.600,-21.200,0.500
'[00:00:04.853 01/01/2011]',-18.000,-24.500,0.000,-19.700,-18.900,0.500
'[00:00:04.854 01/01/2011]',-15.900,-22.200,1.400,-17.200,-16.100,0.500
'[00:00:04.855 01/01/2011]',-16.000,-20.500,2.500,-14.600,-13.500,0.500
'[00:00:04.856 01/01/2011]',-17.600,-19.900,3.300,-12.600,-11.700,0.500
'[00:00:04.857 01/01/2011]',-19.800,-20.600,3.900,-11.500,-10.700,0.500
'[00:00:04.858 01/01/2011]',-21.500,-21.600,4.500,-11.300,-10.500,0.500
'[00:00:04.859 01/01/2011]',-22.100,-22.300,5.400,-11.400,-10.600,0.500
'[00:00:04.860 01/01/2011]',-21.700,-22.200,6.400,-11.700,-10.900,0.500
'[00:00:04.861 01/01/2011]',-20.700,-21.200,7.200,-11.600,-11.200,0.500
'[00:00:04.862 01/01/2011]',-19.600,-19.900,7.700,-11.400,-11.500,0.500
'[00:00:04.863 01/01/2011]',-18.700,-19.000,7.500,-11.400,-12.100,0.500
'[00:00:04.864 01/01/2011]',-18.300,-18.800,6.700,-11.700,-12.800,0.500
'[00:00:04.865 01/01/2011]',-18.300,-19.400,5.500,-12.600,-13.600,0.500
'[00:00:04.866 01/01/2011]',-18.800,-20.400,4.400,-13.800,-14.400,0.500
'[00:00:04.867 01/01/2011]',-19.400,-21.400,3.800,-14.900,-14.800,0.500
'[00:00:04.868 01/01/2011]',-19.400,-22.300,3.900,-15.500,-14.900,0.500
'[00:00:04.869 01/01/2011]',-18.300,-23.000,4.600,-15.100,-14.700,0.500
'[00:00:04.870 01/01/2011]',-16.000,-23.700,5.500,-13.800,-14.400,0.500
'[00:00:04.871 01/01/2011]',-13.300,-24.500,6.300,-11.900,-14.000,0.500
'[00:00:04.872 01/01/2011]',-11.300,-25.300,6.900,-10.000,-13.800,0.500
'[00:00:04.873 01/01/2011]',-10.900,-25.800,7.400,-8.200,-13.700,0.500
'[00:00:04.874 01/01/2011]',-12.500,-25.900,8.200,-6.700,-13.600,0.500
'[00:00:04.875 01/01/2011]',-15.200,-25.100,9.500,-5.500,-13.300,0.500
'[00:00:04.876 01/01/2011]',-17.500,-23.300,11.400,-4.200,-12.800,0.500
'[00:00:04.877 01/01/2011]',-18.200,-20.700,13.700,-2.700,-11.800,0.500
'[00:00:04.878 01/01/2011]',-17.000,-17.600,16.000,-0.800,-10.300,0.500
'[00:00:04.879 01/01/2011]',-14.700,-14.500,18.100,1.600,-8.200,0.500
'[00:00:04.880 01/01/2011]',-12.600,-11.700,19.700,4.300,-5.400,0.500
'[00:00:04.881 01/01/2011]',-11.700,-9.800,21.100,7.000,-1.900,0.500
'[00:00:04.882 01/01/2011]',-12.400,-8.900,22.200,9.200,2.100,0.500
'[00:00:04.883 01/01/2011]',-14.200,-9.200,23.200,10.700,6.100,0.500
'[00:00:04.884 01/01/2011]',-16.300,-10.600,24.000,11.500,9.700,0.500
'[00:00:04.885 01/01/2011]',-18.000,-13.100,24.300,11.700,12.900,0.500
'[00:00:04.886 01/01/2011]',-18.700,-16.400,24.100,11.700,15.700,0.500
'[00:00:04.887 01/01/2011]',-18.400,-20.100,23.500,11.800,18.300,0.500
'[00:00:04.888 01/01/2011]',-17.200,-23.800,22.700,12.000,20.800,0.500
'[00:00:04.889 01/01/2011]',-15.700,-27.300,21.900,12.200,23.300,0.500
'[00:00:04.890 01/01/2011]',-14.300,-30.800,21.200,12.200,25.800,0.500
'[00:00:04.891 01/01/2011]',-13.700,-34.301,20.300,11.700,28.000,0.500
'[00:00:04.892 01/01/2011]',-13.900,-38.301,19.200,10.600,29.700,0.500
'[00:00:04.893 01/01/2011]',-14.600,-43.001,17.500,9.000,30.900,0.500
'[00:00:04.894 01/01/2011]',-15.000,-48.401,15.100,6.900,31.300,0.500
'[00:00:04.895 01/01/2011]',-15.000,-54.401,12.000,4.300,30.800,0.500
'[00:00:04.896 01/01/2011]',-14.600,-60.801,8.400,1.500,29.400,0.500
'[00:00:04.897 01/01/2011]',-14.700,-67.001,4.500,-1.600,27.300,0.500
'[00:00:04.898 01/01/2011]',-15.900,-72.601,0.500,-4.600,24.800,0.500
'[00:00:04.899 01/01/2011]',-18.300,-77.201,-3.400,-7.300,22.700,0.500
'[00:00:04.900 01/01/2011]',-21.200,-80.701,-7.000,-9.400,21.200,0.500
'[00:00:04.901 01/01/2011]',-23.400,-83.301,-10.100,-11.000,20.300,0.500
'[00:00:04.902 01/01/2011]',-24.300,-85.501,-12.600,-12.100,19.800,0.500
'[00:00:04.903 01/01/2011]',-24.200,-87.701,-14.400,-13.000,19.100,0.500
'[00:00:04.904 01/01/2011]',-24.000,-89.701,-15.500,-13.600,17.800,0.500
'[00:00:04.905 01/01/2011]',-24.500,-91.301,-15.800,-14.100,15.700,0.500
'[00:00:04.906 01/01/2011]',-25.500,-92.001,-15.500,-14.400,13.300,0.500
'[00:00:04.907 01/01/2011]',-26.000,-91.601,-15.200,-14.600,10.700,0.500
'[00:00:04.908 01/01/2011]',-24.900,-90.101,-15.300,-15.000,8.200,0.500
'[00:00:04.909 01/01/2011]',-22.000,-87.901,-15.900,-15.900,5.400,0.500
'[00:00:04.910 01/01/2011]',-17.800,-85.501,-17.000,-17.500,2.100,0.500
'[00:00:04.911 01/01/2011]',-13.900,-83.001,-17.900,-19.700,-1.900,0.500
'[00:00:04.912 01/01/2011]',-11.500,-80.301,-18.100,-22.200,-6.800,0.500
'[00:00:04.913 01/01/2011]',-10.900,-77.001,-17.600,-24.600,-12.100,0.500
'[00:00:04.914 01/01/2011]',-11.400,-73.101,-16.700,-26.700,-17.800,0.500
'[00:00:04.915 01/01/2011]',-12.100,-68.601,-16.000,-28.700,-23.400,0.500
'[00:00:04.916 01/01/2011]',-11.900,-64.001,-16.200,-30.700,-28.700,0.500
'[00:00:04.917 01/01/2011]',-10.500,-59.901,-17.200,-32.801,-33.301,0.500
'[00:00:04.918 01/01/2011]',-7.900,-56.501,-18.500,-34.801,-36.901,0.500
'[00:00:04.919 01/01/2011]',-4.500,-53.901,-19.300,-36.401,-39.201,0.500
'[00:00:04.920 01/01/2011]',-1.200,-51.901,-19.000,-37.101,-40.101,0.500
'[00:00:04.921 01/01/2011]',1.300,-50.001,-17.700,-36.701,-40.101,0.500
'[00:00:04.922 01/01/2011]',2.300,-48.201,-15.800,-35.501,-39.501,0.500
'[00:00:04.923 01/01/2011]',1.900,-46.501,-14.200,-34.101,-39.001,0.500
'[00:00:04.924 01/01/2011]',0.700,-45.001,-13.400,-33.101,-38.901,0.500
'[00:00:04.925 01/01/2011]',-0.500,-44.001,-13.500,-33.001,-39.201,0.500
'[00:00:04.926 01/01/2011]',-0.900,-43.501,-14.200,-33.801,-39.801,0.500
'[00:00:04.927 01/01/2011]',-0.400,-43.401,-15.000,-35.301,-40.701,0.500
'[00:00:04.928 01/01/2011]',0.300,-43.601,-15.500,-36.901,-41.701,0.500
'[00:00:04.929 01/01/2011]',0.400,-43.801,-15.700,-38.301,-42.801,0.500
'[00:00:04.930 01/01/2011]',-0.300,-43.901,-15.700,-39.101,-43.901,0.500
'[00:00:04.931 01/01/2011]',-1.100,-43.901,-15.500,-39.201,-44.701,0.500
'[00:00:04.932 01/01/2011]',-0.900,-43.901,-15.200,-38.601,-44.901,0.500
'[00:00:04.933 01/01/2011]',0.700,-44.001,-14.700,-37.501,-44.301,0.500
'[00:00:04.934 01/01/2011]',3.300,-44.101,-13.800,-36.201,-43.001,0.500
'[00:00:04.935 01/01/2011]',5.800,-44.301,-12.800,-35.001,-41.501,0.500
'[00:00:04.936 01/01/2011]',7.000,-44.401,-11.800,-34.001,-40.101,0.500
'[00:00:04.937 01/01/2011]',6.700,-44.301,-10.800,-33.001,-39.001,0.500
'[00:00:04.938 01/01/2011]',5.200,-43.901,-9.900,-32.000,-38.001,0.500
'[00:00:04.939 01/01/2011]',3.500,-43.201,-8.900,-30.700,-36.901,0.500
'[00:00:04.940 01/01/2011]',2.200,-42.101,-7.600,-29.000,-35.601,0.500
'[00:00:04.941 01/01/2011]',1.400,-41.001,-6.100,-27.100,-33.901,0.500
'[00:00:04.942 01/01/2011]',0.900,-40.101,-4.700,-25.300,-32.100,0.500
'[00:00:04.943 01/01/2011]',0.700,-39.701,-3.800,-24.000,-30.500,0.500
'[00:00:04.944 01/01/2011]',0.900,-39.901,-3.700,-23.500,-29.500,0.500
'[00:00:04.945 01/01/2011]',1.600,-40.601,-4.400,-23.400,-28.900,0.500
'[00:00:04.946 01/01/2011]',2.300,-41.501,-5.600,-23.400,-28.300,0.500
'[00:00:04.947 01/01/2011]',2.300,-41.901,-6.800,-22.900,-27.600,0.500
'[00:00:04.948 01/01/2011]',0.900,-41.401,-7.900,-21.600,-26.400,0.500
'[00:00:04.949 01/01/2011]',-1.600,-40.101,-8.800,-19.400,-24.900,0.500
'[00:00:04.950 01/01/2011]',-4.000,-38.001,-9.700,-16.800,-23.300,0.500
'[00:00:04.951 01/01/2011]',-4.700,-35.801,-10.900,-14.600,-22.000,0.500
'[00:00:04.952 01/01/2011]',-3.100,-34.001,-12.500,-13.300,-21.200,0.500
'[00:00:04.953 01/01/2011]',0.200,-32.901,-14.400,-13.200,-20.900,0.500
'[00:00:04.954 01/01/2011]',3.300,-32.400,-16.600,-14.100,-20.800,0.500
'[00:00:04.955 01/01/2011]',4.500,-32.200,-18.600,-15.300,-20.900,0.500
'[00:00:04.956 01/01/2011]',3.400,-32.100,-20.100,-16.300,-20.900,0.500
'[00:00:04.957 01/01/2011]',0.800,-32.000,-21.000,-16.800,-20.900,0.500
'[00:00:04.958 01/01/2011]',-1.700,-32.100,-21.200,-16.800,-21.000,0.500
'[00:00:04.959 01/01/2011]',-2.700,-32.700,-20.500,-16.600,-21.200,0.500
'[00:00:04.960 01/01/2011]',-2.200,-33.701,-19.300,-16.400,-21.300,0.500
'[00:00:04.961 01/01/2011]',-0.800,-35.001,-17.700,-16.300,-21.200,0.500
'[00:00:04.962 01/01/2011]',0.200,-36.101,-15.800,-16.100,-20.700,0.500
'[00:00:04.963 01/01/2011]',0.400,-36.601,-13.800,-15.700,-20.100,0.500
'[00:00:04.964 01/01/2011]',-0.200,-36.401,-11.600,-15.000,-19.600,0.500
'[00:00:04.965 01/01/2011]',-1.200,-35.701,-9.100,-14.400,-19.600,0.500
'[00:00:04.966 01/01/2011]',-2.300,-34.801,-6.800,-14.000,-20.300,0.500
'[00:00:04.967 01/01/2011]',-3.100,-34.401,-5.000,-14.000,-21.400,0.500
'[00:00:04.968 01/01/2011]',-3.400,-34.501,-4.100,-14.600,-22.300,0.500
'[00:00:04.969 01/01/2011]',-3.000,-35.201,-4.100,-15.400,-22.800,0.500
'[00:00:04.970 01/01/2011]',-1.700,-36.001,-4.900,-16.400,-22.600,0.500
'[00:00:04.971 01/01/2011]',0.000,-36.501,-5.900,-17.200,-21.900,0.500
'[00:00:04.972 01/01/2011]',1.700,-36.401,-6.500,-17.900,-21.300,0.500
'[00:00:04.973 01/01/2011]',2.900,-35.801,-6.500,-18.400,-21.100,0.500
'[00:00:04.974 01/01/2011]',3.400,-35.201,-6.100,-19.100,-21.500,0.500
'[00:00:04.975 01/01/2011]',3.600,-35.101,-5.700,-19.800,-22.200,0.500
'[00:00:04.976 01/01/2011]',4.100,-35.901,-5.600,-20.600,-22.700,0.500
'[00:00:04.977 01/01/2011]',5.400,-37.501,-5.700,-21.000,-22.800,0.500
'[00:00:04.978 01/01/2011]',7.100,-39.401,-5.700,-20.900,-22.300,0.500
'[00:00:04.979 01/01/2011]',8.400,-40.801,-5.300,-20.200,-21.700,0.500
'[00:00:04.980 01/01/2011]',8.600,-41.101,-4.200,-19.100,-21.400,0.500
'[00:00:04.981 01/01/2011]',7.700,-40.101,-2.700,-18.300,-21.700,0.500
'[00:00:04.982 01/01/2011]',6.200,-38.001,-1.200,-18.100,-22.600,0.500
'[00:00:04.983 01/01/2011]',4.800,-35.801,-0.200,-18.800,-24.000,0.500
'[00:00:04.984 01/01/2011]',4.000,-34.601,0.100,-20.200,-25.500,0.500
'[00:00:04.985 01/01/2011]',3.600,-35.201,-0.500,-21.600,-26.700,0.500
'[00:00:04.986 01/01/2011]',3.500,-37.601,-1.800,-22.500,-27.500,0.500
'[00:00:04.987 01/01/2011]',3.500,-41.201,-3.600,-22.600,-27.800,0.500
'[00:00:04.988 01/01/2011]',3.800,-45.001,-5.300,-21.600,-27.700,0.500
'[00:00:04.989 01/01/2011]',4.500,-47.701,-6.600,-20.000,-27.300,0.500
'[00:00:04.990 01/01/2011]',5.600,-48.501,-7.000,-18.200,-26.700,0.500
'[00:00:04.991 01/01/2011]',6.500,-47.401,-6.500,-16.900,-26.000,0.500
'[00:00:04.992 01/01/2011]',6.700,-44.901,-5.300,-16.100,-25.500,0.500
'[00:00:04.993 01/01/2011]',6.300,-42.001,-4.200,-16.200,-25.100,0.500
'[00:00:04.994 01/01/2011]',5.700,-39.601,-3.800,-16.600,-25.000,0.500
'[00:00:04.995 01/01/2011]',5.800,-38.301,-4.500,-17.100,-24.900,0.500
'[00:00:04.996 01/01/2011]',6.600,-38.201,-6.000,-17.400,-24.600,0.500
'[00:00:04.997 01/01/2011]',7.700,-38.901,-7.800,-17.300,-24.300,0.500
'[00:00:04.998 01/01/2011]',8.100,-39.901,-9.300,-17.100,-24.000,0.500
'[00:00:04.999 01/01/2011]',7.100,-41.001,-10.200,-17.300,-24.100,0.500
'[00:00:05.000 01/01/2011]',5.100,-42.101,-10.600,-18.100,-24.800,0.708
'[00:00:05.001 01/01/2011]',3.300,-43.201,-10.800,-19.300,-25.900,0.708
'[00:00:05.002 01/01/2011]',3.200,-44.501,-11.200,-20.500,-27.200,0.708
'[00:00:05.003 01/01/2011]',5.400,-45.901,-12.100,-21.000,-28.300,0.708
'[00:00:05.004 01/01/2011]',9.300,-47.301,-13.200,-20.800,-29.100,0.708
'[00:00:05.005 01/01/2011]',13.500,-48.701,-14.300,-20.000,-29.400,0.708
'[00:00:05.006 01/01/2011]',16.300,-49.901,-15.100,-19.400,-29.500,0.708
'[00:00:05.007 01/01/2011]',16.700,-50.701,-15.400,-19.400,-29.300,0.708
'[00:00:05.008 01/01/2011]',14.900,-50.801,-15.100,-20.000,-28.900,0.708
'[00:00:05.009 01/01/2011]',12.100,-49.901,-14.100,-20.600,-28.000,0.708
'[00:00:05.010 01/01/2011]',9.500,-48.101,-12.600,-20.600,-26.700,0.578
'[00:00:05.011 01/01/2011]',8.500,-45.901,-10.900,-19.700,-25.000,0.578
'[00:00:05.012 01/01/2011]',9.500,-43.901,-9.400,-18.300,-23.400,0.578
'[00:00:05.013 01/01/2011]',12.300,-43.001,-8.300,-17.100,-22.300,0.578
'[00:00:05.014 01/01/2011]',16.100,-43.301,-7.700,-16.800,-22.000,0.578
'[00:00:05.015 01/01/2011]',19.300,-44.601,-7.400,-17.300,-22.500,0.578
'[00:00:05.016 01/01/2011]',20.900,-46.101,-7.400,-18.400,-23.500,0.578
'[00:00:05.017 01/01/2011]',20.400,-47.001,-7.400,-19.500,-24.700,0.578
'[00:00:05.018 01/01/2011]',18.400,-47.101,-7.700,-20.500,-25.900,0.578
'[00:00:05.019 01/01/2011]',16.400,-46.901,-8.500,-21.200,-27.000,0.578
'[00:00:05.020 01/01/2011]',15.600,-47.001,-9.900,-22.000,-28.100,0.668
'[00:00:05.021 01/01/2011]',16.600,-47.801,-11.800,-23.000,-29.300,0.668
'[00:00:05.022 01/01/2011]',18.500,-49.201,-14.100,-24.000,-30.500,0.668
'[00:00:05.023 01/01/2011]',20.000,-50.701,-16.400,-24.900,-31.500,0.668
'[00:00:05.024 01/01/2011]',20.000,-51.901,-18.400,-25.400,-32.300,0.668
'[00:00:05.025 01/01/2011]',18.500,-52.701,-20.100,-25.600,-32.700,0.668
'[00:00:05.026 01/01/2011]',16.300,-53.201,-21.500,-25.600,-32.901,0.668
'[00:00:05.027 01/01/2011]',14.500,-53.701,-22.600,-25.500,-32.801,0.668
'[00:00:05.028 01/01/2011]',13.600,-54.301,-23.400,-25.500,-32.600,0.668
'[00:00:05.029 01/01/2011]',13.100,-54.801,-24.100,-25.500,-32.400,0.668
'[00:00:05.030 01/01/2011]',12.500,-55.001,-24.600,-25.600,-32.100,0.680
'[00:00:05.031 01/01/2011]',11.400,-54.901,-25.000,-25.800,-31.600,0.680
'[00:00:05.032 01/01/2011]',10.500,-54.601,-25.400,-26.100,-30.700,0.680
'[00:00:05.033 01/01/2011]',10.500,-54.601,-25.500,-26.100,-29.500,0.680
'[00:00:05.034 01/01/2011]',12.000,-54.901,-25.100,-25.700,-28.200,0.680
'[00:00:05.035 01/01/2011]',14.100,-55.601,-24.300,-24.600,-27.000,0.680
'[00:00:05.036 01/01/2011]',15.600,-56.401,-23.200,-23.100,-26.400,0.680
'[00:00:05.037 01/01/2011]',15.100,-57.101,-22.300,-21.700,-26.600,0.680
'[00:00:05.038 01/01/2011]',12.400,-57.701,-22.100,-21.000,-27.200,0.680
'[00:00:05.039 01/01/2011]',9.000,-58.401,-22.700,-21.200,-27.900,0.680
'[00:00:05.040 01/01/2011]',6.600,-59.501,-23.900,-22.200,-28.300,0.696
'[00:00:05.041 01/01/2011]',6.700,-60.901,-25.300,-23.300,-28.300,0.696
'[00:00:05.042 01/01/2011]',9.300,-62.501,-26.700,-24.200,-28.000,0.696
'[00:00:05.043 01/01/2011]',13.200,-64.101,-27.800,-24.700,-28.000,0.696
'[00:00:05.044 01/01/2011]',16.500,-65.601,-28.800,-24.900,-28.500,0.696
'[00:00:05.045 01/01/2011]',18.000,-66.901,-29.900,-25.400,-29.600,0.696
'[00:00:05.046 01/01/2011]',17.700,-68.101,-31.100,-26.200,-30.600,0.696
'[00:00:05.047 01/01/2011]',16.000,-68.901,-32.000,-27.300,-31.200,0.696
'[00:00:05.048 01/01/2011]',13.800,-69.301,-32.100,-27.900,-30.800,0.696
'[00:00:05.049 01/01/2011]',11.900,-69.001,-31.400,-27.800,-29.500,0.696
'[00:00:05.050 01/01/2011]',10.800,-68.101,-29.900,-26.700,-27.800,0.579
'[00:00:05.051 01/01/2011]',10.900,-66.701,-28.300,-25.000,-26.400,0.579
'[00:00:05.052 01/01/2011]',12.300,-65.501,-27.000,-23.400,-25.700,0.579
'[00:00:05.053 01/01/2011]',15.100,-64.601,-26.400,-22.400,-25.700,0.579
'[00:00:05.054 01/01/2011]',18.600,-64.301,-26.500,-22.200,-26.000,0.579
'[00:00:05.055 01/01/2011]',21.800,-64.301,-26.900,-22.700,-26.300,0.579
'[00:00:05.056 01/01/2011]',23.700,-64.301,-27.200,-23.300,-26.100,0.579
'[00:00:05.057 01/01/2011]',23.700,-64.201,-27.200,-23.400,-25.300,0.579
'[00:00:05.058 01/01/2011]',22.500,-64.001,-26.900,-23.000,-24.200,0.579
'[00:00:05.059 01/01/2011]',20.800,-63.801,-26.700,-22.000,-23.200,0.579
'[00:00:05.060 01/01/2011]',19.500,-63.701,-26.500,-20.900,-22.400,0.822
'[00:00:05.061 01/01/2011]',18.900,-63.501,-26.300,-19.900,-22.000,0.822
'[00:00:05.062 01/01/2011]',18.600,-63.301,-25.800,-19.300,-21.700,0.822
'[00:00:05.063 01/01/2011]',17.700,-62.801,-25.000,-19.300,-21.300,0.822
'[00:00:05.064 01/01/2011]',16.200,-62.201,-24.000,-19.600,-20.800,0.822
'[00:00:05.065 01/01/2011]',14.600,-61.901,-23.200,-20.200,-20.100,0.822
'[00:00:05.066 01/01/2011]',14.000,-62.101,-23.200,-21.000,-19.700,0.822
'[00:00:05.067 01/01/2011]',15.200,-62.901,-24.200,-21.700,-19.900,0.822
'[00:00:05.068 01/01/2011]',18.000,-64.001,-25.800,-22.500,-20.600,0.822
'[00:00:05.069 01/01/2011]',21.800,-65.101,-27.300,-23.300,-21.800,0.822
'[00:00:05.070 01/01/2011]',25.300,-65.701,-28.000,-23.900,-22.800,0.579
'[00:00:05.071 01/01/2011]',27.700,-65.801,-27.800,-24.100,-23.200,0.579
'[00:00:05.072 01/01/2011]',29.000,-65.601,-27.100,-23.800,-23.100,0.579
'[00:00:05.073 01/01/2011]',29.500,-65.501,-26.600,-23.000,-22.700,0.579
'[00:00:05.074 01/01/2011]',29.900,-65.701,-26.700,-21.700,-22.400,0.579
'[00:00:05.075 01/01/2011]',30.600,-66.301,-27.600,-20.200,-22.500,0.579
'[00:00:05.076 01/01/2011]',31.400,-66.901,-28.500,-18.800,-22.700,0.579
'[00:00:05.077 01/01/2011]',32.000,-67.501,-28.900,-17.800,-22.800,0.579
'[00:00:05.078 01/01/2011]',32.200,-67.801,-28.200,-17.400,-22.400,0.579
'[00:00:05.079 01/01/2011]',31.700,-68.201,-26.700,-17.600,-21.600,0.579
'[00:00:05.080 01/01/2011]',30.700,-68.801,-25.000,-18.100,-20.700,0.668
'[00:00:05.081 01/01/2011]',29.700,-69.701,-23.800,-18.700,-20.000,0.668
'[00:00:05.082 01/01/2011]',28.700,-70.601,-23.300,-19.100,-19.900,0.668
'[00:00:05.083 01/01/2011]',27.800,-71.101,-23.300,-19.300,-20.300,0.668
'[00:00:05.084 01/01/2011]',26.600,-71.201,-23.600,-19.400,-20.800,0.668
'[00:00:05.085 01/01/2011]',24.900,-70.801,-23.900,-19.400,-21.200,0.668
'[00:00:05.086 01/01/2011]',22.800,-70.401,-23.900,-19.600,-21.300,0.668
'[00:00:05.087 01/01/2011]',20.800,-70.301,-23.700,-19.800,-21.200,0.668
'[00:00:05.088 01/01/2011]',19.800,-70.901,-23.500,-20.000,-21.000,0.668
'[00:00:05.089 01/01/2011]',20.300,-71.801,-23.300,-20.000,-20.800,0.668
'[00:00:05.090 01/01/2011]',22.300,-72.701,-23.100,-19.800,-20.700,0.680
'[00:00:05.091 01/01/2011]',24.900,-73.101,-22.900,-19.700,-20.500,0.680
'[00:00:05.092 01/01/2011]',26.600,-72.801,-22.700,-19.900,-20.300,0.680
'[00:00:05.093 01/01/2011]',26.500,-72.101,-22.700,-20.800,-20.200,0.680
'[00:00:05.094 01/01/2011]',24.400,-71.401,-22.600,-22.400,-20.300,0.680
'[00:00:05.095 01/01/2011]',21.100,-71.301,-22.500,-24.600,-20.800,0.680
'[00:00:05.096 01/01/2011]',18.300,-72.001,-22.100,-26.800,-21.600,0.680
'[00:00:05.097 01/01/2011]',16.900,-73.301,-21.600,-28.400,-22.500,0.680
'[00:00:05.098 01/01/2011]',16.900,-75.001,-20.800,-29.100,-23.100,0.680
'[00:00:05.099 01/01/2011]',17.400,-76.701,-20.000,-28.700,-23.200,0.680
'[00:00:05.100 01/01/2011]',17.300,-78.001,-19.100,-27.500,-22.900,0.688
'[00:00:05.101 01/01/2011]',15.900,-78.701,-18.200,-26.100,-22.300,0.688
'[00:00:05.102 01/01/2011]',13.600,-78.801,-17.400,-25.200,-21.700,0.688
'[00:00:05.103 01/01/2011]',11.100,-78.501,-16.900,-24.900,-21.300,0.688
'[00:00:05.104 01/01/2011]',9.400,-77.801,-17.200,-25.200,-21.100,0.688
'[00:00:05.105 01/01/2011]',8.400,-76.901,-18.700,-25.800,-21.200,0.688
'[00:00:05.106 01/01/2011]',7.700,-76.201,-21.500,-25.900,-21.300,0.688
'[00:00:05.107 01/01/2011]',7.100,-75.601,-25.400,-25.500,-21.300,0.688
'[00:00:05.108 01/01/2011]',6.500,-75.401,-29.900,-24.400,-21.100,0.688
'[00:00:05.109 01/01/2011]',6.600,-75.501,-34.301,-23.100,-20.600,0.688
'[00:00:05.110 01/01/2011]',8.200,-75.801,-37.801,-21.900,-19.900,0.579
'[00:00:05.111 01/01/2011]',11.100,-76.201,-39.901,-21.100,-19.100,0.579
'[00:00:05.112 01/01/2011]',14.100,-76.601,-40.601,-20.800,-18.400,0.579
'[00:00:05.113 01/01/2011]',15.400,-77.101,-40.301,-21.000,-18.000,0.579
'[00:00:05.114 01/01/2011]',13.700,-77.901,-39.701,-21.500,-18.100,0.579
'[00:00:05.115 01/01/2011]',8.900,-79.201,-39.801,-22.200,-18.600,0.579
'[00:00:05.116 01/01/2011]',2.900,-80.901,-40.701,-22.900,-19.500,0.579
'[00:00:05.117 01/01/2011]',-1.700,-82.801,-42.101,-23.500,-20.700,0.579
'[00:00:05.118 01/01/2011]',-2.900,-84.501,-43.401,-23.900,-22.100,0.579
'[00:00:05.119 01/01/2011]',-0.400,-85.401,-43.601,-24.300,-23.500,0.579
'[00:00:05.120 01/01/2011]',4.200,-85.401,-42.201,-24.600,-24.700,0.822
'[00:00:05.121 01/01/2011]',8.200,-84.801,-39.501,-25.100,-25.400,0.822
'[00:00:05.122 01/01/2011]',9.600,-84.101,-36.301,-25.600,-25.600,0.822
'[00:00:05.123 01/01/2011]',7.900,-84.101,-33.701,-26.000,-25.100,0.822
'[00:00:05.124 01/01/2011]',4.600,-84.801,-32.300,-26.000,-24.200,0.822
'[00:00:05.125 01/01/2011]',1.700,-86.001,-32.000,-25.200,-23.300,0.822
'[00:00:05.126 01/01/2011]',0.800,-87.001,-32.000,-23.900,-22.600,0.822
'[00:00:05.127 01/01/2011]',2.200,-87.301,-31.700,-22.300,-22.200,0.822
'[00:00:05.128 01/01/2011]',4.700,-86.801,-30.800,-20.900,-22.300,0.822
'[00:00:05.129 01/01/2011]',7.100,-86.101,-29.600,-20.500,-22.600,0.822
'[00:00:05.130 01/01/2011]',8.600,-85.801,-29.000,-21.100,-23.200,0.579
'[00:00:05.131 01/01/2011]',9.000,-86.501,-29.500,-22.700,-24.100,0.579
'[00:00:05.132 01/01/2011]',8.800,-87.801,-31.000,-24.600,-25.000,0.579
'[00:00:05.133 01/01/2011]',8.500,-89.301,-32.901,-26.200,-25.700,0.579
'[00:00:05.134 01/01/2011]',8.600,-90.301,-34.501,-26.900,-26.000,0.579
'[00:00:05.135 01/01/2011]',9.000,-90.601,-35.401,-26.800,-25.600,0.579
'[00:00:05.136 01/01/2011]',10.000,-90.301,-35.501,-26.200,-24.600,0.579
'[00:00:05.137 01/01/2011]',11.400,-90.201,-35.301,-25.700,-23.800,0.579
'[00:00:05.138 01/01/2011]',13.000,-90.901,-35.401,-25.600,-23.700,0.579
'[00:00:05.139 01/01/2011]',13.900,-92.301,-36.001,-26.100,-24.700,0.579
'[00:00:05.140 01/01/2011]',13.300,-94.001,-36.801,-26.700,-26.500,0.668
'[00:00:05.141 01/01/2011]',10.800,-95.001,-37.501,-26.900,-28.300,0.668
'[00:00:05.142 01/01/2011]',7.100,-94.901,-37.701,-26.300,-29.400,0.668
'[00:00:05.143 01/01/2011]',3.600,-93.401,-37.401,-25.000,-29.500,0.668
'[00:00:05.144 01/01/2011]',2.000,-90.901,-36.801,-23.500,-28.600,0.668
'[00:00:05.145 01/01/2011]',3.000,-88.201,-36.401,-22.200,-27.400,0.668
'[00:00:05.146 01/01/2011]',6.000,-85.901,-36.501,-21.700,-26.700,0.668
'[00:00:05.147 01/01/2011]',9.400,-84.401,-37.201,-22.000,-26.900,0.668
'[00:00:05.148 01/01/2011]',11.500,-83.601,-38.101,-23.000,-28.000,0.668
'[00:00:05.149 01/01/2011]',11.700,-83.501,-39.201,-24.500,-29.700,0.668
'[00:00:05.150 01/01/2011]',10.700,-83.701,-40.101,-26.100,-31.700,0.681
'[00:00:05.151 01/01/2011]',9.700,-84.201,-40.901,-27.600,-33.501,0.681
'[00:00:05.152 01/01/2011]',9.600,-84.501,-41.801,-28.700,-35.001,0.681
'[00:00:05.153 01/01/2011]',10.500,-84.701,-42.701,-29.000,-36.001,0.681
'[00:00:05.154 01/01/2011]',11.500,-84.601,-43.501,-28.300,-36.301,0.681
'[00:00:05.155 01/01/2011]',11.800,-84.101,-43.901,-26.600,-35.901,0.681
'[00:00:05.156 01/01/2011]',11.000,-83.301,-43.701,-24.200,-34.701,0.681
'[00:00:05.157 01/01/2011]',9.600,-82.301,-42.601,-21.700,-33.001,0.681
'[00:00:05.158 01/01/2011]',8.200,-81.101,-40.801,-19.500,-30.700,0.681
'[00:00:05.159 01/01/2011]',7.300,-79.801,-38.701,-17.900,-28.200,0.681
'[00:00:05.160 01/01/2011]',7.200,-78.301,-36.601,-16.500,-25.500,0.719
'[00:00:05.161 01/01/2011]',7.500,-76.401,-34.701,-15.200,-22.900,0.719
'[00:00:05.162 01/01/2011]',8.100,-74.001,-33.001,-13.600,-20.600,0.719
'[00:00:05.163 01/01/2011]',9.200,-71.201,-31.200,-12.000,-18.900,0.719
'[00:00:05.164 01/01/2011]',10.600,-68.101,-29.300,-10.900,-17.900,0.719
'[00:00:05.165 01/01/2011]',11.900,-65.301,-27.400,-10.800,-17.600,0.719
'[00:00:05.166 01/01/2011]',12.400,-63.401,-26.100,-12.000,-18.200,0.719
'[00:00:05.167 01/01/2011]',11.800,-62.901,-25.900,-14.500,-19.400,0.719
'[00:00:05.168 01/01/2011]',10.100,-64.201,-27.300,-17.500,-21.200,0.719
'[00:00:05.169 01/01/2011]',8.300,-66.801,-30.300,-20.500,-23.600,0.719
'[00:00:05.170 01/01/2011]',7.500,-69.901,-34.001,-22.800,-26.300,0.579
'[00:00:05.171 01/01/2011]',8.300,-72.501,-37.501,-24.100,-29.000,0.579
'[00:00:05.172 01/01/2011]',10.400,-73.801,-39.801,-24.400,-31.100,0.579
'[00:00:05.173 01/01/2011]',12.800,-73.701,-40.601,-24.000,-32.300,0.579
'[00:00:05.174 01/01/2011]',14.700,-72.701,-40.101,-23.300,-32.600,0.579
'[00:00:05.175 01/01/2011]',15.700,-71.601,-39.101,-22.500,-32.000,0.579
'[00:00:05.176 01/01/2011]',16.500,-71.101,-38.301,-21.900,-31.100,0.579
'[00:00:05.177 01/01/2011]',17.400,-71.601,-38.401,-21.400,-30.300,0.579
'[00:00:05.178 01/01/2011]',18.600,-72.701,-39.201,-21.000,-30.200,0.579
'[00:00:05.179 01/01/2011]',19.300,-73.701,-40.501,-20.800,-30.800,0.579
'[00:00:05.180 01/01/2011]',18.700,-74.201,-41.901,-21.100,-32.000,0.822
'[00:00:05.181 01/01/2011]',16.500,-74.301,-43.301,-21.900,-33.601,0.822
'[00:00:05.182 01/01/2011]',13.400,-74.301,-44.801,-23.300,-35.201,0.822
'[00:00:05.183 01/01/2011]',10.900,-74.701,-46.501,-24.900,-36.401,0.822
'[00:00:05.184 01/01/2011]',10.200,-75.801,-48.601,-26.400,-37.201,0.822
'[00:00:05.185 01/01/2011]',11.800,-77.401,-50.801,-27.300,-37.501,0.822
'[00:00:05.186 01/01/2011]',15.000,-79.001,-52.601,-27.500,-37.501,0.822
'[00:00:05.187 01/01/2011]',18.300,-79.901,-53.701,-27.300,-37.301,0.822
'[00:00:05.188 01/01/2011]',20.800,-80.001,-53.801,-26.900,-37.201,0.822
'[00:00:05.189 01/01/2011]',21.800,-79.201,-53.401,-26.800,-37.101,0.822
'[00:00:05.190 01/01/2011]',21.600,-78.101,-52.901,-27.000,-36.901,0.579
'[00:00:05.191 01/01/2011]',21.000,-77.001,-52.701,-27.100,-36.401,0.579
'[00:00:05.192 01/01/2011]',20.600,-76.201,-52.801,-26.900,-35.501,0.579
'[00:00:05.193 01/01/2011]',20.700,-75.701,-52.901,-26.000,-34.301,0.579
'[00:00:05.194 01/01/2011]',21.300,-75.301,-52.501,-24.500,-33.101,0.579
'[00:00:05.195 01/01/2011]',22.000,-74.901,-51.501,-22.900,-32.300,0.579
'[00:00:05.196 01/01/2011]',22.100,-74.701,-50.401,-21.800,-32.300,0.579
'[00:00:05.197 01/01/2011]',21.500,-74.901,-49.801,-21.600,-33.001,0.579
'[00:00:05.198 01/01/2011]',20.300,-75.501,-50.201,-22.400,-34.301,0.579
'[00:00:05.199 01/01/2011]',18.800,-76.501,-51.701,-23.900,-35.501,0.579
'[00:00:05.200 01/01/2011]',17.700,-77.501,-53.701,-25.500,-36.401,0.668
'[00:00:05.201 01/01/2011]',16.900,-78.201,-55.201,-26.700,-36.901,0.668
'[00:00:05.202 01/01/2011]',16.300,-78.501,-55.701,-27.200,-37.201,0.668
'[00:00:05.203 01/01/2011]',15.500,-78.601,-55.301,-27.200,-37.301,0.668
'[00:00:05.204 01/01/2011]',14.500,-78.701,-54.501,-27.000,-37.601,0.668
'[00:00:05.205 01/01/2011]',14.200,-79.001,-53.801,-26.800,-37.701,0.668
'[00:00:05.206 01/01/2011]',15.800,-79.501,-53.601,-26.500,-37.501,0.668
'[00:00:05.207 01/01/2011]',20.500,-79.701,-53.301,-25.900,-36.801,0.668
'[00:00:05.208 01/01/2011]',28.500,-79.001,-52.401,-24.800,-35.701,0.668
'[00:00:05.209 01/01/2011]',39.001,-77.401,-50.601,-23.400,-34.301,0.668
'[00:00:05.210 01/01/2011]',50.401,-75.001,-48.001,-21.600,-32.400,0.681
'[00:00:05.211 01/01/2011]',61.801,-72.201,-45.001,-19.500,-29.600,0.681
'[00:00:05.212 01/01/2011]',73.101,-69.501,-41.701,-17.000,-25.400,0.681
'[00:00:05.213 01/01/2011]',85.201,-67.001,-38.101,-13.700,-19.600,0.681
'[00:00:05.214 01/01/2011]',99.502,-64.501,-33.901,-9.800,-12.500,0.681
'[00:00:05.215 01/01/2011]',116.402,-61.901,-29.200,-5.800,-5.400,0.681
'[00:00:05.216 01/01/2011]',135.202,-59.301,-24.700,-2.700,0.200,0.681
'[00:00:05.217 01/01/2011]',153.902,-57.001,-21.600,-1.300,3.100,0.681
'[00:00:05.218 01/01/2011]',169.903,-55.801,-21.000,-2.100,2.900,0.681
'[00:00:05.219 01/01/2011]',180.703,-56.001,-23.400,-4.500,0.300,0.681
'[00:00:05.220 01/01/2011]',184.403,-57.601,-27.800,-7.500,-3.300,0.716
'[00:00:05.221 01/01/2011]',180.303,-59.901,-33.001,-10.200,-6.900,0.716
'[00:00:05.222 01/01/2011]',169.003,-62.501,-37.401,-11.900,-10.100,0.716
'[00:00:05.223 01/01/2011]',152.402,-64.901,-40.601,-13.100,-13.500,0.716
'[00:00:05.224 01/01/2011]',133.302,-67.201,-42.901,-14.700,-17.800,0.716
'[00:00:05.225 01/01/2011]',113.702,-69.601,-45.401,-17.600,-23.800,0.716
'[00:00:05.226 01/01/2011]',94.301,-72.501,-48.901,-22.000,-31.400,0.716
'[00:00:05.227 01/01/2011]',73.701,-75.801,-53.801,-27.300,-39.401,0.716
'[00:00:05.228 01/01/2011]',50.001,-79.501,-59.301,-32.400,-46.501,0.716
'[00:00:05.229 01/01/2011]',21.900,-83.001,-64.301,-36.301,-51.601,0.716
'[00:00:05.230 01/01/2011]',-9.100,-86.101,-67.701,-38.301,-54.201,0.579
'[00:00:05.231 01/01/2011]',-39.001,-88.101,-69.001,-38.701,-54.701,0.579
'[00:00:05.232 01/01/2011]',-62.501,-89.001,-68.501,-38.001,-53.801,0.579
'[00:00:05.233 01/01/2011]',-76.301,-88.701,-66.701,-36.901,-52.501,0.579
'[00:00:05.234 01/01/2011]',-80.001,-87.501,-64.501,-36.001,-51.301,0.579
'[00:00:05.235 01/01/2011]',-76.501,-85.801,-62.401,-35.301,-50.201,0.579
'[00:00:05.236 01/01/2011]',-69.901,-84.201,-60.501,-34.801,-49.001,0.579
'[00:00:05.237 01/01/2011]',-63.201,-82.801,-58.701,-34.201,-47.201,0.579
'[00:00:05.238 01/01/2011]',-57.101,-81.601,-56.501,-33.201,-44.701,0.579
'[00:00:05.239 01/01/2011]',-50.101,-80.501,-53.901,-31.600,-41.801,0.579
'[00:00:05.240 01/01/2011]',-40.701,-79.401,-51.101,-29.800,-39.001,0.822
'[00:00:05.241 01/01/2011]',-28.800,-78.501,-48.701,-28.000,-37.001,0.822
'[00:00:05.242 01/01/2011]',-15.900,-78.001,-47.501,-26.700,-36.101,0.822
'[00:00:05.243 01/01/2011]',-4.600,-78.101,-47.401,-26.300,-36.201,0.822
'[00:00:05.244 01/01/2011]',3.600,-78.501,-48.201,-26.700,-36.601,0.822
'[00:00:05.245 01/01/2011]',8.600,-78.701,-48.901,-27.500,-36.701,0.822
'[00:00:05.246 01/01/2011]',11.800,-78.201,-48.901,-28.200,-36.101,0.822
'[00:00:05.247 01/01/2011]',14.800,-77.101,-48.201,-28.500,-35.101,0.822
'[00:00:05.248 01/01/2011]',18.300,-76.101,-47.301,-28.400,-34.101,0.822
'[00:00:05.249 01/01/2011]',22.000,-76.001,-47.001,-28.200,-33.801,0.822
'[00:00:05.250 01/01/2011]',24.600,-77.401,-47.801,-28.200,-34.401,0.579
'[00:00:05.251 01/01/2011]',25.300,-80.201,-49.401,-28.700,-35.501,0.579
'[00:00:05.252 01/01/2011]',24.300,-83.301,-51.001,-29.200,-36.501,0.579
'[00:00:05.253 01/01/2011]',22.700,-85.501,-51.601,-29.300,-36.901,0.579
'[00:00:05.254 01/01/2011]',21.700,-86.101,-51.001,-28.700,-36.501,0.579
'[00:00:05.255 01/01/2011]',22.000,-84.801,-49.301,-27.100,-35.701,0.579
'[00:00:05.256 01/01/2011]',23.300,-82.301,-47.401,-24.800,-34.901,0.579
'[00:00:05.257 01/01/2011]',24.500,-79.301,-45.801,-22.400,-34.501,0.579
'[00:00:05.258 01/01/2011]',24.800,-76.801,-45.101,-20.200,-34.701,0.579
'[00:00:05.259 01/01/2011]',23.900,-75.401,-45.101,-18.800,-35.301,0.579
'[00:00:05.260 01/01/2011]',22.700,-75.401,-45.601,-18.400,-35.901,0.668
'[00:00:05.261 01/01/2011]',22.400,-76.701,-46.201,-18.900,-36.301,0.668
'[00:00:05.262 01/01/2011]',23.800,-78.801,-46.801,-19.900,-36.301,0.668
'[00:00:05.263 01/01/2011]',26.300,-81.001,-46.901,-21.100,-35.901,0.668
'[00:00:05.264 01/01/2011]',28.800,-82.401,-46.501,-21.800,-35.401,0.668
'[00:00:05.265 01/01/2011]',29.900,-82.601,-45.401,-21.700,-35.101,0.668
'[00:00:05.266 01/01/2011]',29.100,-81.501,-43.901,-21.100,-35.201,0.668
'[00:00:05.267 01/01/2011]',27.200,-79.801,-42.401,-20.200,-35.801,0.668
'[00:00:05.268 01/01/2011]',25.500,-78.301,-41.501,-19.600,-36.501,0.668
'[00:00:05.269 01/01/2011]',25.200,-77.501,-41.501,-19.600,-37.201,0.668
'[00:00:05.270 01/01/2011]',26.400,-77.601,-42.401,-20.000,-37.601,0.681
'[00:00:05.271 01/01/2011]',28.200,-78.101,-43.901,-20.500,-37.401,0.681
'[00:00:05.272 01/01/2011]',29.300,-78.401,-45.501,-20.700,-36.801,0.681
'[00:00:05.273 01/01/2011]',28.900,-78.501,-46.801,-20.600,-36.201,0.681
'[00:00:05.274 01/01/2011]',27.000,-78.501,-47.701,-20.400,-35.701,0.681
'[00:00:05.275 01/01/2011]',24.300,-78.701,-48.401,-20.500,-35.601,0.681
'[00:00:05.276 01/01/2011]',21.800,-79.201,-48.901,-21.100,-35.901,0.681
'[00:00:05.277 01/01/2011]',20.300,-79.901,-49.601,-22.200,-36.301,0.681
'[00:00:05.278 01/01/2011]',19.900,-80.301,-50.301,-23.300,-36.701,0.681
'[00:00:05.279 01/01/2011]',20.400,-80.201,-51.001,-24.200,-37.201,0.681
'[00:00:05.280 01/01/2011]',21.500,-79.801,-52.001,-24.800,-37.801,0.708
'[00:00:05.281 01/01/2011]',22.800,-79.601,-53.101,-25.200,-38.601,0.708
'[00:00:05.282 01/01/2011]',24.300,-80.301,-54.301,-25.800,-39.601,0.708
'[00:00:05.283 01/01/2011]',25.800,-81.901,-55.501,-26.400,-40.701,0.708
'[00:00:05.284 01/01/2011]',27.400,-84.001,-56.501,-27.000,-41.601,0.708
'[00:00:05.285 01/01/2011]',28.800,-85.701,-57.101,-27.300,-42.101,0.708
'[00:00:05.286 01/01/2011]',29.800,-86.501,-57.201,-27.100,-42.001,0.708
'[00:00:05.287 01/01/2011]',29.800,-86.201,-56.901,-26.600,-41.501,0.708
'[00:00:05.288 01/01/2011]',28.500,-85.201,-56.501,-26.000,-40.601,0.708
'[00:00:05.289 01/01/2011]',26.400,-84.201,-56.001,-25.800,-39.401,0.708
'[00:00:05.290 01/01/2011]',24.200,-83.701,-55.701,-25.900,-38.301,0.579
'[00:00:05.291 01/01/2011]',23.100,-83.801,-55.401,-26.100,-37.201,0.579
'[00:00:05.292 01/01/2011]',23.900,-84.201,-55.001,-26.000,-36.301,0.579
'[00:00:05.293 01/01/2011]',26.200,-84.101,-54.201,-25.300,-35.401,0.579
'[00:00:05.294 01/01/2011]',28.800,-83.401,-53.101,-23.900,-34.501,0.579
'[00:00:05.295 01/01/2011]',30.100,-81.801,-51.501,-22.000,-33.401,0.579
'[00:00:05.296 01/01/2011]',29.300,-79.601,-49.501,-20.300,-32.200,0.579
'[00:00:05.297 01/01/2011]',26.600,-77.101,-47.501,-19.000,-31.200,0.579
'[00:00:05.298 01/01/2011]',23.500,-74.801,-45.801,-18.500,-30.800,0.579
'[00:00:05.299 01/01/2011]',21.200,-73.101,-45.001,-18.800,-31.200,0.579
'[00:00:05.300 01/01/2011]',20.200,-72.401,-45.501,-19.800,-32.600,0.822
'[00:00:05.301 01/01/2011]',20.300,-72.901,-47.401,-21.200,-34.701,0.822
'[00:00:05.302 01/01/2011]',20.300,-74.901,-50.401,-22.800,-37.101,0.822
'[00:00:05.303 01/01/2011]',19.800,-77.801,-53.801,-24.400,-39.101,0.822
'[00:00:05.304 01/01/2011]',18.900,-81.001,-56.601,-25.700,-40.501,0.822
'[00:00:05.305 01/01/2011]',18.600,-83.401,-58.101,-26.400,-40.901,0.822
'[00:00:05.306 01/01/2011]',20.000,-84.401,-57.901,-26.500,-40.601,0.822
'[00:00:05.307 01/01/2011]',23.100,-84.001,-56.601,-25.900,-39.701,0.822
'[00:00:05.308 01/01/2011]',27.000,-82.501,-54.901,-25.000,-38.601,0.822
'[00:00:05.309 01/01/2011]',30.200,-80.901,-53.901,-24.100,-37.701,0.822
'[00:00:05.310 01/01/2011]',31.300,-80.001,-53.801,-23.500,-37.201,0.579
'[00:00:05.311 01/01/2011]',29.900,-80.001,-54.601,-23.300,-37.201,0.579
'[00:00:05.312 01/01/2011]',27.000,-80.701,-55.901,-23.500,-37.701,0.579
'[00:00:05.313 01/01/2011]',24.100,-81.801,-57.101,-23.900,-38.401,0.579
'[00:00:05.314 01/01/2011]',22.800,-83.001,-58.401,-24.500,-39.301,0.579
'[00:00:05.315 01/01/2011]',23.800,-84.301,-59.901,-25.200,-40.301,0.579
'[00:00:05.316 01/01/2011]',26.300,-85.801,-62.101,-26.100,-41.301,0.579
'[00:00:05.317 01/01/2011]',29.100,-87.701,-65.101,-27.200,-42.301,0.579
'[00:00:05.318 01/01/2011]',30.400,-89.901,-68.401,-28.300,-43.201,0.579
'[00:00:05.319 01/01/2011]',29.800,-92.101,-71.401,-29.000,-43.701,0.579
'[00:00:05.320 01/01/2011]',27.800,-94.001,-73.501,-29.200,-43.601,0.668
'[00:00:05.321 01/01/2011]',25.700,-95.301,-74.301,-28.800,-43.101,0.668
'[00:00:05.322 01/01/2011]',24.900,-95.801,-74.101,-27.900,-42.301,0.668
'[00:00:05.323 01/01/2011]',25.900,-95.801,-73.601,-26.800,-41.501,0.668
'[00:00:05.324 01/01/2011]',27.800,-95.401,-72.901,-26.000,-41.001,0.668
'[00:00:05.325 01/01/2011]',29.100,-95.101,-72.401,-25.900,-40.901,0.668
'[00:00:05.326 01/01/2011]',28.700,-94.901,-71.801,-26.400,-41.201,0.668
'[00:00:05.327 01/01/2011]',26.200,-94.901,-71.001,-27.600,-42.001,0.668
'[00:00:05.328 01/01/2011]',22.600,-95.001,-69.901,-29.100,-43.001,0.668
'[00:00:05.329 01/01/2011]',19.200,-95.101,-68.701,-30.600,-44.301,0.668
'[00:00:05.330 01/01/2011]',17.600,-95.001,-67.801,-31.800,-45.701,0.681
'[00:00:05.331 01/01/2011]',18.000,-94.601,-67.201,-32.300,-46.801,0.681
'[00:00:05.332 01/01/2011]',20.000,-94.101,-66.801,-32.000,-47.301,0.681
'[00:00:05.333 01/01/2011]',22.500,-93.801,-66.601,-31.000,-46.901,0.681
'[00:00:05.334 01/01/2011]',24.500,-93.701,-66.301,-29.800,-45.701,0.681
'[00:00:05.335 01/01/2011]',25.600,-94.001,-65.901,-28.800,-44.001,0.681
'[00:00:05.336 01/01/2011]',25.800,-94.401,-65.501,-28.400,-42.501,0.681
'[00:00:05.337 01/01/2011]',25.400,-94.701,-65.201,-28.900,-41.801,0.681
'[00:00:05.338 01/01/2011]',25.000,-94.801,-65.001,-30.200,-42.001,0.681
'[00:00:05.339 01/01/2011]',24.800,-94.401,-64.701,-31.600,-42.901,0.681
'[00:00:05.340 01/01/2011]',25.000,-93.801,-64.301,-32.801,-43.901,0.700
'[00:00:05.341 01/01/2011]',25.400,-93.101,-63.701,-33.101,-44.401,0.700
'[00:00:05.342 01/01/2011]',26.000,-92.601,-63.201,-32.600,-44.201,0.700
'[00:00:05.343 01/01/2011]',26.700,-92.701,-63.001,-31.700,-43.301,0.700
'[00:00:05.344 01/01/2011]',27.300,-93.301,-63.301,-30.500,-42.001,0.700
'[00:00:05.345 01/01/2011]',27.600,-94.501,-64.201,-29.400,-40.801,0.700
'[00:00:05.346 01/01/2011]',27.500,-95.801,-65.001,-28.300,-39.701,0.700
'[00:00:05.347 01/01/2011]',27.200,-96.801,-65.401,-26.800,-38.701,0.700
'[00:00:05.348 01/01/2011]',27.100,-97.001,-64.701,-24.800,-37.601,0.700
'[00:00:05.349 01/01/2011]',27.600,-96.201,-63.101,-22.500,-36.301,0.700
'[00:00:05.350 01/01/2011]',28.700,-94.601,-61.001,-20.400,-35.001,0.579
'[00:00:05.351 01/01/2011]',30.100,-92.901,-59.401,-19.200,-34.001,0.579
'[00:00:05.352 01/01/2011]',31.500,-91.701,-58.901,-19.200,-33.601,0.579
'[00:00:05.353 01/01/2011]',32.300,-91.501,-59.801,-20.200,-34.001,0.579
'[00:00:05.354 01/01/2011]',32.100,-92.201,-61.801,-21.900,-34.901,0.579
'[00:00:05.355 01/01/2011]',30.800,-93.401,-64.001,-23.600,-36.201,0.579
'[00:00:05.356 01/01/2011]',28.500,-94.501,-65.701,-24.900,-37.501,0.579
'[00:00:05.357 01/01/2011]',25.700,-95.001,-66.401,-26.000,-38.601,0.579
'[00:00:05.358 01/01/2011]',22.800,-94.901,-66.201,-26.800,-39.501,0.579
'[00:00:05.359 01/01/2011]',20.300,-94.401,-65.501,-27.600,-40.301,0.579
'[00:00:05.360 01/01/2011]',18.600,-94.001,-64.801,-28.400,-40.801,0.822
'[00:00:05.361 01/01/2011]',17.900,-93.801,-64.601,-28.900,-41.101,0.822
'[00:00:05.362 01/01/2011]',18.100,-94.301,-64.901,-29.000,-41.201,0.822
'[00:00:05.363 01/01/2011]',18.800,-95.301,-65.701,-29.000,-41.301,0.822
'[00:00:05.364 01/01/2011]',19.900,-96.701,-66.901,-28.900,-41.601,0.822
'[00:00:05.365 01/01/2011]',21.200,-98.301,-68.201,-28.900,-41.901,0.822
'[00:00:05.366 01/01/2011]',22.600,-99.702,-69.101,-29.100,-42.301,0.822
'[00:00:05.367 01/01/2011]',24.000,-100.402,-69.401,-29.200,-42.501,0.822
'[00:00:05.368 01/01/2011]',25.200,-100.202,-69.001,-28.900,-42.401,0.822
'[00:00:05.369 01/01/2011]',26.000,-99.202,-68.101,-28.100,-42.101,0.822
'[00:00:05.370 01/01/2011]',26.500,-97.901,-67.201,-27.100,-41.801,0.579
'[00:00:05.371 01/01/2011]',27.000,-96.901,-66.801,-26.400,-41.801,0.579
'[00:00:05.372 01/01/2011]',28.200,-96.901,-67.101,-26.500,-42.401,0.579
'[00:00:05.373 01/01/2011]',30.400,-98.001,-68.101,-27.500,-43.301,0.579
'[00:00:05.374 01/01/2011]',33.301,-100.002,-69.601,-28.900,-44.101,0.579
'[00:00:05.375 01/01/2011]',36.101,-102.302,-71.101,-30.200,-44.701,0.579
'[00:00:05.376 01/01/2011]',37.901,-104.502,-72.101,-30.900,-44.601,0.579
'[00:00:05.377 01/01/2011]',38.101,-106.302,-72.401,-30.800,-44.001,0.579
'[00:00:05.378 01/01/2011]',36.801,-107.702,-72.201,-30.100,-43.001,0.579
'[00:00:05.379 01/01/2011]',34.901,-108.502,-71.401,-29.100,-41.701,0.579
'[00:00:05.380 01/01/2011]',33.001,-108.702,-70.401,-28.200,-40.501,0.668
'[00:00:05.381 01/01/2011]',31.300,-108.202,-69.201,-27.500,-39.501,0.668
'[00:00:05.382 01/01/2011]',29.900,-107.102,-68.001,-26.900,-38.601,0.668
'[00:00:05.383 01/01/2011]',28.200,-105.602,-66.901,-26.300,-37.901,0.668
'[00:00:05.384 01/01/2011]',26.300,-103.902,-65.701,-25.600,-37.401,0.668
'[00:00:05.385 01/01/2011]',24.400,-102.502,-64.601,-24.900,-37.001,0.668
'[00:00:05.386 01/01/2011]',23.100,-101.402,-63.601,-24.300,-36.701,0.668
'[00:00:05.387 01/01/2011]',22.500,-100.702,-62.801,-24.100,-36.601,0.668
'[00:00:05.388 01/01/2011]',22.800,-100.202,-62.401,-24.500,-36.901,0.668
'[00:00:05.389 01/01/2011]',23.400,-100.202,-62.501,-25.500,-37.801,0.668
'[00:00:05.390 01/01/2011]',24.100,-100.802,-63.301,-26.800,-39.101,0.681
'[00:00:05.391 01/01/2011]',24.800,-101.902,-64.401,-28.200,-40.701,0.681
'[00:00:05.392 01/01/2011]',25.800,-103.402,-65.601,-29.100,-42.001,0.681
'[00:00:05.393 01/01/2011]',26.900,-104.802,-66.501,-29.700,-42.801,0.681
'[00:00:05.394 01/01/2011]',28.100,-105.602,-66.901,-29.900,-42.901,0.681
'[00:00:05.395 01/01/2011]',28.700,-105.702,-67.001,-30.200,-42.801,0.681
'[00:00:05.396 01/01/2011]',28.200,-105.302,-67.001,-30.900,-42.901,0.681
'[00:00:05.397 01/01/2011]',26.400,-104.802,-67.401,-32.200,-43.401,0.681
'[00:00:05.398 01/01/2011]',23.500,-105.002,-68.101,-33.901,-44.501,0.681
'[00:00:05.399 01/01/2011]',20.400,-106.002,-69.101,-35.401,-45.701,0.681
'[00:00:05.400 01/01/2011]',17.900,-107.702,-69.801,-36.301,-46.601,0.696
'[00:00:05.401 01/01/2011]',16.900,-109.402,-70.101,-36.101,-47.001,0.696
'[00:00:05.402 01/01/2011]',17.600,-110.802,-70.101,-34.801,-46.901,0.696
'[00:00:05.403 01/01/2011]',19.800,-111.302,-70.001,-32.901,-46.401,0.696
'[00:00:05.404 01/01/2011]',22.700,-111.102,-70.001,-31.100,-45.801,0.696
'[00:00:05.405 01/01/2011]',25.100,-110.502,-70.201,-30.100,-45.401,0.696
'[00:00:05.406 01/01/2011]',26.200,-110.002,-70.601,-30.200,-45.101,0.696
'[00:00:05.407 01/01/2011]',26.000,-109.802,-71.101,-31.500,-44.901,0.696
'[00:00:05.408 01/01/2011]',24.900,-110.102,-71.501,-33.301,-44.601,0.696
'[00:00:05.409 01/01/2011]',24.000,-110.802,-71.901,-34.901,-44.201,0.696
'[00:00:05.410 01/01/2011]',23.900,-111.602,-72.401,-35.601,-43.701,0.579
'[00:00:05.411 01/01/2011]',24.400,-112.102,-72.901,-35.201,-43.101,0.579
'[00:00:05.412 01/01/2011]',24.900,-112.202,-73.401,-33.701,-42.601,0.579
'[00:00:05.413 01/01/2011]',24.600,-111.802,-73.501,-31.900,-42.501,0.579
'[00:00:05.414 01/01/2011]',23.700,-111.302,-73.401,-30.200,-42.901,0.579
'[00:00:05.415 01/01/2011]',22.900,-111.002,-73.201,-29.400,-43.901,0.579
'[00:00:05.416 01/01/2011]',23.100,-111.102,-73.201,-29.500,-45.301,0.579
'[00:00:05.417 01/01/2011]',24.600,-111.402,-73.801,-30.400,-46.601,0.579
'[00:00:05.418 01/01/2011]',26.300,-111.802,-74.801,-31.500,-47.501,0.579
'[00:00:05.419 01/01/2011]',26.900,-111.802,-76.101,-32.500,-48.101,0.579
'[00:00:05.420 01/01/2011]',25.000,-111.602,-77.201,-33.301,-48.501,0.822
'[00:00:05.421 01/01/2011]',21.300,-111.102,-77.701,-33.901,-48.801,0.822
'[00:00:05.422 01/01/2011]',17.300,-110.802,-77.601,-34.601,-49.201,0.822
'[00:00:05.423 01/01/2011]',15.000,-110.902,-77.201,-35.401,-49.401,0.822
'[00:00:05.424 01/01/2011]',15.500,-111.302,-76.701,-36.201,-49.401,0.822
'[00:00:05.425 01/01/2011]',17.800,-111.802,-76.601,-36.801,-48.801,0.822
'[00:00:05.426 01/01/2011]',19.900,-112.002,-76.701,-36.801,-48.101,0.822
'[00:00:05.427 01/01/2011]',20.300,-111.902,-77.201,-36.401,-47.501,0.822
'[00:00:05.428 01/01/2011]',18.700,-111.602,-77.901,-35.901,-47.301,0.822
'[00:00:05.429 01/01/2011]',16.900,-111.502,-78.601,-35.501,-47.501,0.822
'[00:00:05.430 01/01/2011]',16.800,-111.502,-79.201,-35.401,-47.801,0.579
'[00:00:05.431 01/01/2011]',19.400,-111.602,-79.401,-35.201,-47.701,0.579
'[00:00:05.432 01/01/2011]',23.500,-111.002,-79.001,-34.701,-46.801,0.579
'[00:00:05.433 01/01/2011]',26.700,-109.502,-77.901,-33.401,-45.201,0.579
'[00:00:05.434 01/01/2011]',26.800,-107.102,-76.101,-31.500,-43.301,0.579
'[00:00:05.435 01/01/2011]',23.500,-104.202,-74.001,-29.400,-41.801,0.579
'[00:00:05.436 01/01/2011]',18.400,-101.802,-72.001,-27.900,-41.101,0.579
'[00:00:05.437 01/01/2011]',14.100,-100.402,-70.801,-27.400,-41.301,0.579
'[00:00:05.438 01/01/2011]',12.500,-100.202,-70.501,-28.300,-42.201,0.579
'[00:00:05.439 01/01/2011]',13.900,-100.702,-71.301,-30.200,-43.201,0.579
'[00:00:05.440 01/01/2011]',16.900,-101.502,-72.601,-32.700,-44.001,0.668
'[00:00:05.441 01/01/2011]',19.600,-102.302,-74.201,-35.201,-44.801,0.668
'[00:00:05.442 01/01/2011]',20.500,-103.302,-75.801,-37.301,-45.601,0.668
'[00:00:05.443 01/01/2011]',19.700,-104.702,-77.201,-38.901,-46.901,0.668
'[00:00:05.444 01/01/2011]',18.300,-106.802,-78.201,-39.801,-48.401,0.668
'[00:00:05.445 01/01/2011]',17.500,-109.002,-78.801,-40.101,-50.001,0.668
'[00:00:05.446 01/01/2011]',17.800,-110.402,-78.701,-39.801,-50.901,0.668
'[00:00:05.447 01/01/2011]',18.700,-110.502,-78.001,-38.901,-50.901,0.668
'[00:00:05.448 01/01/2011]',19.500,-109.102,-77.001,-37.901,-50.101,0.668
'[00:00:05.449 01/01/2011]',19.300,-107.002,-76.101,-37.001,-49.001,0.668
'[00:00:05.450 01/01/2011]',18.200,-105.602,-75.701,-36.601,-48.301,0.681
'[00:00:05.451 01/01/2011]',16.900,-105.902,-76.101,-37.001,-48.401,0.681
'[00:00:05.452 01/01/2011]',16.200,-107.902,-77.401,-38.201,-49.401,0.681
'[00:00:05.453 01/01/2011]',16.800,-111.202,-79.401,-40.101,-51.101,0.681
'[00:00:05.454 01/01/2011]',18.500,-114.602,-81.601,-42.301,-53.001,0.681
'[00:00:05.455 01/01/2011]',20.600,-117.202,-83.701,-44.501,-54.501,0.681
'[00:00:05.456 01/01/2011]',22.200,-118.902,-85.601,-46.301,-55.601,0.681
'[00:00:05.457 01/01/2011]',22.600,-120.102,-87.001,-47.201,-56.001,0.681
'[00:00:05.458 01/01/2011]',21.900,-121.302,-87.701,-47.201,-55.801,0.681
'[00:00:05.459 01/01/2011]',20.800,-122.702,-87.301,-46.101,-55.101,0.681
'[00:00:05.460 01/01/2011]',20.100,-124.002,-86.001,-44.401,-54.201,0.688
'[00:00:05.461 01/01/2011]',20.400,-124.602,-84.001,-42.801,-53.401,0.688
'[00:00:05.462 01/01/2011]',21.900,-124.302,-82.001,-41.701,-52.801,0.688
'[00:00:05.463 01/01/2011]',23.800,-123.102,-80.701,-41.401,-52.701,0.688
'[00:00:05.464 01/01/2011]',25.400,-121.902,-80.301,-41.801,-53.001,0.688
'[00:00:05.465 01/01/2011]',25.800,-121.502,-80.701,-42.301,-53.201,0.688
'[00:00:05.466 01/01/2011]',25.300,-122.302,-81.201,-42.201,-52.901,0.688
'[00:00:05.467 01/01/2011]',24.300,-124.402,-81.301,-41.201,-52.001,0.688
'[00:00:05.468 01/01/2011]',24.000,-127.002,-80.701,-39.401,-50.501,0.688
'[00:00:05.469 01/01/2011]',24.700,-129.102,-79.601,-37.201,-48.901,0.688
'[00:00:05.470 01/01/2011]',26.200,-129.902,-78.501,-35.301,-47.601,0.579
'[00:00:05.471 01/01/2011]',27.400,-128.902,-77.701,-34.101,-46.901,0.579
'[00:00:05.472 01/01/2011]',27.100,-126.302,-77.201,-33.501,-46.701,0.579
'[00:00:05.473 01/01/2011]',25.000,-122.602,-76.801,-33.401,-46.601,0.579
'[00:00:05.474 01/01/2011]',21.900,-118.602,-76.301,-33.501,-46.301,0.579
'[00:00:05.475 01/01/2011]',19.100,-115.302,-75.701,-33.701,-45.501,0.579
'[00:00:05.476 01/01/2011]',18.100,-113.302,-75.501,-34.001,-44.701,0.579
'[00:00:05.477 01/01/2011]',19.200,-112.902,-75.901,-34.601,-44.201,0.579
'[00:00:05.478 01/01/2011]',21.400,-114.002,-77.301,-35.601,-44.601,0.579
'[00:00:05.479 01/01/2011]',23.200,-116.002,-79.301,-36.801,-45.901,0.579
'[00:00:05.480 01/01/2011]',23.400,-117.902,-81.301,-38.201,-48.101,0.822
'[00:00:05.481 01/01/2011]',22.300,-119.202,-82.701,-39.401,-50.601,0.822
'[00:00:05.482 01/01/2011]',21.000,-119.402,-83.201,-40.401,-52.701,0.822
'[00:00:05.483 01/01/2011]',21.000,-118.902,-83.001,-41.201,-54.001,0.822
'[00:00:05.484 01/01/2011]',22.500,-118.302,-82.901,-41.501,-54.601,0.822
'[00:00:05.485 01/01/2011]',24.800,-118.202,-83.101,-41.401,-54.401,0.822
'[00:00:05.486 01/01/2011]',26.200,-118.602,-83.901,-40.801,-53.601,0.822
'[00:00:05.487 01/01/2011]',25.900,-119.402,-84.801,-39.601,-52.501,0.822
'[00:00:05.488 01/01/2011]',23.900,-119.902,-85.301,-38.201,-51.201,0.822
'[00:00:05.489 01/01/2011]',21.400,-119.702,-85.001,-36.801,-49.901,0.822
'[00:00:05.490 01/01/2011]',19.700,-118.802,-84.001,-36.001,-48.801,0.579
'[00:00:05.491 01/01/2011]',19.300,-117.702,-82.801,-35.901,-48.101,0.579
'[00:00:05.492 01/01/2011]',19.900,-117.002,-82.201,-36.501,-47.901,0.579
'[00:00:05.493 01/01/2011]',20.600,-117.102,-82.301,-37.201,-48.101,0.579
'[00:00:05.494 01/01/2011]',21.200,-117.802,-83.001,-37.501,-48.401,0.579
'[00:00:05.495 01/01/2011]',21.700,-118.402,-83.701,-37.001,-48.401,0.579
'[00:00:05.496 01/01/2011]',23.000,-118.202,-83.801,-35.501,-48.101,0.579
'[00:00:05.497 01/01/2011]',25.300,-117.002,-83.001,-33.401,-47.201,0.579
'[00:00:05.498 01/01/2011]',28.200,-115.002,-81.601,-31.000,-46.001,0.579
'[00:00:05.499 01/01/2011]',30.400,-112.902,-80.101,-28.800,-44.601,0.579
'[00:00:05.500 01/01/2011]',30.700,-111.302,-79.001,-26.800,-42.901,0.668
'[00:00:05.501 01/01/2011]',28.500,-110.502,-78.201,-24.900,-41.101,0.668
'[00:00:05.502 01/01/2011]',24.900,-110.202,-77.401,-23.000,-39.001,0.668
'[00:00:05.503 01/01/2011]',21.400,-110.002,-76.201,-21.100,-36.901,0.668
'[00:00:05.504 01/01/2011]',20.000,-109.502,-74.401,-19.300,-34.701,0.668
'[00:00:05.505 01/01/2011]',21.400,-108.702,-72.301,-17.400,-32.600,0.668
'[00:00:05.506 01/01/2011]',25.200,-107.702,-70.301,-15.500,-30.500,0.668
'[00:00:05.507 01/01/2011]',29.700,-107.202,-68.901,-13.500,-28.200,0.668
'[00:00:05.508 01/01/2011]',32.600,-107.602,-68.201,-11.500,-25.700,0.668
'[00:00:05.509 01/01/2011]',32.400,-109.102,-68.001,-9.600,-23.200,0.668
'[00:00:05.510 01/01/2011]',29.100,-111.702,-68.001,-8.400,-20.900,0.681
'[00:00:05.511 01/01/2011]',23.900,-115.102,-68.101,-8.300,-19.100,0.681
'[00:00:05.512 01/01/2011]',19.100,-118.802,-68.201,-9.200,-17.700,0.681
'[00:00:05.513 01/01/2011]',16.500,-122.702,-68.401,-10.900,-16.600,0.681
'[00:00:05.514 01/01/2011]',16.600,-126.402,-68.701,-12.600,-15.000,0.681
'[00:00:05.515 01/01/2011]',18.700,-130.102,-69.201,-13.700,-12.800,0.681
'[00:00:05.516 01/01/2011]',21.200,-133.902,-69.601,-13.900,-10.000,0.681
'[00:00:05.517 01/01/2011]',22.500,-138.102,-70.001,-13.600,-6.900,0.681
'[00:00:05.518 01/01/2011]',22.200,-142.802,-70.501,-13.100,-4.000,0.681
'[00:00:05.519 01/01/2011]',20.800,-148.002,-71.601,-13.100,-1.800,0.681
'[00:00:05.520 01/01/2011]',19.300,-153.602,-73.301,-13.900,-0.200,0.719
'[00:00:05.521 01/01/2011]',18.500,-159.102,-75.701,-15.400,0.900,0.719
'[00:00:05.522 01/01/2011]',18.100,-164.403,-78.301,-17.600,1.500,0.719
'[00:00:05.523 01/01/2011]',17.700,-169.203,-80.701,-20.300,1.500,0.719
'[00:00:05.524 01/01/2011]',16.700,-173.803,-82.801,-23.600,0.600,0.719
'[00:00:05.525 01/01/2011]',15.400,-178.403,-84.701,-27.600,-1.400,0.719
'[00:00:05.526 01/01/2011]',14.600,-182.903,-86.701,-32.200,-4.400,0.719
'[00:00:05.527 01/01/2011]',15.300,-187.503,-89.101,-36.901,-7.900,0.719
'[00:00:05.528 01/01/2011]',17.800,-191.503,-91.701,-41.101,-11.500,0.719
'[00:00:05.529 01/01/2011]',21.500,-194.803,-94.201,-44.101,-14.600,0.719
'[00:00:05.530 01/01/2011]',24.700,-196.903,-96.301,-45.601,-17.100,0.579
'[00:00:05.531 01/01/2011]',26.100,-198.203,-98.001,-45.901,-19.100,0.579
'[00:00:05.532 01/01/2011]',24.900,-199.003,-99.202,-45.501,-20.900,0.579
'[00:00:05.533 01/01/2011]',22.000,-199.903,-100.402,-45.101,-22.500,0.579
'[00:00:05.534 01/01/2011]',18.800,-201.003,-101.502,-45.101,-24.100,0.579
'[00:00:05.535 01/01/2011]',17.100,-201.803,-102.602,-45.701,-25.900,0.579
'[00:00:05.536 01/01/2011]',17.400,-201.703,-103.202,-46.901,-28.000,0.579
'[00:00:05.537 01/01/2011]',19.300,-199.703,-103.502,-48.501,-31.200,0.579
'[00:00:05.538 01/01/2011]',21.500,-195.703,-103.602,-50.601,-35.901,0.579
'[00:00:05.539 01/01/2011]',22.900,-190.203,-104.002,-53.401,-42.301,0.579
'[00:00:05.540 01/01/2011]',23.100,-184.303,-105.302,-56.901,-49.901,0.822
'[00:00:05.541 01/01/2011]',23.200,-178.803,-107.402,-60.801,-58.101,0.822
'[00:00:05.542 01/01/2011]',24.300,-174.203,-110.002,-64.601,-65.601,0.822
'[00:00:05.543 01/01/2011]',27.300,-170.403,-112.202,-67.401,-71.601,0.822
'[00:00:05.544 01/01/2011]',31.800,-166.903,-113.602,-68.601,-75.501,0.822
'[00:00:05.545 01/01/2011]',36.601,-163.502,-114.102,-68.201,-77.601,0.822
'[00:00:05.546 01/01/2011]',40.001,-160.102,-114.002,-66.601,-78.201,0.822
'[00:00:05.547 01/01/2011]',41.501,-157.302,-113.802,-64.401,-77.801,0.822
'[00:00:05.548 01/01/2011]',41.501,-155.402,-113.502,-62.201,-76.701,0.822
'[00:00:05.549 01/01/2011]',41.401,-154.202,-113.002,-60.601,-75.301,0.822
'[00:00:05.550 01/01/2011]',42.301,-153.202,-111.802,-59.501,-73.701,0.579
'[00:00:05.551 01/01/2011]',44.301,-152.102,-109.802,-58.901,-72.201,0.579
'[00:00:05.552 01/01/2011]',46.401,-150.302,-107.302,-58.501,-71.101,0.579
'[00:00:05.553 01/01/2011]',47.201,-148.202,-104.802,-58.001,-70.601,0.579
'[00:00:05.554 01/01/2011]',46.301,-146.102,-103.102,-57.601,-70.701,0.579
'[00:00:05.555 01/01/2011]',44.601,-144.602,-102.302,-57.001,-71.201,0.579
'[00:00:05.556 01/01/2011]',43.601,-143.602,-102.002,-56.401,-71.401,0.579
'[00:00:05.557 01/01/2011]',44.301,-142.902,-101.702,-55.601,-70.901,0.579
'[00:00:05.558 01/01/2011]',46.701,-142.002,-100.902,-54.701,-69.501,0.579
'[00:00:05.559 01/01/2011]',49.401,-140.702,-99.802,-53.601,-67.501,0.579
'[00:00:05.560 01/01/2011]',50.601,-139.002,-98.702,-52.401,-65.401,0.668
'[00:00:05.561 01/01/2011]',49.801,-137.402,-98.201,-51.301,-63.901,0.668
'[00:00:05.562 01/01/2011]',47.701,-136.402,-98.502,-50.201,-63.001,0.668
'[00:00:05.563 01/01/2011]',46.101,-136.002,-99.402,-49.101,-62.601,0.668
'[00:00:05.564 01/01/2011]',46.501,-136.302,-100.502,-47.901,-62.301,0.668
'[00:00:05.565 01/01/2011]',49.101,-136.802,-101.402,-46.501,-61.501,0.668
'[00:00:05.566 01/01/2011]',52.201,-137.202,-101.602,-44.901,-60.101,0.668
'[00:00:05.567 01/01/2011]',54.001,-137.302,-101.102,-43.401,-58.301,0.668
'[00:00:05.568 01/01/2011]',53.201,-137.202,-100.002,-42.001,-56.401,0.668
'[00:00:05.569 01/01/2011]',50.201,-137.102,-98.502,-41.101,-54.701,0.668
'[00:00:05.570 01/01/2011]',46.801,-137.202,-96.801,-40.501,-53.401,0.681
'[00:00:05.571 01/01/2011]',44.701,-137.402,-95.001,-40.001,-52.301,0.681
'[00:00:05.572 01/01/2011]',44.701,-137.602,-93.401,-39.301,-51.401,0.681
'[00:00:05.573 01/01/2011]',46.001,-137.602,-91.901,-38.301,-50.401,0.681
'[00:00:05.574 01/01/2011]',46.901,-137.302,-90.501,-37.001,-49.301,0.681
'[00:00:05.575 01/01/2011]',46.201,-136.702,-89.201,-35.701,-48.301,0.681
'[00:00:05.576 01/01/2011]',43.501,-135.802,-88.001,-34.601,-47.401,0.681
'[00:00:05.577 01/01/2011]',39.801,-134.902,-86.901,-33.901,-46.601,0.681
'[00:00:05.578 01/01/2011]',36.501,-134.202,-86.301,-33.601,-46.101,0.681
'[00:00:05.579 01/01/2011]',34.501,-133.902,-86.101,-33.701,-45.701,0.681
'[00:00:05.580 01/01/2011]',33.901,-134.002,-86.601,-34.001,-45.201,0.712
'[00:00:05.581 01/01/2011]',34.401,-134.302,-87.501,-34.101,-44.601,0.712
'[00:00:05.582 01/01/2011]',35.401,-134.702,-88.301,-34.001,-43.901,0.712
'[00:00:05.583 01/01/2011]',36.501,-134.802,-88.901,-33.801,-43.101,0.712
'[00:00:05.584 01/01/2011]',37.301,-134.702,-88.901,-33.501,-42.501,0.712
'[00:00:05.585 01/01/2011]',37.801,-134.302,-88.601,-33.401,-42.301,0.712
'[00:00:05.586 01/01/2011]',37.301,-133.902,-88.201,-33.601,-42.701,0.712
'[00:00:05.587 01/01/2011]',35.701,-133.802,-88.101,-34.001,-43.501,0.712
'[00:00:05.588 01/01/2011]',33.001,-134.202,-88.401,-34.301,-44.501,0.712
'[00:00:05.589 01/01/2011]',30.300,-134.802,-89.001,-34.501,-45.301,0.712
'[00:00:05.590 01/01/2011]',28.600,-135.502,-89.701,-34.301,-45.601,0.579
'[00:00:05.591 01/01/2011]',28.800,-135.802,-90.001,-33.801,-45.401,0.579
'[00:00:05.592 01/01/2011]',30.800,-135.702,-90.001,-33.401,-44.901,0.579
'[00:00:05.593 01/01/2011]',33.501,-135.302,-89.701,-33.201,-44.401,0.579
'[00:00:05.594 01/01/2011]',35.301,-134.902,-89.401,-33.501,-44.301,0.579
'[00:00:05.595 01/01/2011]',35.101,-134.802,-89.301,-34.301,-44.601,0.579
'[00:00:05.596 01/01/2011]',32.801,-135.302,-89.601,-35.101,-45.201,0.579
'[00:00:05.597 01/01/2011]',29.200,-136.202,-90.201,-35.801,-45.801,0.579
'[00:00:05.598 01/01/2011]',25.600,-137.202,-90.801,-36.001,-46.101,0.579
'[00:00:05.599 01/01/2011]',23.000,-138.202,-91.201,-35.701,-46.001,0.579
'[00:00:05.600 01/01/2011]',21.800,-139.102,-91.201,-35.101,-45.701,0.822
'[00:00:05.601 01/01/2011]',21.900,-139.902,-90.701,-34.501,-45.401,0.822
'[00:00:05.602 01/01/2011]',22.800,-140.602,-89.901,-34.001,-45.301,0.822
'[00:00:05.603 01/01/2011]',23.700,-141.002,-88.701,-33.801,-45.401,0.822
'[00:00:05.604 01/01/2011]',24.300,-141.002,-87.101,-33.701,-45.601,0.822
'[00:00:05.605 01/01/2011]',24.200,-140.402,-85.401,-33.401,-45.701,0.822
'[00:00:05.606 01/01/2011]',23.700,-139.602,-83.801,-33.001,-45.501,0.822
'[00:00:05.607 01/01/2011]',23.000,-139.002,-82.701,-32.700,-45.101,0.822
'[00:00:05.608 01/01/2011]',22.700,-139.002,-82.501,-32.600,-44.601,0.822
'[00:00:05.609 01/01/2011]',23.100,-139.602,-83.201,-33.101,-44.101,0.822
'[00:00:05.610 01/01/2011]',24.100,-140.502,-84.301,-34.101,-43.701,0.579
'[00:00:05.611 01/01/2011]',25.300,-141.202,-85.201,-35.301,-43.401,0.579
'[00:00:05.612 01/01/2011]',25.800,-141.302,-85.501,-36.001,-43.101,0.579
'[00:00:05.613 01/01/2011]',25.400,-140.702,-85.201,-35.801,-42.901,0.579
'[00:00:05.614 01/01/2011]',24.500,-139.802,-84.801,-34.901,-42.601,0.579
'[00:00:05.615 01/01/2011]',24.000,-139.202,-85.101,-33.401,-42.501,0.579
'[00:00:05.616 01/01/2011]',25.000,-139.302,-86.301,-32.200,-42.701,0.579
'[00:00:05.617 01/01/2011]',27.600,-140.102,-88.501,-31.600,-43.301,0.579
'[00:00:05.618 01/01/2011]',30.900,-141.502,-90.801,-31.900,-44.201,0.579
'[00:00:05.619 01/01/2011]',33.301,-143.002,-92.601,-32.801,-45.401,0.579
'[00:00:05.620 01/01/2011]',33.201,-144.202,-93.401,-34.001,-46.501,0.500
'[00:00:05.621 01/01/2011]',30.300,-145.002,-93.401,-34.901,-47.401,0.500
'[00:00:05.622 01/01/2011]',26.000,-145.302,-93.201,-35.501,-47.901,0.500
'[00:00:05.623 01/01/2011]',22.000,-145.402,-93.401,-35.501,-47.901,0.500
'[00:00:05.624 01/01/2011]',20.200,-145.502,-94.301,-35.201,-47.401,0.500
'[00:00:05.625 01/01/2011]',20.700,-145.702,-96.001,-34.801,-46.701,0.500
'[00:00:05.626 01/01/2011]',22.400,-145.802,-97.801,-34.401,-46.101,0.500
'[00:00:05.627 01/01/2011]',23.700,-146.002,-99.402,-34.101,-45.801,0.500
'[00:00:05.628 01/01/2011]',23.500,-145.902,-100.502,-33.901,-45.901,0.500
'[00:00:05.629 01/01/2011]',22.300,-145.602,-101.002,-33.601,-46.301,0.500
'[00:00:05.630 01/01/2011]',21.500,-145.302,-101.302,-33.101,-46.701,0.500
'[00:00:05.631 01/01/2011]',22.600,-145.002,-101.402,-32.300,-46.901,0.500
'[00:00:05.632 01/01/2011]',25.600,-145.202,-101.502,-31.400,-46.901,0.500
'[00:00:05.633 01/01/2011]',29.300,-145.802,-101.402,-30.700,-46.801,0.500
'[00:00:05.634 01/01/2011]',31.700,-146.802,-100.902,-30.700,-46.901,0.500
'[00:00:05.635 01/01/2011]',31.600,-148.002,-100.102,-31.400,-47.201,0.500
'[00:00:05.636 01/01/2011]',29.200,-149.002,-99.002,-32.700,-47.601,0.500
'[00:00:05.637 01/01/2011]',26.300,-149.702,-97.901,-33.901,-47.801,0.500
'[00:00:05.638 01/01/2011]',24.700,-150.102,-96.901,-34.501,-47.501,0.500
'[00:00:05.639 01/01/2011]',25.400,-150.302,-95.901,-34.301,-46.401,0.500
'[00:00:05.640 01/01/2011]',27.700,-150.302,-94.701,-33.401,-44.901,0.500
'[00:00:05.641 01/01/2011]',29.900,-150.202,-93.001,-32.300,-43.401,0.500
'[00:00:05.642 01/01/2011]',30.200,-150.002,-91.001,-31.600,-42.201,0.500
'[00:00:05.643 01/01/2011]',28.200,-149.802,-88.901,-31.700,-41.601,0.500
'[00:00:05.644 01/01/2011]',24.800,-149.502,-87.301,-32.600,-41.501,0.500
'[00:00:05.645 01/01/2011]',21.800,-149.502,-86.801,-33.901,-41.701,0.500
'[00:00:05.646 01/01/2011]',20.500,-150.002,-87.301,-35.201,-41.801,0.500
'[00:00:05.647 01/01/2011]',20.900,-151.102,-88.401,-36.201,-41.601,0.500
'[00:00:05.648 01/01/2011]',22.400,-152.602,-89.501,-36.801,-41.001,0.500
'[00:00:05.649 01/01/2011]',24.000,-154.502,-90.101,-37.101,-40.301,0.500
'[00:00:05.650 01/01/2011]',25.400,-156.302,-90.001,-37.201,-39.601,0.500
'[00:00:05.651 01/01/2011]',27.100,-157.602,-89.401,-37.101,-39.201,0.500
'[00:00:05.652 01/01/2011]',29.700,-158.202,-88.701,-36.701,-38.901,0.500
'[00:00:05.653 01/01/2011]',32.901,-158.002,-88.201,-36.001,-39.001,0.500
'[00:00:05.654 01/01/2011]',35.601,-157.002,-87.901,-34.901,-39.301,0.500
'[00:00:05.655 01/01/2011]',36.001,-155.402,-87.601,-33.601,-39.801,0.500
'[00:00:05.656 01/01/2011]',33.201,-153.802,-87.401,-32.200,-40.401,0.500
'[00:00:05.657 01/01/2011]',27.800,-152.502,-87.301,-31.200,-41.201,0.500
'[00:00:05.658 01/01/2011]',21.700,-152.002,-87.601,-30.700,-42.101,0.500
'[00:00:05.659 01/01/2011]',17.500,-152.702,-88.401,-30.900,-43.001,0.500
'[00:00:05.660 01/01/2011]',16.400,-154.502,-89.601,-31.700,-43.801,0.500
'[00:00:05.661 01/01/2011]',18.000,-157.102,-91.101,-32.901,-44.501,0.500
'[00:00:05.662 01/01/2011]',20.300,-160.002,-92.601,-34.401,-45.001,0.500
'[00:00:05.663 01/01/2011]',21.200,-162.702,-93.701,-35.801,-45.401,0.500
'[00:00:05.664 01/01/2011]',19.700,-164.603,-94.301,-37.001,-45.901,0.500
'[00:00:05.665 01/01/2011]',16.700,-165.403,-94.301,-37.701,-46.101,0.500
'[00:00:05.666 01/01/2011]',14.100,-165.003,-93.701,-37.701,-46.001,0.500
'[00:00:05.667 01/01/2011]',13.800,-163.502,-92.401,-36.901,-45.101,0.500
'[00:00:05.668 01/01/2011]',16.100,-161.102,-90.601,-35.401,-43.401,0.500
'[00:00:05.669 01/01/2011]',20.100,-158.302,-88.401,-33.501,-41.001,0.500
'[00:00:05.670 01/01/2011]',23.800,-155.702,-86.201,-31.700,-38.301,0.500
'[00:00:05.671 01/01/2011]',25.900,-153.702,-84.501,-30.500,-35.801,0.500
'[00:00:05.672 01/01/2011]',26.200,-152.702,-83.201,-30.100,-34.101,0.500
'[00:00:05.673 01/01/2011]',25.300,-152.502,-82.501,-30.400,-33.201,0.500
'[00:00:05.674 01/01/2011]',24.300,-152.802,-82.101,-31.000,-33.201,0.500
'[00:00:05.675 01/01/2011]',23.600,-153.302,-82.201,-31.500,-33.801,0.500
'[00:00:05.676 01/01/2011]',23.300,-153.702,-82.801,-31.900,-34.901,0.500
'[00:00:05.677 01/01/2011]',22.800,-154.302,-84.101,-32.600,-36.701,0.500
'[00:00:05.678 01/01/2011]',21.800,-155.302,-86.301,-33.701,-39.001,0.500
'[00:00:05.679 01/01/2011]',20.400,-156.902,-89.201,-35.501,-41.701,0.500
'[00:00:05.680 01/01/2011]',19.100,-159.202,-92.501,-37.601,-44.501,0.500
'[00:00:05.681 01/01/2011]',18.200,-161.502,-95.501,-39.401,-47.001,0.500
'[00:00:05.682 01/01/2011]',17.700,-163.302,-97.801,-40.601,-49.001,0.500
'[00:00:05.683 01/01/2011]',17.100,-164.403,-99.102,-41.001,-50.301,0.500
'[00:00:05.684 01/01/2011]',16.100,-164.903,-99.502,-41.001,-51.001,0.500
'[00:00:05.685 01/01/2011]',14.500,-165.203,-99.402,-41.101,-51.201,0.500
'[00:00:05.686 01/01/2011]',12.700,-165.903,-99.102,-41.701,-51.301,0.500
'[00:00:05.687 01/01/2011]',11.400,-167.103,-98.902,-42.701,-51.101,0.500
'[00:00:05.688 01/01/2011]',11.500,-168.403,-98.802,-43.601,-50.601,0.500
'[00:00:05.689 01/01/2011]',13.800,-169.403,-98.702,-43.901,-49.701,0.500
'[00:00:05.690 01/01/2011]',18.700,-169.803,-98.402,-43.301,-48.401,0.500
'[00:00:05.691 01/01/2011]',25.700,-169.703,-97.901,-41.901,-46.501,0.500
'[00:00:05.692 01/01/2011]',34.001,-169.503,-96.801,-39.901,-44.301,0.500
'[00:00:05.693 01/01/2011]',42.601,-169.603,-95.301,-37.801,-41.901,0.500
'[00:00:05.694 01/01/2011]',50.901,-170.003,-93.201,-35.601,-39.101,0.500
'[00:00:05.695 01/01/2011]',59.201,-170.103,-90.501,-32.901,-35.901,0.500
'[00:00:05.696 01/01/2011]',68.501,-169.103,-86.801,-29.400,-32.000,0.500
'[00:00:05.697 01/01/2011]',80.601,-166.503,-82.301,-25.000,-27.200,0.500
'[00:00:05.698 01/01/2011]',96.501,-162.502,-77.401,-20.200,-21.700,0.500
'[00:00:05.699 01/01/2011]',115.802,-157.902,-72.701,-15.800,-16.200,0.500
'[00:00:05.700 01/01/2011]',136.602,-154.102,-69.501,-12.800,-11.500,0.500
'[00:00:05.701 01/01/2011]',155.602,-152.202,-68.501,-12.000,-8.500,0.500
'[00:00:05.702 01/01/2011]',169.503,-152.602,-70.101,-13.300,-7.800,0.500
'[00:00:05.703 01/01/2011]',175.903,-154.802,-73.801,-16.200,-9.500,0.500
'[00:00:05.704 01/01/2011]',173.803,-158.002,-78.701,-19.800,-13.000,0.500
'[00:00:05.705 01/01/2011]',164.203,-161.102,-83.601,-23.400,-17.400,0.500
'[00:00:05.706 01/01/2011]',149.102,-163.702,-87.901,-26.700,-22.100,0.500
'[00:00:05.707 01/01/2011]',130.702,-165.803,-91.501,-29.900,-26.600,0.500
'[00:00:05.708 01/01/2011]',110.602,-168.003,-94.901,-33.301,-31.200,0.500
'[00:00:05.709 01/01/2011]',89.701,-170.803,-98.902,-37.201,-36.301,0.500
'[00:00:05.710 01/01/2011]',68.001,-174.603,-103.702,-41.601,-42.401,0.500
'[00:00:05.711 01/01/2011]',44.701,-179.203,-109.202,-46.401,-49.301,0.500
'[00:00:05.712 01/01/2011]',19.500,-184.203,-114.802,-51.001,-56.601,0.500
'[00:00:05.713 01/01/2011]',-7.200,-188.703,-119.602,-54.901,-63.301,0.500
'[00:00:05.714 01/01/2011]',-33.801,-192.103,-122.902,-57.201,-68.301,0.500
'[00:00:05.715 01/01/2011]',-57.601,-194.003,-124.202,-57.501,-70.801,0.500
'[00:00:05.716 01/01/2011]',-75.801,-194.103,-123.802,-56.001,-70.801,0.500
'[00:00:05.717 01/01/2011]',-86.401,-192.903,-121.902,-53.101,-68.801,0.500
'[00:00:05.718 01/01/2011]',-89.301,-191.003,-119.202,-50.101,-65.501,0.500
'[00:00:05.719 01/01/2011]',-86.001,-188.803,-116.202,-47.601,-62.001,0.500
'[00:00:05.720 01/01/2011]',-79.101,-187.003,-113.302,-46.301,-58.901,0.500
'[00:00:05.721 01/01/2011]',-70.901,-185.603,-110.502,-46.001,-56.201,0.500
'[00:00:05.722 01/01/2011]',-62.901,-184.503,-107.902,-46.001,-53.901,0.500
'[00:00:05.723 01/01/2011]',-55.001,-183.703,-105.602,-45.701,-51.801,0.500
'[00:00:05.724 01/01/2011]',-46.701,-183.303,-103.902,-44.701,-49.801,0.500
'[00:00:05.725 01/01/2011]',-37.401,-183.303,-103.002,-43.201,-47.901,0.500
'[00:00:05.726 01/01/2011]',-27.400,-183.803,-102.802,-41.501,-46.101,0.500
'[00:00:05.727 01/01/2011]',-17.600,-184.603,-103.102,-39.901,-44.401,0.500
'[00:00:05.728 01/01/2011]',-9.000,-185.103,-103.302,-38.501,-42.701,0.500
'[00:00:05.729 01/01/2011]',-2.200,-184.903,-103.002,-37.201,-41.001,0.500
'[00:00:05.730 01/01/2011]',2.500,-183.703,-102.202,-36.001,-39.401,0.500
'[00:00:05.731 01/01/2011]',5.600,-181.903,-101.402,-35.001,-38.201,0.500
'[00:00:05.732 01/01/2011]',7.600,-180.303,-100.902,-34.501,-37.501,0.500
'[00:00:05.733 01/01/2011]',9.100,-179.703,-101.302,-34.801,-37.301,0.500
'[00:00:05.734 01/01/2011]',10.500,-180.303,-102.502,-35.901,-37.401,0.500
'[00:00:05.735 01/01/2011]',11.500,-181.903,-104.102,-37.401,-37.701,0.500
'[00:00:05.736 01/01/2011]',12.100,-183.803,-105.402,-38.801,-37.901,0.500
'[00:00:05.737 01/01/2011]',11.700,-185.203,-105.802,-39.501,-38.001,0.500
'[00:00:05.738 01/01/2011]',10.000,-185.903,-105.302,-39.601,-38.101,0.500
'[00:00:05.739 01/01/2011]',7.300,-185.903,-104.402,-39.401,-38.201,0.500
'[00:00:05.740 01/01/2011]',4.200,-185.803,-104.002,-39.301,-38.501,0.500
'[00:00:05.741 01/01/2011]',1.800,-186.103,-104.402,-39.801,-38.701,0.500
'[00:00:05.742 01/01/2011]',1.000,-187.103,-105.702,-40.601,-38.901,0.500
'[00:00:05.743 01/01/2011]',1.600,-188.503,-107.402,-41.301,-38.801,0.500
'[00:00:05.744 01/01/2011]',2.800,-190.003,-108.902,-41.801,-38.701,0.500
'[00:00:05.745 01/01/2011]',3.600,-191.103,-109.702,-41.701,-38.601,0.500
'[00:00:05.746 01/01/2011]',3.300,-191.703,-109.902,-41.401,-38.901,0.500
'[00:00:05.747 01/01/2011]',2.000,-191.803,-109.802,-41.301,-39.601,0.500
'[00:00:05.748 01/01/2011]',0.700,-191.603,-109.802,-41.601,-40.701,0.500
'[00:00:05.749 01/01/2011]',0.600,-191.403,-110.402,-42.101,-41.701,0.500
'[00:00:05.750 01/01/2011]',2.100,-191.203,-111.202,-42.501,-42.601,0.500
'[00:00:05.751 01/01/2011]',4.400,-191.003,-112.002,-42.201,-43.001,0.500
'[00:00:05.752 01/01/2011]',6.300,-190.603,-112.302,-41.201,-43.101,0.500
'[00:00:05.753 01/01/2011]',6.700,-189.903,-112.102,-39.601,-43.001,0.500
'[00:00:05.754 01/01/2011]',5.600,-189.003,-111.402,-38.001,-43.001,0.500
'[00:00:05.755 01/01/2011]',3.600,-188.203,-110.902,-37.001,-43.001,0.500
'[00:00:05.756 01/01/2011]',2.000,-187.903,-110.802,-36.901,-43.201,0.500
'[00:00:05.757 01/01/2011]',1.300,-188.303,-111.302,-37.701,-43.301,0.500
'[00:00:05.758 01/01/2011]',1.600,-189.503,-112.402,-39.001,-43.301,0.500
'[00:00:05.759 01/01/2011]',2.200,-191.003,-113.502,-40.201,-43.101,0.500
'[00:00:05.760 01/01/2011]',2.300,-192.203,-114.102,-40.801,-42.801,0.500
'[00:00:05.761 01/01/2011]',1.700,-192.703,-113.902,-40.801,-42.301,0.500
'[00:00:05.762 01/01/2011]',0.700,-192.203,-113.002,-40.101,-41.801,0.500
'[00:00:05.763 01/01/2011]',0.000,-190.903,-111.802,-39.101,-41.301,0.500
'[00:00:05.764 01/01/2011]',-0.100,-189.303,-111.002,-38.001,-40.701,0.500
'[00:00:05.765 01/01/2011]',0.700,-188.103,-110.902,-37.201,-40.201,0.500
'[00:00:05.766 01/01/2011]',2.200,-187.503,-111.502,-36.801,-40.001,0.500
'[00:00:05.767 01/01/2011]',3.800,-187.603,-112.302,-36.901,-40.101,0.500
'[00:00:05.768 01/01/2011]',5.300,-188.003,-112.802,-37.401,-40.601,0.500
'[00:00:05.769 01/01/2011]',6.500,-188.403,-112.702,-38.001,-41.301,0.500
'[00:00:05.770 01/01/2011]',7.200,-188.303,-112.002,-38.501,-41.901,0.500
'[00:00:05.771 01/01/2011]',7.500,-187.703,-111.202,-38.601,-42.301,0.500
'[00:00:05.772 01/01/2011]',7.200,-187.103,-110.502,-38.301,-42.501,0.500
'[00:00:05.773 01/01/2011]',6.100,-186.703,-110.202,-37.801,-42.401,0.500
'[00:00:05.774 01/01/2011]',4.500,-186.703,-110.202,-37.301,-42.401,0.500
'[00:00:05.775 01/01/2011]',2.700,-187.203,-110.102,-37.101,-42.601,0.500
'[00:00:05.776 01/01/2011]',1.300,-187.803,-109.802,-37.101,-43.001,0.500
'[00:00:05.777 01/01/2011]',0.900,-188.403,-109.202,-37.501,-43.401,0.500
'[00:00:05.778 01/01/2011]',1.400,-188.503,-108.602,-37.901,-43.701,0.500
'[00:00:05.779 01/01/2011]',2.500,-188.203,-108.202,-38.101,-43.901,0.500
'[00:00:05.780 01/01/2011]',3.300,-187.603,-108.102,-38.001,-43.901,0.500
'[00:00:05.781 01/01/2011]',3.000,-186.903,-108.302,-37.701,-44.001,0.500
'[00:00:05.782 01/01/2011]',1.200,-186.503,-108.602,-37.501,-44.201,0.500
'[00:00:05.783 01/01/2011]',-1.600,-186.503,-108.702,-37.401,-44.701,0.500
'[00:00:05.784 01/01/2011]',-4.300,-186.703,-108.502,-37.701,-45.401,0.500
'[00:00:05.785 01/01/2011]',-5.600,-187.003,-108.202,-38.201,-46.201,0.500
'[00:00:05.786 01/01/2011]',-4.500,-187.003,-107.602,-38.601,-46.801,0.500
'[00:00:05.787 01/01/2011]',-1.400,-186.403,-106.902,-38.601,-47.101,0.500
'[00:00:05.788 01/01/2011]',2.400,-185.303,-106.202,-38.201,-46.901,0.500
'[00:00:05.789 01/01/2011]',5.200,-183.903,-105.702,-37.301,-46.301,0.500
'[00:00:05.790 01/01/2011]',5.600,-182.803,-105.602,-36.101,-45.701,0.500
'[00:00:05.791 01/01/2011]',3.500,-182.003,-105.802,-34.901,-45.401,0.500
'[00:00:05.792 01/01/2011]',-0.100,-181.603,-106.302,-34.001,-45.401,0.500
'[00:00:05.793 01/01/2011]',-3.400,-181.303,-106.902,-33.701,-45.801,0.500
'[00:00:05.794 01/01/2011]',-4.800,-180.803,-107.102,-33.901,-46.201,0.500
'[00:00:05.795 01/01/2011]',-3.600,-180.203,-107.002,-34.501,-46.501,0.500
'[00:00:05.796 01/01/2011]',-0.700,-179.303,-106.602,-35.301,-46.501,0.500
'[00:00:05.797 01/01/2011]',2.300,-178.403,-106.202,-36.001,-46.401,0.500
'[00:00:05.798 01/01/2011]',3.700,-177.603,-106.202,-36.401,-46.501,0.500
'[00:00:05.799 01/01/2011]',2.900,-177.103,-106.802,-36.501,-47.201,0.500
'[00:00:05.800 01/01/2011]',0.500,-176.803,-107.602,-36.501,-48.101,0.500
'[00:00:05.801 01/01/2011]',-2.200,-176.803,-108.402,-36.301,-48.801,0.500
'[00:00:05.802 01/01/2011]',-3.800,-176.903,-108.802,-36.001,-48.901,0.500
'[00:00:05.803 01/01/2011]',-3.900,-176.903,-108.402,-35.301,-48.001,0.500
'[00:00:05.804 01/01/2011]',-3.200,-176.603,-107.502,-34.101,-46.401,0.500
'[00:00:05.805 01/01/2011]',-3.100,-175.903,-106.302,-32.600,-44.801,0.500
'[00:00:05.806 01/01/2011]',-4.400,-174.803,-105.302,-31.100,-43.801,0.500
'[00:00:05.807 01/01/2011]',-6.800,-173.403,-105.002,-30.100,-43.701,0.500
'[00:00:05.808 01/01/2011]',-8.900,-172.303,-105.502,-30.000,-44.401,0.500
'[00:00:05.809 01/01/2011]',-9.100,-171.703,-106.602,-30.700,-45.301,0.500
'[00:00:05.810 01/01/2011]',-6.400,-171.603,-108.002,-32.000,-46.001,0.500
'[00:00:05.811 01/01/2011]',-1.300,-171.903,-109.302,-33.101,-46.301,0.500
'[00:00:05.812 01/01/2011]',4.100,-172.203,-110.202,-33.801,-46.301,0.500
'[00:00:05.813 01/01/2011]',7.600,-172.303,-110.502,-33.901,-46.101,0.500
'[00:00:05.814 01/01/2011]',7.800,-172.103,-110.502,-33.601,-46.201,0.500
'[00:00:05.815 01/01/2011]',4.900,-171.803,-110.102,-33.201,-46.301,0.500
'[00:00:05.816 01/01/2011]',1.000,-171.203,-109.702,-33.101,-46.501,0.500
'[00:00:05.817 01/01/2011]',-1.700,-170.603,-109.402,-33.201,-46.501,0.500
'[00:00:05.818 01/01/2011]',-1.900,-169.903,-109.102,-33.401,-46.401,0.500
'[00:00:05.819 01/01/2011]',0.200,-169.303,-108.802,-33.701,-46.201,0.500
'[00:00:05.820 01/01/2011]',2.800,-169.003,-108.502,-34.001,-46.401,0.500
'[00:00:05.821 01/01/2011]',3.800,-169.103,-108.202,-34.501,-47.101,0.500
'[00:00:05.822 01/01/2011]',2.600,-169.703,-108.202,-35.301,-48.501,0.500
'[00:00:05.823 01/01/2011]',-0.300,-170.503,-108.402,-36.401,-50.201,0.500
'[00:00:05.824 01/01/2011]',-3.000,-171.103,-108.902,-37.701,-51.801,0.500
'[00:00:05.825 01/01/2011]',-3.900,-171.403,-109.702,-38.901,-52.801,0.500
'[00:00:05.826 01/01/2011]',-2.700,-171.303,-110.402,-39.701,-53.301,0.500
'[00:00:05.827 01/01/2011]',-0.300,-171.203,-111.002,-40.101,-53.401,0.500
'[00:00:05.828 01/01/2011]',1.700,-171.503,-111.502,-40.201,-53.601,0.500
'[00:00:05.829 01/01/2011]',2.300,-172.403,-112.102,-40.201,-54.201,0.500
'[00:00:05.830 01/01/2011]',1.600,-173.903,-112.802,-40.401,-55.201,0.500
'[00:00:05.831 01/01/2011]',0.500,-175.603,-113.602,-40.801,-56.101,0.500
'[00:00:05.832 01/01/2011]',0.300,-177.203,-114.302,-41.301,-56.301,0.500
'[00:00:05.833 01/01/2011]',1.200,-178.503,-114.402,-41.301,-55.601,0.500
'[00:00:05.834 01/01/2011]',2.800,-179.403,-114.002,-40.701,-54.201,0.500
'[00:00:05.835 01/01/2011]',4.200,-179.703,-112.902,-39.401,-52.701,0.500
'[00:00:05.836 01/01/2011]',4.800,-179.303,-111.502,-37.901,-51.501,0.500
'[00:00:05.837 01/01/2011]',4.800,-178.403,-110.402,-36.601,-51.001,0.500
'[00:00:05.838 01/01/2011]',4.700,-177.003,-109.902,-35.801,-51.101,0.500
'[00:00:05.839 01/01/2011]',4.800,-175.703,-110.202,-35.701,-51.301,0.500
'[00:00:05.840 01/01/2011]',5.100,-174.803,-111.002,-36.101,-51.401,0.500
'[00:00:05.841 01/01/2011]',5.000,-174.703,-112.002,-36.801,-51.101,0.500
'[00:00:05.842 01/01/2011]',4.100,-175.203,-112.802,-37.401,-50.701,0.500
'[00:00:05.843 01/01/2011]',2.600,-176.103,-113.202,-37.801,-50.401,0.500
'[00:00:05.844 01/01/2011]',1.000,-177.003,-113.202,-37.901,-50.401,0.500
'[00:00:05.845 01/01/2011]',0.200,-177.703,-112.902,-37.501,-50.701,0.500
'[00:00:05.846 01/01/2011]',0.500,-177.903,-112.402,-36.601,-51.001,0.500
'[00:00:05.847 01/01/2011]',1.500,-177.603,-112.002,-35.401,-51.301,0.500
'[00:00:05.848 01/01/2011]',2.600,-177.103,-111.702,-34.301,-51.601,0.500
'[00:00:05.849 01/01/2011]',3.200,-176.503,-111.602,-33.701,-51.901,0.500
'[00:00:05.850 01/01/2011]',3.500,-176.203,-111.602,-33.901,-52.101,0.500
'[00:00:05.851 01/01/2011]',3.900,-176.403,-111.502,-34.801,-52.301,0.500
'[00:00:05.852 01/01/2011]',5.000,-177.203,-111.002,-36.101,-52.401,0.500
'[00:00:05.853 01/01/2011]',6.800,-178.303,-110.202,-37.301,-52.401,0.500
'[00:00:05.854 01/01/2011]',9.000,-179.403,-108.902,-38.101,-52.401,0.500
'[00:00:05.855 01/01/2011]',10.700,-180.103,-107.602,-38.501,-52.601,0.500
'[00:00:05.856 01/01/2011]',11.200,-180.203,-106.802,-38.601,-52.901,0.500
'[00:00:05.857 01/01/2011]',10.500,-179.903,-106.602,-38.801,-53.301,0.500
'[00:00:05.858 01/01/2011]',8.900,-179.503,-107.402,-38.901,-53.601,0.500
'[00:00:05.859 01/01/2011]',7.000,-179.403,-108.702,-38.801,-53.701,0.500
'[00:00:05.860 01/01/2011]',5.300,-179.703,-110.002,-38.501,-53.701,0.500
'[00:00:05.861 01/01/2011]',4.000,-180.303,-111.002,-38.101,-53.701,0.500
'[00:00:05.862 01/01/2011]',2.800,-180.703,-111.402,-37.901,-53.901,0.500
'[00:00:05.863 01/01/2011]',1.700,-180.703,-111.302,-38.101,-54.401,0.500
'[00:00:05.864 01/01/2011]',0.900,-180.203,-111.102,-38.801,-54.701,0.500
'[00:00:05.865 01/01/2011]',1.000,-179.503,-111.102,-39.501,-54.701,0.500
'[00:00:05.866 01/01/2011]',2.300,-179.003,-111.202,-39.501,-54.001,0.500
'[00:00:05.867 01/01/2011]',4.600,-179.003,-111.402,-38.601,-52.801,0.500
'[00:00:05.868 01/01/2011]',7.000,-179.303,-111.402,-37.001,-51.401,0.500
'[00:00:05.869 01/01/2011]',8.600,-179.903,-111.002,-35.401,-50.201,0.500
'[00:00:05.870 01/01/2011]',8.500,-180.503,-110.402,-34.301,-49.501,0.500
'[00:00:05.871 01/01/2011]',6.800,-181.003,-109.702,-34.201,-49.401,0.500
'[00:00:05.872 01/01/2011]',4.500,-181.603,-109.402,-34.601,-49.501,0.500
'[00:00:05.873 01/01/2011]',2.500,-182.203,-109.402,-35.101,-49.601,0.500
'[00:00:05.874 01/01/2011]',1.400,-182.703,-109.502,-35.201,-49.401,0.500
'[00:00:05.875 01/01/2011]',1.000,-183.103,-109.702,-35.001,-49.101,0.500
'[00:00:05.876 01/01/2011]',0.900,-183.203,-109.802,-34.901,-49.101,0.500
'[00:00:05.877 01/01/2011]',0.500,-183.003,-109.902,-35.301,-49.501,0.500
'[00:00:05.878 01/01/2011]',-0.100,-182.903,-110.402,-36.501,-50.501,0.500
'[00:00:05.879 01/01/2011]',-0.400,-183.003,-111.202,-38.001,-51.601,0.500
'[00:00:05.880 01/01/2011]',-0.100,-183.203,-112.302,-39.101,-52.801,0.500
'[00:00:05.881 01/01/2011]',0.700,-183.403,-113.402,-39.301,-53.701,0.500
'[00:00:05.882 01/01/2011]',1.400,-183.103,-114.102,-38.301,-54.301,0.500
'[00:00:05.883 01/01/2011]',1.600,-182.303,-114.502,-36.801,-54.601,0.500
'[00:00:05.884 01/01/2011]',1.200,-181.003,-114.502,-35.301,-54.701,0.500
'[00:00:05.885 01/01/2011]',0.900,-179.603,-114.302,-34.501,-54.601,0.500
'[00:00:05.886 01/01/2011]',1.300,-178.403,-114.002,-34.501,-54.201,0.500
'[00:00:05.887 01/01/2011]',2.500,-177.503,-113.302,-35.001,-53.601,0.500
'[00:00:05.888 01/01/2011]',4.000,-176.703,-112.202,-35.401,-52.701,0.500
'[00:00:05.889 01/01/2011]',4.800,-175.803,-110.802,-35.401,-51.801,0.500
'[00:00:05.890 01/01/2011]',4.600,-174.903,-109.602,-35.101,-51.001,0.500
'[00:00:05.891 01/01/2011]',3.800,-174.303,-109.102,-35.101,-50.401,0.500
'[00:00:05.892 01/01/2011]',3.200,-174.503,-109.702,-35.501,-50.101,0.500
'[00:00:05.893 01/01/2011]',3.400,-175.603,-111.102,-36.501,-50.101,0.500
'[00:00:05.894 01/01/2011]',4.200,-177.303,-112.702,-37.701,-50.201,0.500
'[00:00:05.895 01/01/2011]',4.500,-178.803,-113.502,-38.401,-50.301,0.500
'[00:00:05.896 01/01/2011]',3.600,-179.503,-113.102,-38.301,-50.101,0.500
'[00:00:05.897 01/01/2011]',1.200,-178.803,-111.702,-37.301,-49.501,0.500
'[00:00:05.898 01/01/2011]',-1.700,-177.203,-109.902,-35.701,-48.301,0.500
'[00:00:05.899 01/01/2011]',-3.700,-175.303,-108.602,-34.201,-46.801,0.500
'[00:00:05.900 01/01/2011]',-3.900,-174.003,-108.302,-33.201,-45.501,0.500
'[00:00:05.901 01/01/2011]',-2.500,-173.403,-109.102,-32.801,-44.601,0.500
'[00:00:05.902 01/01/2011]',-0.400,-173.603,-110.402,-32.801,-44.501,0.500
'[00:00:05.903 01/01/2011]',1.200,-174.003,-111.702,-33.101,-45.001,0.500
'[00:00:05.904 01/01/2011]',1.700,-174.403,-112.502,-33.201,-45.801,0.500
'[00:00:05.905 01/01/2011]',1.200,-174.503,-112.702,-33.001,-46.501,0.500
'[00:00:05.906 01/01/2011]',0.500,-174.503,-112.502,-32.901,-47.001,0.500
'[00:00:05.907 01/01/2011]',0.200,-174.503,-112.302,-32.901,-47.301,0.500
'[00:00:05.908 01/01/2011]',0.600,-174.803,-112.202,-33.401,-47.501,0.500
'[00:00:05.909 01/01/2011]',1.200,-175.403,-112.302,-34.501,-47.801,0.500
'[00:00:05.910 01/01/2011]',1.700,-176.403,-112.602,-36.101,-48.101,0.500
'[00:00:05.911 01/01/2011]',1.400,-177.703,-112.902,-37.801,-48.501,0.500
'[00:00:05.912 01/01/2011]',0.600,-179.303,-113.302,-38.901,-48.801,0.500
'[00:00:05.913 01/01/2011]',-0.400,-180.903,-113.902,-39.101,-49.101,0.500
'[00:00:05.914 01/01/2011]',-0.700,-182.103,-114.802,-38.301,-49.301,0.500
'[00:00:05.915 01/01/2011]',0.100,-182.703,-116.002,-36.601,-49.601,0.500
'[00:00:05.916 01/01/2011]',1.600,-182.603,-117.702,-34.801,-50.001,0.500
'[00:00:05.917 01/01/2011]',2.600,-182.103,-119.602,-33.501,-50.401,0.500
'[00:00:05.918 01/01/2011]',1.900,-181.603,-121.302,-32.901,-50.601,0.500
'[00:00:05.919 01/01/2011]',-1.200,-181.503,-122.702,-33.001,-50.601,0.500
'[00:00:05.920 01/01/2011]',-6.000,-182.003,-123.502,-33.501,-50.101,0.500
'[00:00:05.921 01/01/2011]',-10.900,-182.703,-123.802,-34.001,-49.301,0.500
'[00:00:05.922 01/01/2011]',-13.700,-183.503,-123.902,-34.301,-48.401,0.500
'[00:00:05.923 01/01/2011]',-13.400,-184.003,-124.002,-34.501,-47.701,0.500
'[00:00:05.924 01/01/2011]',-10.200,-184.403,-124.402,-34.701,-47.601,0.500
'[00:00:05.925 01/01/2011]',-5.700,-184.703,-124.902,-35.001,-48.101,0.500
'[00:00:05.926 01/01/2011]',-2.000,-185.103,-125.502,-35.401,-48.801,0.500
'[00:00:05.927 01/01/2011]',-0.100,-185.503,-125.802,-35.701,-49.201,0.500
'[00:00:05.928 01/01/2011]',-0.300,-185.603,-125.602,-35.701,-48.901,0.500
'[00:00:05.929 01/01/2011]',-1.900,-185.003,-124.902,-35.301,-47.701,0.500
'[00:00:05.930 01/01/2011]',-3.700,-183.703,-123.902,-34.401,-46.101,0.500
'[00:00:05.931 01/01/2011]',-5.100,-181.803,-122.902,-33.301,-44.601,0.500
'[00:00:05.932 01/01/2011]',-5.300,-180.103,-122.102,-32.200,-43.601,0.500
'[00:00:05.933 01/01/2011]',-4.300,-178.903,-121.602,-31.300,-43.401,0.500
'[00:00:05.934 01/01/2011]',-2.100,-178.503,-121.502,-30.900,-43.801,0.500
'[00:00:05.935 01/01/2011]',0.400,-178.903,-121.902,-31.000,-44.501,0.500
'[00:00:05.936 01/01/2011]',2.400,-179.503,-122.502,-31.700,-45.301,0.500
'[00:00:05.937 01/01/2011]',2.800,-180.003,-123.402,-32.600,-46.001,0.500
'[00:00:05.938 01/01/2011]',1.500,-180.203,-124.202,-33.501,-46.501,0.500
'[00:00:05.939 01/01/2011]',-0.700,-180.103,-124.602,-34.101,-46.701,0.500
'[00:00:05.940 01/01/2011]',-2.500,-179.903,-124.402,-34.101,-46.601,0.500
'[00:00:05.941 01/01/2011]',-2.800,-179.803,-123.702,-33.801,-46.201,0.500
'[00:00:05.942 01/01/2011]',-1.900,-180.003,-122.602,-33.301,-46.001,0.500
'[00:00:05.943 01/01/2011]',-0.800,-180.303,-121.502,-33.101,-46.201,0.500
'[00:00:05.944 01/01/2011]',-0.900,-180.903,-121.002,-33.501,-47.101,0.500
'[00:00:05.945 01/01/2011]',-2.600,-181.603,-121.502,-34.401,-48.401,0.500
'[00:00:05.946 01/01/2011]',-5.100,-182.503,-122.902,-35.601,-49.801,0.500
'[00:00:05.947 01/01/2011]',-6.400,-183.603,-124.802,-36.601,-50.801,0.500
'[00:00:05.948 01/01/2011]',-5.400,-184.603,-126.602,-37.101,-51.201,0.500
'[00:00:05.949 01/01/2011]',-2.000,-185.103,-127.602,-36.801,-50.801,0.500
'[00:00:05.950 01/01/2011]',2.300,-184.803,-127.702,-35.701,-49.901,0.500
'[00:00:05.951 01/01/2011]',5.200,-183.603,-127.002,-34.001,-48.801,0.500
'[00:00:05.952 01/01/2011]',5.500,-181.803,-125.902,-32.200,-47.601,0.500
'[00:00:05.953 01/01/2011]',3.000,-180.003,-125.102,-30.700,-46.501,0.500
'[00:00:05.954 01/01/2011]',-0.600,-178.703,-124.702,-29.800,-45.501,0.500
'[00:00:05.955 01/01/2011]',-3.100,-178.103,-124.602,-29.700,-44.601,0.500
'[00:00:05.956 01/01/2011]',-3.200,-178.103,-124.502,-30.100,-43.701,0.500
'[00:00:05.957 01/01/2011]',-1.000,-178.303,-124.002,-30.800,-42.801,0.500
'[00:00:05.958 01/01/2011]',2.000,-178.603,-122.702,-31.500,-42.101,0.500
'[00:00:05.959 01/01/2011]',3.700,-178.703,-120.902,-32.100,-41.601,0.500
'[00:00:05.960 01/01/2011]',2.800,-178.903,-119.002,-32.600,-41.601,0.500
'[00:00:05.961 01/01/2011]',-0.400,-179.403,-117.502,-33.201,-42.101,0.500
'[00:00:05.962 01/01/2011]',-4.300,-180.403,-116.602,-34.001,-43.001,0.500
'[00:00:05.963 01/01/2011]',-7.100,-181.903,-116.402,-34.701,-44.201,0.500
'[00:00:05.964 01/01/2011]',-7.600,-183.403,-116.502,-35.001,-45.101,0.500
'[00:00:05.965 01/01/2011]',-6.100,-184.703,-116.602,-34.701,-45.601,0.500
'[00:00:05.966 01/01/2011]',-3.900,-185.303,-116.502,-33.601,-45.501,0.500
'[00:00:05.967 01/01/2011]',-2.600,-185.503,-116.502,-32.200,-45.001,0.500
'[00:00:05.968 01/01/2011]',-2.700,-185.203,-116.602,-30.900,-44.501,0.500
'[00:00:05.969 01/01/2011]',-3.700,-184.903,-117.002,-30.000,-44.201,0.500
'[00:00:05.970 01/01/2011]',-4.400,-184.703,-117.602,-29.800,-44.201,0.500
'[00:00:05.971 01/01/2011]',-3.800,-184.403,-118.102,-29.800,-44.301,0.500
'[00:00:05.972 01/01/2011]',-2.000,-183.903,-118.502,-29.900,-44.401,0.500
'[00:00:05.973 01/01/2011]',0.000,-183.103,-118.702,-29.800,-44.201,0.500
'[00:00:05.974 01/01/2011]',1.100,-182.403,-119.102,-29.600,-43.801,0.500
'[00:00:05.975 01/01/2011]',0.900,-181.903,-120.002,-29.500,-43.301,0.500
'[00:00:05.976 01/01/2011]',-0.400,-182.103,-121.302,-29.600,-42.901,0.500
'[00:00:05.977 01/01/2011]',-1.600,-182.803,-122.802,-30.000,-42.701,0.500
'[00:00:05.978 01/01/2011]',-1.800,-183.603,-124.302,-30.400,-42.501,0.500
'[00:00:05.979 01/01/2011]',-0.700,-184.203,-125.402,-30.700,-42.201,0.500
'[00:00:05.980 01/01/2011]',1.100,-184.203,-125.802,-30.900,-41.701,0.500
'[00:00:05.981 01/01/2011]',2.400,-183.803,-125.602,-31.000,-41.101,0.500
'[00:00:05.982 01/01/2011]',2.500,-183.203,-125.202,-31.400,-40.701,0.500
'[00:00:05.983 01/01/2011]',1.200,-182.903,-124.702,-32.300,-40.901,0.500
'[00:00:05.984 01/01/2011]',-0.600,-182.703,-124.602,-33.501,-41.701,0.500
'[00:00:05.985 01/01/2011]',-1.500,-182.503,-124.902,-34.701,-42.701,0.500
'[00:00:05.986 01/01/2011]',-0.600,-182.203,-125.602,-35.401,-43.501,0.500
'[00:00:05.987 01/01/2011]',2.200,-181.503,-126.502,-35.301,-43.701,0.500
'[00:00:05.988 01/01/2011]',5.700,-180.903,-127.302,-34.401,-43.201,0.500
'[00:00:05.989 01/01/2011]',8.000,-180.603,-127.802,-33.101,-42.501,0.500
'[00:00:05.990 01/01/2011]',7.600,-180.903,-128.002,-31.700,-42.001,0.500
'[00:00:05.991 01/01/2011]',4.500,-181.703,-127.802,-30.700,-42.101,0.500
'[00:00:05.992 01/01/2011]',0.100,-182.403,-127.302,-30.000,-42.701,0.500
'[00:00:05.993 01/01/2011]',-3.400,-182.803,-126.802,-29.600,-43.301,0.500
'[00:00:05.994 01/01/2011]',-4.200,-182.603,-126.002,-29.200,-43.601,0.500
'[00:00:05.995 01/01/2011]',-2.300,-182.203,-124.902,-28.800,-43.201,0.500
'[00:00:05.996 01/01/2011]',0.900,-181.703,-123.302,-28.200,-42.101,0.500
'[00:00:05.997 01/01/2011]',3.800,-181.303,-121.202,-27.600,-40.801,0.500
'[00:00:05.998 01/01/2011]',5.000,-181.003,-118.702,-27.100,-39.401,0.500
'[00:00:05.999 01/01/2011]',4.700,-180.503,-116.302,-26.700,-38.501,0.500
'[00:00:06.000 01/01/2011]',3.800,-179.603,-114.402,-26.600,-38.001,0.500
'[00:00:06.001 01/01/2011]',3.100,-178.303,-113.102,-26.800,-38.101,0.500
'[00:00:06.002 01/01/2011]',2.900,-177.003,-112.302,-27.100,-38.601,0.500
'[00:00:06.003 01/01/2011]',2.700,-175.803,-111.802,-27.500,-39.201,0.500
'[00:00:06.004 01/01/2011]',1.900,-175.003,-111.402,-27.700,-39.701,0.500
'[00:00:06.005 01/01/2011]',0.700,-174.703,-111.002,-27.800,-40.001,0.500
'[00:00:06.006 01/01/2011]',-0.100,-174.703,-111.002,-27.800,-40.301,0.500
'[00:00:06.007 01/01/2011]',0.500,-175.103,-111.502,-27.900,-40.801,0.500
'[00:00:06.008 01/01/2011]',3.000,-175.803,-112.902,-28.400,-41.801,0.500
'[00:00:06.009 01/01/2011]',6.700,-177.103,-114.702,-29.100,-43.101,0.500
'[00:00:06.010 01/01/2011]',10.300,-178.803,-116.502,-29.500,-44.301,0.500
'[00:00:06.011 01/01/2011]',12.400,-180.503,-117.502,-29.000,-44.901,0.500
'[00:00:06.012 01/01/2011]',12.400,-181.803,-117.402,-27.400,-44.601,0.500
'[00:00:06.013 01/01/2011]',10.500,-182.303,-116.402,-25.100,-43.401,0.500
'[00:00:06.014 01/01/2011]',7.600,-181.903,-115.102,-22.900,-41.901,0.500
'[00:00:06.015 01/01/2011]',4.900,-181.103,-114.202,-21.700,-40.801,0.500
'[00:00:06.016 01/01/2011]',3.600,-180.403,-114.002,-22.100,-40.301,0.500
'[00:00:06.017 01/01/2011]',4.000,-180.503,-114.302,-23.700,-40.201,0.500
'[00:00:06.018 01/01/2011]',5.900,-181.103,-114.702,-25.700,-40.101,0.500
'[00:00:06.019 01/01/2011]',8.700,-182.003,-114.502,-27.000,-39.401,0.500
'[00:00:06.020 01/01/2011]',11.400,-182.303,-113.602,-27.000,-38.001,0.500
'[00:00:06.021 01/01/2011]',13.200,-181.903,-112.102,-25.900,-36.101,0.500
'[00:00:06.022 01/01/2011]',13.600,-180.703,-110.702,-23.900,-34.201,0.500
'[00:00:06.023 01/01/2011]',12.700,-179.303,-109.802,-21.900,-32.600,0.500
'[00:00:06.024 01/01/2011]',11.200,-178.003,-109.602,-20.300,-31.600,0.500
'[00:00:06.025 01/01/2011]',9.700,-177.303,-109.802,-19.400,-31.000,0.500
'[00:00:06.026 01/01/2011]',8.900,-176.903,-110.102,-19.200,-30.600,0.500
'[00:00:06.027 01/01/2011]',9.000,-176.903,-110.202,-19.400,-30.400,0.500
'[00:00:06.028 01/01/2011]',10.000,-177.103,-110.302,-19.800,-30.300,0.500
'[00:00:06.029 01/01/2011]',11.900,-177.403,-110.402,-20.100,-30.600,0.500
'[00:00:06.030 01/01/2011]',14.400,-178.103,-110.702,-20.300,-31.100,0.500
'[00:00:06.031 01/01/2011]',17.000,-179.003,-110.902,-20.300,-31.600,0.500
'[00:00:06.032 01/01/2011]',19.300,-180.003,-110.802,-20.200,-31.900,0.500
'[00:00:06.033 01/01/2011]',20.800,-180.603,-110.402,-20.200,-31.700,0.500
'[00:00:06.034 01/01/2011]',21.200,-180.703,-109.702,-20.300,-31.000,0.500
'[00:00:06.035 01/01/2011]',20.900,-180.103,-109.202,-20.700,-30.200,0.500
'[00:00:06.036 01/01/2011]',20.600,-179.303,-109.302,-21.200,-29.800,0.500
'[00:00:06.037 01/01/2011]',21.100,-178.603,-110.502,-21.700,-30.100,0.500
'[00:00:06.038 01/01/2011]',22.500,-178.603,-112.502,-22.100,-31.000,0.500
'[00:00:06.039 01/01/2011]',24.200,-179.503,-115.002,-22.200,-32.200,0.500
'[00:00:06.040 01/01/2011]',25.200,-181.103,-117.302,-22.000,-33.001,0.500
'[00:00:06.041 01/01/2011]',24.900,-183.003,-118.802,-21.400,-33.001,0.500
'[00:00:06.042 01/01/2011]',23.100,-184.603,-119.402,-20.500,-32.200,0.500
'[00:00:06.043 01/01/2011]',20.800,-185.403,-118.902,-19.300,-31.100,0.500
'[00:00:06.044 01/01/2011]',18.900,-185.203,-117.502,-17.900,-30.100,0.500
'[00:00:06.045 01/01/2011]',18.100,-184.203,-115.402,-16.600,-29.800,0.500
'[00:00:06.046 01/01/2011]',18.500,-182.803,-113.102,-15.600,-29.800,0.500
'[00:00:06.047 01/01/2011]',19.300,-181.503,-110.902,-15.100,-30.000,0.500
'[00:00:06.048 01/01/2011]',20.000,-180.603,-109.202,-15.300,-30.000,0.500
'[00:00:06.049 01/01/2011]',20.300,-180.203,-108.102,-16.100,-29.800,0.500
'[00:00:06.050 01/01/2011]',20.600,-180.403,-107.602,-17.200,-29.700,0.500
'[00:00:06.051 01/01/2011]',21.100,-181.003,-107.602,-18.500,-29.800,0.500
'[00:00:06.052 01/01/2011]',22.200,-181.703,-108.002,-19.500,-30.200,0.500
'[00:00:06.053 01/01/2011]',23.600,-182.303,-108.402,-20.100,-30.800,0.500
'[00:00:06.054 01/01/2011]',24.800,-182.703,-108.802,-20.400,-31.000,0.500
'[00:00:06.055 01/01/2011]',25.100,-182.603,-109.102,-20.500,-30.900,0.500
'[00:00:06.056 01/01/2011]',24.200,-182.103,-109.302,-20.600,-30.300,0.500
'[00:00:06.057 01/01/2011]',22.200,-181.503,-109.702,-20.700,-29.600,0.500
'[00:00:06.058 01/01/2011]',19.500,-181.203,-110.202,-20.800,-29.200,0.500
'[00:00:06.059 01/01/2011]',16.600,-181.603,-111.002,-20.400,-29.000,0.500
'[00:00:06.060 01/01/2011]',14.200,-182.803,-112.102,-19.500,-29.000,0.500
'[00:00:06.061 01/01/2011]',12.700,-184.703,-113.202,-18.300,-29.100,0.500
'[00:00:06.062 01/01/2011]',12.400,-186.603,-114.102,-17.200,-29.000,0.500
'[00:00:06.063 01/01/2011]',13.200,-187.903,-114.602,-16.700,-29.000,0.500
'[00:00:06.064 01/01/2011]',14.400,-188.103,-114.602,-16.900,-29.000,0.500
'[00:00:06.065 01/01/2011]',15.300,-187.203,-114.302,-17.600,-29.300,0.500
'[00:00:06.066 01/01/2011]',15.100,-185.503,-113.802,-18.300,-29.600,0.500
'[00:00:06.067 01/01/2011]',13.700,-183.603,-113.202,-18.500,-29.700,0.500
'[00:00:06.068 01/01/2011]',11.900,-181.903,-112.802,-18.200,-29.600,0.500
'[00:00:06.069 01/01/2011]',10.300,-180.803,-112.602,-17.400,-29.300,0.500
'[00:00:06.070 01/01/2011]',9.800,-180.303,-112.402,-16.800,-28.800,0.500
'[00:00:06.071 01/01/2011]',10.400,-180.203,-112.302,-16.600,-28.500,0.500
'[00:00:06.072 01/01/2011]',11.800,-180.203,-112.302,-16.900,-28.500,0.500
'[00:00:06.073 01/01/2011]',13.300,-179.903,-112.302,-17.700,-28.800,0.500
'[00:00:06.074 01/01/2011]',14.500,-179.303,-112.402,-18.600,-29.500,0.500
'[00:00:06.075 01/01/2011]',15.200,-178.503,-112.502,-19.400,-30.300,0.500
'[00:00:06.076 01/01/2011]',15.000,-177.803,-112.602,-20.000,-31.100,0.500
'[00:00:06.077 01/01/2011]',13.900,-177.403,-112.702,-20.400,-31.900,0.500
'[00:00:06.078 01/01/2011]',11.600,-177.303,-112.602,-20.400,-32.500,0.500
'[00:00:06.079 01/01/2011]',8.000,-177.603,-112.602,-20.400,-32.901,0.500
'[00:00:06.080 01/01/2011]',3.900,-177.903,-112.502,-20.200,-32.801,0.500
'[00:00:06.081 01/01/2011]',0.100,-178.203,-112.502,-19.900,-32.100,0.500
'[00:00:06.082 01/01/2011]',-2.100,-178.103,-112.502,-19.700,-30.900,0.500
'[00:00:06.083 01/01/2011]',-2.300,-177.503,-112.202,-19.500,-29.400,0.500
'[00:00:06.084 01/01/2011]',-1.000,-176.603,-111.702,-19.100,-27.800,0.500
'[00:00:06.085 01/01/2011]',0.800,-175.303,-110.802,-18.400,-26.500,0.500
'[00:00:06.086 01/01/2011]',1.700,-173.803,-109.802,-17.500,-25.500,0.500
'[00:00:06.087 01/01/2011]',1.300,-172.203,-108.902,-16.500,-24.900,0.500
'[00:00:06.088 01/01/2011]',0.100,-170.703,-108.302,-15.900,-24.600,0.500
'[00:00:06.089 01/01/2011]',-0.900,-169.703,-108.402,-15.800,-24.300,0.500
'[00:00:06.090 01/01/2011]',-1.000,-169.303,-109.102,-16.200,-24.200,0.500
'[00:00:06.091 01/01/2011]',0.000,-169.503,-110.402,-17.100,-24.100,0.500
'[00:00:06.092 01/01/2011]',1.300,-170.403,-112.102,-17.800,-24.100,0.500
'[00:00:06.093 01/01/2011]',2.000,-171.503,-113.802,-18.200,-24.400,0.500
'[00:00:06.094 01/01/2011]',2.100,-172.603,-115.302,-18.200,-24.700,0.500
'[00:00:06.095 01/01/2011]',1.900,-173.403,-116.402,-18.100,-25.100,0.500
'[00:00:06.096 01/01/2011]',2.000,-173.503,-116.902,-18.200,-25.300,0.500
'[00:00:06.097 01/01/2011]',2.600,-173.003,-116.902,-18.900,-25.300,0.500
'[00:00:06.098 01/01/2011]',3.200,-172.203,-116.402,-19.900,-25.300,0.500
'[00:00:06.099 01/01/2011]',2.700,-171.403,-115.602,-21.000,-25.100,0.500
'[00:00:06.100 01/01/2011]',0.600,-171.103,-114.602,-21.600,-25.000,0.500
'[00:00:06.101 01/01/2011]',-2.500,-171.403,-113.702,-21.700,-24.800,0.500
'[00:00:06.102 01/01/2011]',-5.500,-172.403,-113.002,-21.200,-24.500,0.500
'[00:00:06.103 01/01/2011]',-6.900,-173.703,-112.502,-20.700,-24.300,0.500
'[00:00:06.104 01/01/2011]',-6.300,-174.803,-111.802,-20.600,-24.000,0.500
'[00:00:06.105 01/01/2011]',-4.300,-175.403,-110.802,-21.000,-23.900,0.500
'[00:00:06.106 01/01/2011]',-2.100,-175.303,-109.202,-21.900,-23.800,0.500
'[00:00:06.107 01/01/2011]',-0.800,-174.803,-107.002,-22.700,-23.800,0.500
'[00:00:06.108 01/01/2011]',-0.800,-174.203,-104.402,-23.000,-23.500,0.500
'[00:00:06.109 01/01/2011]',-1.400,-173.903,-102.002,-22.500,-23.000,0.500
'[00:00:06.110 01/01/2011]',-1.500,-173.603,-100.002,-21.300,-22.300,0.500
'[00:00:06.111 01/01/2011]',-0.500,-173.403,-98.402,-19.800,-21.700,0.500
'[00:00:06.112 01/01/2011]',1.400,-173.003,-97.301,-18.300,-21.500,0.500
'[00:00:06.113 01/01/2011]',3.400,-172.403,-96.301,-17.000,-21.700,0.500
'[00:00:06.114 01/01/2011]',4.700,-171.803,-95.501,-16.100,-22.300,0.500
'[00:00:06.115 01/01/2011]',4.800,-171.503,-94.601,-15.400,-22.900,0.500
'[00:00:06.116 01/01/2011]',4.100,-171.503,-93.801,-14.900,-23.200,0.500
'[00:00:06.117 01/01/2011]',3.100,-171.403,-93.201,-14.400,-22.900,0.500
'[00:00:06.118 01/01/2011]',2.200,-171.103,-92.901,-14.000,-22.300,0.500
'[00:00:06.119 01/01/2011]',1.800,-170.303,-93.201,-13.700,-21.500,0.500
'[00:00:06.120 01/01/2011]',1.800,-169.203,-94.001,-13.700,-20.900,0.500
'[00:00:06.121 01/01/2011]',2.100,-168.303,-95.201,-14.100,-20.900,0.500
'[00:00:06.122 01/01/2011]',2.400,-168.103,-96.501,-14.900,-21.300,0.500
'[00:00:06.123 01/01/2011]',2.500,-168.703,-97.401,-16.100,-22.200,0.500
'[00:00:06.124 01/01/2011]',2.200,-169.803,-97.901,-17.500,-23.400,0.500
'[00:00:06.125 01/01/2011]',1.500,-171.003,-97.901,-19.000,-24.800,0.500
'[00:00:06.126 01/01/2011]',0.700,-171.903,-97.801,-20.300,-26.400,0.500
'[00:00:06.127 01/01/2011]',0.300,-172.303,-97.801,-21.100,-27.700,0.500
'[00:00:06.128 01/01/2011]',0.800,-172.503,-97.801,-21.200,-28.400,0.500
'[00:00:06.129 01/01/2011]',1.900,-172.503,-97.601,-20.300,-28.200,0.500
'[00:00:06.130 01/01/2011]',3.200,-171.903,-96.801,-18.500,-26.900,0.500
'[00:00:06.131 01/01/2011]',3.500,-170.503,-95.301,-16.200,-24.700,0.500
'[00:00:06.132 01/01/2011]',2.700,-168.303,-93.301,-14.000,-22.300,0.500
'[00:00:06.133 01/01/2011]',1.200,-165.303,-91.101,-12.600,-20.500,0.500
'[00:00:06.134 01/01/2011]',0.300,-162.302,-89.201,-12.100,-19.500,0.500
'[00:00:06.135 01/01/2011]',1.000,-159.902,-87.501,-12.500,-19.500,0.500
'[00:00:06.136 01/01/2011]',3.600,-158.702,-85.901,-13.200,-19.900,0.500
'[00:00:06.137 01/01/2011]',7.200,-158.702,-84.101,-13.600,-20.300,0.500
'[00:00:06.138 01/01/2011]',10.000,-159.502,-82.001,-13.400,-20.300,0.500
'[00:00:06.139 01/01/2011]',10.600,-160.702,-80.201,-12.700,-20.000,0.500
'[00:00:06.140 01/01/2011]',8.600,-161.802,-79.001,-12.000,-19.600,0.500
'[00:00:06.141 01/01/2011]',5.000,-162.702,-78.701,-11.700,-19.500,0.500
'[00:00:06.142 01/01/2011]',1.100,-163.302,-78.901,-12.000,-19.700,0.500
'[00:00:06.143 01/01/2011]',-2.000,-163.602,-79.001,-12.700,-19.900,0.500
'[00:00:06.144 01/01/2011]',-4.100,-163.602,-78.701,-13.600,-20.000,0.500
'[00:00:06.145 01/01/2011]',-5.400,-163.502,-78.001,-14.300,-19.800,0.500
'[00:00:06.146 01/01/2011]',-6.300,-163.602,-77.401,-14.700,-19.400,0.500
'[00:00:06.147 01/01/2011]',-6.900,-163.903,-77.501,-14.600,-18.800,0.500
'[00:00:06.148 01/01/2011]',-6.800,-164.203,-78.401,-13.800,-18.100,0.500
'[00:00:06.149 01/01/2011]',-5.600,-164.303,-79.501,-12.200,-17.200,0.500
'[00:00:06.150 01/01/2011]',-3.100,-163.402,-79.901,-9.700,-15.800,0.500
'[00:00:06.151 01/01/2011]',0.400,-161.502,-78.901,-6.500,-13.800,0.500
'[00:00:06.152 01/01/2011]',3.900,-158.702,-76.501,-3.300,-11.500,0.500
'[00:00:06.153 01/01/2011]',6.500,-155.502,-73.601,-0.600,-9.300,0.500
'[00:00:06.154 01/01/2011]',7.500,-152.702,-71.201,1.100,-7.400,0.500
'[00:00:06.155 01/01/2011]',7.000,-150.702,-69.801,2.000,-6.000,0.500
'[00:00:06.156 01/01/2011]',5.600,-149.302,-69.301,2.500,-4.800,0.500
'[00:00:06.157 01/01/2011]',4.300,-148.202,-69.101,3.100,-3.700,0.500
'[00:00:06.158 01/01/2011]',4.300,-146.802,-68.701,4.100,-2.700,0.500
'[00:00:06.159 01/01/2011]',5.700,-145.202,-67.801,5.000,-1.900,0.500
'[00:00:06.160 01/01/2011]',8.100,-143.502,-67.101,5.500,-1.800,0.500
'[00:00:06.161 01/01/2011]',10.200,-142.302,-67.101,5.100,-2.400,0.500
'[00:00:06.162 01/01/2011]',10.900,-141.802,-68.201,4.100,-3.400,0.500
'[00:00:06.163 01/01/2011]',9.600,-142.002,-70.001,3.200,-4.300,0.500
'[00:00:06.164 01/01/2011]',6.600,-142.802,-71.801,3.000,-4.300,0.500
'[00:00:06.165 01/01/2011]',2.600,-144.002,-72.701,4.100,-3.100,0.500
'[00:00:06.166 01/01/2011]',-1.500,-145.702,-72.601,6.500,-0.900,0.500
'[00:00:06.167 01/01/2011]',-5.100,-147.902,-71.701,9.600,2.000,0.500
'[00:00:06.168 01/01/2011]',-7.800,-150.502,-70.601,12.600,5.200,0.500
'[00:00:06.169 01/01/2011]',-9.100,-153.302,-69.701,15.100,8.700,0.500
'[00:00:06.170 01/01/2011]',-8.100,-155.802,-68.901,16.900,12.600,0.500
'[00:00:06.171 01/01/2011]',-3.800,-157.802,-68.001,18.200,17.100,0.500
'[00:00:06.172 01/01/2011]',3.700,-159.202,-66.901,19.200,21.900,0.500
'[00:00:06.173 01/01/2011]',13.300,-160.502,-65.501,20.100,26.900,0.500
'[00:00:06.174 01/01/2011]',23.300,-162.102,-64.401,20.900,31.500,0.500
'[00:00:06.175 01/01/2011]',32.500,-164.503,-63.701,21.900,35.901,0.500
'[00:00:06.176 01/01/2011]',41.201,-167.403,-63.301,23.000,40.301,0.500
'[00:00:06.177 01/01/2011]',51.601,-170.603,-62.901,24.600,45.101,0.500
'[00:00:06.178 01/01/2011]',66.201,-173.503,-61.901,26.600,50.501,0.500
'[00:00:06.179 01/01/2011]',85.901,-176.003,-60.401,28.500,56.001,0.500
'[00:00:06.180 01/01/2011]',109.002,-178.503,-59.201,29.600,60.401,0.500
'[00:00:06.181 01/01/2011]',131.002,-181.603,-59.301,29.000,62.401,0.500
'[00:00:06.182 01/01/2011]',146.802,-185.703,-61.901,26.200,61.501,0.500
'[00:00:06.183 01/01/2011]',153.102,-191.003,-66.901,21.200,57.701,0.500
'[00:00:06.184 01/01/2011]',149.702,-197.103,-73.401,14.900,52.201,0.500
'[00:00:06.185 01/01/2011]',139.502,-203.003,-80.101,8.500,46.201,0.500
'[00:00:06.186 01/01/2011]',126.002,-207.903,-85.601,3.100,40.701,0.500
'[00:00:06.187 01/01/2011]',112.202,-211.503,-89.601,-1.100,35.801,0.500
'[00:00:06.188 01/01/2011]',98.201,-213.803,-92.701,-4.600,30.800,0.500
'[00:00:06.189 01/01/2011]',82.601,-215.403,-96.001,-8.000,24.900,0.500
'[00:00:06.190 01/01/2011]',63.301,-217.303,-100.202,-12.200,17.500,0.500
'[00:00:06.191 01/01/2011]',39.301,-219.903,-105.602,-17.100,8.900,0.500
'[00:00:06.192 01/01/2011]',11.700,-223.303,-111.502,-22.300,-0.200,0.500
'[00:00:06.193 01/01/2011]',-17.200,-226.603,-116.902,-26.800,-8.600,0.500
'[00:00:06.194 01/01/2011]',-44.201,-228.903,-120.802,-30.000,-15.500,0.500
'[00:00:06.195 01/01/2011]',-66.701,-229.103,-122.702,-32.000,-20.800,0.500
'[00:00:06.196 01/01/2011]',-83.501,-227.003,-122.702,-33.101,-24.900,0.500
'[00:00:06.197 01/01/2011]',-93.801,-223.003,-121.402,-34.301,-28.700,0.500
'[00:00:06.198 01/01/2011]',-97.901,-217.803,-119.502,-35.601,-32.500,0.500
'[00:00:06.199 01/01/2011]',-96.301,-212.303,-117.502,-36.901,-36.301,0.500
'[00:00:06.200 01/01/2011]',-90.201,-206.703,-115.402,-37.601,-39.701,0.500
'[00:00:06.201 01/01/2011]',-80.801,-201.103,-113.002,-37.201,-42.101,0.500
'[00:00:06.202 01/01/2011]',-70.001,-195.203,-110.202,-35.801,-43.201,0.500
'[00:00:06.203 01/01/2011]',-59.001,-189.103,-107.102,-34.101,-43.201,0.500
'[00:00:06.204 01/01/2011]',-48.901,-183.303,-104.102,-32.700,-42.301,0.500
'[00:00:06.205 01/01/2011]',-39.401,-178.403,-101.702,-32.100,-41.101,0.500
'[00:00:06.206 01/01/2011]',-29.900,-175.003,-100.302,-32.000,-39.801,0.500
'[00:00:06.207 01/01/2011]',-19.800,-173.103,-99.602,-31.900,-38.401,0.500
'[00:00:06.208 01/01/2011]',-9.000,-172.003,-99.302,-31.100,-36.801,0.500
'[00:00:06.209 01/01/2011]',1.500,-171.003,-98.802,-29.400,-35.201,0.500
'[00:00:06.210 01/01/2011]',10.100,-169.403,-98.001,-26.900,-33.601,0.500
'[00:00:06.211 01/01/2011]',15.500,-167.203,-96.901,-24.400,-32.200,0.500
'[00:00:06.212 01/01/2011]',17.100,-164.803,-95.901,-22.500,-31.200,0.500
'[00:00:06.213 01/01/2011]',15.600,-162.702,-95.301,-21.300,-30.600,0.500
'[00:00:06.214 01/01/2011]',12.600,-161.402,-95.101,-20.800,-30.100,0.500
'[00:00:06.215 01/01/2011]',10.100,-160.702,-95.101,-20.400,-29.600,0.500
'[00:00:06.216 01/01/2011]',9.500,-160.202,-94.801,-19.600,-28.900,0.500
'[00:00:06.217 01/01/2011]',10.900,-159.302,-94.001,-18.300,-28.100,0.500
'[00:00:06.218 01/01/2011]',13.300,-157.802,-92.901,-16.700,-27.200,0.500
'[00:00:06.219 01/01/2011]',15.300,-156.002,-91.901,-15.100,-26.400,0.500
'[00:00:06.220 01/01/2011]',15.600,-154.402,-91.301,-14.000,-25.700,0.500
'[00:00:06.221 01/01/2011]',13.900,-153.402,-91.501,-13.500,-25.200,0.500
'[00:00:06.222 01/01/2011]',11.100,-153.002,-92.201,-13.300,-24.800,0.500
'[00:00:06.223 01/01/2011]',8.300,-153.002,-93.001,-13.000,-24.200,0.500
'[00:00:06.224 01/01/2011]',6.600,-152.802,-93.201,-12.000,-22.800,0.500
'[00:00:06.225 01/01/2011]',6.000,-151.802,-92.501,-10.100,-20.700,0.500
'[00:00:06.226 01/01/2011]',5.900,-150.002,-90.801,-7.400,-17.800,0.500
'[00:00:06.227 01/01/2011]',5.700,-147.702,-88.501,-4.300,-14.600,0.500
'[00:00:06.228 01/01/2011]',5.000,-145.402,-86.301,-1.500,-11.800,0.500
'[00:00:06.229 01/01/2011]',3.900,-143.802,-84.701,0.400,-9.700,0.500
'[00:00:06.230 01/01/2011]',3.000,-143.002,-83.901,1.300,-8.500,0.500
'[00:00:06.231 01/01/2011]',2.600,-142.702,-83.701,1.400,-7.500,0.500
'[00:00:06.232 01/01/2011]',2.700,-142.502,-83.501,0.900,-6.400,0.500
'[00:00:06.233 01/01/2011]',3.100,-142.002,-82.901,0.600,-4.700,0.500
'[00:00:06.234 01/01/2011]',3.300,-141.302,-81.701,0.800,-2.500,0.500
'[00:00:06.235 01/01/2011]',3.500,-140.402,-80.101,1.500,-0.200,0.500
'[00:00:06.236 01/01/2011]',3.700,-140.002,-78.301,2.600,1.800,0.500
'[00:00:06.237 01/01/2011]',4.100,-140.102,-76.701,3.800,3.200,0.500
'[00:00:06.238 01/01/2011]',4.300,-140.802,-75.701,4.700,4.000,0.500
'[00:00:06.239 01/01/2011]',4.000,-141.702,-75.101,5.400,4.600,0.500
'[00:00:06.240 01/01/2011]',3.100,-142.302,-74.901,5.800,5.200,0.500
'[00:00:06.241 01/01/2011]',1.700,-142.402,-75.001,6.200,6.000,0.500
'[00:00:06.242 01/01/2011]',0.500,-141.902,-75.201,6.500,6.700,0.500
'[00:00:06.243 01/01/2011]',-0.200,-140.702,-75.501,6.800,7.400,0.500
'[00:00:06.244 01/01/2011]',-0.100,-139.302,-75.501,7.100,7.800,0.500
'[00:00:06.245 01/01/2011]',0.300,-137.902,-75.201,7.300,8.100,0.500
'[00:00:06.246 01/01/2011]',0.700,-136.802,-74.501,7.600,8.600,0.500
'[00:00:06.247 01/01/2011]',1.000,-135.902,-73.401,8.100,9.400,0.500
'[00:00:06.248 01/01/2011]',1.600,-135.202,-72.101,9.000,10.400,0.500
'[00:00:06.249 01/01/2011]',2.900,-134.302,-71.001,9.900,11.600,0.500
'[00:00:06.250 01/01/2011]',4.700,-133.402,-70.201,10.400,12.500,0.500
'[00:00:06.251 01/01/2011]',6.200,-132.302,-69.901,10.300,13.100,0.500
'[00:00:06.252 01/01/2011]',6.600,-131.402,-70.101,9.600,13.400,0.500
'[00:00:06.253 01/01/2011]',5.500,-131.002,-70.601,8.600,13.800,0.500
'[00:00:06.254 01/01/2011]',3.600,-131.102,-71.101,7.800,14.300,0.500
'[00:00:06.255 01/01/2011]',2.100,-131.502,-71.301,7.700,15.100,0.500
'[00:00:06.256 01/01/2011]',2.100,-131.902,-71.301,8.300,16.000,0.500
'[00:00:06.257 01/01/2011]',3.400,-131.902,-71.001,9.600,16.800,0.500
'[00:00:06.258 01/01/2011]',5.000,-131.302,-70.601,11.100,17.300,0.500
'[00:00:06.259 01/01/2011]',5.300,-130.402,-70.001,12.300,17.400,0.500
'[00:00:06.260 01/01/2011]',3.500,-129.702,-69.601,13.000,17.200,0.500
'[00:00:06.261 01/01/2011]',0.100,-129.302,-69.401,13.100,16.800,0.500
'[00:00:06.262 01/01/2011]',-3.100,-129.402,-69.601,12.700,16.400,0.500
'[00:00:06.263 01/01/2011]',-4.400,-129.702,-70.201,12.300,16.100,0.500
'[00:00:06.264 01/01/2011]',-3.000,-129.802,-71.101,12.100,16.200,0.500
'[00:00:06.265 01/01/2011]',0.000,-129.602,-71.901,12.100,16.600,0.500
'[00:00:06.266 01/01/2011]',2.800,-129.102,-72.501,12.600,17.300,0.500
'[00:00:06.267 01/01/2011]',3.800,-128.602,-72.601,13.100,18.000,0.500
'[00:00:06.268 01/01/2011]',2.500,-128.402,-72.401,13.500,18.200,0.500
'[00:00:06.269 01/01/2011]',-0.100,-128.602,-72.001,13.500,17.700,0.500
'[00:00:06.270 01/01/2011]',-2.200,-129.002,-71.501,13.100,16.500,0.500
'[00:00:06.271 01/01/2011]',-2.500,-129.402,-71.001,12.800,15.100,0.500
'[00:00:06.272 01/01/2011]',-0.900,-129.502,-70.201,12.600,14.200,0.500
'[00:00:06.273 01/01/2011]',1.800,-129.202,-69.101,12.900,14.100,0.500
'[00:00:06.274 01/01/2011]',4.000,-128.502,-67.601,13.400,14.800,0.500
'[00:00:06.275 01/01/2011]',5.200,-127.502,-66.301,13.700,16.000,0.500
'[00:00:06.276 01/01/2011]',5.200,-126.302,-65.501,13.500,17.100,0.500
'[00:00:06.277 01/01/2011]',4.300,-124.902,-65.201,12.900,17.700,0.500
'[00:00:06.278 01/01/2011]',3.000,-123.202,-65.401,12.100,17.900,0.500
'[00:00:06.279 01/01/2011]',1.500,-121.602,-65.701,11.700,18.100,0.500
'[00:00:06.280 01/01/2011]',-0.200,-120.402,-65.801,11.900,18.500,0.500
'[00:00:06.281 01/01/2011]',-1.900,-119.902,-65.801,12.800,19.400,0.500
'[00:00:06.282 01/01/2011]',-3.100,-120.102,-65.601,14.100,20.500,0.500
'[00:00:06.283 01/01/2011]',-3.100,-120.802,-65.701,15.400,21.700,0.500
'[00:00:06.284 01/01/2011]',-1.700,-121.402,-65.901,16.500,22.800,0.500
'[00:00:06.285 01/01/2011]',0.400,-121.402,-66.001,17.400,23.700,0.500
'[00:00:06.286 01/01/2011]',2.200,-120.702,-65.801,18.000,24.500,0.500
'[00:00:06.287 01/01/2011]',2.700,-119.502,-65.301,18.300,25.200,0.500
'[00:00:06.288 01/01/2011]',1.600,-118.102,-64.601,18.100,25.700,0.500
'[00:00:06.289 01/01/2011]',-0.400,-117.002,-63.901,17.400,26.100,0.500
'[00:00:06.290 01/01/2011]',-2.100,-116.402,-63.301,16.400,26.200,0.500
'[00:00:06.291 01/01/2011]',-2.500,-116.102,-62.801,15.400,26.100,0.500
'[00:00:06.292 01/01/2011]',-1.200,-116.102,-62.401,14.600,25.700,0.500
'[00:00:06.293 01/01/2011]',1.000,-116.302,-62.101,14.200,25.400,0.500
'[00:00:06.294 01/01/2011]',3.200,-116.902,-62.201,13.900,25.000,0.500
'[00:00:06.295 01/01/2011]',4.500,-117.802,-63.001,13.600,24.800,0.500
'[00:00:06.296 01/01/2011]',4.900,-119.202,-64.401,13.300,24.900,0.500
'[00:00:06.297 01/01/2011]',4.700,-120.702,-66.001,13.500,25.400,0.500
'[00:00:06.298 01/01/2011]',4.200,-121.802,-67.201,14.400,26.300,0.500
'[00:00:06.299 01/01/2011]',3.700,-122.302,-67.401,16.200,27.300,0.500
'[00:00:06.300 01/01/2011]',2.600,-122.102,-66.601,18.200,28.200,0.500
'[00:00:06.301 01/01/2011]',0.700,-121.302,-65.001,19.900,28.600,0.500
'[00:00:06.302 01/01/2011]',-2.000,-120.502,-63.501,20.500,28.400,0.500
'[00:00:06.303 01/01/2011]',-4.500,-119.802,-62.501,20.000,27.800,0.500
'[00:00:06.304 01/01/2011]',-5.500,-119.402,-62.401,18.900,27.100,0.500
'[00:00:06.305 01/01/2011]',-3.700,-119.202,-63.001,17.900,26.900,0.500
'[00:00:06.306 01/01/2011]',0.600,-118.902,-63.801,17.800,27.500,0.500
'[00:00:06.307 01/01/2011]',6.100,-118.302,-64.401,18.600,28.800,0.500
'[00:00:06.308 01/01/2011]',10.600,-117.502,-64.601,20.200,30.400,0.500
'[00:00:06.309 01/01/2011]',12.000,-116.702,-64.201,21.800,31.800,0.500
'[00:00:06.310 01/01/2011]',10.100,-115.802,-63.301,23.000,32.700,0.500
'[00:00:06.311 01/01/2011]',6.100,-114.902,-62.101,23.500,32.801,0.500
'[00:00:06.312 01/01/2011]',2.300,-114.002,-60.601,23.500,32.500,0.500
'[00:00:06.313 01/01/2011]',0.800,-112.802,-59.001,23.500,32.200,0.500
'[00:00:06.314 01/01/2011]',2.000,-111.202,-57.401,23.800,32.400,0.500
'[00:00:06.315 01/01/2011]',4.600,-109.602,-55.901,24.600,33.201,0.500
'[00:00:06.316 01/01/2011]',6.500,-108.102,-54.801,25.700,34.501,0.500
'[00:00:06.317 01/01/2011]',6.000,-107.002,-54.201,26.600,35.901,0.500
'[00:00:06.318 01/01/2011]',3.100,-106.702,-54.101,26.900,36.801,0.500
'[00:00:06.319 01/01/2011]',-0.500,-107.002,-54.301,26.200,36.901,0.500
'[00:00:06.320 01/01/2011]',-2.700,-107.402,-54.501,24.700,36.201,0.500
'[00:00:06.321 01/01/2011]',-2.300,-107.702,-54.501,22.700,35.201,0.500
'[00:00:06.322 01/01/2011]',0.300,-107.602,-54.201,21.200,34.001,0.500
'[00:00:06.323 01/01/2011]',3.600,-107.402,-53.901,20.500,32.901,0.500
'[00:00:06.324 01/01/2011]',5.600,-107.402,-54.001,20.500,31.600,0.500
'[00:00:06.325 01/01/2011]',5.500,-108.002,-54.901,20.800,30.100,0.500
'[00:00:06.326 01/01/2011]',3.800,-109.102,-56.501,20.500,28.300,0.500
'[00:00:06.327 01/01/2011]',1.900,-110.302,-58.201,19.100,26.500,0.500
'[00:00:06.328 01/01/2011]',1.300,-110.902,-59.401,17.000,25.200,0.500
'[00:00:06.329 01/01/2011]',2.200,-110.602,-59.401,14.900,25.000,0.500
'[00:00:06.330 01/01/2011]',4.100,-109.602,-58.201,13.800,25.900,0.500
'[00:00:06.331 01/01/2011]',6.100,-108.402,-56.301,14.300,27.600,0.500
'[00:00:06.332 01/01/2011]',7.300,-107.802,-54.401,16.300,29.600,0.500
'[00:00:06.333 01/01/2011]',7.800,-108.002,-53.201,19.100,31.200,0.500
'[00:00:06.334 01/01/2011]',7.700,-108.802,-52.701,21.800,32.400,0.500
'[00:00:06.335 01/01/2011]',7.200,-109.602,-52.801,24.000,33.201,0.500
'[00:00:06.336 01/01/2011]',6.200,-110.102,-53.001,25.500,34.001,0.500
'[00:00:06.337 01/01/2011]',4.300,-109.902,-53.001,26.600,34.901,0.500
'[00:00:06.338 01/01/2011]',1.600,-109.302,-52.601,27.600,35.901,0.500
'[00:00:06.339 01/01/2011]',-1.200,-108.602,-51.801,28.500,36.801,0.500
'[00:00:06.340 01/01/2011]',-3.100,-108.302,-50.801,29.300,37.401,0.500
'[00:00:06.341 01/01/2011]',-3.400,-108.402,-49.701,29.600,37.501,0.500
'[00:00:06.342 01/01/2011]',-2.200,-109.102,-48.901,29.300,37.201,0.500
'[00:00:06.343 01/01/2011]',-0.300,-110.002,-48.701,28.400,36.601,0.500
'[00:00:06.344 01/01/2011]',1.400,-110.902,-49.201,27.400,35.901,0.500
'[00:00:06.345 01/01/2011]',2.100,-111.702,-50.301,26.600,35.301,0.500
'[00:00:06.346 01/01/2011]',1.800,-112.102,-51.701,26.400,35.001,0.500
'[00:00:06.347 01/01/2011]',0.800,-111.902,-52.801,26.800,35.001,0.500
'[00:00:06.348 01/01/2011]',-0.400,-111.402,-53.201,27.700,35.501,0.500
'[00:00:06.349 01/01/2011]',-1.200,-110.802,-52.601,28.600,36.201,0.500
'[00:00:06.350 01/01/2011]',-1.900,-110.202,-51.401,29.300,36.901,0.500
'[00:00:06.351 01/01/2011]',-2.300,-109.902,-50.101,29.600,37.601,0.500
'[00:00:06.352 01/01/2011]',-2.700,-109.802,-49.301,29.700,38.001,0.500
'[00:00:06.353 01/01/2011]',-3.000,-109.602,-48.901,29.800,38.001,0.500
'[00:00:06.354 01/01/2011]',-3.400,-109.002,-49.101,30.000,37.501,0.500
'[00:00:06.355 01/01/2011]',-3.900,-108.202,-49.401,30.200,36.501,0.500
'[00:00:06.356 01/01/2011]',-4.700,-107.402,-49.801,30.300,35.301,0.500
'[00:00:06.357 01/01/2011]',-5.800,-106.802,-50.301,29.800,33.901,0.500
'[00:00:06.358 01/01/2011]',-7.100,-106.702,-51.001,28.600,32.600,0.500
'[00:00:06.359 01/01/2011]',-8.000,-106.702,-51.801,26.900,31.900,0.500
'[00:00:06.360 01/01/2011]',-8.200,-106.502,-52.401,25.300,32.000,0.500
'[00:00:06.361 01/01/2011]',-7.400,-105.602,-52.501,24.300,33.001,0.500
'[00:00:06.362 01/01/2011]',-5.700,-104.102,-51.901,24.400,34.901,0.500
'[00:00:06.363 01/01/2011]',-3.600,-102.502,-50.801,25.800,37.301,0.500
'[00:00:06.364 01/01/2011]',-1.900,-101.402,-49.601,28.100,39.801,0.500
'[00:00:06.365 01/01/2011]',-1.600,-101.402,-48.901,30.600,41.701,0.500
'[00:00:06.366 01/01/2011]',-2.800,-102.402,-48.801,32.500,42.801,0.500
'[00:00:06.367 01/01/2011]',-5.300,-103.702,-49.001,33.501,42.901,0.500
'[00:00:06.368 01/01/2011]',-8.400,-104.702,-49.301,33.501,42.601,0.500
'[00:00:06.369 01/01/2011]',-11.000,-104.902,-49.401,32.700,42.201,0.500
'[00:00:06.370 01/01/2011]',-12.500,-104.402,-49.301,31.600,42.301,0.500
'[00:00:06.371 01/01/2011]',-12.500,-103.402,-49.401,30.600,42.801,0.500
'[00:00:06.372 01/01/2011]',-10.900,-102.402,-49.801,29.600,43.301,0.500
'[00:00:06.373 01/01/2011]',-8.300,-101.702,-50.501,28.700,43.401,0.500
'[00:00:06.374 01/01/2011]',-5.500,-101.302,-51.301,27.800,42.801,0.500
'[00:00:06.375 01/01/2011]',-3.200,-101.302,-52.101,27.000,41.701,0.500
'[00:00:06.376 01/01/2011]',-2.600,-101.702,-52.401,26.400,40.801,0.500
'[00:00:06.377 01/01/2011]',-4.200,-102.502,-52.301,26.500,40.601,0.500
'[00:00:06.378 01/01/2011]',-7.800,-103.402,-51.801,27.400,41.301,0.500
'[00:00:06.379 01/01/2011]',-12.500,-104.102,-51.001,28.900,42.701,0.500
'[00:00:06.380 01/01/2011]',-16.500,-104.302,-50.201,30.500,44.001,0.500
'[00:00:06.381 01/01/2011]',-18.200,-103.902,-49.501,31.500,44.701,0.500
'[00:00:06.382 01/01/2011]',-17.100,-103.202,-49.201,31.600,44.801,0.500
'[00:00:06.383 01/01/2011]',-14.100,-102.802,-49.101,30.800,44.601,0.500
'[00:00:06.384 01/01/2011]',-11.300,-102.902,-49.201,29.500,44.701,0.500
'[00:00:06.385 01/01/2011]',-10.700,-103.302,-49.101,28.600,45.401,0.500
'[00:00:06.386 01/01/2011]',-12.900,-103.302,-48.401,28.500,46.701,0.500
'[00:00:06.387 01/01/2011]',-17.300,-102.502,-47.101,29.300,48.301,0.500
'[00:00:06.388 01/01/2011]',-21.700,-100.502,-45.601,30.600,49.801,0.500
'[00:00:06.389 01/01/2011]',-24.500,-98.201,-44.301,32.100,51.001,0.500
'[00:00:06.390 01/01/2011]',-24.900,-96.301,-43.701,33.101,51.801,0.500
'[00:00:06.391 01/01/2011]',-23.400,-95.801,-44.001,33.501,52.201,0.500
'[00:00:06.392 01/01/2011]',-21.300,-96.801,-45.001,33.401,52.201,0.500
'[00:00:06.393 01/01/2011]',-19.800,-98.902,-46.101,33.001,51.801,0.500
'[00:00:06.394 01/01/2011]',-19.500,-100.902,-46.801,32.700,51.201,0.500
'[00:00:06.395 01/01/2011]',-20.300,-102.102,-46.801,32.500,50.501,0.500
'[00:00:06.396 01/01/2011]',-21.900,-102.102,-46.301,32.600,50.301,0.500
'[00:00:06.397 01/01/2011]',-24.100,-101.402,-45.401,32.901,50.601,0.500
'[00:00:06.398 01/01/2011]',-26.400,-100.402,-44.501,33.401,51.301,0.500
'[00:00:06.399 01/01/2011]',-28.100,-99.602,-43.601,34.001,51.901,0.500
'[00:00:06.400 01/01/2011]',-28.500,-99.102,-42.701,34.601,52.201,0.500
'[00:00:06.401 01/01/2011]',-27.200,-98.402,-41.701,35.101,52.101,0.500
'[00:00:06.402 01/01/2011]',-24.400,-97.201,-40.601,35.601,51.701,0.500
'[00:00:06.403 01/01/2011]',-21.300,-95.601,-39.401,35.901,51.501,0.500
'[00:00:06.404 01/01/2011]',-19.600,-93.701,-38.401,36.001,51.701,0.500
'[00:00:06.405 01/01/2011]',-20.200,-92.201,-37.601,35.901,52.301,0.500
'[00:00:06.406 01/01/2011]',-22.900,-91.601,-37.101,35.401,52.801,0.500
'[00:00:06.407 01/01/2011]',-26.300,-92.001,-36.901,34.801,52.901,0.500
'[00:00:06.408 01/01/2011]',-28.900,-93.101,-36.701,34.201,52.501,0.500
'[00:00:06.409 01/01/2011]',-29.700,-94.101,-36.201,33.701,51.701,0.500
'[00:00:06.410 01/01/2011]',-29.000,-94.501,-35.301,33.501,50.901,0.500
'[00:00:06.411 01/01/2011]',-28.100,-94.001,-34.101,33.701,50.401,0.500
'[00:00:06.412 01/01/2011]',-28.300,-92.901,-32.901,34.101,50.501,0.500
'[00:00:06.413 01/01/2011]',-30.000,-91.501,-32.100,34.401,51.001,0.500
'[00:00:06.414 01/01/2011]',-32.500,-90.401,-32.000,34.401,51.701,0.500
'[00:00:06.415 01/01/2011]',-34.401,-89.501,-32.600,34.201,52.601,0.500
'[00:00:06.416 01/01/2011]',-34.801,-88.901,-33.401,34.001,53.601,0.500
'[00:00:06.417 01/01/2011]',-33.601,-88.201,-33.901,34.201,54.701,0.500
'[00:00:06.418 01/01/2011]',-31.900,-87.201,-33.601,35.101,55.701,0.500
'[00:00:06.419 01/01/2011]',-31.000,-86.101,-32.500,36.701,56.601,0.500
'[00:00:06.420 01/01/2011]',-31.800,-84.901,-31.100,38.501,57.301,0.500
'[00:00:06.421 01/01/2011]',-34.001,-84.101,-29.800,40.301,57.601,0.500
'[00:00:06.422 01/01/2011]',-36.601,-83.801,-29.000,41.501,57.701,0.500
'[00:00:06.423 01/01/2011]',-38.401,-83.701,-28.700,42.001,57.401,0.500
'[00:00:06.424 01/01/2011]',-38.801,-83.901,-28.600,41.701,57.001,0.500
'[00:00:06.425 01/01/2011]',-37.901,-83.901,-28.300,40.801,56.701,0.500
'[00:00:06.426 01/01/2011]',-36.801,-83.801,-27.700,39.701,56.401,0.500
'[00:00:06.427 01/01/2011]',-36.201,-83.401,-26.800,38.701,56.301,0.500
'[00:00:06.428 01/01/2011]',-36.501,-82.701,-26.200,38.101,56.401,0.500
'[00:00:06.429 01/01/2011]',-37.101,-81.601,-25.900,38.401,56.701,0.500
'[00:00:06.430 01/01/2011]',-37.501,-80.101,-26.000,39.701,57.001,0.500
'[00:00:06.431 01/01/2011]',-37.101,-78.501,-26.300,41.801,57.401,0.500
'[00:00:06.432 01/01/2011]',-36.001,-76.701,-26.500,44.301,57.601,0.500
'[00:00:06.433 01/01/2011]',-34.601,-75.101,-26.300,46.301,57.701,0.500
'[00:00:06.434 01/01/2011]',-33.101,-73.701,-25.700,47.401,57.701,0.500
'[00:00:06.435 01/01/2011]',-32.100,-72.601,-24.900,47.401,57.501,0.500
'[00:00:06.436 01/01/2011]',-31.800,-71.601,-23.800,46.401,57.101,0.500
'[00:00:06.437 01/01/2011]',-32.400,-70.801,-22.900,45.101,56.501,0.500
'[00:00:06.438 01/01/2011]',-34.301,-69.801,-22.100,44.201,55.901,0.500
'[00:00:06.439 01/01/2011]',-37.301,-68.701,-21.500,43.801,55.601,0.500
'[00:00:06.440 01/01/2011]',-40.501,-67.401,-20.900,44.301,55.801,0.500
'[00:00:06.441 01/01/2011]',-42.901,-66.001,-20.000,45.201,56.601,0.500
'[00:00:06.442 01/01/2011]',-43.201,-64.501,-18.800,46.301,57.701,0.500
'[00:00:06.443 01/01/2011]',-41.101,-63.101,-17.300,47.101,58.601,0.500
'[00:00:06.444 01/01/2011]',-37.401,-62.001,-15.600,47.401,59.001,0.500
'[00:00:06.445 01/01/2011]',-34.101,-61.101,-14.000,47.301,58.401,0.500
'[00:00:06.446 01/01/2011]',-33.001,-60.401,-12.800,47.101,57.301,0.500
'[00:00:06.447 01/01/2011]',-34.901,-59.701,-12.400,47.001,56.001,0.500
'[00:00:06.448 01/01/2011]',-39.201,-59.101,-12.800,47.401,55.301,0.500
'[00:00:06.449 01/01/2011]',-43.901,-58.301,-13.800,48.001,55.501,0.500
'[00:00:06.450 01/01/2011]',-47.001,-57.601,-15.100,48.601,56.401,0.500
'[00:00:06.451 01/01/2011]',-47.501,-56.901,-16.400,48.801,57.701,0.500
'[00:00:06.452 01/01/2011]',-45.801,-56.301,-17.100,48.401,58.701,0.500
'[00:00:06.453 01/01/2011]',-43.501,-55.401,-17.000,47.601,59.201,0.500
'[00:00:06.454 01/01/2011]',-42.401,-54.201,-16.100,46.801,59.001,0.500
'[00:00:06.455 01/01/2011]',-43.301,-52.601,-14.800,46.501,58.201,0.500
'[00:00:06.456 01/01/2011]',-45.601,-50.701,-13.600,46.801,57.201,0.500
'[00:00:06.457 01/01/2011]',-47.701,-49.101,-12.900,47.501,56.301,0.500
'[00:00:06.458 01/01/2011]',-48.001,-48.101,-12.800,48.301,55.801,0.500
'[00:00:06.459 01/01/2011]',-46.101,-47.801,-13.000,48.901,55.901,0.500
'[00:00:06.460 01/01/2011]',-42.801,-47.701,-13.100,49.401,56.601,0.500
'[00:00:06.461 01/01/2011]',-40.101,-47.201,-12.600,50.101,57.501,0.500
'[00:00:06.462 01/01/2011]',-39.601,-45.801,-11.600,51.201,58.501,0.500
'[00:00:06.463 01/01/2011]',-41.901,-43.501,-10.400,52.701,59.301,0.500
'[00:00:06.464 01/01/2011]',-45.701,-41.001,-9.500,54.201,59.901,0.500
'[00:00:06.465 01/01/2011]',-49.101,-39.001,-9.100,55.001,60.201,0.500
'[00:00:06.466 01/01/2011]',-50.401,-38.101,-9.200,54.801,60.501,0.500
'[00:00:06.467 01/01/2011]',-49.301,-38.001,-9.200,53.901,60.801,0.500
'[00:00:06.468 01/01/2011]',-47.101,-38.301,-8.900,52.501,61.001,0.500
'[00:00:06.469 01/01/2011]',-45.401,-38.101,-7.800,51.401,60.801,0.500
'[00:00:06.470 01/01/2011]',-45.401,-37.301,-6.300,50.701,60.201,0.500
'[00:00:06.471 01/01/2011]',-46.901,-36.101,-4.800,50.201,59.301,0.500
'[00:00:06.472 01/01/2011]',-48.401,-35.301,-3.800,49.601,58.201,0.500
'[00:00:06.473 01/01/2011]',-48.601,-35.301,-3.700,49.001,57.401,0.500
'[00:00:06.474 01/01/2011]',-46.801,-36.201,-4.300,48.601,57.201,0.500
'[00:00:06.475 01/01/2011]',-43.701,-37.201,-5.000,48.801,57.801,0.500
'[00:00:06.476 01/01/2011]',-40.801,-37.301,-5.200,50.201,58.801,0.500
'[00:00:06.477 01/01/2011]',-39.501,-35.801,-4.600,52.701,59.901,0.500
'[00:00:06.478 01/01/2011]',-40.401,-32.801,-3.000,55.601,60.401,0.500
'[00:00:06.479 01/01/2011]',-42.901,-28.800,-0.700,58.401,60.301,0.500
'[00:00:06.480 01/01/2011]',-45.901,-24.700,1.600,60.201,59.701,0.500
'[00:00:06.481 01/01/2011]',-48.001,-21.400,3.600,61.101,59.101,0.500
'[00:00:06.482 01/01/2011]',-48.801,-19.300,5.000,61.201,58.801,0.500
'[00:00:06.483 01/01/2011]',-48.201,-18.200,5.700,61.101,59.201,0.500
'[00:00:06.484 01/01/2011]',-47.101,-17.900,5.900,61.201,59.901,0.500
'[00:00:06.485 01/01/2011]',-46.601,-18.100,5.700,61.501,60.301,0.500
'[00:00:06.486 01/01/2011]',-47.301,-18.500,5.500,61.701,60.001,0.500
'[00:00:06.487 01/01/2011]',-49.201,-18.800,5.300,61.301,58.701,0.500
'[00:00:06.488 01/01/2011]',-51.501,-18.800,5.200,60.301,56.801,0.500
'[00:00:06.489 01/01/2011]',-52.901,-18.200,5.200,58.501,55.001,0.500
'[00:00:06.490 01/01/2011]',-52.601,-17.000,5.100,56.401,53.901,0.500
'[00:00:06.491 01/01/2011]',-50.501,-15.400,4.800,54.401,53.701,0.500
'[00:00:06.492 01/01/2011]',-47.501,-13.900,4.500,53.001,54.201,0.500
'[00:00:06.493 01/01/2011]',-45.101,-13.000,4.400,52.401,54.901,0.500
'[00:00:06.494 01/01/2011]',-44.401,-12.800,4.500,52.601,55.401,0.500
'[00:00:06.495 01/01/2011]',-45.801,-13.200,5.100,53.601,55.601,0.500
'[00:00:06.496 01/01/2011]',-48.401,-13.700,5.900,55.101,55.601,0.500
'[00:00:06.497 01/01/2011]',-50.901,-13.600,6.600,56.601,55.601,0.500
'[00:00:06.498 01/01/2011]',-52.301,-12.900,6.700,57.901,55.801,0.500
'[00:00:06.499 01/01/2011]',-52.201,-11.800,6.100,58.601,56.101,0.500
'[00:00:06.500 01/01/2011]',-51.101,-10.600,5.000,58.901,56.301,0.500
'[00:00:06.501 01/01/2011]',-49.801,-9.700,4.000,58.701,56.201,0.500
'[00:00:06.502 01/01/2011]',-48.601,-9.100,3.800,58.301,55.901,0.500
'[00:00:06.503 01/01/2011]',-47.501,-8.400,4.600,57.801,55.701,0.500
'[00:00:06.504 01/01/2011]',-46.201,-7.100,6.200,57.101,55.701,0.500
'[00:00:06.505 01/01/2011]',-44.601,-5.400,7.900,56.201,55.801,0.500
'[00:00:06.506 01/01/2011]',-42.801,-3.700,9.000,55.201,56.001,0.500
'[00:00:06.507 01/01/2011]',-41.301,-2.700,9.000,54.101,55.801,0.500
'[00:00:06.508 01/01/2011]',-40.501,-3.100,8.300,53.301,55.401,0.500
'[00:00:06.509 01/01/2011]',-40.701,-4.500,7.300,53.201,54.801,0.500
'[00:00:06.510 01/01/2011]',-41.801,-6.400,6.800,53.801,54.601,0.500
'[00:00:06.511 01/01/2011]',-43.401,-7.500,7.400,55.101,54.901,0.500
'[00:00:06.512 01/01/2011]',-44.801,-7.400,8.900,56.501,55.701,0.500
'[00:00:06.513 01/01/2011]',-45.101,-6.100,10.800,57.701,56.801,0.500
'[00:00:06.514 01/01/2011]',-43.901,-4.400,12.300,58.501,57.701,0.500
'[00:00:06.515 01/01/2011]',-41.201,-3.100,13.000,59.001,58.401,0.500
'[00:00:06.516 01/01/2011]',-37.601,-2.700,12.900,59.401,58.501,0.500
'[00:00:06.517 01/01/2011]',-34.401,-2.800,12.600,59.601,58.301,0.500
'[00:00:06.518 01/01/2011]',-32.500,-2.900,12.400,59.801,57.701,0.500
'[00:00:06.519 01/01/2011]',-32.500,-2.400,12.800,59.701,56.601,0.500
'[00:00:06.520 01/01/2011]',-33.601,-1.400,13.200,59.201,55.301,0.500
'[00:00:06.521 01/01/2011]',-34.701,-0.300,13.200,58.601,53.901,0.500
'[00:00:06.522 01/01/2011]',-34.701,0.000,12.300,58.101,52.601,0.500
'[00:00:06.523 01/01/2011]',-33.601,-0.600,10.700,58.001,51.801,0.500
'[00:00:06.524 01/01/2011]',-32.100,-1.800,8.900,58.501,51.501,0.500
'[00:00:06.525 01/01/2011]',-31.500,-2.700,7.800,59.101,51.601,0.500
'[00:00:06.526 01/01/2011]',-32.500,-2.500,7.800,59.701,51.501,0.500
'[00:00:06.527 01/01/2011]',-34.601,-1.000,8.600,59.801,51.201,0.500
'[00:00:06.528 01/01/2011]',-36.301,1.400,9.700,59.401,50.501,0.500
'[00:00:06.529 01/01/2011]',-36.401,3.900,10.500,58.701,49.901,0.500
'[00:00:06.530 01/01/2011]',-34.501,5.800,10.600,58.001,49.501,0.500
'[00:00:06.531 01/01/2011]',-31.500,6.700,10.200,57.501,49.501,0.500
'[00:00:06.532 01/01/2011]',-29.100,6.600,9.600,57.301,49.901,0.500
'[00:00:06.533 01/01/2011]',-28.800,5.800,9.200,57.201,50.201,0.500
'[00:00:06.534 01/01/2011]',-31.000,4.800,9.000,57.401,50.401,0.500
'[00:00:06.535 01/01/2011]',-34.701,3.900,9.100,57.901,50.501,0.500
'[00:00:06.536 01/01/2011]',-38.501,3.400,9.200,59.001,50.901,0.500
'[00:00:06.537 01/01/2011]',-41.101,3.500,9.300,60.701,51.801,0.500
'[00:00:06.538 01/01/2011]',-41.701,4.300,9.300,62.801,53.401,0.500
'[00:00:06.539 01/01/2011]',-40.601,5.600,9.400,64.901,55.301,0.500
'[00:00:06.540 01/01/2011]',-38.801,7.100,9.600,66.801,57.401,0.500
'[00:00:06.541 01/01/2011]',-37.501,8.600,10.200,68.101,59.101,0.500
'[00:00:06.542 01/01/2011]',-37.801,9.800,11.200,69.001,60.401,0.500
'[00:00:06.543 01/01/2011]',-40.001,10.900,12.600,69.501,61.401,0.500
'[00:00:06.544 01/01/2011]',-43.901,11.900,13.900,69.901,62.101,0.500
'[00:00:06.545 01/01/2011]',-48.301,12.900,14.700,70.101,62.601,0.500
'[00:00:06.546 01/01/2011]',-51.701,13.700,14.700,70.201,63.001,0.500
'[00:00:06.547 01/01/2011]',-53.001,14.000,13.900,70.101,63.101,0.500
'[00:00:06.548 01/01/2011]',-52.101,13.800,12.600,69.701,63.001,0.500
'[00:00:06.549 01/01/2011]',-49.801,13.300,11.300,69.201,62.601,0.500
'[00:00:06.550 01/01/2011]',-47.501,12.900,10.700,68.701,62.001,0.500
'[00:00:06.551 01/01/2011]',-46.401,12.600,10.700,68.101,61.201,0.500
'[00:00:06.552 01/01/2011]',-46.801,12.600,10.900,67.701,60.401,0.500
'[00:00:06.553 01/01/2011]',-48.201,12.500,10.900,67.201,59.801,0.500
'[00:00:06.554 01/01/2011]',-49.501,12.000,10.400,66.701,59.501,0.500
'[00:00:06.555 01/01/2011]',-49.901,10.900,9.500,66.301,59.601,0.500
'[00:00:06.556 01/01/2011]',-49.401,9.500,8.600,65.901,59.701,0.500
'[00:00:06.557 01/01/2011]',-49.001,8.200,8.000,65.501,59.501,0.500
'[00:00:06.558 01/01/2011]',-49.501,7.600,7.900,65.101,58.801,0.500
'[00:00:06.559 01/01/2011]',-51.501,7.900,7.900,64.501,57.601,0.500
'[00:00:06.560 01/01/2011]',-54.301,8.900,7.800,63.601,56.301,0.500
'[00:00:06.561 01/01/2011]',-56.901,10.300,7.600,62.601,55.401,0.500
'[00:00:06.562 01/01/2011]',-58.001,11.600,7.300,61.801,55.301,0.500
'[00:00:06.563 01/01/2011]',-57.201,12.700,7.400,61.701,56.201,0.500
'[00:00:06.564 01/01/2011]',-55.001,13.800,8.100,62.501,57.501,0.500
'[00:00:06.565 01/01/2011]',-52.801,14.900,9.300,63.901,58.501,0.500
'[00:00:06.566 01/01/2011]',-52.101,16.300,10.400,65.501,58.701,0.500
'[00:00:06.567 01/01/2011]',-53.701,17.800,11.000,66.601,57.901,0.500
'[00:00:06.568 01/01/2011]',-57.001,19.500,10.900,66.801,56.701,0.500
'[00:00:06.569 01/01/2011]',-60.501,21.100,10.300,66.501,55.901,0.500
'[00:00:06.570 01/01/2011]',-62.201,22.500,9.600,66.001,55.901,0.500
'[00:00:06.571 01/01/2011]',-61.301,23.700,9.300,65.801,56.701,0.500
'[00:00:06.572 01/01/2011]',-58.201,24.600,9.700,66.001,57.901,0.500
'[00:00:06.573 01/01/2011]',-54.501,25.200,10.500,66.401,58.601,0.500
'[00:00:06.574 01/01/2011]',-52.501,25.600,11.400,66.601,58.501,0.500
'[00:00:06.575 01/01/2011]',-53.501,26.000,11.700,66.301,57.601,0.500
'[00:00:06.576 01/01/2011]',-57.301,26.600,11.300,65.701,56.501,0.500
'[00:00:06.577 01/01/2011]',-61.801,27.400,10.300,65.401,55.901,0.500
'[00:00:06.578 01/01/2011]',-64.601,28.300,8.900,65.601,56.101,0.500
'[00:00:06.579 01/01/2011]',-64.101,29.000,7.700,66.501,56.801,0.500
'[00:00:06.580 01/01/2011]',-60.601,29.500,6.900,67.501,57.501,0.500
'[00:00:06.581 01/01/2011]',-55.901,29.500,6.700,68.101,57.801,0.500
'[00:00:06.582 01/01/2011]',-52.601,29.500,7.100,68.101,57.701,0.500
'[00:00:06.583 01/01/2011]',-52.401,29.700,8.200,67.901,57.701,0.500
'[00:00:06.584 01/01/2011]',-55.101,30.600,9.800,68.101,58.301,0.500
'[00:00:06.585 01/01/2011]',-59.101,32.200,11.700,69.101,59.801,0.500
'[00:00:06.586 01/01/2011]',-62.201,34.401,13.700,71.001,61.901,0.500
'[00:00:06.587 01/01/2011]',-63.301,36.501,15.600,73.101,64.101,0.500
'[00:00:06.588 01/01/2011]',-62.601,38.101,17.300,74.701,65.701,0.500
'[00:00:06.589 01/01/2011]',-61.301,39.101,18.900,75.201,66.501,0.500
'[00:00:06.590 01/01/2011]',-60.601,39.501,20.400,74.401,66.501,0.500
'[00:00:06.591 01/01/2011]',-60.801,39.701,21.700,72.901,66.001,0.500
'[00:00:06.592 01/01/2011]',-61.301,40.101,22.400,71.301,65.301,0.500
'[00:00:06.593 01/01/2011]',-61.001,40.601,22.300,70.101,64.601,0.500
'[00:00:06.594 01/01/2011]',-59.701,41.201,21.200,69.301,63.901,0.500
'[00:00:06.595 01/01/2011]',-57.601,41.601,19.200,69.001,63.201,0.500
'[00:00:06.596 01/01/2011]',-55.501,41.801,16.900,69.001,62.701,0.500
'[00:00:06.597 01/01/2011]',-54.301,41.801,15.000,69.101,62.301,0.500
'[00:00:06.598 01/01/2011]',-54.201,42.001,14.000,69.601,62.401,0.500
'[00:00:06.599 01/01/2011]',-55.001,42.501,14.200,70.201,62.801,0.500
'[00:00:06.600 01/01/2011]',-56.201,43.401,15.100,71.101,63.501,0.500
'[00:00:06.601 01/01/2011]',-57.301,44.501,16.000,71.801,64.301,0.500
'[00:00:06.602 01/01/2011]',-58.201,45.501,16.200,72.401,65.201,0.500
'[00:00:06.603 01/01/2011]',-58.701,46.101,15.500,72.901,66.001,0.500
'[00:00:06.604 01/01/2011]',-58.801,46.501,14.100,73.501,66.801,0.500
'[00:00:06.605 01/01/2011]',-58.301,46.801,12.700,74.201,67.401,0.500
'[00:00:06.606 01/01/2011]',-57.201,47.301,12.000,74.901,67.501,0.500
'[00:00:06.607 01/01/2011]',-55.801,48.201,12.300,75.101,66.801,0.500
'[00:00:06.608 01/01/2011]',-54.601,49.001,13.300,74.301,65.501,0.500
'[00:00:06.609 01/01/2011]',-53.901,49.301,14.200,72.401,63.701,0.500
'[00:00:06.610 01/01/2011]',-54.001,49.001,14.500,70.001,62.001,0.500
'[00:00:06.611 01/01/2011]',-54.801,48.301,14.300,68.001,61.101,0.500
'[00:00:06.612 01/01/2011]',-56.201,47.701,13.800,67.501,61.201,0.500
'[00:00:06.613 01/01/2011]',-57.601,47.901,13.800,68.901,62.201,0.500
'[00:00:06.614 01/01/2011]',-58.701,49.301,14.700,71.901,63.701,0.500
'[00:00:06.615 01/01/2011]',-59.101,51.601,16.600,75.401,65.001,0.500
'[00:00:06.616 01/01/2011]',-58.701,54.101,18.700,78.201,65.801,0.500
'[00:00:06.617 01/01/2011]',-57.301,56.001,20.500,79.401,66.101,0.500
'[00:00:06.618 01/01/2011]',-55.201,57.001,21.500,79.201,66.201,0.500
'[00:00:06.619 01/01/2011]',-52.901,57.301,21.900,78.401,66.501,0.500
'[00:00:06.620 01/01/2011]',-51.201,57.301,22.100,78.001,67.301,0.500
'[00:00:06.621 01/01/2011]',-50.501,57.701,22.700,78.501,68.401,0.500
'[00:00:06.622 01/01/2011]',-51.101,58.901,23.700,79.901,69.601,0.500
'[00:00:06.623 01/01/2011]',-52.901,60.501,25.100,81.501,70.401,0.500
'[00:00:06.624 01/01/2011]',-55.201,62.301,26.500,82.701,70.801,0.500
'[00:00:06.625 01/01/2011]',-57.101,63.801,27.700,83.301,71.001,0.500
'[00:00:06.626 01/01/2011]',-58.101,64.701,28.700,83.501,71.401,0.500
'[00:00:06.627 01/01/2011]',-57.801,65.301,29.600,83.801,72.101,0.500
'[00:00:06.628 01/01/2011]',-56.401,65.801,30.600,84.401,73.001,0.500
'[00:00:06.629 01/01/2011]',-54.501,66.601,31.900,85.101,73.701,0.500
'[00:00:06.630 01/01/2011]',-52.501,67.901,33.101,85.401,73.801,0.500
'[00:00:06.631 01/01/2011]',-50.801,69.601,34.201,85.201,73.401,0.500
'[00:00:06.632 01/01/2011]',-49.301,71.501,34.901,84.401,72.901,0.500
'[00:00:06.633 01/01/2011]',-47.801,73.301,35.201,83.501,72.701,0.500
'[00:00:06.634 01/01/2011]',-46.201,74.801,35.501,83.301,73.301,0.500
'[00:00:06.635 01/01/2011]',-45.001,76.001,35.901,83.901,74.401,0.500
'[00:00:06.636 01/01/2011]',-44.801,77.001,36.601,85.101,75.601,0.500
'[00:00:06.637 01/01/2011]',-46.001,77.901,37.401,86.301,76.201,0.500
'[00:00:06.638 01/01/2011]',-48.801,78.701,38.201,86.801,76.101,0.500
'[00:00:06.639 01/01/2011]',-52.201,79.601,38.701,86.301,75.401,0.500
'[00:00:06.640 01/01/2011]',-54.801,80.401,38.901,85.401,74.901,0.500
'[00:00:06.641 01/01/2011]',-55.501,81.301,39.101,84.701,75.201,0.500
'[00:00:06.642 01/01/2011]',-53.901,82.401,39.601,84.901,76.301,0.500
'[00:00:06.643 01/01/2011]',-50.601,83.901,40.501,86.101,78.001,0.500
'[00:00:06.644 01/01/2011]',-47.101,85.801,41.801,87.801,79.601,0.500
'[00:00:06.645 01/01/2011]',-44.701,88.001,43.101,89.401,80.701,0.500
'[00:00:06.646 01/01/2011]',-43.901,90.001,43.801,90.201,81.001,0.500
'[00:00:06.647 01/01/2011]',-44.401,91.501,43.701,90.001,80.801,0.500
'[00:00:06.648 01/01/2011]',-45.201,92.301,42.701,89.201,80.601,0.500
'[00:00:06.649 01/01/2011]',-45.501,92.501,41.301,88.101,80.701,0.500
'[00:00:06.650 01/01/2011]',-45.501,92.501,40.101,87.301,81.001,0.500
'[00:00:06.651 01/01/2011]',-45.801,92.801,39.601,87.101,81.501,0.500
'[00:00:06.652 01/01/2011]',-46.801,93.601,39.901,87.601,81.901,0.500
'[00:00:06.653 01/01/2011]',-48.601,94.901,40.801,88.501,82.101,0.500
'[00:00:06.654 01/01/2011]',-49.801,96.401,41.901,89.501,82.301,0.500
'[00:00:06.655 01/01/2011]',-48.801,97.701,42.701,90.401,82.501,0.500
'[00:00:06.656 01/01/2011]',-44.401,98.402,43.201,91.001,82.801,0.500
'[00:00:06.657 01/01/2011]',-36.501,98.502,43.501,91.201,83.201,0.500
'[00:00:06.658 01/01/2011]',-26.200,98.301,43.901,91.201,83.601,0.500
'[00:00:06.659 01/01/2011]',-15.000,98.101,44.501,91.201,84.101,0.500
'[00:00:06.660 01/01/2011]',-4.400,98.602,45.601,91.801,85.301,0.500
'[00:00:06.661 01/01/2011]',5.700,100.302,47.501,93.301,87.701,0.500
'[00:00:06.662 01/01/2011]',16.300,103.702,50.301,95.901,91.801,0.500
'[00:00:06.663 01/01/2011]',29.000,108.702,54.001,99.502,97.501,0.500
'[00:00:06.664 01/01/2011]',45.101,114.502,58.401,103.602,104.102,0.500
'[00:00:06.665 01/01/2011]',64.301,119.802,62.501,107.402,110.302,0.500
'[00:00:06.666 01/01/2011]',84.801,123.202,65.401,110.002,114.602,0.500
'[00:00:06.667 01/01/2011]',103.502,123.902,66.201,111.002,116.102,0.500
'[00:00:06.668 01/01/2011]',116.902,121.802,64.701,110.502,114.702,0.500
'[00:00:06.669 01/01/2011]',122.402,117.802,61.301,108.802,110.902,0.500
'[00:00:06.670 01/01/2011]',118.902,113.302,56.901,106.402,105.902,0.500
'[00:00:06.671 01/01/2011]',107.502,109.702,52.501,103.402,100.402,0.500
'[00:00:06.672 01/01/2011]',90.601,107.302,48.301,99.802,94.801,0.500
'[00:00:06.673 01/01/2011]',70.901,106.002,44.001,95.301,89.001,0.500
'[00:00:06.674 01/01/2011]',50.301,104.702,39.501,90.101,82.701,0.500
'[00:00:06.675 01/01/2011]',28.900,102.702,34.301,84.601,75.701,0.500
'[00:00:06.676 01/01/2011]',5.800,99.502,28.900,79.701,68.501,0.500
'[00:00:06.677 01/01/2011]',-20.300,95.301,23.700,76.101,61.901,0.500
'[00:00:06.678 01/01/2011]',-49.101,90.901,19.400,74.401,56.501,0.500
'[00:00:06.679 01/01/2011]',-78.301,87.201,16.700,74.601,53.101,0.500
'[00:00:06.680 01/01/2011]',-104.702,85.001,15.700,76.201,51.701,0.500
'[00:00:06.681 01/01/2011]',-124.702,84.701,16.600,78.601,52.001,0.500
'[00:00:06.682 01/01/2011]',-136.702,86.501,19.300,81.401,53.601,0.500
'[00:00:06.683 01/01/2011]',-141.202,89.801,23.300,84.101,56.301,0.500
'[00:00:06.684 01/01/2011]',-140.502,94.201,28.200,86.501,59.601,0.500
'[00:00:06.685 01/01/2011]',-137.002,98.702,33.001,88.401,63.401,0.500
'[00:00:06.686 01/01/2011]',-131.902,102.702,37.401,89.801,67.301,0.500
'[00:00:06.687 01/01/2011]',-125.202,106.002,40.901,90.601,71.101,0.500
'[00:00:06.688 01/01/2011]',-116.202,108.502,43.901,91.101,74.301,0.500
'[00:00:06.689 01/01/2011]',-104.902,110.502,46.601,91.701,76.801,0.500
'[00:00:06.690 01/01/2011]',-92.101,112.302,49.301,92.601,78.501,0.500
'[00:00:06.691 01/01/2011]',-79.901,113.902,51.901,93.801,79.501,0.500
'[00:00:06.692 01/01/2011]',-70.101,115.302,54.001,94.901,79.801,0.500
'[00:00:06.693 01/01/2011]',-63.801,116.202,55.201,95.301,79.701,0.500
'[00:00:06.694 01/01/2011]',-60.201,116.602,55.401,94.701,79.401,0.500
'[00:00:06.695 01/01/2011]',-57.701,116.502,54.701,93.401,79.001,0.500
'[00:00:06.696 01/01/2011]',-54.401,116.202,53.701,91.701,78.701,0.500
'[00:00:06.697 01/01/2011]',-49.501,116.002,53.001,90.401,78.601,0.500
'[00:00:06.698 01/01/2011]',-43.601,116.102,52.801,90.001,78.801,0.500
'[00:00:06.699 01/01/2011]',-38.101,116.602,53.201,90.501,79.201,0.500
'[00:00:06.700 01/01/2011]',-34.401,117.502,54.001,91.601,79.701,0.500
'[00:00:06.701 01/01/2011]',-33.201,118.702,54.901,92.601,80.401,0.500
'[00:00:06.702 01/01/2011]',-34.201,119.902,55.801,93.201,81.201,0.500
'[00:00:06.703 01/01/2011]',-36.101,120.802,56.701,93.301,81.701,0.500
'[00:00:06.704 01/01/2011]',-37.701,121.002,57.401,93.101,81.801,0.500
'[00:00:06.705 01/01/2011]',-38.101,120.702,58.001,92.801,81.401,0.500
'[00:00:06.706 01/01/2011]',-37.501,120.102,58.501,92.601,80.401,0.500
'[00:00:06.707 01/01/2011]',-36.601,119.902,58.801,92.401,79.001,0.500
'[00:00:06.708 01/01/2011]',-36.401,120.402,59.201,92.001,77.601,0.500
'[00:00:06.709 01/01/2011]',-37.401,121.802,59.701,91.501,76.701,0.500
'[00:00:06.710 01/01/2011]',-39.301,123.602,60.301,90.901,76.601,0.500
'[00:00:06.711 01/01/2011]',-41.101,125.202,61.101,90.801,77.301,0.500
'[00:00:06.712 01/01/2011]',-41.801,126.002,62.001,91.201,78.601,0.500
'[00:00:06.713 01/01/2011]',-40.901,126.002,62.801,92.301,80.001,0.500
'[00:00:06.714 01/01/2011]',-38.501,125.502,63.401,93.701,81.201,0.500
'[00:00:06.715 01/01/2011]',-36.001,124.902,63.501,94.801,82.101,0.500
'[00:00:06.716 01/01/2011]',-34.401,124.502,63.201,95.001,82.701,0.500
'[00:00:06.717 01/01/2011]',-34.401,124.502,62.601,94.301,83.201,0.500
'[00:00:06.718 01/01/2011]',-35.901,124.702,61.901,93.001,83.601,0.500
'[00:00:06.719 01/01/2011]',-37.801,125.102,61.501,91.601,84.001,0.500
'[00:00:06.720 01/01/2011]',-39.201,125.802,61.701,91.001,84.101,0.500
'[00:00:06.721 01/01/2011]',-39.401,126.702,62.401,91.301,84.001,0.500
'[00:00:06.722 01/01/2011]',-38.801,128.002,63.301,92.501,83.701,0.500
'[00:00:06.723 01/01/2011]',-37.901,129.202,63.701,93.901,83.201,0.500
'[00:00:06.724 01/01/2011]',-37.001,130.002,63.201,94.801,82.601,0.500
'[00:00:06.725 01/01/2011]',-36.301,130.202,61.701,94.901,82.001,0.500
'[00:00:06.726 01/01/2011]',-35.501,129.802,59.801,94.301,81.501,0.500
'[00:00:06.727 01/01/2011]',-34.301,129.302,58.101,93.401,81.001,0.500
'[00:00:06.728 01/01/2011]',-33.201,129.102,57.301,92.701,80.501,0.500
'[00:00:06.729 01/01/2011]',-32.500,129.702,57.601,92.701,80.201,0.500
'[00:00:06.730 01/01/2011]',-32.500,131.002,59.001,93.301,80.201,0.500
'[00:00:06.731 01/01/2011]',-33.101,133.002,60.901,94.401,80.401,0.500
'[00:00:06.732 01/01/2011]',-33.401,135.302,62.701,95.501,80.901,0.500
'[00:00:06.733 01/01/2011]',-33.001,137.502,64.101,96.401,81.801,0.500
'[00:00:06.734 01/01/2011]',-31.900,139.402,65.001,97.001,82.801,0.500
'[00:00:06.735 01/01/2011]',-31.300,141.002,65.501,97.301,83.901,0.500
'[00:00:06.736 01/01/2011]',-32.200,142.102,65.901,97.301,84.701,0.500
'[00:00:06.737 01/01/2011]',-34.801,143.002,66.401,97.301,85.301,0.500
'[00:00:06.738 01/01/2011]',-38.101,143.802,67.301,97.201,85.701,0.500
'[00:00:06.739 01/01/2011]',-40.301,144.502,68.401,97.301,86.301,0.500
'[00:00:06.740 01/01/2011]',-40.101,145.402,69.701,97.701,87.201,0.500
'[00:00:06.741 01/01/2011]',-37.401,146.502,71.001,98.301,88.201,0.500
'[00:00:06.742 01/01/2011]',-34.101,147.502,72.001,98.802,89.001,0.500
'[00:00:06.743 01/01/2011]',-32.300,148.302,72.501,98.902,89.401,0.500
'[00:00:06.744 01/01/2011]',-33.001,148.602,72.101,98.201,89.001,0.500
'[00:00:06.745 01/01/2011]',-35.601,148.302,70.901,97.101,88.101,0.500
'[00:00:06.746 01/01/2011]',-37.801,147.702,69.301,95.901,87.201,0.500
'[00:00:06.747 01/01/2011]',-37.801,147.202,67.901,95.201,86.701,0.500
'[00:00:06.748 01/01/2011]',-35.101,147.302,67.301,95.201,87.001,0.500
'[00:00:06.749 01/01/2011]',-31.400,148.002,68.001,95.901,87.701,0.500
'[00:00:06.750 01/01/2011]',-28.900,149.302,69.501,96.601,88.501,0.500
'[00:00:06.751 01/01/2011]',-29.400,150.702,71.301,96.901,88.801,0.500
'[00:00:06.752 01/01/2011]',-32.500,151.802,72.601,96.701,88.601,0.500
'[00:00:06.753 01/01/2011]',-36.401,152.502,73.201,96.401,88.401,0.500
'[00:00:06.754 01/01/2011]',-39.001,153.002,73.301,96.701,88.501,0.500
'[00:00:06.755 01/01/2011]',-39.301,153.702,73.501,98.101,89.501,0.500
'[00:00:06.756 01/01/2011]',-38.201,155.102,74.601,100.402,91.101,0.500
'[00:00:06.757 01/01/2011]',-37.101,157.202,76.801,102.902,92.701,0.500
'[00:00:06.758 01/01/2011]',-37.501,159.602,79.501,104.602,94.001,0.500
'[00:00:06.759 01/01/2011]',-39.201,161.802,81.901,105.302,94.401,0.500
'[00:00:06.760 01/01/2011]',-41.301,163.102,83.201,105.002,94.201,0.500
'[00:00:06.761 01/01/2011]',-42.101,163.702,83.301,104.302,93.901,0.500
'[00:00:06.762 01/01/2011]',-41.001,163.802,82.501,103.802,93.801,0.500
'[00:00:06.763 01/01/2011]',-38.301,164.003,81.701,103.802,94.301,0.500
'[00:00:06.764 01/01/2011]',-35.301,164.803,81.501,103.902,95.201,0.500
'[00:00:06.765 01/01/2011]',-33.601,166.103,82.001,103.802,96.301,0.500
'[00:00:06.766 01/01/2011]',-33.701,167.603,83.001,103.102,97.201,0.500
'[00:00:06.767 01/01/2011]',-35.701,169.003,84.101,102.002,97.801,0.500
'[00:00:06.768 01/01/2011]',-38.501,169.803,84.801,100.802,97.901,0.500
'[00:00:06.769 01/01/2011]',-40.801,170.103,85.001,100.002,97.601,0.500
'[00:00:06.770 01/01/2011]',-41.501,170.103,84.801,99.902,97.201,0.500
'[00:00:06.771 01/01/2011]',-40.101,170.103,84.701,100.502,96.701,0.500
'[00:00:06.772 01/01/2011]',-37.201,170.303,84.901,101.602,96.401,0.500
'[00:00:06.773 01/01/2011]',-34.001,170.903,85.701,102.902,96.301,0.500
'[00:00:06.774 01/01/2011]',-31.900,171.703,86.901,104.202,96.501,0.500
'[00:00:06.775 01/01/2011]',-31.400,172.703,88.601,105.302,96.801,0.500
'[00:00:06.776 01/01/2011]',-32.100,173.903,90.201,106.002,97.201,0.500
'[00:00:06.777 01/01/2011]',-33.001,175.103,91.601,106.202,97.501,0.500
'[00:00:06.778 01/01/2011]',-33.101,176.003,92.201,105.902,97.601,0.500
'[00:00:06.779 01/01/2011]',-32.600,176.403,92.101,105.202,97.701,0.500
'[00:00:06.780 01/01/2011]',-32.300,176.203,91.601,104.102,97.701,0.500
'[00:00:06.781 01/01/2011]',-33.301,175.703,91.001,102.902,97.601,0.500
'[00:00:06.782 01/01/2011]',-35.601,175.203,90.801,101.802,97.301,0.500
'[00:00:06.783 01/01/2011]',-38.301,174.903,90.901,100.802,97.001,0.500
'[00:00:06.784 01/01/2011]',-39.601,175.103,91.001,100.202,96.701,0.500
'[00:00:06.785 01/01/2011]',-38.201,175.703,91.001,99.902,96.401,0.500
'[00:00:06.786 01/01/2011]',-34.401,176.503,90.601,99.902,96.201,0.500
'[00:00:06.787 01/01/2011]',-30.000,177.503,90.201,100.102,96.101,0.500
'[00:00:06.788 01/01/2011]',-27.100,178.603,90.201,100.602,96.001,0.500
'[00:00:06.789 01/01/2011]',-27.000,179.603,90.801,101.002,95.801,0.500
'[00:00:06.790 01/01/2011]',-29.000,180.603,91.701,101.302,95.301,0.500
'[00:00:06.791 01/01/2011]',-31.400,181.103,92.401,101.302,94.601,0.500
'[00:00:06.792 01/01/2011]',-32.600,181.103,92.501,100.702,93.701,0.500
'[00:00:06.793 01/01/2011]',-31.800,180.703,91.701,99.602,92.401,0.500
'[00:00:06.794 01/01/2011]',-29.800,180.203,90.501,98.101,91.001,0.500
'[00:00:06.795 01/01/2011]',-28.200,179.803,89.301,96.601,89.701,0.500
'[00:00:06.796 01/01/2011]',-27.800,179.503,88.301,95.401,88.701,0.500
'[00:00:06.797 01/01/2011]',-29.000,179.403,87.701,94.901,88.201,0.500
'[00:00:06.798 01/01/2011]',-30.700,179.103,87.201,94.901,88.101,0.500
'[00:00:06.799 01/01/2011]',-31.900,178.503,86.601,95.401,88.301,0.500
'[00:00:06.800 01/01/2011]',-32.300,177.803,85.901,96.001,88.401,0.500
'[00:00:06.801 01/01/2011]',-31.900,177.403,85.301,96.601,88.501,0.500
'[00:00:06.802 01/01/2011]',-31.500,177.403,85.101,96.901,88.501,0.500
'[00:00:06.803 01/01/2011]',-31.500,178.003,85.401,97.101,88.701,0.500
'[00:00:06.804 01/01/2011]',-31.800,179.003,86.001,97.201,89.101,0.500
'[00:00:06.805 01/01/2011]',-31.800,180.003,86.601,97.401,89.801,0.500
'[00:00:06.806 01/01/2011]',-30.900,180.903,87.001,97.501,90.801,0.500
'[00:00:06.807 01/01/2011]',-29.100,181.603,87.201,97.601,91.801,0.500
'[00:00:06.808 01/01/2011]',-27.000,182.303,87.201,97.601,92.601,0.500
'[00:00:06.809 01/01/2011]',-25.400,183.103,87.501,97.701,93.401,0.500
'[00:00:06.810 01/01/2011]',-25.000,184.103,87.901,98.101,94.001,0.500
'[00:00:06.811 01/01/2011]',-25.800,185.003,88.501,98.702,94.601,0.500
'[00:00:06.812 01/01/2011]',-27.100,185.803,89.301,99.402,95.101,0.500
'[00:00:06.813 01/01/2011]',-27.800,186.403,90.001,100.102,95.701,0.500
'[00:00:06.814 01/01/2011]',-27.500,186.903,90.601,100.302,96.101,0.500
'[00:00:06.815 01/01/2011]',-26.200,187.403,91.001,100.102,96.201,0.500
'[00:00:06.816 01/01/2011]',-24.900,188.103,90.801,99.402,95.801,0.500
'[00:00:06.817 01/01/2011]',-24.500,188.803,90.101,98.502,95.001,0.500
'[00:00:06.818 01/01/2011]',-25.300,189.503,88.901,97.801,93.901,0.500
'[00:00:06.819 01/01/2011]',-27.000,190.203,87.401,97.401,92.601,0.500
'[00:00:06.820 01/01/2011]',-28.400,190.803,86.001,97.301,91.501,0.500
'[00:00:06.821 01/01/2011]',-28.700,191.403,84.901,97.301,90.701,0.500
'[00:00:06.822 01/01/2011]',-27.700,192.003,84.301,97.001,90.101,0.500
'[00:00:06.823 01/01/2011]',-26.000,192.803,84.001,96.401,89.801,0.500
'[00:00:06.824 01/01/2011]',-24.500,193.703,83.901,95.401,89.501,0.500
'[00:00:06.825 01/01/2011]',-23.800,194.803,83.701,94.301,89.101,0.500
'[00:00:06.826 01/01/2011]',-23.900,196.103,83.201,93.201,88.701,0.500
'[00:00:06.827 01/01/2011]',-24.500,197.203,82.601,92.501,88.201,0.500
'[00:00:06.828 01/01/2011]',-24.900,197.803,81.901,92.101,87.401,0.500
'[00:00:06.829 01/01/2011]',-24.900,197.603,81.101,92.001,86.401,0.500
'[00:00:06.830 01/01/2011]',-24.500,196.303,80.301,91.901,85.301,0.500
'[00:00:06.831 01/01/2011]',-24.100,194.403,79.401,91.701,84.301,0.500
'[00:00:06.832 01/01/2011]',-24.100,192.503,78.701,91.501,83.801,0.500
'[00:00:06.833 01/01/2011]',-24.800,191.403,78.501,91.201,83.901,0.500
'[00:00:06.834 01/01/2011]',-26.300,191.503,78.801,91.101,84.501,0.500
'[00:00:06.835 01/01/2011]',-28.300,192.603,79.501,91.001,85.401,0.500
'[00:00:06.836 01/01/2011]',-30.300,194.003,80.401,90.901,86.101,0.500
'[00:00:06.837 01/01/2011]',-31.600,194.803,80.901,90.901,86.301,0.500
'[00:00:06.838 01/01/2011]',-31.800,194.303,80.801,91.001,86.201,0.500
'[00:00:06.839 01/01/2011]',-30.900,192.603,80.101,91.301,86.101,0.500
'[00:00:06.840 01/01/2011]',-29.500,190.303,79.501,91.901,86.201,0.500
'[00:00:06.841 01/01/2011]',-28.100,188.403,79.401,92.901,86.901,0.500
'[00:00:06.842 01/01/2011]',-27.300,187.803,80.201,94.401,88.301,0.500
'[00:00:06.843 01/01/2011]',-27.000,188.803,81.901,96.101,89.901,0.500
'[00:00:06.844 01/01/2011]',-26.600,191.003,84.101,97.901,91.601,0.500
'[00:00:06.845 01/01/2011]',-25.900,193.803,86.401,99.502,92.801,0.500
'[00:00:06.846 01/01/2011]',-24.800,196.303,88.101,100.502,93.301,0.500
'[00:00:06.847 01/01/2011]',-23.800,198.003,88.901,100.902,93.101,0.500
'[00:00:06.848 01/01/2011]',-23.400,198.903,88.701,100.702,92.401,0.500
'[00:00:06.849 01/01/2011]',-24.100,199.403,87.801,99.902,91.701,0.500
'[00:00:06.850 01/01/2011]',-25.600,199.803,86.301,99.002,91.401,0.500
'[00:00:06.851 01/01/2011]',-27.300,200.203,85.001,98.101,91.701,0.500
'[00:00:06.852 01/01/2011]',-28.800,200.803,84.201,97.501,92.501,0.500
'[00:00:06.853 01/01/2011]',-30.100,201.403,84.201,97.101,93.401,0.500
'[00:00:06.854 01/01/2011]',-31.400,202.003,84.901,96.701,93.901,0.500
'[00:00:06.855 01/01/2011]',-32.700,202.603,85.901,96.301,93.901,0.500
'[00:00:06.856 01/01/2011]',-34.001,203.003,86.501,95.901,93.401,0.500
'[00:00:06.857 01/01/2011]',-35.101,203.203,86.301,95.801,92.801,0.500
'[00:00:06.858 01/01/2011]',-35.601,203.303,85.401,96.001,92.501,0.500
'[00:00:06.859 01/01/2011]',-35.601,203.203,84.101,96.401,92.701,0.500
'[00:00:06.860 01/01/2011]',-35.301,203.303,83.101,96.801,92.901,0.500
'[00:00:06.861 01/01/2011]',-34.801,203.603,82.601,96.701,93.001,0.500
'[00:00:06.862 01/01/2011]',-34.001,204.203,82.501,95.801,92.501,0.500
'[00:00:06.863 01/01/2011]',-32.801,204.803,82.401,94.201,91.601,0.500
'[00:00:06.864 01/01/2011]',-31.300,205.203,81.901,92.201,90.701,0.500
'[00:00:06.865 01/01/2011]',-30.000,205.203,81.301,90.601,90.301,0.500
'[00:00:06.866 01/01/2011]',-29.400,205.003,81.101,89.901,90.701,0.500
'[00:00:06.867 01/01/2011]',-30.000,205.003,82.001,90.501,91.801,0.500
'[00:00:06.868 01/01/2011]',-31.400,205.603,84.101,91.901,92.901,0.500
'[00:00:06.869 01/01/2011]',-32.801,206.603,86.801,93.801,93.801,0.500
'[00:00:06.870 01/01/2011]',-33.501,207.503,89.101,95.501,94.101,0.500
'[00:00:06.871 01/01/2011]',-33.101,207.803,90.201,96.601,94.101,0.500
'[00:00:06.872 01/01/2011]',-32.300,207.203,89.701,97.101,93.901,0.500
'[00:00:06.873 01/01/2011]',-32.100,205.803,88.301,97.101,93.701,0.500
'[00:00:06.874 01/01/2011]',-33.201,204.303,86.701,96.701,93.601,0.500
'[00:00:06.875 01/01/2011]',-35.701,203.403,85.801,96.101,93.401,0.500
'[00:00:06.876 01/01/2011]',-38.201,203.503,85.801,95.401,93.001,0.500
'[00:00:06.877 01/01/2011]',-39.601,204.703,86.501,94.901,92.701,0.500
'[00:00:06.878 01/01/2011]',-38.701,206.503,87.401,94.501,92.601,0.500
'[00:00:06.879 01/01/2011]',-35.901,208.603,88.401,94.401,93.001,0.500
'[00:00:06.880 01/01/2011]',-32.600,210.603,89.301,94.601,93.501,0.500
'[00:00:06.881 01/01/2011]',-30.200,212.303,90.201,94.901,94.001,0.500
'[00:00:06.882 01/01/2011]',-30.000,213.503,91.101,95.101,94.101,0.500
'[00:00:06.883 01/01/2011]',-31.900,214.403,92.101,95.201,93.901,0.500
'[00:00:06.884 01/01/2011]',-34.501,215.103,93.001,95.101,93.601,0.500
'[00:00:06.885 01/01/2011]',-36.601,215.703,93.701,95.001,93.601,0.500
'[00:00:06.886 01/01/2011]',-37.201,216.603,94.401,94.901,93.901,0.500
'[00:00:06.887 01/01/2011]',-36.601,217.603,94.901,94.801,94.401,0.500
'[00:00:06.888 01/01/2011]',-35.601,218.703,95.401,94.501,94.801,0.500
'[00:00:06.889 01/01/2011]',-35.301,219.803,95.701,94.001,94.801,0.500
'[00:00:06.890 01/01/2011]',-35.801,220.703,95.801,93.501,94.401,0.500
'[00:00:06.891 01/01/2011]',-36.801,221.903,96.001,93.601,94.001,0.500
'[00:00:06.892 01/01/2011]',-37.201,223.703,96.601,94.501,94.101,0.500
'[00:00:06.893 01/01/2011]',-36.801,226.703,98.101,96.501,95.001,0.500
'[00:00:06.894 01/01/2011]',-35.701,230.804,100.502,99.402,96.901,0.500
'[00:00:06.895 01/01/2011]',-34.601,235.304,103.502,102.602,99.802,0.500
'[00:00:06.896 01/01/2011]',-34.001,239.504,106.502,105.702,103.402,0.500
'[00:00:06.897 01/01/2011]',-34.101,242.504,109.302,108.402,107.502,0.500
'[00:00:06.898 01/01/2011]',-34.801,244.104,111.602,110.902,111.702,0.500
'[00:00:06.899 01/01/2011]',-35.501,244.504,113.902,113.402,116.002,0.500
'[00:00:06.900 01/01/2011]',-36.201,244.404,116.202,115.902,120.102,0.500
'[00:00:06.901 01/01/2011]',-36.901,244.004,118.502,118.402,123.702,0.500
'[00:00:06.902 01/01/2011]',-37.501,243.504,120.302,120.402,126.802,0.500
'[00:00:06.903 01/01/2011]',-38.101,242.804,121.302,121.402,129.302,0.500
'[00:00:06.904 01/01/2011]',-38.101,241.404,121.202,121.602,131.502,0.500
'[00:00:06.905 01/01/2011]',-37.501,239.404,120.102,121.202,133.502,0.500
'[00:00:06.906 01/01/2011]',-36.401,236.404,118.702,120.702,135.502,0.500
'[00:00:06.907 01/01/2011]',-35.601,232.704,117.102,120.402,137.502,0.500
'[00:00:06.908 01/01/2011]',-35.701,228.203,115.602,120.402,139.302,0.500
'[00:00:06.909 01/01/2011]',-37.101,223.103,114.102,120.102,141.002,0.500
'[00:00:06.910 01/01/2011]',-39.501,217.603,112.602,119.402,142.202,0.500
'[00:00:06.911 01/01/2011]',-42.201,212.103,111.102,117.902,143.102,0.500
'[00:00:06.912 01/01/2011]',-44.501,207.103,109.602,116.002,143.602,0.500
'[00:00:06.913 01/01/2011]',-45.901,202.803,108.002,114.002,143.902,0.500
'[00:00:06.914 01/01/2011]',-46.601,199.003,106.302,111.902,144.002,0.500
'[00:00:06.915 01/01/2011]',-46.901,195.403,104.102,109.702,143.802,0.500
'[00:00:06.916 01/01/2011]',-47.001,191.303,101.502,106.902,143.202,0.500
'[00:00:06.917 01/01/2011]',-46.601,186.403,98.702,103.302,142.102,0.500
'[00:00:06.918 01/01/2011]',-45.101,181.003,96.001,99.002,140.402,0.500
'[00:00:06.919 01/01/2011]',-42.501,175.703,93.801,94.701,138.202,0.500
'[00:00:06.920 01/01/2011]',-39.001,171.403,92.001,91.101,135.902,0.500
'[00:00:06.921 01/01/2011]',-35.801,168.603,90.501,88.901,133.702,0.500
'[00:00:06.922 01/01/2011]',-34.001,167.403,89.201,88.101,132.002,0.500
'[00:00:06.923 01/01/2011]',-34.301,167.403,88.201,88.201,130.602,0.500
'[00:00:06.924 01/01/2011]',-36.301,168.003,87.501,88.601,129.402,0.500
'[00:00:06.925 01/01/2011]',-38.601,168.803,87.301,88.401,128.002,0.500
'[00:00:06.926 01/01/2011]',-39.801,169.603,87.401,87.301,126.002,0.500
'[00:00:06.927 01/01/2011]',-39.201,170.603,87.601,85.501,123.502,0.500
'[00:00:06.928 01/01/2011]',-36.901,172.103,87.701,83.701,120.802,0.500
'[00:00:06.929 01/01/2011]',-34.301,174.703,87.801,82.201,118.102,0.500
'[00:00:06.930 01/01/2011]',-32.500,178.603,88.201,81.301,115.402,0.500
'[00:00:06.931 01/01/2011]',-32.000,183.803,89.301,80.801,112.502,0.500
'[00:00:06.932 01/01/2011]',-32.100,190.103,90.801,80.201,109.102,0.500
'[00:00:06.933 01/01/2011]',-31.400,196.803,92.401,79.101,105.002,0.500
'[00:00:06.934 01/01/2011]',-28.900,203.503,93.501,77.401,100.302,0.500
'[00:00:06.935 01/01/2011]',-24.500,209.503,93.701,75.301,95.601,0.500
'[00:00:06.936 01/01/2011]',-19.400,214.803,93.301,73.701,91.801,0.500
'[00:00:06.937 01/01/2011]',-15.400,219.303,93.101,72.901,89.101,0.500
'[00:00:06.938 01/01/2011]',-13.900,223.303,93.501,73.301,87.601,0.500
'[00:00:06.939 01/01/2011]',-14.800,226.803,94.701,74.601,86.901,0.500
'[00:00:06.940 01/01/2011]',-17.300,229.904,96.201,76.201,86.401,0.500
'[00:00:06.941 01/01/2011]',-19.700,232.304,97.401,77.701,85.701,0.500
'[00:00:06.942 01/01/2011]',-21.100,233.904,98.001,78.701,84.901,0.500
'[00:00:06.943 01/01/2011]',-20.900,234.804,98.101,79.301,84.401,0.500
'[00:00:06.944 01/01/2011]',-19.600,235.304,98.201,79.901,84.601,0.500
'[00:00:06.945 01/01/2011]',-17.800,236.104,98.702,80.601,85.701,0.500
'[00:00:06.946 01/01/2011]',-16.100,237.604,99.602,81.701,87.601,0.500
'[00:00:06.947 01/01/2011]',-14.600,239.904,100.902,83.201,89.901,0.500
'[00:00:06.948 01/01/2011]',-13.500,242.704,102.402,85.001,91.901,0.500
'[00:00:06.949 01/01/2011]',-12.800,245.604,103.902,86.901,93.501,0.500
'[00:00:06.950 01/01/2011]',-12.900,248.404,105.702,88.601,94.601,0.500
'[00:00:06.951 01/01/2011]',-13.900,251.004,107.802,90.201,95.401,0.500
'[00:00:06.952 01/01/2011]',-15.800,253.604,110.302,91.601,96.301,0.500
'[00:00:06.953 01/01/2011]',-18.000,256.304,112.702,92.901,97.401,0.500
'[00:00:06.954 01/01/2011]',-19.200,258.804,114.602,94.001,98.802,0.500
'[00:00:06.955 01/01/2011]',-18.800,260.904,115.702,95.101,100.602,0.500
'[00:00:06.956 01/01/2011]',-16.600,262.304,116.002,96.201,102.702,0.500
'[00:00:06.957 01/01/2011]',-13.600,263.004,115.802,97.101,104.802,0.500
'[00:00:06.958 01/01/2011]',-11.400,263.204,115.602,98.001,107.002,0.500
'[00:00:06.959 01/01/2011]',-11.400,263.304,115.502,99.102,109.002,0.500
'[00:00:06.960 01/01/2011]',-13.700,263.604,115.702,100.502,110.702,0.500
'[00:00:06.961 01/01/2011]',-17.600,264.104,116.002,102.302,111.902,0.500
'[00:00:06.962 01/01/2011]',-21.500,264.604,116.302,104.102,112.802,0.500
'[00:00:06.963 01/01/2011]',-23.900,265.004,116.402,105.502,113.402,0.500
'[00:00:06.964 01/01/2011]',-24.500,265.404,116.302,106.002,113.802,0.500
'[00:00:06.965 01/01/2011]',-24.000,266.104,116.302,105.402,114.302,0.500
'[00:00:06.966 01/01/2011]',-23.400,267.204,116.202,104.102,115.002,0.500
'[00:00:06.967 01/01/2011]',-23.400,268.604,116.102,102.802,115.902,0.500
'[00:00:06.968 01/01/2011]',-23.900,269.804,116.002,102.402,117.102,0.500
'[00:00:06.969 01/01/2011]',-24.200,270.104,116.002,103.302,118.302,0.500
'[00:00:06.970 01/01/2011]',-23.700,269.404,116.002,105.202,119.502,0.500
'[00:00:06.971 01/01/2011]',-22.700,268.304,116.202,107.602,120.702,0.500
'[00:00:06.972 01/01/2011]',-21.900,267.404,116.502,109.402,121.702,0.500
'[00:00:06.973 01/01/2011]',-22.200,267.904,117.002,110.302,122.602,0.500
'[00:00:06.974 01/01/2011]',-24.100,270.004,117.702,110.202,123.202,0.500
'[00:00:06.975 01/01/2011]',-26.800,273.204,118.502,109.802,123.702,0.500
'[00:00:06.976 01/01/2011]',-29.200,276.704,119.702,109.702,124.102,0.500
'[00:00:06.977 01/01/2011]',-30.200,279.504,121.302,110.102,124.602,0.500
'[00:00:06.978 01/01/2011]',-29.500,281.104,123.002,110.902,125.102,0.500
'[00:00:06.979 01/01/2011]',-27.600,281.504,124.702,111.602,125.602,0.500
'[00:00:06.980 01/01/2011]',-25.400,281.304,125.902,112.102,126.302,0.500
'[00:00:06.981 01/01/2011]',-23.800,281.204,126.602,112.302,127.202,0.500
'[00:00:06.982 01/01/2011]',-23.000,281.404,127.002,112.602,128.102,0.500
'[00:00:06.983 01/01/2011]',-22.800,282.204,127.202,113.402,129.202,0.500
'[00:00:06.984 01/01/2011]',-22.900,283.504,127.702,114.702,130.102,0.500
'[00:00:06.985 01/01/2011]',-23.100,285.004,128.702,116.102,130.602,0.500
'[00:00:06.986 01/01/2011]',-23.200,286.504,129.902,117.102,130.702,0.500
'[00:00:06.987 01/01/2011]',-23.200,288.004,131.102,117.402,130.302,0.500
'[00:00:06.988 01/01/2011]',-23.100,289.204,131.902,117.202,129.902,0.500
'[00:00:06.989 01/01/2011]',-22.600,290.004,132.202,116.702,129.802,0.500
'[00:00:06.990 01/01/2011]',-21.600,290.204,132.002,116.202,130.102,0.500
'[00:00:06.991 01/01/2011]',-19.900,290.004,131.502,115.902,130.802,0.500
'[00:00:06.992 01/01/2011]',-17.600,289.404,130.902,115.502,131.402,0.500
'[00:00:06.993 01/01/2011]',-15.100,288.804,130.302,114.902,131.702,0.500
'[00:00:06.994 01/01/2011]',-13.000,288.404,129.902,114.102,131.502,0.500
'[00:00:06.995 01/01/2011]',-11.800,288.404,129.802,113.202,131.002,0.500
'[00:00:06.996 01/01/2011]',-12.000,288.504,130.102,112.702,130.502,0.500
'[00:00:06.997 01/01/2011]',-13.600,288.504,130.702,112.702,130.502,0.500
'[00:00:06.998 01/01/2011]',-16.000,288.204,131.502,113.102,130.802,0.500
'[00:00:06.999 01/01/2011]',-18.200,287.704,132.202,113.502,131.202,0.500
'[00:00:07.000 01/01/2011]',-19.000,287.304,132.802,113.602,131.302,0.500
'[00:00:07.001 01/01/2011]',-17.700,287.104,133.002,113.302,131.302,0.500
'[00:00:07.002 01/01/2011]',-14.500,287.604,132.902,112.902,131.302,0.500
'[00:00:07.003 01/01/2011]',-10.400,288.604,133.002,112.802,131.802,0.500
'[00:00:07.004 01/01/2011]',-6.800,289.804,133.202,113.402,133.102,0.500
'[00:00:07.005 01/01/2011]',-4.700,290.904,134.002,114.502,135.002,0.500
'[00:00:07.006 01/01/2011]',-4.300,291.504,135.302,115.802,136.902,0.500
'[00:00:07.007 01/01/2011]',-4.900,291.804,137.002,116.602,138.102,0.500
'[00:00:07.008 01/01/2011]',-5.600,291.904,138.902,116.802,138.202,0.500
'[00:00:07.009 01/01/2011]',-5.900,292.204,140.802,116.302,137.402,0.500
'[00:00:07.010 01/01/2011]',-6.000,292.804,142.402,115.402,136.102,0.500
'[00:00:07.011 01/01/2011]',-6.300,293.804,143.402,114.402,135.102,0.500
'[00:00:07.012 01/01/2011]',-7.200,294.804,144.002,113.502,134.702,0.500
'[00:00:07.013 01/01/2011]',-8.200,295.405,144.102,112.802,134.802,0.500
'[00:00:07.014 01/01/2011]',-8.400,295.305,144.102,112.102,135.002,0.500
'[00:00:07.015 01/01/2011]',-7.200,294.804,144.102,111.402,135.102,0.500
'[00:00:07.016 01/01/2011]',-4.800,294.004,144.202,110.902,134.902,0.500
'[00:00:07.017 01/01/2011]',-2.100,293.504,144.302,110.702,134.602,0.500
'[00:00:07.018 01/01/2011]',-0.500,293.604,144.402,110.902,134.402,0.500
'[00:00:07.019 01/01/2011]',-0.600,294.404,144.502,111.502,134.302,0.500
'[00:00:07.020 01/01/2011]',-2.500,295.505,144.402,112.202,134.102,0.500
'[00:00:07.021 01/01/2011]',-5.400,296.705,144.202,112.802,133.602,0.500
'[00:00:07.022 01/01/2011]',-8.300,297.605,144.002,113.002,132.702,0.500
'[00:00:07.023 01/01/2011]',-10.400,298.005,143.902,113.002,131.602,0.500
'[00:00:07.024 01/01/2011]',-11.700,297.905,143.902,112.702,130.502,0.500
'[00:00:07.025 01/01/2011]',-12.200,297.605,144.102,112.502,129.902,0.500
'[00:00:07.026 01/01/2011]',-11.900,297.305,144.302,112.302,129.802,0.500
'[00:00:07.027 01/01/2011]',-11.000,297.305,144.602,112.202,130.102,0.500
'[00:00:07.028 01/01/2011]',-9.600,297.705,145.002,112.102,130.402,0.500
'[00:00:07.029 01/01/2011]',-8.200,298.405,145.602,111.902,130.702,0.500
'[00:00:07.030 01/01/2011]',-7.500,299.405,146.302,111.902,130.902,0.500
'[00:00:07.031 01/01/2011]',-8.100,300.305,147.002,112.002,131.202,0.500
'[00:00:07.032 01/01/2011]',-9.900,300.805,147.402,112.202,131.502,0.500
'[00:00:07.033 01/01/2011]',-12.600,300.405,147.302,112.402,131.802,0.500
'[00:00:07.034 01/01/2011]',-15.400,299.205,146.702,112.502,131.702,0.500
'[00:00:07.035 01/01/2011]',-17.700,297.305,145.802,112.502,131.102,0.500
'[00:00:07.036 01/01/2011]',-19.200,295.505,145.102,112.302,130.102,0.500
'[00:00:07.037 01/01/2011]',-20.200,294.404,145.002,112.302,129.302,0.500
'[00:00:07.038 01/01/2011]',-20.800,294.404,145.802,112.502,129.002,0.500
'[00:00:07.039 01/01/2011]',-21.200,295.405,147.102,113.202,129.602,0.500
'[00:00:07.040 01/01/2011]',-21.300,297.105,148.302,113.902,130.802,0.500
'[00:00:07.041 01/01/2011]',-21.200,299.005,149.102,114.502,132.402,0.500
'[00:00:07.042 01/01/2011]',-21.200,300.805,149.102,114.802,134.102,0.500
'[00:00:07.043 01/01/2011]',-21.400,302.405,148.902,114.902,135.502,0.500
'[00:00:07.044 01/01/2011]',-22.100,303.805,148.902,115.002,136.702,0.500
'[00:00:07.045 01/01/2011]',-22.900,305.405,149.702,115.202,137.802,0.500
'[00:00:07.046 01/01/2011]',-23.200,306.805,151.502,115.402,138.902,0.500
'[00:00:07.047 01/01/2011]',-22.600,307.905,153.802,115.602,140.102,0.500
'[00:00:07.048 01/01/2011]',-20.800,308.605,156.102,115.402,141.102,0.500
'[00:00:07.049 01/01/2011]',-18.500,308.905,157.902,114.902,141.902,0.500
'[00:00:07.050 01/01/2011]',-16.700,309.005,159.202,114.102,142.402,0.500
'[00:00:07.051 01/01/2011]',-16.100,309.305,160.202,113.402,142.602,0.500
'[00:00:07.052 01/01/2011]',-17.300,310.105,161.202,113.102,142.502,0.500
'[00:00:07.053 01/01/2011]',-19.900,311.105,162.602,113.002,142.302,0.500
'[00:00:07.054 01/01/2011]',-23.100,311.805,164.203,113.102,142.002,0.500
'[00:00:07.055 01/01/2011]',-25.800,312.105,166.003,113.002,142.002,0.500
'[00:00:07.056 01/01/2011]',-27.400,311.905,167.603,112.802,142.402,0.500
'[00:00:07.057 01/01/2011]',-27.400,311.405,168.903,112.802,143.302,0.500
'[00:00:07.058 01/01/2011]',-25.700,311.305,170.103,113.302,144.802,0.500
'[00:00:07.059 01/01/2011]',-22.900,311.705,171.103,114.402,146.402,0.500
'[00:00:07.060 01/01/2011]',-20.100,312.605,172.003,115.802,147.702,0.500
'[00:00:07.061 01/01/2011]',-18.500,313.805,172.503,117.102,148.502,0.500
'[00:00:07.062 01/01/2011]',-19.000,314.805,172.803,117.602,148.602,0.500
'[00:00:07.063 01/01/2011]',-21.700,315.405,172.903,117.302,148.302,0.500
'[00:00:07.064 01/01/2011]',-25.700,315.705,172.903,116.302,147.902,0.500
'[00:00:07.065 01/01/2011]',-29.200,315.905,173.003,115.202,147.602,0.500
'[00:00:07.066 01/01/2011]',-30.900,316.405,173.303,114.502,147.402,0.500
'[00:00:07.067 01/01/2011]',-30.000,317.205,173.803,114.602,147.302,0.500
'[00:00:07.068 01/01/2011]',-27.100,318.205,174.203,115.202,147.102,0.500
'[00:00:07.069 01/01/2011]',-23.400,319.105,174.403,116.102,147.002,0.500
'[00:00:07.070 01/01/2011]',-20.200,319.805,174.403,117.002,146.802,0.500
'[00:00:07.071 01/01/2011]',-18.200,320.105,174.303,117.602,146.802,0.500
'[00:00:07.072 01/01/2011]',-17.300,320.205,174.403,117.902,146.702,0.500
'[00:00:07.073 01/01/2011]',-17.000,320.305,174.803,117.902,146.502,0.500
'[00:00:07.074 01/01/2011]',-17.200,320.405,175.403,117.702,145.902,0.500
'[00:00:07.075 01/01/2011]',-17.700,320.605,175.803,117.102,144.702,0.500
'[00:00:07.076 01/01/2011]',-18.900,320.605,175.403,116.102,142.902,0.500
'[00:00:07.077 01/01/2011]',-20.400,320.205,174.203,114.802,140.902,0.500
'[00:00:07.078 01/01/2011]',-21.500,319.505,172.303,113.202,139.002,0.500
'[00:00:07.079 01/01/2011]',-21.400,318.305,170.203,111.902,137.702,0.500
'[00:00:07.080 01/01/2011]',-19.700,317.205,168.703,111.102,137.402,0.500
'[00:00:07.081 01/01/2011]',-17.000,316.505,168.303,110.902,138.302,0.500
'[00:00:07.082 01/01/2011]',-14.900,316.605,168.903,111.402,140.002,0.500
'[00:00:07.083 01/01/2011]',-14.400,317.505,170.303,112.302,142.002,0.500
'[00:00:07.084 01/01/2011]',-15.800,318.905,171.603,113.302,143.802,0.500
'[00:00:07.085 01/01/2011]',-17.800,320.205,172.603,113.902,145.102,0.500
'[00:00:07.086 01/01/2011]',-18.400,321.105,173.003,114.002,145.702,0.500
'[00:00:07.087 01/01/2011]',-16.600,321.305,173.203,113.602,146.102,0.500
'[00:00:07.088 01/01/2011]',-12.700,321.005,173.403,113.002,146.402,0.500
'[00:00:07.089 01/01/2011]',-8.700,320.605,173.803,112.502,146.902,0.500
'[00:00:07.090 01/01/2011]',-7.000,320.305,174.303,112.402,147.602,0.500
'[00:00:07.091 01/01/2011]',-8.700,320.405,174.703,112.802,148.302,0.500
'[00:00:07.092 01/01/2011]',-13.200,320.805,174.803,113.502,148.902,0.500
'[00:00:07.093 01/01/2011]',-18.100,321.205,174.903,114.002,149.202,0.500
'[00:00:07.094 01/01/2011]',-21.300,321.505,175.003,114.202,149.202,0.500
'[00:00:07.095 01/01/2011]',-21.500,321.405,175.303,113.602,148.902,0.500
'[00:00:07.096 01/01/2011]',-19.600,320.805,175.603,112.302,148.002,0.500
'[00:00:07.097 01/01/2011]',-17.200,319.605,175.703,110.502,146.402,0.500
'[00:00:07.098 01/01/2011]',-16.100,318.005,175.303,108.302,144.102,0.500
'[00:00:07.099 01/01/2011]',-16.700,316.205,174.503,106.202,141.402,0.500
'[00:00:07.100 01/01/2011]',-18.000,314.605,173.703,104.202,139.002,0.500
'[00:00:07.101 01/01/2011]',-18.600,313.305,173.203,102.702,137.402,0.500
'[00:00:07.102 01/01/2011]',-17.700,312.605,173.303,101.802,137.002,0.500
'[00:00:07.103 01/01/2011]',-15.100,312.205,173.803,101.502,137.602,0.500
'[00:00:07.104 01/01/2011]',-12.000,312.105,174.403,101.802,138.802,0.500
'[00:00:07.105 01/01/2011]',-9.400,312.005,174.703,102.402,139.902,0.500
'[00:00:07.106 01/01/2011]',-7.900,311.805,174.603,103.202,140.902,0.500
'[00:00:07.107 01/01/2011]',-7.500,311.605,174.303,104.102,141.702,0.500
'[00:00:07.108 01/01/2011]',-7.700,311.605,174.003,104.902,142.502,0.500
'[00:00:07.109 01/01/2011]',-8.100,311.805,174.003,105.502,143.202,0.500
'[00:00:07.110 01/01/2011]',-8.500,312.305,174.303,105.902,143.802,0.500
'[00:00:07.111 01/01/2011]',-9.100,312.805,174.503,105.802,144.002,0.500
'[00:00:07.112 01/01/2011]',-10.200,313.305,174.603,105.402,143.802,0.500
'[00:00:07.113 01/01/2011]',-11.800,313.805,174.303,104.802,143.502,0.500
'[00:00:07.114 01/01/2011]',-13.600,314.305,173.903,104.302,143.402,0.500
'[00:00:07.115 01/01/2011]',-14.900,314.805,173.303,104.302,143.602,0.500
'[00:00:07.116 01/01/2011]',-15.300,315.305,172.803,104.602,144.202,0.500
'[00:00:07.117 01/01/2011]',-14.500,315.605,172.503,105.202,144.902,0.500
'[00:00:07.118 01/01/2011]',-12.700,315.605,172.303,105.902,145.502,0.500
'[00:00:07.119 01/01/2011]',-10.900,315.405,172.203,106.402,145.902,0.500
'[00:00:07.120 01/01/2011]',-10.000,315.005,172.203,106.602,146.102,0.500
'[00:00:07.121 01/01/2011]',-10.500,314.605,172.403,106.802,146.302,0.500
'[00:00:07.122 01/01/2011]',-12.000,314.305,172.903,107.002,146.702,0.500
'[00:00:07.123 01/01/2011]',-13.600,314.105,173.803,107.402,147.202,0.500
'[00:00:07.124 01/01/2011]',-14.200,314.105,174.903,107.802,147.502,0.500
'[00:00:07.125 01/01/2011]',-13.600,314.205,176.003,108.102,147.602,0.500
'[00:00:07.126 01/01/2011]',-12.400,314.405,176.703,108.002,147.502,0.500
'[00:00:07.127 01/01/2011]',-11.700,314.805,176.803,107.402,147.302,0.500
'[00:00:07.128 01/01/2011]',-12.100,315.105,176.303,106.402,146.902,0.500
'[00:00:07.129 01/01/2011]',-13.500,315.105,175.303,105.202,146.302,0.500
'[00:00:07.130 01/01/2011]',-14.800,314.605,174.103,104.002,145.302,0.500
'[00:00:07.131 01/01/2011]',-15.200,313.405,173.003,102.902,143.802,0.500
'[00:00:07.132 01/01/2011]',-14.400,311.805,172.003,101.702,141.802,0.500
'[00:00:07.133 01/01/2011]',-13.200,310.105,171.103,100.202,139.602,0.500
'[00:00:07.134 01/01/2011]',-12.800,308.805,170.103,98.201,137.502,0.500
'[00:00:07.135 01/01/2011]',-13.800,308.105,169.203,95.701,135.902,0.500
'[00:00:07.136 01/01/2011]',-15.800,308.405,168.503,93.301,134.802,0.500
'[00:00:07.137 01/01/2011]',-17.800,309.505,168.303,91.501,134.302,0.500
'[00:00:07.138 01/01/2011]',-18.500,311.205,168.803,91.201,134.502,0.500
'[00:00:07.139 01/01/2011]',-17.200,313.005,170.003,92.601,135.702,0.500
'[00:00:07.140 01/01/2011]',-13.900,314.505,171.603,95.501,138.002,0.500
'[00:00:07.141 01/01/2011]',-8.900,315.205,173.303,99.102,141.302,0.500
'[00:00:07.142 01/01/2011]',-2.700,314.905,174.503,102.402,145.102,0.500
'[00:00:07.143 01/01/2011]',5.000,313.805,175.403,104.802,148.702,0.500
'[00:00:07.144 01/01/2011]',14.300,312.505,176.203,106.302,151.502,0.500
'[00:00:07.145 01/01/2011]',25.100,311.905,177.503,107.202,153.602,0.500
'[00:00:07.146 01/01/2011]',37.201,312.905,179.903,108.302,155.502,0.500
'[00:00:07.147 01/01/2011]',50.501,316.005,183.603,110.302,158.002,0.500
'[00:00:07.148 01/01/2011]',65.301,320.905,188.503,113.202,161.802,0.500
'[00:00:07.149 01/01/2011]',81.901,326.505,193.803,116.702,166.603,0.500
'[00:00:07.150 01/01/2011]',100.102,331.505,198.303,119.802,171.503,0.500
'[00:00:07.151 01/01/2011]',118.802,334.605,201.003,121.602,175.003,0.500
'[00:00:07.152 01/01/2011]',135.602,335.205,201.303,121.702,175.903,0.500
'[00:00:07.153 01/01/2011]',147.702,333.605,199.203,120.102,174.003,0.500
'[00:00:07.154 01/01/2011]',153.002,330.605,195.503,117.202,169.803,0.500
'[00:00:07.155 01/01/2011]',151.202,327.305,191.103,113.602,164.403,0.500
'[00:00:07.156 01/01/2011]',143.002,324.205,186.903,110.002,158.702,0.500
'[00:00:07.157 01/01/2011]',130.202,321.405,183.403,106.402,153.202,0.500
'[00:00:07.158 01/01/2011]',113.902,318.505,180.503,102.702,147.602,0.500
'[00:00:07.159 01/01/2011]',94.501,315.305,177.803,98.402,141.502,0.500
'[00:00:07.160 01/01/2011]',71.901,311.405,174.903,93.501,134.702,0.500
'[00:00:07.161 01/01/2011]',46.201,307.305,171.503,88.101,127.202,0.500
'[00:00:07.162 01/01/2011]',18.200,303.205,167.903,82.901,119.802,0.500
'[00:00:07.163 01/01/2011]',-10.500,299.805,164.403,78.801,113.402,0.500
'[00:00:07.164 01/01/2011]',-38.201,297.305,161.602,76.301,108.402,0.500
'[00:00:07.165 01/01/2011]',-63.201,295.605,159.802,75.601,105.102,0.500
'[00:00:07.166 01/01/2011]',-84.201,294.804,159.202,76.301,103.402,0.500
'[00:00:07.167 01/01/2011]',-100.102,294.504,159.902,77.601,103.002,0.500
'[00:00:07.168 01/01/2011]',-109.902,294.804,161.602,78.801,103.502,0.500
'[00:00:07.169 01/01/2011]',-113.202,295.705,164.403,79.401,104.602,0.500
'[00:00:07.170 01/01/2011]',-110.802,296.905,167.803,79.501,106.202,0.500
'[00:00:07.171 01/01/2011]',-104.202,298.405,171.303,79.401,108.102,0.500
'[00:00:07.172 01/01/2011]',-95.501,299.905,174.303,79.301,110.102,0.500
'[00:00:07.173 01/01/2011]',-86.301,300.805,176.203,79.701,112.102,0.500
'[00:00:07.174 01/01/2011]',-77.201,301.105,176.903,80.501,113.802,0.500
'[00:00:07.175 01/01/2011]',-67.401,300.805,176.803,81.701,115.202,0.500
'[00:00:07.176 01/01/2011]',-56.401,300.305,176.303,83.001,116.302,0.500
'[00:00:07.177 01/01/2011]',-44.001,300.105,176.103,84.301,117.002,0.500
'[00:00:07.178 01/01/2011]',-31.700,300.605,176.203,85.501,117.602,0.500
'[00:00:07.179 01/01/2011]',-21.400,301.705,176.503,86.401,118.002,0.500
'[00:00:07.180 01/01/2011]',-14.700,303.205,176.503,87.001,118.102,0.500
'[00:00:07.181 01/01/2011]',-11.800,304.505,175.803,87.201,118.102,0.500
'[00:00:07.182 01/01/2011]',-11.500,305.605,174.703,87.101,117.802,0.500
'[00:00:07.183 01/01/2011]',-12.000,306.205,173.603,86.701,117.402,0.500
'[00:00:07.184 01/01/2011]',-11.900,306.605,173.203,86.201,116.802,0.500
'[00:00:07.185 01/01/2011]',-10.800,307.205,174.003,85.701,116.302,0.500
'[00:00:07.186 01/01/2011]',-9.500,308.005,175.603,85.201,115.802,0.500
'[00:00:07.187 01/01/2011]',-8.800,308.905,177.603,84.501,115.202,0.500
'[00:00:07.188 01/01/2011]',-9.300,309.705,179.503,83.601,114.602,0.500
'[00:00:07.189 01/01/2011]',-10.900,310.105,180.703,82.801,113.902,0.500
'[00:00:07.190 01/01/2011]',-12.800,310.405,181.403,82.201,113.402,0.500
'[00:00:07.191 01/01/2011]',-14.000,310.605,181.803,82.201,113.202,0.500
'[00:00:07.192 01/01/2011]',-14.000,311.205,182.303,82.701,113.202,0.500
'[00:00:07.193 01/01/2011]',-12.800,312.305,183.003,83.501,113.302,0.500
'[00:00:07.194 01/01/2011]',-10.800,313.705,183.803,84.201,113.302,0.500
'[00:00:07.195 01/01/2011]',-8.500,315.005,184.703,84.701,113.202,0.500
'[00:00:07.196 01/01/2011]',-6.400,316.005,185.503,84.701,112.902,0.500
'[00:00:07.197 01/01/2011]',-4.800,316.505,186.403,84.401,112.702,0.500
'[00:00:07.198 01/01/2011]',-3.600,316.705,187.503,84.101,112.802,0.500
'[00:00:07.199 01/01/2011]',-2.800,317.005,188.803,83.901,113.002,0.500
'[00:00:07.200 01/01/2011]',-2.700,317.605,190.303,83.801,113.302,0.500
'[00:00:07.201 01/01/2011]',-3.500,318.605,191.503,83.801,113.502,0.500
'[00:00:07.202 01/01/2011]',-5.200,319.705,192.303,83.901,113.502,0.500
'[00:00:07.203 01/01/2011]',-7.400,320.705,192.303,83.801,113.302,0.500
'[00:00:07.204 01/01/2011]',-9.300,321.305,191.803,83.601,113.102,0.500
'[00:00:07.205 01/01/2011]',-10.200,321.505,190.903,83.201,112.802,0.500
'[00:00:07.206 01/01/2011]',-9.700,321.405,190.103,82.801,112.402,0.500
'[00:00:07.207 01/01/2011]',-8.300,321.405,189.503,82.301,111.702,0.500
'[00:00:07.208 01/01/2011]',-6.700,321.805,189.603,81.901,110.802,0.500
'[00:00:07.209 01/01/2011]',-5.700,322.705,190.303,81.601,109.802,0.500
'[00:00:07.210 01/01/2011]',-5.300,323.805,191.603,81.301,109.002,0.500
'[00:00:07.211 01/01/2011]',-5.200,324.805,193.103,80.801,108.402,0.500
'[00:00:07.212 01/01/2011]',-4.600,325.405,194.603,80.101,108.102,0.500
'[00:00:07.213 01/01/2011]',-3.500,325.605,195.503,79.001,107.802,0.500
'[00:00:07.214 01/01/2011]',-2.400,325.405,195.903,77.701,107.402,0.500
'[00:00:07.215 01/01/2011]',-1.800,325.205,195.703,76.801,106.802,0.500
'[00:00:07.216 01/01/2011]',-1.900,325.005,195.303,76.401,106.102,0.500
'[00:00:07.217 01/01/2011]',-2.200,324.905,195.003,76.701,105.402,0.500
'[00:00:07.218 01/01/2011]',-1.500,324.605,194.903,77.201,104.402,0.500
'[00:00:07.219 01/01/2011]',0.400,323.805,195.103,77.501,103.302,0.500
'[00:00:07.220 01/01/2011]',3.100,322.405,195.503,77.101,102.002,0.500
'[00:00:07.221 01/01/2011]',5.200,320.605,196.003,76.001,100.602,0.500
'[00:00:07.222 01/01/2011]',5.200,318.805,196.603,74.601,99.202,0.500
'[00:00:07.223 01/01/2011]',2.600,317.505,197.403,73.301,98.001,0.500
'[00:00:07.224 01/01/2011]',-1.700,316.805,198.303,72.401,97.001,0.500
'[00:00:07.225 01/01/2011]',-5.800,317.005,199.103,71.801,95.901,0.500
'[00:00:07.226 01/01/2011]',-7.700,317.605,199.303,71.001,94.501,0.500
'[00:00:07.227 01/01/2011]',-6.600,318.305,198.803,69.801,93.001,0.500
'[00:00:07.228 01/01/2011]',-3.100,318.505,197.703,68.201,91.501,0.500
'[00:00:07.229 01/01/2011]',1.100,318.305,196.403,66.701,90.501,0.500
'[00:00:07.230 01/01/2011]',3.900,317.705,195.503,65.801,90.301,0.500
'[00:00:07.231 01/01/2011]',4.300,316.905,195.303,65.801,90.801,0.500
'[00:00:07.232 01/01/2011]',2.100,316.305,195.803,66.401,91.501,0.500
'[00:00:07.233 01/01/2011]',-1.300,316.005,196.503,67.101,91.901,0.500
'[00:00:07.234 01/01/2011]',-4.200,315.905,196.903,67.301,91.601,0.500
'[00:00:07.235 01/01/2011]',-5.300,315.705,196.603,66.801,90.601,0.500
'[00:00:07.236 01/01/2011]',-4.200,315.305,196.003,66.101,89.401,0.500
'[00:00:07.237 01/01/2011]',-1.800,314.705,195.403,65.601,88.501,0.500
'[00:00:07.238 01/01/2011]',0.500,314.305,195.303,65.701,88.201,0.500
'[00:00:07.239 01/01/2011]',1.200,314.405,195.803,66.301,88.501,0.500
'[00:00:07.240 01/01/2011]',-0.100,315.105,196.503,66.801,89.101,0.500
'[00:00:07.241 01/01/2011]',-2.800,316.105,197.103,66.701,89.301,0.500
'[00:00:07.242 01/01/2011]',-5.300,316.905,197.303,65.801,88.801,0.500
'[00:00:07.243 01/01/2011]',-6.200,316.905,197.103,64.301,87.601,0.500
'[00:00:07.244 01/01/2011]',-5.300,315.805,196.803,62.701,86.101,0.500
'[00:00:07.245 01/01/2011]',-3.100,313.805,196.503,61.501,84.601,0.500
'[00:00:07.246 01/01/2011]',-1.200,311.405,196.303,60.801,83.601,0.500
'[00:00:07.247 01/01/2011]',-0.500,309.505,196.203,60.301,82.901,0.500
'[00:00:07.248 01/01/2011]',-1.100,308.305,195.703,59.901,82.501,0.500
'[00:00:07.249 01/01/2011]',-2.000,307.905,194.803,59.301,82.101,0.500
'[00:00:07.250 01/01/2011]',-2.300,308.105,193.503,58.701,81.801,0.500
'[00:00:07.251 01/01/2011]',-1.400,308.205,192.003,58.301,81.501,0.500
'[00:00:07.252 01/01/2011]',0.300,308.205,190.703,58.401,81.401,0.500
'[00:00:07.253 01/01/2011]',1.700,308.005,189.903,58.901,81.401,0.500
'[00:00:07.254 01/01/2011]',2.300,307.805,189.903,59.501,81.501,0.500
'[00:00:07.255 01/01/2011]',2.300,307.705,190.703,59.701,81.701,0.500
'[00:00:07.256 01/01/2011]',2.100,307.905,192.103,59.201,81.701,0.500
'[00:00:07.257 01/01/2011]',2.400,308.405,193.603,58.201,81.601,0.500
'[00:00:07.258 01/01/2011]',2.900,309.005,194.503,57.201,81.401,0.500
'[00:00:07.259 01/01/2011]',2.800,309.705,194.103,56.401,80.901,0.500
'[00:00:07.260 01/01/2011]',1.600,310.105,192.103,56.001,80.201,0.500
'[00:00:07.261 01/01/2011]',-0.400,310.005,188.903,55.601,79.101,0.500
'[00:00:07.262 01/01/2011]',-1.800,309.505,185.203,54.801,77.701,0.500
'[00:00:07.263 01/01/2011]',-1.200,308.505,181.903,53.601,76.301,0.500
'[00:00:07.264 01/01/2011]',2.000,307.405,179.903,52.201,75.201,0.500
'[00:00:07.265 01/01/2011]',6.600,306.705,179.203,51.201,74.701,0.500
'[00:00:07.266 01/01/2011]',10.600,306.805,179.703,51.001,74.801,0.500
'[00:00:07.267 01/01/2011]',12.300,307.605,180.703,51.701,75.201,0.500
'[00:00:07.268 01/01/2011]',11.300,308.705,181.503,52.601,75.601,0.500
'[00:00:07.269 01/01/2011]',8.800,309.605,181.803,53.201,75.601,0.500
'[00:00:07.270 01/01/2011]',6.700,309.705,181.603,53.001,75.301,0.500
'[00:00:07.271 01/01/2011]',6.200,309.005,181.003,52.201,74.901,0.500
'[00:00:07.272 01/01/2011]',7.100,307.705,180.303,51.201,74.601,0.500
'[00:00:07.273 01/01/2011]',8.200,306.405,179.403,50.601,74.701,0.500
'[00:00:07.274 01/01/2011]',8.300,305.405,178.403,50.601,75.101,0.500
'[00:00:07.275 01/01/2011]',7.200,304.905,177.203,50.901,75.501,0.500
'[00:00:07.276 01/01/2011]',5.700,304.705,175.903,51.301,75.801,0.500
'[00:00:07.277 01/01/2011]',5.000,304.605,174.603,51.201,75.801,0.500
'[00:00:07.278 01/01/2011]',6.100,304.405,173.603,50.801,75.401,0.500
'[00:00:07.279 01/01/2011]',8.400,304.205,173.003,50.201,74.601,0.500
'[00:00:07.280 01/01/2011]',11.000,304.105,172.603,49.501,73.801,0.500
'[00:00:07.281 01/01/2011]',12.900,304.005,172.503,48.901,73.001,0.500
'[00:00:07.282 01/01/2011]',13.600,304.005,172.503,48.201,72.401,0.500
'[00:00:07.283 01/01/2011]',13.600,303.905,172.703,47.301,72.101,0.500
'[00:00:07.284 01/01/2011]',13.800,303.805,173.003,46.401,72.201,0.500
'[00:00:07.285 01/01/2011]',14.600,303.505,173.603,45.701,72.401,0.500
'[00:00:07.286 01/01/2011]',15.900,303.105,174.103,45.401,72.601,0.500
'[00:00:07.287 01/01/2011]',16.900,302.405,174.403,45.601,72.601,0.500
'[00:00:07.288 01/01/2011]',17.200,301.505,174.403,46.201,72.301,0.500
'[00:00:07.289 01/01/2011]',16.400,300.205,174.103,46.901,71.801,0.500
'[00:00:07.290 01/01/2011]',14.800,298.905,173.703,47.401,71.201,0.500
'[00:00:07.291 01/01/2011]',13.100,297.805,173.603,47.401,70.701,0.500
'[00:00:07.292 01/01/2011]',11.800,297.205,173.803,46.801,70.201,0.500
'[00:00:07.293 01/01/2011]',11.500,297.205,174.303,45.801,69.801,0.500
'[00:00:07.294 01/01/2011]',12.100,297.405,174.803,44.401,69.401,0.500
'[00:00:07.295 01/01/2011]',13.100,297.705,175.003,43.101,68.901,0.500
'[00:00:07.296 01/01/2011]',13.900,297.605,174.603,42.201,68.301,0.500
'[00:00:07.297 01/01/2011]',13.900,297.305,173.803,42.001,67.801,0.500
'[00:00:07.298 01/01/2011]',13.200,297.005,172.603,42.501,67.301,0.500
'[00:00:07.299 01/01/2011]',12.300,296.805,171.503,43.301,66.701,0.500
'[00:00:07.300 01/01/2011]',12.000,297.105,170.803,44.001,66.001,0.500
'[00:00:07.301 01/01/2011]',12.700,297.905,170.703,44.501,65.301,0.500
'[00:00:07.302 01/01/2011]',14.300,299.105,171.503,44.601,64.701,0.500
'[00:00:07.303 01/01/2011]',16.300,300.405,173.003,44.401,64.301,0.500
'[00:00:07.304 01/01/2011]',18.100,301.705,175.003,44.101,64.301,0.500
'[00:00:07.305 01/01/2011]',19.200,302.805,176.803,43.701,64.401,0.500
'[00:00:07.306 01/01/2011]',19.900,303.505,177.903,42.901,64.501,0.500
'[00:00:07.307 01/01/2011]',20.400,303.505,178.103,41.601,64.301,0.500
'[00:00:07.308 01/01/2011]',21.100,302.705,177.303,39.801,63.601,0.500
'[00:00:07.309 01/01/2011]',22.000,301.105,175.803,37.701,62.701,0.500
'[00:00:07.310 01/01/2011]',22.900,299.005,174.103,35.701,61.601,0.500
'[00:00:07.311 01/01/2011]',23.300,296.705,172.303,34.301,60.601,0.500
'[00:00:07.312 01/01/2011]',23.400,294.504,170.603,33.801,59.601,0.500
'[00:00:07.313 01/01/2011]',23.300,292.604,169.003,34.001,58.801,0.500
'[00:00:07.314 01/01/2011]',23.000,291.304,167.803,34.701,58.001,0.500
'[00:00:07.315 01/01/2011]',22.800,290.504,167.003,35.601,57.301,0.500
'[00:00:07.316 01/01/2011]',22.500,290.104,166.803,36.101,56.901,0.500
'[00:00:07.317 01/01/2011]',22.100,289.804,167.003,36.201,56.601,0.500
'[00:00:07.318 01/01/2011]',21.800,289.604,167.503,35.701,56.401,0.500
'[00:00:07.319 01/01/2011]',21.700,289.204,167.803,34.801,56.301,0.500
'[00:00:07.320 01/01/2011]',21.900,288.804,167.603,34.201,56.201,0.500
'[00:00:07.321 01/01/2011]',22.300,288.404,166.903,34.101,55.901,0.500
'[00:00:07.322 01/01/2011]',22.600,288.304,166.003,34.601,55.601,0.500
'[00:00:07.323 01/01/2011]',22.700,288.504,165.003,35.601,55.401,0.500
'[00:00:07.324 01/01/2011]',22.800,288.604,163.802,36.601,55.401,0.500
'[00:00:07.325 01/01/2011]',23.100,288.204,162.302,37.101,55.501,0.500
'[00:00:07.326 01/01/2011]',23.900,287.204,160.502,37.001,55.701,0.500
'[00:00:07.327 01/01/2011]',25.200,285.404,158.302,36.401,55.701,0.500
'[00:00:07.328 01/01/2011]',26.500,283.304,156.202,35.401,55.601,0.500
'[00:00:07.329 01/01/2011]',27.000,281.304,154.502,34.501,55.101,0.500
'[00:00:07.330 01/01/2011]',26.600,279.804,153.602,33.701,54.301,0.500
'[00:00:07.331 01/01/2011]',25.200,278.904,153.402,32.801,53.201,0.500
'[00:00:07.332 01/01/2011]',23.300,278.304,153.702,31.700,51.701,0.500
'[00:00:07.333 01/01/2011]',21.600,277.504,153.902,30.200,50.001,0.500
'[00:00:07.334 01/01/2011]',20.300,276.304,153.502,28.600,48.201,0.500
'[00:00:07.335 01/01/2011]',19.400,275.004,152.302,27.000,46.701,0.500
'[00:00:07.336 01/01/2011]',18.700,273.804,150.602,25.500,45.601,0.500
'[00:00:07.337 01/01/2011]',18.100,273.204,148.802,24.200,45.401,0.500
'[00:00:07.338 01/01/2011]',17.900,273.204,147.502,23.300,46.001,0.500
'[00:00:07.339 01/01/2011]',18.400,273.504,147.202,22.700,47.301,0.500
'[00:00:07.340 01/01/2011]',19.700,274.004,147.702,22.600,49.001,0.500
'[00:00:07.341 01/01/2011]',21.600,274.404,148.902,22.800,50.601,0.500
'[00:00:07.342 01/01/2011]',23.300,274.704,150.202,23.400,51.701,0.500
'[00:00:07.343 01/01/2011]',24.100,274.804,151.102,24.100,51.901,0.500
'[00:00:07.344 01/01/2011]',23.900,274.804,151.402,24.500,51.401,0.500
'[00:00:07.345 01/01/2011]',22.900,274.504,151.102,24.400,50.201,0.500
'[00:00:07.346 01/01/2011]',21.700,273.704,150.202,23.700,48.701,0.500
'[00:00:07.347 01/01/2011]',20.900,272.504,149.202,22.700,47.401,0.500
'[00:00:07.348 01/01/2011]',20.600,271.204,148.302,21.600,46.601,0.500
'[00:00:07.349 01/01/2011]',20.800,270.004,147.702,20.700,46.401,0.500
'[00:00:07.350 01/01/2011]',20.900,269.404,147.702,20.100,46.701,0.500
'[00:00:07.351 01/01/2011]',20.800,269.004,148.102,19.600,46.901,0.500
'[00:00:07.352 01/01/2011]',20.100,268.504,148.602,19.000,46.601,0.500
'[00:00:07.353 01/01/2011]',19.300,267.604,148.802,18.400,45.501,0.500
'[00:00:07.354 01/01/2011]',18.400,266.304,148.602,17.600,43.701,0.500
'[00:00:07.355 01/01/2011]',17.600,264.904,148.102,17.000,41.801,0.500
'[00:00:07.356 01/01/2011]',17.000,264.104,147.702,16.600,40.401,0.500
'[00:00:07.357 01/01/2011]',16.800,264.104,147.802,16.700,39.701,0.500
'[00:00:07.358 01/01/2011]',17.200,264.804,148.602,16.900,39.701,0.500
'[00:00:07.359 01/01/2011]',18.200,265.604,149.702,17.000,39.701,0.500
'[00:00:07.360 01/01/2011]',19.500,266.004,150.302,16.600,39.101,0.500
'[00:00:07.361 01/01/2011]',20.600,265.704,149.902,15.500,37.601,0.500
'[00:00:07.362 01/01/2011]',21.200,265.004,148.302,13.900,35.501,0.500
'[00:00:07.363 01/01/2011]',21.200,264.304,145.902,12.200,33.501,0.500
'[00:00:07.364 01/01/2011]',21.100,263.904,143.702,11.000,32.300,0.500
'[00:00:07.365 01/01/2011]',21.400,263.904,142.402,10.600,32.400,0.500
'[00:00:07.366 01/01/2011]',22.600,264.104,142.202,11.200,33.601,0.500
'[00:00:07.367 01/01/2011]',24.300,264.304,143.002,12.700,35.301,0.500
'[00:00:07.368 01/01/2011]',25.200,264.304,144.102,14.300,36.901,0.500
'[00:00:07.369 01/01/2011]',24.500,264.204,144.902,15.800,37.801,0.500
'[00:00:07.370 01/01/2011]',22.000,264.204,145.302,16.500,38.101,0.500
'[00:00:07.371 01/01/2011]',18.500,264.404,145.302,16.400,37.801,0.500
'[00:00:07.372 01/01/2011]',16.000,264.504,145.102,15.700,37.201,0.500
'[00:00:07.373 01/01/2011]',16.000,264.304,144.602,14.700,36.501,0.500
'[00:00:07.374 01/01/2011]',18.700,263.604,143.502,13.600,35.701,0.500
'[00:00:07.375 01/01/2011]',22.800,262.504,141.802,12.500,34.701,0.500
'[00:00:07.376 01/01/2011]',26.200,261.204,139.702,11.300,33.401,0.500
'[00:00:07.377 01/01/2011]',27.100,260.104,137.802,9.900,32.200,0.500
'[00:00:07.378 01/01/2011]',25.300,259.404,136.502,8.200,31.100,0.500
'[00:00:07.379 01/01/2011]',22.200,259.004,136.002,6.500,30.300,0.500
'[00:00:07.380 01/01/2011]',19.700,258.704,136.002,5.000,29.900,0.500
'[00:00:07.381 01/01/2011]',18.900,258.104,135.802,4.100,29.800,0.500
'[00:00:07.382 01/01/2011]',19.800,257.104,134.802,4.000,29.800,0.500
'[00:00:07.383 01/01/2011]',21.200,255.304,133.002,4.300,29.700,0.500
'[00:00:07.384 01/01/2011]',21.800,252.904,130.902,4.900,29.500,0.500
'[00:00:07.385 01/01/2011]',21.000,250.204,129.202,5.300,29.000,0.500
'[00:00:07.386 01/01/2011]',19.400,247.804,128.602,5.200,28.300,0.500
'[00:00:07.387 01/01/2011]',18.000,246.204,128.802,4.800,27.400,0.500
'[00:00:07.388 01/01/2011]',17.600,245.604,129.502,4.000,26.100,0.500
'[00:00:07.389 01/01/2011]',18.500,246.004,129.902,3.200,24.700,0.500
'[00:00:07.390 01/01/2011]',20.300,246.704,129.502,2.500,23.100,0.500
'[00:00:07.391 01/01/2011]',22.600,246.904,128.602,1.800,21.600,0.500
'[00:00:07.392 01/01/2011]',24.900,246.204,127.402,1.300,20.400,0.500
'[00:00:07.393 01/01/2011]',26.800,244.404,126.202,0.700,19.600,0.500
'[00:00:07.394 01/01/2011]',27.900,242.104,125.302,0.100,19.200,0.500
'[00:00:07.395 01/01/2011]',28.000,239.904,124.602,-0.300,19.200,0.500
'[00:00:07.396 01/01/2011]',27.100,238.504,124.102,-0.700,19.500,0.500
'[00:00:07.397 01/01/2011]',25.300,238.104,123.702,-1.100,20.000,0.500
'[00:00:07.398 01/01/2011]',23.300,238.704,123.702,-1.600,20.500,0.500
'[00:00:07.399 01/01/2011]',21.700,239.904,123.902,-2.100,21.000,0.500
'[00:00:07.400 01/01/2011]',21.000,241.204,124.502,-2.500,21.400,0.500
'[00:00:07.401 01/01/2011]',21.000,242.404,125.202,-2.500,21.800,0.500
'[00:00:07.402 01/01/2011]',21.400,243.204,125.602,-1.900,22.200,0.500
'[00:00:07.403 01/01/2011]',22.200,243.704,125.502,-0.600,22.700,0.500
'[00:00:07.404 01/01/2011]',23.300,243.604,124.702,1.000,23.200,0.500
'[00:00:07.405 01/01/2011]',24.500,243.004,123.302,2.800,23.500,0.500
'[00:00:07.406 01/01/2011]',25.900,241.804,121.402,4.000,23.400,0.500
'[00:00:07.407 01/01/2011]',27.200,240.104,119.402,4.500,22.700,0.500
'[00:00:07.408 01/01/2011]',28.000,238.104,117.402,4.100,21.500,0.500
'[00:00:07.409 01/01/2011]',28.300,236.104,115.702,3.200,20.100,0.500
'[00:00:07.410 01/01/2011]',28.300,234.504,114.302,2.200,19.000,0.500
'[00:00:07.411 01/01/2011]',28.200,233.504,113.202,1.500,18.300,0.500
'[00:00:07.412 01/01/2011]',28.000,232.804,112.402,1.400,18.100,0.500
'[00:00:07.413 01/01/2011]',27.400,232.504,112.002,1.600,18.200,0.500
'[00:00:07.414 01/01/2011]',26.500,232.204,111.902,1.900,18.100,0.500
'[00:00:07.415 01/01/2011]',25.500,232.004,112.202,1.900,17.800,0.500
'[00:00:07.416 01/01/2011]',24.800,231.704,112.702,1.300,17.200,0.500
'[00:00:07.417 01/01/2011]',25.000,231.704,113.302,0.400,16.600,0.500
'[00:00:07.418 01/01/2011]',26.300,231.904,113.902,-0.700,16.200,0.500
'[00:00:07.419 01/01/2011]',28.100,232.004,114.402,-1.500,16.000,0.500
'[00:00:07.420 01/01/2011]',29.700,231.704,114.702,-1.900,15.900,0.500
'[00:00:07.421 01/01/2011]',30.400,230.804,114.702,-1.900,15.500,0.500
'[00:00:07.422 01/01/2011]',30.200,229.103,114.202,-2.000,14.600,0.500
'[00:00:07.423 01/01/2011]',29.500,226.903,113.102,-2.300,13.300,0.500
'[00:00:07.424 01/01/2011]',28.800,225.103,111.602,-2.900,12.000,0.500
'[00:00:07.425 01/01/2011]',28.300,224.003,110.102,-3.700,11.100,0.500
'[00:00:07.426 01/01/2011]',28.100,223.903,108.902,-4.400,10.800,0.500
'[00:00:07.427 01/01/2011]',28.000,224.703,108.402,-4.600,11.000,0.500
'[00:00:07.428 01/01/2011]',28.200,225.803,108.402,-4.400,11.500,0.500
'[00:00:07.429 01/01/2011]',28.800,226.603,108.502,-4.000,11.800,0.500
'[00:00:07.430 01/01/2011]',29.900,226.803,108.202,-3.900,11.500,0.500
'[00:00:07.431 01/01/2011]',31.300,226.303,107.102,-4.400,10.300,0.500
'[00:00:07.432 01/01/2011]',32.500,225.303,105.502,-5.600,8.500,0.500
'[00:00:07.433 01/01/2011]',33.301,224.003,104.002,-7.100,6.400,0.500
'[00:00:07.434 01/01/2011]',33.601,222.803,103.402,-8.500,4.500,0.500
'[00:00:07.435 01/01/2011]',33.701,221.803,103.902,-9.200,3.300,0.500
'[00:00:07.436 01/01/2011]',34.001,221.403,105.202,-9.100,2.800,0.500
'[00:00:07.437 01/01/2011]',34.501,221.703,106.802,-8.100,3.200,0.500
'[00:00:07.438 01/01/2011]',34.801,222.503,108.002,-6.900,3.900,0.500
'[00:00:07.439 01/01/2011]',34.701,223.603,108.502,-5.800,4.700,0.500
'[00:00:07.440 01/01/2011]',34.101,224.403,108.502,-5.300,5.300,0.500
'[00:00:07.441 01/01/2011]',33.701,224.703,108.302,-5.500,5.600,0.500
'[00:00:07.442 01/01/2011]',34.201,224.503,108.502,-6.300,5.500,0.500
'[00:00:07.443 01/01/2011]',36.001,224.003,109.202,-7.400,5.300,0.500
'[00:00:07.444 01/01/2011]',38.601,223.403,110.302,-8.700,5.100,0.500
'[00:00:07.445 01/01/2011]',40.701,222.903,111.302,-9.900,4.600,0.500
'[00:00:07.446 01/01/2011]',41.101,222.303,111.702,-10.900,4.000,0.500
'[00:00:07.447 01/01/2011]',39.401,221.503,111.202,-11.700,3.200,0.500
'[00:00:07.448 01/01/2011]',36.301,220.303,110.002,-12.000,2.400,0.500
'[00:00:07.449 01/01/2011]',33.301,218.903,108.302,-11.800,1.600,0.500
'[00:00:07.450 01/01/2011]',31.600,217.403,106.902,-11.300,1.000,0.500
'[00:00:07.451 01/01/2011]',31.700,216.303,106.002,-11.100,0.300,0.500
'[00:00:07.452 01/01/2011]',32.801,215.503,105.902,-11.500,-0.600,0.500
'[00:00:07.453 01/01/2011]',33.801,215.103,106.202,-12.800,-1.900,0.500
'[00:00:07.454 01/01/2011]',33.701,214.903,106.502,-14.500,-3.300,0.500
'[00:00:07.455 01/01/2011]',32.600,214.603,106.402,-16.100,-4.400,0.500
'[00:00:07.456 01/01/2011]',31.400,214.203,105.802,-16.800,-5.000,0.500
'[00:00:07.457 01/01/2011]',31.100,213.803,105.102,-16.300,-4.900,0.500
'[00:00:07.458 01/01/2011]',32.100,213.403,104.602,-15.000,-4.300,0.500
'[00:00:07.459 01/01/2011]',33.801,213.003,104.602,-13.600,-3.500,0.500
'[00:00:07.460 01/01/2011]',35.301,212.603,105.102,-13.100,-3.000,0.500
'[00:00:07.461 01/01/2011]',35.901,212.103,106.002,-13.600,-2.800,0.500
'[00:00:07.462 01/01/2011]',35.701,211.403,106.902,-14.800,-2.900,0.500
'[00:00:07.463 01/01/2011]',35.601,210.703,107.602,-15.800,-2.900,0.500
'[00:00:07.464 01/01/2011]',36.301,210.103,107.902,-16.000,-2.800,0.500
'[00:00:07.465 01/01/2011]',37.801,209.703,108.002,-15.300,-2.400,0.500
'[00:00:07.466 01/01/2011]',39.601,209.403,107.702,-13.900,-1.900,0.500
'[00:00:07.467 01/01/2011]',40.401,209.203,107.002,-12.700,-1.600,0.500
'[00:00:07.468 01/01/2011]',39.701,208.903,106.102,-12.000,-1.400,0.500
'[00:00:07.469 01/01/2011]',37.701,208.603,105.302,-11.900,-1.300,0.500
'[00:00:07.470 01/01/2011]',35.501,208.503,104.802,-12.100,-1.400,0.500
'[00:00:07.471 01/01/2011]',34.201,209.103,104.802,-12.300,-1.500,0.500
'[00:00:07.472 01/01/2011]',34.401,210.303,105.202,-12.400,-1.900,0.500
'[00:00:07.473 01/01/2011]',35.601,212.003,105.702,-12.500,-2.400,0.500
'[00:00:07.474 01/01/2011]',37.201,213.803,105.802,-12.700,-3.100,0.500
'[00:00:07.475 01/01/2011]',38.301,214.903,105.402,-12.800,-3.700,0.500
'[00:00:07.476 01/01/2011]',38.601,215.003,104.502,-12.700,-3.800,0.500
'[00:00:07.477 01/01/2011]',38.501,214.103,103.302,-12.100,-3.300,0.500
'[00:00:07.478 01/01/2011]',38.801,212.803,102.102,-11.000,-2.300,0.500
'[00:00:07.479 01/01/2011]',40.001,211.403,101.202,-9.700,-1.200,0.500
'[00:00:07.480 01/01/2011]',42.201,210.403,100.702,-8.600,-0.200,0.500
'[00:00:07.481 01/01/2011]',45.001,210.003,100.802,-8.000,0.300,0.500
'[00:00:07.482 01/01/2011]',47.601,210.003,101.302,-7.800,0.200,0.500
'[00:00:07.483 01/01/2011]',49.201,210.003,102.102,-7.900,-0.100,0.500
'[00:00:07.484 01/01/2011]',49.501,210.003,103.102,-8.000,-0.400,0.500
'[00:00:07.485 01/01/2011]',48.801,209.903,103.902,-8.100,-0.500,0.500
'[00:00:07.486 01/01/2011]',47.901,209.903,104.502,-8.100,-0.400,0.500
'[00:00:07.487 01/01/2011]',47.901,209.903,104.702,-8.400,-0.300,0.500
'[00:00:07.488 01/01/2011]',49.301,209.803,104.602,-8.900,-0.300,0.500
'[00:00:07.489 01/01/2011]',52.001,209.403,104.502,-9.500,-0.400,0.500
'[00:00:07.490 01/01/2011]',55.301,208.603,104.502,-9.800,-0.500,0.500
'[00:00:07.491 01/01/2011]',57.801,207.303,104.602,-10.000,-0.500,0.500
'[00:00:07.492 01/01/2011]',58.701,205.803,104.702,-10.000,-0.400,0.500
'[00:00:07.493 01/01/2011]',57.501,204.503,104.902,-10.100,-0.300,0.500
'[00:00:07.494 01/01/2011]',54.901,203.603,105.002,-10.500,-0.500,0.500
'[00:00:07.495 01/01/2011]',51.501,203.403,105.402,-11.300,-1.100,0.500
'[00:00:07.496 01/01/2011]',48.301,203.803,106.202,-12.200,-2.000,0.500
'[00:00:07.497 01/01/2011]',45.901,204.303,107.302,-13.200,-2.900,0.500
'[00:00:07.498 01/01/2011]',44.601,204.703,108.602,-14.300,-3.600,0.500
'[00:00:07.499 01/01/2011]',44.501,204.403,109.802,-15.300,-3.900,0.500
'[00:00:07.500 01/01/2011]',45.401,203.503,110.602,-16.300,-3.800,0.500
'[00:00:07.501 01/01/2011]',46.801,202.203,111.002,-17.000,-3.700,0.500
'[00:00:07.502 01/01/2011]',47.901,200.703,111.102,-17.200,-4.000,0.500
'[00:00:07.503 01/01/2011]',48.301,199.503,111.002,-16.900,-4.800,0.500
'[00:00:07.504 01/01/2011]',47.801,198.703,110.802,-16.200,-6.000,0.500
'[00:00:07.505 01/01/2011]',46.901,198.503,110.802,-15.400,-7.200,0.500
'[00:00:07.506 01/01/2011]',46.301,198.703,111.002,-14.900,-8.100,0.500
'[00:00:07.507 01/01/2011]',46.401,199.303,111.702,-14.800,-8.400,0.500
'[00:00:07.508 01/01/2011]',46.801,200.003,113.002,-15.100,-8.400,0.500
'[00:00:07.509 01/01/2011]',46.701,200.703,114.802,-15.600,-8.300,0.500
'[00:00:07.510 01/01/2011]',45.401,201.003,116.702,-16.100,-8.300,0.500
'[00:00:07.511 01/01/2011]',42.901,200.803,118.202,-16.600,-8.400,0.500
'[00:00:07.512 01/01/2011]',40.201,199.903,118.902,-17.200,-8.600,0.500
'[00:00:07.513 01/01/2011]',38.501,198.603,118.502,-17.800,-8.700,0.500
'[00:00:07.514 01/01/2011]',38.601,197.203,117.202,-18.500,-8.600,0.500
'[00:00:07.515 01/01/2011]',40.201,196.003,115.602,-19.000,-8.400,0.500
'[00:00:07.516 01/01/2011]',42.101,195.203,114.402,-19.200,-8.300,0.500
'[00:00:07.517 01/01/2011]',43.001,194.803,113.702,-19.000,-8.400,0.500
'[00:00:07.518 01/01/2011]',42.201,194.603,113.802,-18.800,-8.700,0.500
'[00:00:07.519 01/01/2011]',40.101,194.303,114.202,-18.600,-9.000,0.500
'[00:00:07.520 01/01/2011]',37.901,194.103,114.502,-18.700,-9.100,0.500
'[00:00:07.521 01/01/2011]',36.401,194.003,114.502,-19.000,-9.000,0.500
'[00:00:07.522 01/01/2011]',36.001,194.303,114.002,-19.500,-8.700,0.500
'[00:00:07.523 01/01/2011]',36.201,194.703,112.902,-20.000,-8.300,0.500
'[00:00:07.524 01/01/2011]',36.101,194.803,111.302,-20.400,-8.200,0.500
'[00:00:07.525 01/01/2011]',35.101,194.203,109.502,-20.800,-8.300,0.500
'[00:00:07.526 01/01/2011]',33.001,192.703,107.802,-21.300,-8.800,0.500
'[00:00:07.527 01/01/2011]',30.600,190.703,106.502,-22.100,-9.600,0.500
'[00:00:07.528 01/01/2011]',28.700,188.503,105.902,-23.200,-10.600,0.500
'[00:00:07.529 01/01/2011]',27.900,186.903,106.002,-24.500,-11.700,0.500
'[00:00:07.530 01/01/2011]',28.000,186.003,106.602,-26.000,-12.600,0.500
'[00:00:07.531 01/01/2011]',28.800,185.903,107.202,-27.300,-13.400,0.500
'[00:00:07.532 01/01/2011]',29.500,186.203,107.302,-28.300,-13.800,0.500
'[00:00:07.533 01/01/2011]',29.700,186.503,106.902,-28.700,-13.800,0.500
'[00:00:07.534 01/01/2011]',29.400,186.803,106.202,-28.300,-13.200,0.500
'[00:00:07.535 01/01/2011]',29.000,187.303,106.002,-26.800,-11.800,0.500
'[00:00:07.536 01/01/2011]',28.800,188.503,107.102,-24.400,-9.500,0.500
'[00:00:07.537 01/01/2011]',28.800,190.703,109.802,-21.100,-6.300,0.500
'[00:00:07.538 01/01/2011]',28.700,193.803,113.902,-17.600,-2.500,0.500
'[00:00:07.539 01/01/2011]',28.000,197.503,119.002,-14.200,1.400,0.500
'[00:00:07.540 01/01/2011]',26.500,201.603,124.202,-11.200,4.800,0.500
'[00:00:07.541 01/01/2011]',24.400,205.403,128.802,-8.800,7.500,0.500
'[00:00:07.542 01/01/2011]',22.400,208.803,132.702,-6.700,9.700,0.500
'[00:00:07.543 01/01/2011]',21.300,211.703,135.802,-4.800,11.800,0.500
'[00:00:07.544 01/01/2011]',21.800,214.203,138.402,-3.000,14.200,0.500
'[00:00:07.545 01/01/2011]',23.500,216.503,140.402,-1.500,17.000,0.500
'[00:00:07.546 01/01/2011]',25.900,218.703,142.002,-0.400,20.000,0.500
'[00:00:07.547 01/01/2011]',27.900,220.703,143.102,0.200,22.800,0.500
'[00:00:07.548 01/01/2011]',28.900,222.503,143.802,0.200,24.900,0.500
'[00:00:07.549 01/01/2011]',28.600,224.003,144.102,0.000,26.500,0.500
'[00:00:07.550 01/01/2011]',27.700,225.203,144.202,0.100,27.800,0.500
'[00:00:07.551 01/01/2011]',26.900,226.103,144.302,0.600,29.000,0.500
'[00:00:07.552 01/01/2011]',26.600,226.803,144.602,1.600,30.300,0.500
'[00:00:07.553 01/01/2011]',26.700,227.503,145.302,2.900,31.700,0.500
'[00:00:07.554 01/01/2011]',26.800,228.303,146.302,4.300,32.901,0.500
'[00:00:07.555 01/01/2011]',26.000,229.504,147.602,5.600,33.901,0.500
'[00:00:07.556 01/01/2011]',24.200,231.004,149.002,6.600,34.601,0.500
'[00:00:07.557 01/01/2011]',22.000,232.404,150.502,7.300,35.401,0.500
'[00:00:07.558 01/01/2011]',20.400,233.504,151.902,7.700,36.401,0.500
'[00:00:07.559 01/01/2011]',20.300,234.104,153.102,7.500,37.501,0.500
'[00:00:07.560 01/01/2011]',21.700,234.004,154.202,7.000,38.701,0.500
'[00:00:07.561 01/01/2011]',23.800,233.504,155.202,6.200,39.701,0.500
'[00:00:07.562 01/01/2011]',25.300,233.004,155.902,5.500,40.401,0.500
'[00:00:07.563 01/01/2011]',25.300,232.904,156.302,5.000,40.801,0.500
'[00:00:07.564 01/01/2011]',24.300,233.304,156.602,4.900,40.901,0.500
'[00:00:07.565 01/01/2011]',23.300,234.104,156.702,5.100,41.101,0.500
'[00:00:07.566 01/01/2011]',23.700,234.804,157.002,5.500,41.501,0.500
'[00:00:07.567 01/01/2011]',25.700,235.004,157.402,5.900,42.001,0.500
'[00:00:07.568 01/01/2011]',28.500,234.804,158.002,6.400,42.501,0.500
'[00:00:07.569 01/01/2011]',30.100,234.204,158.402,7.200,42.701,0.500
'[00:00:07.570 01/01/2011]',29.200,233.804,158.602,8.300,42.401,0.500
'[00:00:07.571 01/01/2011]',25.900,233.904,158.502,9.200,41.501,0.500
'[00:00:07.572 01/01/2011]',21.300,234.504,157.902,9.700,40.201,0.500
'[00:00:07.573 01/01/2011]',17.700,235.304,157.002,9.500,38.801,0.500
'[00:00:07.574 01/01/2011]',16.500,235.904,155.702,8.600,37.601,0.500
'[00:00:07.575 01/01/2011]',17.900,235.804,154.002,7.300,36.801,0.500
'[00:00:07.576 01/01/2011]',20.800,234.804,152.102,6.100,36.401,0.500
'[00:00:07.577 01/01/2011]',23.300,233.404,150.202,5.400,36.201,0.500
'[00:00:07.578 01/01/2011]',24.300,232.104,149.002,5.500,35.901,0.500
'[00:00:07.579 01/01/2011]',23.600,231.404,148.802,5.900,35.101,0.500
'[00:00:07.580 01/01/2011]',22.000,231.304,149.802,6.200,34.001,0.500
'[00:00:07.581 01/01/2011]',20.900,231.704,151.602,5.800,32.600,0.500
'[00:00:07.582 01/01/2011]',21.100,231.904,153.402,4.700,31.300,0.500
'[00:00:07.583 01/01/2011]',22.700,231.604,154.502,3.200,30.400,0.500
'[00:00:07.584 01/01/2011]',25.000,230.804,154.702,1.800,30.300,0.500
'[00:00:07.585 01/01/2011]',26.800,229.604,154.502,1.200,31.100,0.500
'[00:00:07.586 01/01/2011]',27.300,228.603,154.802,1.800,32.500,0.500
'[00:00:07.587 01/01/2011]',26.300,228.203,156.102,3.200,34.401,0.500
'[00:00:07.588 01/01/2011]',24.500,228.603,158.202,5.000,36.201,0.500
'[00:00:07.589 01/01/2011]',23.000,229.504,160.602,6.400,37.501,0.500
'[00:00:07.590 01/01/2011]',22.600,230.504,162.202,6.600,37.901,0.500
'[00:00:07.591 01/01/2011]',23.500,231.004,162.502,5.800,37.501,0.500
'[00:00:07.592 01/01/2011]',25.200,230.904,161.602,4.200,36.601,0.500
'[00:00:07.593 01/01/2011]',26.800,230.304,160.402,2.700,35.701,0.500
'[00:00:07.594 01/01/2011]',27.400,229.504,159.602,1.700,35.001,0.500
'[00:00:07.595 01/01/2011]',26.900,228.903,159.702,1.300,34.701,0.500
'[00:00:07.596 01/01/2011]',25.700,228.603,160.602,1.400,34.601,0.500
'[00:00:07.597 01/01/2011]',24.500,228.603,161.702,1.300,34.601,0.500
'[00:00:07.598 01/01/2011]',23.900,228.503,162.302,0.800,34.501,0.500
'[00:00:07.599 01/01/2011]',23.800,228.003,162.302,-0.100,34.301,0.500
'[00:00:07.600 01/01/2011]',23.900,226.903,161.802,-1.100,34.101,0.500
'[00:00:07.601 01/01/2011]',24.100,225.403,161.302,-1.600,33.801,0.500
'[00:00:07.602 01/01/2011]',24.100,223.803,161.402,-1.400,33.601,0.500
'[00:00:07.603 01/01/2011]',24.400,222.703,162.102,-0.200,33.401,0.500
'[00:00:07.604 01/01/2011]',25.000,222.203,163.402,1.700,33.401,0.500
'[00:00:07.605 01/01/2011]',25.700,222.103,164.803,3.700,33.601,0.500
'[00:00:07.606 01/01/2011]',26.300,222.103,165.703,5.100,33.901,0.500
'[00:00:07.607 01/01/2011]',26.300,221.603,165.803,5.500,34.101,0.500
'[00:00:07.608 01/01/2011]',25.800,220.203,165.103,5.000,34.001,0.500
'[00:00:07.609 01/01/2011]',25.600,218.203,163.802,3.600,33.101,0.500
'[00:00:07.610 01/01/2011]',26.100,216.103,162.302,2.000,31.600,0.500
'[00:00:07.611 01/01/2011]',27.700,214.503,160.802,0.600,29.700,0.500
'[00:00:07.612 01/01/2011]',29.500,213.803,159.402,-0.200,28.000,0.500
'[00:00:07.613 01/01/2011]',30.400,213.703,158.202,-0.400,27.100,0.500
'[00:00:07.614 01/01/2011]',29.400,213.703,157.202,-0.400,26.900,0.500
'[00:00:07.615 01/01/2011]',26.200,213.603,156.702,-0.200,27.300,0.500
'[00:00:07.616 01/01/2011]',22.000,213.103,156.702,-0.100,27.700,0.500
'[00:00:07.617 01/01/2011]',18.300,212.903,157.302,0.200,27.900,0.500
'[00:00:07.618 01/01/2011]',16.400,213.503,158.602,1.100,27.700,0.500
'[00:00:07.619 01/01/2011]',16.900,215.603,160.102,2.900,27.600,0.500
'[00:00:07.620 01/01/2011]',19.100,219.203,161.802,5.700,28.200,0.500
'[00:00:07.621 01/01/2011]',22.400,223.503,163.802,9.400,30.100,0.500
'[00:00:07.622 01/01/2011]',26.300,227.903,166.103,13.500,33.301,0.500
'[00:00:07.623 01/01/2011]',31.100,231.704,169.003,17.300,37.501,0.500
'[00:00:07.624 01/01/2011]',37.201,234.804,172.103,20.200,41.901,0.500
'[00:00:07.625 01/01/2011]',44.801,237.104,175.303,21.900,45.901,0.500
'[00:00:07.626 01/01/2011]',53.501,238.804,178.103,22.800,49.101,0.500
'[00:00:07.627 01/01/2011]',62.601,240.104,180.203,23.600,51.901,0.500
'[00:00:07.628 01/01/2011]',72.001,240.804,181.903,25.100,55.401,0.500
'[00:00:07.629 01/01/2011]',82.301,241.104,183.703,27.900,60.401,0.500
'[00:00:07.630 01/01/2011]',94.901,241.104,185.703,32.000,67.101,0.500
'[00:00:07.631 01/01/2011]',110.802,240.904,187.903,36.501,74.901,0.500
'[00:00:07.632 01/01/2011]',129.902,240.304,189.503,40.201,82.201,0.500
'[00:00:07.633 01/01/2011]',149.802,238.804,189.803,42.001,87.601,0.500
'[00:00:07.634 01/01/2011]',167.303,235.504,188.103,41.301,89.801,0.500
'[00:00:07.635 01/01/2011]',178.903,230.004,184.303,38.501,89.001,0.500
'[00:00:07.636 01/01/2011]',182.503,222.703,179.203,34.301,85.901,0.500
'[00:00:07.637 01/01/2011]',177.703,214.203,173.703,30.000,81.901,0.500
'[00:00:07.638 01/01/2011]',166.103,205.903,168.703,26.000,78.001,0.500
'[00:00:07.639 01/01/2011]',149.402,198.203,164.203,22.300,74.501,0.500
'[00:00:07.640 01/01/2011]',129.702,191.403,160.102,18.400,70.901,0.500
'[00:00:07.641 01/01/2011]',108.302,184.503,155.402,13.700,66.501,0.500
'[00:00:07.642 01/01/2011]',86.101,176.903,149.902,7.600,60.901,0.500
'[00:00:07.643 01/01/2011]',63.401,167.903,143.402,0.400,54.201,0.500
'[00:00:07.644 01/01/2011]',40.301,157.902,136.502,-7.200,47.001,0.500
'[00:00:07.645 01/01/2011]',16.600,147.702,130.002,-14.200,40.201,0.500
'[00:00:07.646 01/01/2011]',-7.900,138.602,124.602,-19.800,34.401,0.500
'[00:00:07.647 01/01/2011]',-32.500,131.402,121.002,-23.500,30.000,0.500
'[00:00:07.648 01/01/2011]',-55.601,126.602,119.102,-25.400,27.000,0.500
'[00:00:07.649 01/01/2011]',-74.601,123.902,118.602,-26.000,25.200,0.500
'[00:00:07.650 01/01/2011]',-86.801,122.702,119.202,-25.700,24.600,0.500
'[00:00:07.651 01/01/2011]',-90.901,122.502,120.502,-24.900,25.100,0.500
'[00:00:07.652 01/01/2011]',-87.501,122.902,122.102,-23.700,26.600,0.500
'[00:00:07.653 01/01/2011]',-79.101,123.902,123.902,-22.000,28.700,0.500
'[00:00:07.654 01/01/2011]',-68.901,125.602,125.802,-20.100,30.600,0.500
'[00:00:07.655 01/01/2011]',-59.501,128.402,127.702,-18.100,31.800,0.500
'[00:00:07.656 01/01/2011]',-51.301,132.302,129.802,-16.800,31.600,0.500
'[00:00:07.657 01/01/2011]',-43.301,137.202,131.902,-16.500,29.800,0.500
'[00:00:07.658 01/01/2011]',-33.701,142.702,133.902,-17.800,26.700,0.500
'[00:00:07.659 01/01/2011]',-21.600,148.102,135.502,-20.300,22.600,0.500
'[00:00:07.660 01/01/2011]',-7.700,152.802,136.202,-23.700,17.900,0.500
'[00:00:07.661 01/01/2011]',5.900,156.802,135.802,-27.300,12.900,0.500
'[00:00:07.662 01/01/2011]',16.800,160.102,134.202,-30.600,7.700,0.500
'[00:00:07.663 01/01/2011]',23.600,163.102,131.902,-33.201,2.500,0.500
'[00:00:07.664 01/01/2011]',26.300,166.203,129.402,-35.001,-2.200,0.500
'[00:00:07.665 01/01/2011]',26.000,169.303,127.302,-36.001,-6.300,0.500
'[00:00:07.666 01/01/2011]',24.600,172.103,126.002,-36.201,-9.300,0.500
'[00:00:07.667 01/01/2011]',23.300,174.203,125.502,-35.801,-11.100,0.500
'[00:00:07.668 01/01/2011]',22.700,175.303,125.402,-34.901,-12.100,0.500
'[00:00:07.669 01/01/2011]',22.700,175.403,125.402,-33.701,-12.300,0.500
'[00:00:07.670 01/01/2011]',23.100,175.203,125.602,-32.400,-12.200,0.500
'[00:00:07.671 01/01/2011]',23.600,175.303,125.702,-31.000,-12.000,0.500
'[00:00:07.672 01/01/2011]',24.300,176.303,126.002,-29.900,-11.800,0.500
'[00:00:07.673 01/01/2011]',25.300,178.103,126.402,-29.100,-11.700,0.500
'[00:00:07.674 01/01/2011]',26.300,180.203,126.802,-28.800,-11.900,0.500
'[00:00:07.675 01/01/2011]',26.800,181.903,127.102,-29.100,-12.400,0.500
'[00:00:07.676 01/01/2011]',26.600,182.903,127.302,-30.200,-13.300,0.500
'[00:00:07.677 01/01/2011]',25.700,183.203,127.502,-31.600,-14.300,0.500
'[00:00:07.678 01/01/2011]',25.000,183.403,127.802,-33.001,-15.000,0.500
'[00:00:07.679 01/01/2011]',25.200,184.103,128.402,-33.801,-15.200,0.500
'[00:00:07.680 01/01/2011]',26.700,185.503,129.102,-33.601,-14.500,0.500
'[00:00:07.681 01/01/2011]',29.200,187.403,129.802,-32.600,-13.000,0.500
'[00:00:07.682 01/01/2011]',31.500,188.803,130.102,-30.800,-10.800,0.500
'[00:00:07.683 01/01/2011]',32.400,189.103,130.002,-29.000,-8.400,0.500
'[00:00:07.684 01/01/2011]',31.700,188.003,129.602,-27.300,-6.400,0.500
'[00:00:07.685 01/01/2011]',30.000,185.903,129.402,-25.800,-4.900,0.500
'[00:00:07.686 01/01/2011]',28.400,183.603,129.902,-24.400,-3.900,0.500
'[00:00:07.687 01/01/2011]',28.200,182.303,131.402,-22.800,-3.300,0.500
'[00:00:07.688 01/01/2011]',29.500,182.403,133.902,-21.000,-2.500,0.500
'[00:00:07.689 01/01/2011]',31.600,183.603,136.902,-19.100,-1.500,0.500
'[00:00:07.690 01/01/2011]',33.301,185.203,139.502,-17.600,-0.200,0.500
'[00:00:07.691 01/01/2011]',33.901,186.403,141.002,-16.800,1.200,0.500
'[00:00:07.692 01/01/2011]',32.901,186.703,141.102,-16.600,2.400,0.500
'[00:00:07.693 01/01/2011]',30.900,186.203,140.102,-16.900,3.300,0.500
'[00:00:07.694 01/01/2011]',28.400,185.603,138.802,-17.300,3.800,0.500
'[00:00:07.695 01/01/2011]',26.100,185.403,137.702,-17.600,4.000,0.500
'[00:00:07.696 01/01/2011]',24.600,185.603,137.402,-17.600,4.200,0.500
'[00:00:07.697 01/01/2011]',24.100,186.203,137.602,-17.700,4.400,0.500
'[00:00:07.698 01/01/2011]',24.800,186.503,137.902,-18.000,4.500,0.500
'[00:00:07.699 01/01/2011]',26.200,186.203,137.802,-18.500,4.500,0.500
'[00:00:07.700 01/01/2011]',27.700,185.203,137.202,-19.200,4.400,0.500
'[00:00:07.701 01/01/2011]',28.500,183.803,136.202,-19.600,4.300,0.500
'[00:00:07.702 01/01/2011]',28.100,182.303,135.202,-19.700,4.100,0.500
'[00:00:07.703 01/01/2011]',26.800,181.003,134.502,-19.600,3.900,0.500
'[00:00:07.704 01/01/2011]',25.500,179.703,134.302,-19.500,3.600,0.500
'[00:00:07.705 01/01/2011]',25.300,178.403,134.202,-19.500,3.100,0.500
'[00:00:07.706 01/01/2011]',26.300,177.003,134.002,-19.900,2.300,0.500
'[00:00:07.707 01/01/2011]',28.100,175.403,133.502,-20.700,1.200,0.500
'[00:00:07.708 01/01/2011]',29.500,174.003,132.702,-21.400,0.000,0.500
'[00:00:07.709 01/01/2011]',29.400,173.003,131.802,-22.000,-1.200,0.500
'[00:00:07.710 01/01/2011]',27.700,172.603,131.002,-22.200,-2.200,0.500
'[00:00:07.711 01/01/2011]',25.400,172.603,130.402,-22.100,-3.000,0.500
'[00:00:07.712 01/01/2011]',23.400,173.003,130.002,-21.800,-3.500,0.500
'[00:00:07.713 01/01/2011]',22.600,173.203,129.602,-21.600,-3.800,0.500
'[00:00:07.714 01/01/2011]',23.000,173.103,129.002,-21.700,-3.900,0.500
'[00:00:07.715 01/01/2011]',23.900,172.503,128.102,-22.100,-3.800,0.500
'[00:00:07.716 01/01/2011]',24.700,171.303,127.002,-22.800,-3.800,0.500
'[00:00:07.717 01/01/2011]',25.200,169.903,125.702,-23.400,-3.800,0.500
'[00:00:07.718 01/01/2011]',25.800,168.403,124.802,-23.800,-3.800,0.500
'[00:00:07.719 01/01/2011]',26.600,167.203,124.402,-23.900,-3.900,0.500
'[00:00:07.720 01/01/2011]',27.300,166.403,124.602,-23.900,-4.100,0.500
'[00:00:07.721 01/01/2011]',27.500,166.003,125.102,-23.900,-4.400,0.500
'[00:00:07.722 01/01/2011]',26.600,165.603,125.802,-24.100,-4.800,0.500
'[00:00:07.723 01/01/2011]',24.400,165.203,126.402,-24.400,-5.300,0.500
'[00:00:07.724 01/01/2011]',21.700,164.503,127.002,-24.800,-5.900,0.500
'[00:00:07.725 01/01/2011]',19.700,163.802,127.702,-24.900,-6.400,0.500
'[00:00:07.726 01/01/2011]',19.300,163.302,128.702,-24.600,-6.600,0.500
'[00:00:07.727 01/01/2011]',20.600,163.202,129.702,-24.200,-6.400,0.500
'[00:00:07.728 01/01/2011]',22.800,163.402,130.502,-23.900,-6.000,0.500
'[00:00:07.729 01/01/2011]',24.500,163.602,130.502,-24.000,-5.600,0.500
'[00:00:07.730 01/01/2011]',24.900,163.502,129.402,-24.700,-5.600,0.500
'[00:00:07.731 01/01/2011]',23.800,162.702,127.302,-25.700,-6.000,0.500
'[00:00:07.732 01/01/2011]',21.600,161.502,124.402,-26.600,-6.500,0.500
'[00:00:07.733 01/01/2011]',19.300,160.302,121.502,-27.000,-6.700,0.500
'[00:00:07.734 01/01/2011]',17.900,159.602,119.402,-26.900,-6.600,0.500
'[00:00:07.735 01/01/2011]',17.600,159.602,118.502,-26.400,-6.000,0.500
'[00:00:07.736 01/01/2011]',18.400,160.302,118.802,-26.000,-5.600,0.500
'[00:00:07.737 01/01/2011]',20.000,161.102,120.102,-26.000,-5.700,0.500
'[00:00:07.738 01/01/2011]',22.000,161.502,121.902,-26.400,-6.400,0.500
'[00:00:07.739 01/01/2011]',24.100,161.302,123.602,-27.000,-7.400,0.500
'[00:00:07.740 01/01/2011]',25.900,160.502,124.702,-27.400,-8.100,0.500
'[00:00:07.741 01/01/2011]',27.000,159.502,125.202,-27.300,-8.100,0.500
'[00:00:07.742 01/01/2011]',27.300,158.602,125.002,-26.900,-7.400,0.500
'[00:00:07.743 01/01/2011]',26.600,158.102,124.502,-26.400,-6.200,0.500
'[00:00:07.744 01/01/2011]',25.400,158.002,124.002,-26.200,-5.300,0.500
'[00:00:07.745 01/01/2011]',24.100,158.002,123.502,-26.400,-5.200,0.500
'[00:00:07.746 01/01/2011]',23.100,157.702,123.002,-26.900,-5.900,0.500
'[00:00:07.747 01/01/2011]',22.500,157.202,122.302,-27.300,-6.900,0.500
'[00:00:07.748 01/01/2011]',21.900,156.502,121.302,-27.400,-7.800,0.500
'[00:00:07.749 01/01/2011]',21.100,155.902,120.002,-27.400,-8.100,0.500
'[00:00:07.750 01/01/2011]',19.800,155.802,118.502,-27.400,-7.800,0.500
'[00:00:07.751 01/01/2011]',18.000,156.002,117.302,-27.600,-7.300,0.500
'[00:00:07.752 01/01/2011]',16.300,156.302,116.802,-28.300,-6.800,0.500
'[00:00:07.753 01/01/2011]',15.200,156.302,117.002,-29.300,-6.700,0.500
'[00:00:07.754 01/01/2011]',14.800,155.602,117.502,-30.400,-6.800,0.500
'[00:00:07.755 01/01/2011]',15.000,154.102,117.902,-31.100,-7.100,0.500
'[00:00:07.756 01/01/2011]',15.600,152.002,117.602,-31.300,-7.400,0.500
'[00:00:07.757 01/01/2011]',16.100,149.802,116.602,-30.900,-7.500,0.500
'[00:00:07.758 01/01/2011]',16.600,147.902,115.002,-30.200,-7.600,0.500
'[00:00:07.759 01/01/2011]',17.100,146.802,113.302,-29.300,-7.800,0.500
'[00:00:07.760 01/01/2011]',17.900,146.502,112.002,-28.600,-8.200,0.500
'[00:00:07.761 01/01/2011]',18.900,146.702,111.202,-28.200,-8.600,0.500
'[00:00:07.762 01/01/2011]',19.600,147.002,111.102,-28.200,-9.100,0.500
'[00:00:07.763 01/01/2011]',19.800,147.002,111.202,-28.400,-9.700,0.500
'[00:00:07.764 01/01/2011]',19.300,146.702,111.202,-28.800,-10.200,0.500
'[00:00:07.765 01/01/2011]',18.600,146.102,110.902,-29.400,-10.700,0.500
'[00:00:07.766 01/01/2011]',18.600,145.502,110.502,-30.000,-11.100,0.500
'[00:00:07.767 01/01/2011]',19.900,145.002,110.002,-30.700,-11.300,0.500
'[00:00:07.768 01/01/2011]',22.400,144.802,109.702,-31.500,-11.300,0.500
'[00:00:07.769 01/01/2011]',25.100,144.602,109.602,-32.200,-11.000,0.500
'[00:00:07.770 01/01/2011]',26.500,144.302,109.702,-32.700,-10.800,0.500
'[00:00:07.771 01/01/2011]',25.700,143.702,109.702,-33.001,-10.700,0.500
'[00:00:07.772 01/01/2011]',22.800,143.002,109.502,-33.101,-10.900,0.500
'[00:00:07.773 01/01/2011]',19.100,142.302,109.302,-33.201,-11.400,0.500
'[00:00:07.774 01/01/2011]',15.900,141.802,109.302,-33.201,-12.000,0.500
'[00:00:07.775 01/01/2011]',14.300,141.602,109.802,-33.401,-12.500,0.500
'[00:00:07.776 01/01/2011]',14.100,141.602,110.502,-33.601,-13.000,0.500
'[00:00:07.777 01/01/2011]',14.300,141.502,111.102,-33.601,-13.200,0.500
'[00:00:07.778 01/01/2011]',14.300,141.202,111.102,-33.301,-13.200,0.500
'[00:00:07.779 01/01/2011]',14.100,140.702,110.302,-32.700,-12.900,0.500
'[00:00:07.780 01/01/2011]',14.500,140.002,108.902,-32.000,-12.400,0.500
'[00:00:07.781 01/01/2011]',16.100,139.202,107.402,-31.400,-11.700,0.500
'[00:00:07.782 01/01/2011]',18.900,138.502,106.702,-31.000,-11.100,0.500
'[00:00:07.783 01/01/2011]',21.600,137.802,107.002,-31.000,-10.900,0.500
'[00:00:07.784 01/01/2011]',22.400,137.102,108.202,-31.400,-11.200,0.500
'[00:00:07.785 01/01/2011]',20.700,136.402,110.002,-32.300,-12.000,0.500
'[00:00:07.786 01/01/2011]',17.200,136.002,111.802,-33.501,-12.800,0.500
'[00:00:07.787 01/01/2011]',13.700,135.802,113.402,-34.701,-13.200,0.500
'[00:00:07.788 01/01/2011]',12.400,136.002,114.802,-35.401,-13.000,0.500
'[00:00:07.789 01/01/2011]',13.700,136.402,115.902,-35.701,-12.300,0.500
'[00:00:07.790 01/01/2011]',16.800,136.902,116.702,-35.501,-11.500,0.500
'[00:00:07.791 01/01/2011]',19.600,137.202,117.102,-35.001,-11.200,0.500
'[00:00:07.792 01/01/2011]',20.100,137.102,116.702,-34.401,-11.600,0.500
'[00:00:07.793 01/01/2011]',17.800,136.602,115.602,-34.101,-12.600,0.500
'[00:00:07.794 01/01/2011]',13.500,135.802,114.102,-34.001,-13.700,0.500
'[00:00:07.795 01/01/2011]',8.700,134.702,112.702,-34.001,-14.500,0.500
'[00:00:07.796 01/01/2011]',5.000,133.502,111.502,-34.401,-14.900,0.500
'[00:00:07.797 01/01/2011]',3.300,132.302,110.502,-35.001,-14.900,0.500
'[00:00:07.798 01/01/2011]',3.900,131.202,109.602,-36.001,-15.000,0.500
'[00:00:07.799 01/01/2011]',6.700,130.202,108.602,-37.301,-15.200,0.500
'[00:00:07.800 01/01/2011]',11.000,129.302,107.402,-38.401,-15.900,0.500
'[00:00:07.801 01/01/2011]',15.700,128.402,106.402,-38.901,-16.600,0.500
'[00:00:07.802 01/01/2011]',19.200,127.202,105.902,-38.601,-17.300,0.500
'[00:00:07.803 01/01/2011]',20.500,125.902,105.702,-37.601,-17.800,0.500
'[00:00:07.804 01/01/2011]',19.300,124.402,105.902,-36.401,-18.100,0.500
'[00:00:07.805 01/01/2011]',16.700,123.002,105.902,-35.501,-18.500,0.500
'[00:00:07.806 01/01/2011]',14.300,122.002,105.502,-35.401,-18.800,0.500
'[00:00:07.807 01/01/2011]',13.500,121.502,104.902,-35.901,-19.000,0.500
'[00:00:07.808 01/01/2011]',14.300,121.702,104.302,-36.601,-18.900,0.500
'[00:00:07.809 01/01/2011]',15.600,122.202,104.202,-37.001,-18.500,0.500
'[00:00:07.810 01/01/2011]',16.000,122.702,104.702,-36.901,-17.800,0.500
'[00:00:07.811 01/01/2011]',15.000,122.802,105.602,-36.301,-16.900,0.500
'[00:00:07.812 01/01/2011]',13.200,122.602,106.502,-35.601,-15.800,0.500
'[00:00:07.813 01/01/2011]',12.100,122.102,107.302,-35.101,-14.700,0.500
'[00:00:07.814 01/01/2011]',12.600,121.702,107.802,-35.101,-13.600,0.500
'[00:00:07.815 01/01/2011]',14.400,121.602,108.502,-35.501,-12.600,0.500
'[00:00:07.816 01/01/2011]',15.800,121.602,109.702,-36.301,-11.800,0.500
'[00:00:07.817 01/01/2011]',15.300,121.502,111.302,-37.301,-11.500,0.500
'[00:00:07.818 01/01/2011]',12.700,121.102,113.102,-38.101,-11.800,0.500
'[00:00:07.819 01/01/2011]',9.000,120.502,114.502,-38.701,-12.600,0.500
'[00:00:07.820 01/01/2011]',6.100,119.702,115.102,-38.801,-13.700,0.500
'[00:00:07.821 01/01/2011]',5.300,119.002,114.802,-38.501,-14.700,0.500
'[00:00:07.822 01/01/2011]',6.500,118.702,113.802,-38.001,-15.300,0.500
'[00:00:07.823 01/01/2011]',8.300,118.702,112.802,-37.201,-15.400,0.500
'[00:00:07.824 01/01/2011]',9.400,118.902,112.102,-36.401,-15.200,0.500
'[00:00:07.825 01/01/2011]',8.600,119.002,111.702,-35.701,-15.000,0.500
'[00:00:07.826 01/01/2011]',6.400,119.002,111.602,-35.001,-14.800,0.500
'[00:00:07.827 01/01/2011]',3.900,118.802,111.402,-34.401,-14.700,0.500
'[00:00:07.828 01/01/2011]',2.300,118.502,110.902,-34.201,-14.600,0.500
'[00:00:07.829 01/01/2011]',2.400,118.002,110.202,-34.601,-14.600,0.500
'[00:00:07.830 01/01/2011]',4.000,117.402,109.202,-35.901,-14.800,0.500
'[00:00:07.831 01/01/2011]',6.300,116.502,108.302,-37.901,-15.400,0.500
'[00:00:07.832 01/01/2011]',8.300,115.002,107.302,-40.101,-16.300,0.500
'[00:00:07.833 01/01/2011]',9.400,113.102,106.302,-41.801,-17.300,0.500
'[00:00:07.834 01/01/2011]',9.600,111.102,105.202,-42.401,-18.300,0.500
'[00:00:07.835 01/01/2011]',9.400,109.302,104.202,-42.001,-19.000,0.500
'[00:00:07.836 01/01/2011]',9.700,108.102,103.302,-40.901,-19.200,0.500
'[00:00:07.837 01/01/2011]',10.700,107.902,102.802,-39.601,-18.900,0.500
'[00:00:07.838 01/01/2011]',11.800,108.402,102.602,-38.501,-18.100,0.500
'[00:00:07.839 01/01/2011]',11.900,109.202,102.702,-37.901,-17.100,0.500
'[00:00:07.840 01/01/2011]',10.200,109.802,102.902,-37.501,-16.100,0.500
'[00:00:07.841 01/01/2011]',6.600,109.702,102.802,-37.301,-15.500,0.500
'[00:00:07.842 01/01/2011]',2.000,108.902,102.402,-37.201,-15.400,0.500
'[00:00:07.843 01/01/2011]',-1.900,107.402,101.802,-37.601,-15.800,0.500
'[00:00:07.844 01/01/2011]',-3.700,105.902,101.202,-38.401,-16.800,0.500
'[00:00:07.845 01/01/2011]',-3.100,104.802,100.702,-39.701,-17.800,0.500
'[00:00:07.846 01/01/2011]',-0.700,104.102,100.602,-40.801,-18.700,0.500
'[00:00:07.847 01/01/2011]',2.300,103.802,100.402,-41.501,-19.200,0.500
'[00:00:07.848 01/01/2011]',4.600,103.402,100.002,-41.401,-19.500,0.500
'[00:00:07.849 01/01/2011]',5.700,102.502,98.902,-40.701,-19.900,0.500
'[00:00:07.850 01/01/2011]',5.500,100.902,96.901,-40.201,-20.800,0.500
'[00:00:07.851 01/01/2011]',4.400,98.802,94.401,-40.301,-22.100,0.500
'[00:00:07.852 01/01/2011]',3.000,96.701,91.901,-41.301,-23.600,0.500
'[00:00:07.853 01/01/2011]',1.500,94.901,90.001,-43.001,-24.900,0.500
'[00:00:07.854 01/01/2011]',0.300,93.601,89.101,-44.601,-25.500,0.500
'[00:00:07.855 01/01/2011]',-0.300,92.701,89.001,-45.801,-25.700,0.500
'[00:00:07.856 01/01/2011]',-0.400,92.001,89.201,-46.101,-25.500,0.500
'[00:00:07.857 01/01/2011]',0.000,91.201,89.001,-45.801,-25.400,0.500
'[00:00:07.858 01/01/2011]',0.600,90.101,88.301,-45.201,-25.500,0.500
'[00:00:07.859 01/01/2011]',1.200,89.101,87.001,-44.601,-25.700,0.500
'[00:00:07.860 01/01/2011]',2.000,88.301,85.601,-43.901,-25.600,0.500
'[00:00:07.861 01/01/2011]',3.200,87.901,84.601,-43.001,-25.200,0.500
'[00:00:07.862 01/01/2011]',4.800,88.201,84.101,-41.901,-24.300,0.500
'[00:00:07.863 01/01/2011]',6.600,89.001,84.001,-41.001,-23.500,0.500
'[00:00:07.864 01/01/2011]',7.900,89.801,83.901,-40.701,-22.900,0.500
'[00:00:07.865 01/01/2011]',8.000,90.101,83.301,-41.201,-22.900,0.500
'[00:00:07.866 01/01/2011]',6.600,89.601,82.201,-42.701,-23.400,0.500
'[00:00:07.867 01/01/2011]',4.400,88.101,80.701,-44.401,-24.100,0.500
'[00:00:07.868 01/01/2011]',2.300,86.201,79.201,-45.501,-24.700,0.500
'[00:00:07.869 01/01/2011]',1.500,84.401,78.101,-45.401,-24.900,0.500
'[00:00:07.870 01/01/2011]',2.300,83.301,77.601,-44.401,-24.800,0.500
'[00:00:07.871 01/01/2011]',4.100,83.201,77.601,-43.001,-24.600,0.500
'[00:00:07.872 01/01/2011]',5.600,83.601,77.801,-42.101,-24.500,0.500
'[00:00:07.873 01/01/2011]',5.900,84.101,78.001,-42.401,-24.800,0.500
'[00:00:07.874 01/01/2011]',5.000,84.301,78.101,-43.601,-25.600,0.500
'[00:00:07.875 01/01/2011]',3.400,83.901,78.001,-45.001,-26.500,0.500
'[00:00:07.876 01/01/2011]',2.300,83.401,77.901,-45.701,-27.500,0.500
'[00:00:07.877 01/01/2011]',2.300,82.901,77.901,-45.201,-28.200,0.500
'[00:00:07.878 01/01/2011]',3.100,82.801,77.901,-43.701,-28.500,0.500
'[00:00:07.879 01/01/2011]',3.900,83.001,77.901,-42.001,-28.700,0.500
'[00:00:07.880 01/01/2011]',3.600,83.401,77.801,-40.801,-28.600,0.500
'[00:00:07.881 01/01/2011]',1.700,83.701,77.601,-40.501,-28.600,0.500
'[00:00:07.882 01/01/2011]',-1.100,84.001,77.101,-40.801,-28.500,0.500
'[00:00:07.883 01/01/2011]',-3.500,84.101,76.501,-41.601,-28.200,0.500
'[00:00:07.884 01/01/2011]',-4.300,84.001,75.801,-42.401,-27.700,0.500
'[00:00:07.885 01/01/2011]',-3.200,83.501,74.901,-43.501,-27.200,0.500
'[00:00:07.886 01/01/2011]',-0.900,82.701,74.001,-44.801,-27.000,0.500
'[00:00:07.887 01/01/2011]',1.400,81.401,73.201,-46.401,-27.100,0.500
'[00:00:07.888 01/01/2011]',2.500,80.101,72.701,-48.001,-27.800,0.500
'[00:00:07.889 01/01/2011]',2.300,79.001,72.801,-49.101,-28.700,0.500
'[00:00:07.890 01/01/2011]',1.200,78.401,73.501,-49.501,-29.600,0.500
'[00:00:07.891 01/01/2011]',0.200,78.201,74.501,-49.001,-30.100,0.500
'[00:00:07.892 01/01/2011]',0.000,78.301,75.401,-48.001,-30.300,0.500
'[00:00:07.893 01/01/2011]',0.800,78.501,75.901,-47.001,-30.400,0.500
'[00:00:07.894 01/01/2011]',2.000,78.601,75.701,-46.201,-30.700,0.500
'[00:00:07.895 01/01/2011]',3.000,78.701,74.901,-45.701,-31.300,0.500
'[00:00:07.896 01/01/2011]',3.000,78.901,74.001,-45.501,-32.100,0.500
'[00:00:07.897 01/01/2011]',2.300,79.301,73.201,-45.301,-32.801,0.500
'[00:00:07.898 01/01/2011]',1.400,80.001,73.001,-45.101,-33.101,0.500
'[00:00:07.899 01/01/2011]',1.000,80.701,73.501,-44.901,-32.801,0.500
'[00:00:07.900 01/01/2011]',1.800,81.401,74.501,-44.901,-32.300,0.500
'[00:00:07.901 01/01/2011]',3.700,81.901,75.701,-44.901,-31.800,0.500
'[00:00:07.902 01/01/2011]',6.300,82.301,76.701,-45.101,-31.700,0.500
'[00:00:07.903 01/01/2011]',8.700,82.201,77.401,-45.301,-32.300,0.500
'[00:00:07.904 01/01/2011]',10.300,81.701,77.701,-45.701,-33.401,0.500
'[00:00:07.905 01/01/2011]',10.900,80.701,77.701,-46.301,-34.901,0.500
'[00:00:07.906 01/01/2011]',10.300,79.401,77.701,-47.101,-36.301,0.500
'[00:00:07.907 01/01/2011]',8.900,77.901,77.901,-48.101,-37.301,0.500
'[00:00:07.908 01/01/2011]',7.000,76.801,78.101,-48.901,-37.901,0.500
'[00:00:07.909 01/01/2011]',5.000,76.401,78.501,-49.101,-37.901,0.500
'[00:00:07.910 01/01/2011]',3.300,76.801,78.801,-48.701,-37.601,0.500
'[00:00:07.911 01/01/2011]',2.300,78.001,79.101,-47.601,-37.001,0.500
'[00:00:07.912 01/01/2011]',2.100,79.501,79.501,-46.301,-36.201,0.500
'[00:00:07.913 01/01/2011]',2.500,80.801,80.101,-45.101,-35.401,0.500
'[00:00:07.914 01/01/2011]',3.300,81.701,80.901,-44.201,-34.701,0.500
'[00:00:07.915 01/01/2011]',4.000,81.901,81.601,-43.801,-34.201,0.500
'[00:00:07.916 01/01/2011]',4.600,81.301,81.901,-43.701,-33.901,0.500
'[00:00:07.917 01/01/2011]',5.100,80.401,81.601,-43.601,-33.801,0.500
'[00:00:07.918 01/01/2011]',5.600,79.301,80.601,-43.501,-33.701,0.500
'[00:00:07.919 01/01/2011]',5.700,78.501,79.301,-43.501,-33.501,0.500
'[00:00:07.920 01/01/2011]',5.200,78.201,78.201,-43.501,-33.101,0.500
'[00:00:07.921 01/01/2011]',4.200,78.501,77.501,-43.501,-32.600,0.500
'[00:00:07.922 01/01/2011]',3.000,79.301,77.401,-43.401,-32.400,0.500
'[00:00:07.923 01/01/2011]',2.700,80.201,77.601,-43.201,-32.901,0.500
'[00:00:07.924 01/01/2011]',4.300,81.101,77.901,-42.901,-34.001,0.500
'[00:00:07.925 01/01/2011]',7.900,81.801,78.101,-42.501,-35.501,0.500
'[00:00:07.926 01/01/2011]',12.200,82.301,78.301,-42.101,-37.001,0.500
'[00:00:07.927 01/01/2011]',15.300,82.801,78.501,-41.801,-37.901,0.500
'[00:00:07.928 01/01/2011]',15.500,83.301,79.001,-41.601,-38.101,0.500
'[00:00:07.929 01/01/2011]',12.800,83.701,79.601,-41.701,-37.801,0.500
'[00:00:07.930 01/01/2011]',8.600,83.801,80.201,-42.201,-37.501,0.500
'[00:00:07.931 01/01/2011]',5.200,83.601,80.501,-42.801,-37.601,0.500
'[00:00:07.932 01/01/2011]',4.100,82.901,80.401,-43.301,-38.101,0.500
'[00:00:07.933 01/01/2011]',5.400,82.001,80.101,-43.501,-38.601,0.500
'[00:00:07.934 01/01/2011]',7.400,81.101,79.801,-43.201,-38.901,0.500
'[00:00:07.935 01/01/2011]',8.400,80.601,79.801,-42.401,-38.701,0.500
'[00:00:07.936 01/01/2011]',7.600,80.401,79.701,-41.601,-38.401,0.500
'[00:00:07.937 01/01/2011]',5.600,80.501,79.401,-41.101,-38.201,0.500
'[00:00:07.938 01/01/2011]',4.100,80.501,78.601,-41.301,-38.301,0.500
'[00:00:07.939 01/01/2011]',4.300,80.301,77.301,-42.001,-38.501,0.500
'[00:00:07.940 01/01/2011]',6.300,79.901,76.101,-42.901,-38.601,0.500
'[00:00:07.941 01/01/2011]',8.800,79.401,75.401,-43.601,-38.301,0.500
'[00:00:07.942 01/01/2011]',10.400,79.001,75.801,-43.801,-37.601,0.500
'[00:00:07.943 01/01/2011]',10.400,79.001,77.101,-43.301,-36.601,0.500
'[00:00:07.944 01/01/2011]',9.500,79.301,79.001,-42.501,-35.701,0.500
'[00:00:07.945 01/01/2011]',9.100,79.901,80.801,-41.601,-35.201,0.500
'[00:00:07.946 01/01/2011]',10.300,80.501,82.001,-40.901,-35.001,0.500
'[00:00:07.947 01/01/2011]',13.200,80.801,82.201,-40.601,-34.901,0.500
'[00:00:07.948 01/01/2011]',16.400,80.901,81.801,-40.701,-35.001,0.500
'[00:00:07.949 01/01/2011]',18.400,80.801,81.101,-41.201,-35.201,0.500
'[00:00:07.950 01/01/2011]',18.000,80.701,80.301,-41.901,-35.601,0.500
'[00:00:07.951 01/01/2011]',15.600,80.601,79.901,-42.701,-36.401,0.500
'[00:00:07.952 01/01/2011]',12.400,80.501,79.701,-43.301,-37.301,0.500
'[00:00:07.953 01/01/2011]',9.900,80.401,79.601,-43.601,-38.201,0.500
'[00:00:07.954 01/01/2011]',8.900,80.201,79.501,-43.501,-38.901,0.500
'[00:00:07.955 01/01/2011]',9.100,80.201,79.101,-43.101,-39.201,0.500
'[00:00:07.956 01/01/2011]',9.500,80.301,78.201,-42.701,-39.401,0.500
'[00:00:07.957 01/01/2011]',9.200,80.601,76.701,-42.401,-39.501,0.500
'[00:00:07.958 01/01/2011]',8.100,80.801,74.801,-42.601,-39.701,0.500
'[00:00:07.959 01/01/2011]',7.000,80.801,72.801,-43.001,-40.001,0.500
'[00:00:07.960 01/01/2011]',6.900,80.301,71.101,-43.701,-40.301,0.500
'[00:00:07.961 01/01/2011]',8.600,79.501,70.101,-44.301,-40.601,0.500
'[00:00:07.962 01/01/2011]',11.600,78.501,69.801,-44.701,-40.801,0.500
'[00:00:07.963 01/01/2011]',15.100,77.701,69.801,-44.801,-40.901,0.500
'[00:00:07.964 01/01/2011]',18.000,77.301,69.601,-45.001,-41.201,0.500
'[00:00:07.965 01/01/2011]',19.900,76.901,68.901,-45.501,-41.601,0.500
'[00:00:07.966 01/01/2011]',21.000,76.301,67.701,-46.301,-42.101,0.500
'[00:00:07.967 01/01/2011]',22.200,75.401,66.501,-47.401,-42.501,0.500
'[00:00:07.968 01/01/2011]',23.900,74.201,65.801,-48.401,-42.801,0.500
'[00:00:07.969 01/01/2011]',25.900,73.301,66.301,-49.001,-42.801,0.500
'[00:00:07.970 01/01/2011]',27.800,73.001,67.601,-49.101,-42.701,0.500
'[00:00:07.971 01/01/2011]',29.000,73.401,69.301,-48.801,-42.501,0.500
'[00:00:07.972 01/01/2011]',29.600,74.001,70.201,-48.501,-42.401,0.500
'[00:00:07.973 01/01/2011]',30.000,74.101,69.801,-48.401,-42.701,0.500
'[00:00:07.974 01/01/2011]',30.400,73.201,68.101,-48.901,-43.201,0.500
'[00:00:07.975 01/01/2011]',30.800,71.301,66.001,-49.801,-44.101,0.500
'[00:00:07.976 01/01/2011]',30.700,68.901,64.801,-51.101,-44.901,0.500
'[00:00:07.977 01/01/2011]',29.400,67.001,65.201,-52.401,-45.401,0.500
'[00:00:07.978 01/01/2011]',27.200,66.101,67.401,-53.501,-45.501,0.500
'[00:00:07.979 01/01/2011]',25.000,66.701,70.601,-54.101,-45.201,0.500
'[00:00:07.980 01/01/2011]',23.800,68.101,73.601,-54.201,-44.801,0.500
'[00:00:07.981 01/01/2011]',24.200,69.701,75.201,-53.601,-44.501,0.500
'[00:00:07.982 01/01/2011]',25.600,70.501,75.001,-52.401,-44.501,0.500
'[00:00:07.983 01/01/2011]',26.800,70.101,73.401,-50.901,-44.901,0.500
'[00:00:07.984 01/01/2011]',26.700,68.701,71.401,-49.001,-45.301,0.500
'[00:00:07.985 01/01/2011]',25.300,66.901,69.601,-47.201,-45.401,0.500
'[00:00:07.986 01/01/2011]',23.400,65.401,68.501,-45.601,-45.101,0.500
'[00:00:07.987 01/01/2011]',22.300,64.901,67.901,-44.501,-44.801,0.500
'[00:00:07.988 01/01/2011]',22.900,65.201,67.201,-44.201,-44.801,0.500
'[00:00:07.989 01/01/2011]',24.600,65.701,65.801,-44.801,-45.801,0.500
'[00:00:07.990 01/01/2011]',26.300,65.701,63.701,-46.201,-47.701,0.500
'[00:00:07.991 01/01/2011]',26.600,64.701,61.101,-48.001,-50.101,0.500
'[00:00:07.992 01/01/2011]',25.400,63.001,58.601,-49.801,-52.101,0.500
'[00:00:07.993 01/01/2011]',23.300,61.101,56.701,-51.201,-53.201,0.500
'[00:00:07.994 01/01/2011]',21.700,60.001,55.801,-51.801,-53.001,0.500
'[00:00:07.995 01/01/2011]',21.400,59.801,55.601,-51.701,-52.101,0.500
'[00:00:07.996 01/01/2011]',22.200,60.401,55.801,-51.201,-51.201,0.500
'[00:00:07.997 01/01/2011]',23.200,61.001,56.101,-50.701,-50.801,0.500
'[00:00:07.998 01/01/2011]',23.400,61.001,56.101,-50.601,-51.201,0.500
'[00:00:07.999 01/01/2011]',22.000,60.301,55.601,-50.801,-52.201,0.500
'[00:00:08.000 01/01/2011]',19.400,59.201,55.001,-51.201,-53.001,0.500
'[00:00:08.001 01/01/2011]',16.200,58.101,54.501,-51.301,-53.301,0.500
'[00:00:08.002 01/01/2011]',13.400,57.601,54.401,-51.301,-53.101,0.500
'[00:00:08.003 01/01/2011]',11.400,57.601,54.801,-51.001,-52.801,0.500
'[00:00:08.004 01/01/2011]',10.500,58.001,55.501,-50.601,-52.601,0.500
'[00:00:08.005 01/01/2011]',10.900,58.401,56.301,-50.301,-52.801,0.500
'[00:00:08.006 01/01/2011]',12.200,58.801,57.001,-50.101,-53.201,0.500
'[00:00:08.007 01/01/2011]',14.300,59.201,57.401,-50.101,-53.401,0.500
'[00:00:08.008 01/01/2011]',16.600,59.801,57.401,-50.201,-53.401,0.500
'[00:00:08.009 01/01/2011]',18.400,60.401,57.001,-50.401,-53.201,0.500
'[00:00:08.010 01/01/2011]',19.300,60.701,56.301,-50.801,-53.001,0.500
'[00:00:08.011 01/01/2011]',18.900,60.601,55.701,-51.301,-53.001,0.500
'[00:00:08.012 01/01/2011]',17.500,60.001,55.601,-52.001,-53.301,0.500
'[00:00:08.013 01/01/2011]',15.300,59.001,56.101,-52.701,-53.601,0.500
'[00:00:08.014 01/01/2011]',13.000,57.901,57.601,-53.401,-53.901,0.500
'[00:00:08.015 01/01/2011]',10.900,56.801,59.701,-53.901,-54.101,0.500
'[00:00:08.016 01/01/2011]',9.200,55.801,61.901,-54.301,-54.401,0.500
'[00:00:08.017 01/01/2011]',8.100,54.901,63.601,-54.701,-55.101,0.500
'[00:00:08.018 01/01/2011]',7.500,53.901,64.201,-55.001,-56.301,0.500
'[00:00:08.019 01/01/2011]',7.100,53.001,63.501,-55.301,-57.701,0.500
'[00:00:08.020 01/01/2011]',7.000,52.401,62.001,-55.601,-59.001,0.500
'[00:00:08.021 01/01/2011]',7.000,52.101,60.201,-55.901,-59.601,0.500
'[00:00:08.022 01/01/2011]',7.100,51.801,58.701,-56.101,-59.601,0.500
'[00:00:08.023 01/01/2011]',7.600,51.201,57.601,-56.301,-59.201,0.500
'[00:00:08.024 01/01/2011]',8.600,50.001,57.001,-56.601,-58.901,0.500
'[00:00:08.025 01/01/2011]',10.200,48.101,56.601,-56.801,-59.001,0.500
'[00:00:08.026 01/01/2011]',12.600,46.001,56.201,-56.701,-59.501,0.500
'[00:00:08.027 01/01/2011]',15.200,44.401,55.701,-56.101,-59.901,0.500
'[00:00:08.028 01/01/2011]',17.500,43.801,55.201,-54.701,-59.701,0.500
'[00:00:08.029 01/01/2011]',18.600,44.301,54.901,-52.901,-58.501,0.500
'[00:00:08.030 01/01/2011]',18.000,45.701,55.001,-51.101,-56.701,0.500
'[00:00:08.031 01/01/2011]',15.400,47.301,55.401,-49.801,-54.801,0.500
'[00:00:08.032 01/01/2011]',11.700,48.601,56.101,-49.401,-53.601,0.500
'[00:00:08.033 01/01/2011]',8.000,49.501,57.201,-50.001,-53.401,0.500
'[00:00:08.034 01/01/2011]',5.400,50.001,58.601,-51.101,-53.901,0.500
'[00:00:08.035 01/01/2011]',4.500,50.501,60.201,-52.201,-54.301,0.500
'[00:00:08.036 01/01/2011]',5.000,51.101,61.501,-52.801,-54.201,0.500
'[00:00:08.037 01/01/2011]',6.000,51.901,62.401,-52.701,-53.201,0.500
'[00:00:08.038 01/01/2011]',6.600,52.701,62.701,-52.401,-51.601,0.500
'[00:00:08.039 01/01/2011]',6.400,53.201,62.701,-52.101,-50.101,0.500
'[00:00:08.040 01/01/2011]',5.600,53.201,63.001,-52.301,-49.201,0.500
'[00:00:08.041 01/01/2011]',4.800,52.901,63.901,-52.801,-49.301,0.500
'[00:00:08.042 01/01/2011]',4.400,52.401,65.601,-53.301,-50.201,0.500
'[00:00:08.043 01/01/2011]',4.600,52.101,67.601,-53.601,-51.301,0.500
'[00:00:08.044 01/01/2011]',5.300,51.701,69.101,-53.401,-52.201,0.500
'[00:00:08.045 01/01/2011]',6.400,51.201,69.301,-53.001,-52.601,0.500
'[00:00:08.046 01/01/2011]',8.000,50.101,67.901,-52.801,-52.601,0.500
'[00:00:08.047 01/01/2011]',9.900,48.501,65.401,-52.801,-52.301,0.500
'[00:00:08.048 01/01/2011]',11.900,46.501,62.401,-53.301,-52.101,0.500
'[00:00:08.049 01/01/2011]',13.100,44.901,59.801,-54.001,-52.201,0.500
'[00:00:08.050 01/01/2011]',13.000,44.101,57.901,-54.501,-52.501,0.500
'[00:00:08.051 01/01/2011]',11.300,44.401,56.801,-54.701,-53.001,0.500
'[00:00:08.052 01/01/2011]',8.500,45.501,56.401,-54.401,-53.701,0.500
'[00:00:08.053 01/01/2011]',5.800,46.501,56.501,-53.801,-54.201,0.500
'[00:00:08.054 01/01/2011]',3.900,47.001,56.901,-53.101,-54.601,0.500
'[00:00:08.055 01/01/2011]',3.200,46.601,57.601,-52.601,-54.701,0.500
'[00:00:08.056 01/01/2011]',2.900,45.601,58.401,-52.401,-54.601,0.500
'[00:00:08.057 01/01/2011]',2.500,44.401,58.801,-52.401,-54.401,0.500
'[00:00:08.058 01/01/2011]',1.600,43.601,58.801,-52.501,-54.001,0.500
'[00:00:08.059 01/01/2011]',0.700,43.101,58.501,-52.601,-53.701,0.500
'[00:00:08.060 01/01/2011]',0.600,43.001,58.101,-52.401,-53.401,0.500
'[00:00:08.061 01/01/2011]',2.100,43.001,58.101,-51.901,-52.901,0.500
'[00:00:08.062 01/01/2011]',4.800,42.901,58.401,-51.201,-52.401,0.500
'[00:00:08.063 01/01/2011]',7.900,42.701,58.901,-50.501,-51.801,0.500
'[00:00:08.064 01/01/2011]',10.500,42.601,59.301,-50.101,-51.301,0.500
'[00:00:08.065 01/01/2011]',11.900,42.601,59.201,-50.301,-51.101,0.500
'[00:00:08.066 01/01/2011]',12.300,42.701,58.701,-50.801,-51.101,0.500
'[00:00:08.067 01/01/2011]',12.300,42.501,58.001,-51.301,-51.601,0.500
'[00:00:08.068 01/01/2011]',12.100,42.101,57.701,-51.301,-52.201,0.500
'[00:00:08.069 01/01/2011]',12.100,41.401,57.601,-50.701,-52.701,0.500
'[00:00:08.070 01/01/2011]',12.000,40.901,57.701,-49.601,-52.901,0.500
'[00:00:08.071 01/01/2011]',11.900,40.601,57.601,-48.301,-52.701,0.500
'[00:00:08.072 01/01/2011]',12.200,40.701,57.201,-47.601,-52.101,0.500
'[00:00:08.073 01/01/2011]',13.000,40.901,56.701,-47.701,-51.401,0.500
'[00:00:08.074 01/01/2011]',14.300,40.601,56.401,-48.401,-50.901,0.500
'[00:00:08.075 01/01/2011]',15.400,39.401,56.501,-49.501,-50.501,0.500
'[00:00:08.076 01/01/2011]',15.600,37.401,56.701,-50.401,-50.301,0.500
'[00:00:08.077 01/01/2011]',14.400,34.901,56.601,-51.001,-50.301,0.500
'[00:00:08.078 01/01/2011]',12.000,32.600,55.701,-51.201,-50.401,0.500
'[00:00:08.079 01/01/2011]',9.300,31.000,53.901,-51.401,-50.701,0.500
'[00:00:08.080 01/01/2011]',7.400,30.300,51.401,-51.801,-51.301,0.500
'[00:00:08.081 01/01/2011]',7.100,30.200,48.801,-52.401,-52.201,0.500
'[00:00:08.082 01/01/2011]',8.300,30.300,46.601,-53.201,-53.301,0.500
'[00:00:08.083 01/01/2011]',10.800,30.300,45.101,-53.701,-54.201,0.500
'[00:00:08.084 01/01/2011]',13.700,30.000,44.301,-53.901,-54.801,0.500
'[00:00:08.085 01/01/2011]',16.600,29.900,44.001,-53.701,-54.801,0.500
'[00:00:08.086 01/01/2011]',18.800,30.000,44.001,-53.101,-54.501,0.500
'[00:00:08.087 01/01/2011]',19.800,30.700,44.201,-52.101,-54.001,0.500
'[00:00:08.088 01/01/2011]',19.500,31.700,44.601,-50.801,-53.401,0.500
'[00:00:08.089 01/01/2011]',18.100,32.901,45.001,-49.301,-53.101,0.500
'[00:00:08.090 01/01/2011]',16.200,33.901,45.101,-47.701,-52.901,0.500
'[00:00:08.091 01/01/2011]',14.500,34.501,44.501,-46.301,-53.001,0.500
'[00:00:08.092 01/01/2011]',13.600,34.801,43.201,-45.601,-53.201,0.500
'[00:00:08.093 01/01/2011]',13.100,34.901,41.401,-45.701,-53.601,0.500
'[00:00:08.094 01/01/2011]',12.200,35.101,39.401,-46.401,-54.201,0.500
'[00:00:08.095 01/01/2011]',10.400,35.301,37.901,-47.401,-54.901,0.500
'[00:00:08.096 01/01/2011]',7.900,35.301,36.901,-48.201,-55.501,0.500
'[00:00:08.097 01/01/2011]',5.500,35.101,36.601,-48.801,-56.001,0.500
'[00:00:08.098 01/01/2011]',4.800,34.601,36.601,-49.201,-56.301,0.500
'[00:00:08.099 01/01/2011]',6.100,33.601,36.701,-49.701,-56.501,0.500
'[00:00:08.100 01/01/2011]',8.800,32.600,36.901,-50.401,-56.601,0.500
'[00:00:08.101 01/01/2011]',10.900,31.900,37.301,-51.401,-56.701,0.500
'[00:00:08.102 01/01/2011]',11.500,31.700,37.901,-52.201,-56.601,0.500
'[00:00:08.103 01/01/2011]',10.600,32.200,39.001,-52.201,-55.901,0.500
'[00:00:08.104 01/01/2011]',10.400,33.501,40.601,-51.201,-54.201,0.500
'[00:00:08.105 01/01/2011]',13.400,35.201,42.601,-49.101,-51.501,0.500
'[00:00:08.106 01/01/2011]',21.200,37.101,45.001,-46.301,-48.001,0.500
'[00:00:08.107 01/01/2011]',33.001,38.901,47.501,-43.601,-44.401,0.500
'[00:00:08.108 01/01/2011]',46.401,40.401,50.001,-41.501,-41.201,0.500
'[00:00:08.109 01/01/2011]',58.601,41.601,52.401,-40.001,-38.501,0.500
'[00:00:08.110 01/01/2011]',68.801,42.701,54.701,-38.901,-36.001,0.500
'[00:00:08.111 01/01/2011]',78.101,44.001,57.301,-37.401,-32.901,0.500
'[00:00:08.112 01/01/2011]',89.401,46.101,60.401,-34.901,-28.800,0.500
'[00:00:08.113 01/01/2011]',104.902,49.101,63.901,-31.300,-23.600,0.500
'[00:00:08.114 01/01/2011]',124.602,52.701,67.401,-27.400,-18.300,0.500
'[00:00:08.115 01/01/2011]',146.102,56.001,70.101,-24.200,-14.200,0.500
'[00:00:08.116 01/01/2011]',164.803,58.201,70.901,-23.000,-12.400,0.500
'[00:00:08.117 01/01/2011]',176.403,58.301,69.401,-24.200,-13.800,0.500
'[00:00:08.118 01/01/2011]',178.703,56.201,65.701,-27.500,-17.700,0.500
'[00:00:08.119 01/01/2011]',171.803,52.201,60.501,-31.900,-23.200,0.500
'[00:00:08.120 01/01/2011]',158.602,47.601,55.001,-36.101,-29.000,0.500
'[00:00:08.121 01/01/2011]',142.402,43.201,50.101,-39.501,-34.401,0.500
'[00:00:08.122 01/01/2011]',125.902,39.701,46.101,-42.001,-39.501,0.500
'[00:00:08.123 01/01/2011]',109.802,36.901,42.801,-44.101,-44.801,0.500
'[00:00:08.124 01/01/2011]',92.601,34.301,39.601,-46.401,-50.901,0.500
'[00:00:08.125 01/01/2011]',72.301,31.400,36.101,-49.201,-57.801,0.500
'[00:00:08.126 01/01/2011]',47.401,28.200,32.500,-52.301,-64.701,0.500
'[00:00:08.127 01/01/2011]',18.600,25.100,29.300,-55.101,-70.501,0.500
'[00:00:08.128 01/01/2011]',-11.400,22.800,27.100,-57.201,-74.601,0.500
'[00:00:08.129 01/01/2011]',-38.801,21.600,26.500,-58.301,-76.701,0.500
'[00:00:08.130 01/01/2011]',-60.401,21.500,27.300,-58.801,-77.301,0.500
'[00:00:08.131 01/01/2011]',-75.001,22.100,28.900,-59.001,-77.301,0.500
'[00:00:08.132 01/01/2011]',-82.801,22.700,30.600,-59.001,-77.001,0.500
'[00:00:08.133 01/01/2011]',-85.301,23.200,31.700,-58.901,-76.201,0.500
'[00:00:08.134 01/01/2011]',-83.701,23.600,32.200,-58.301,-74.701,0.500
'[00:00:08.135 01/01/2011]',-78.501,24.200,32.400,-57.101,-72.201,0.500
'[00:00:08.136 01/01/2011]',-69.601,25.300,32.801,-55.501,-68.901,0.500
'[00:00:08.137 01/01/2011]',-57.301,26.900,33.601,-53.601,-65.301,0.500
'[00:00:08.138 01/01/2011]',-42.801,28.800,35.001,-51.901,-62.001,0.500
'[00:00:08.139 01/01/2011]',-28.100,30.400,36.601,-50.401,-59.201,0.500
'[00:00:08.140 01/01/2011]',-15.500,31.600,38.101,-49.101,-56.901,0.500
'[00:00:08.141 01/01/2011]',-6.300,32.300,39.201,-47.801,-54.801,0.500
'[00:00:08.142 01/01/2011]',-0.400,32.700,39.701,-46.801,-52.801,0.500
'[00:00:08.143 01/01/2011]',3.200,32.901,39.701,-46.301,-51.201,0.500
'[00:00:08.144 01/01/2011]',6.000,32.801,39.101,-46.401,-50.201,0.500
'[00:00:08.145 01/01/2011]',9.400,32.200,38.101,-47.201,-50.201,0.500
'[00:00:08.146 01/01/2011]',13.700,30.800,37.201,-48.201,-51.001,0.500
'[00:00:08.147 01/01/2011]',18.500,28.900,36.401,-48.701,-52.001,0.500
'[00:00:08.148 01/01/2011]',22.800,26.700,36.001,-48.601,-52.701,0.500
'[00:00:08.149 01/01/2011]',25.800,24.800,35.801,-47.901,-53.001,0.500
'[00:00:08.150 01/01/2011]',26.800,23.300,35.301,-47.501,-53.101,0.500
'[00:00:08.151 01/01/2011]',25.800,22.200,34.401,-47.901,-53.201,0.500
'[00:00:08.152 01/01/2011]',23.600,21.100,32.901,-49.201,-53.601,0.500
'[00:00:08.153 01/01/2011]',21.500,19.800,31.300,-50.901,-54.101,0.500
'[00:00:08.154 01/01/2011]',20.300,18.300,30.200,-52.101,-54.501,0.500
'[00:00:08.155 01/01/2011]',20.400,17.200,30.200,-51.901,-54.601,0.500
'[00:00:08.156 01/01/2011]',21.200,17.000,31.300,-50.401,-54.301,0.500
'[00:00:08.157 01/01/2011]',21.500,17.700,33.101,-48.301,-53.901,0.500
'[00:00:08.158 01/01/2011]',20.800,19.000,34.701,-46.501,-53.701,0.500
'[00:00:08.159 01/01/2011]',19.200,20.100,35.401,-45.901,-53.701,0.500
'[00:00:08.160 01/01/2011]',17.800,20.200,35.001,-46.401,-53.901,0.500
'[00:00:08.161 01/01/2011]',17.700,19.000,33.901,-47.501,-54.101,0.500
'[00:00:08.162 01/01/2011]',19.200,16.900,32.700,-48.601,-54.101,0.500
'[00:00:08.163 01/01/2011]',21.800,14.800,31.800,-49.301,-54.001,0.500
'[00:00:08.164 01/01/2011]',24.100,13.700,31.700,-49.601,-53.901,0.500
'[00:00:08.165 01/01/2011]',25.200,14.100,32.000,-49.701,-53.801,0.500
'[00:00:08.166 01/01/2011]',25.000,15.900,32.600,-50.001,-53.601,0.500
'[00:00:08.167 01/01/2011]',24.400,18.200,33.201,-50.401,-53.301,0.500
'[00:00:08.168 01/01/2011]',24.600,20.200,33.601,-50.701,-52.701,0.500
'[00:00:08.169 01/01/2011]',26.000,21.200,33.901,-50.601,-52.201,0.500
'[00:00:08.170 01/01/2011]',28.200,21.200,34.201,-50.101,-51.701,0.500
'[00:00:08.171 01/01/2011]',30.000,20.400,34.701,-49.401,-51.601,0.500
'[00:00:08.172 01/01/2011]',30.900,19.400,35.001,-48.701,-51.701,0.500
'[00:00:08.173 01/01/2011]',30.600,18.700,35.301,-48.201,-51.901,0.500
'[00:00:08.174 01/01/2011]',29.700,18.400,35.101,-48.301,-52.101,0.500
'[00:00:08.175 01/01/2011]',28.600,18.200,34.601,-48.701,-52.301,0.500
'[00:00:08.176 01/01/2011]',27.300,17.900,33.801,-49.601,-52.701,0.500
'[00:00:08.177 01/01/2011]',25.300,17.200,33.001,-50.601,-53.301,0.500
'[00:00:08.178 01/01/2011]',22.400,16.400,32.500,-51.501,-54.101,0.500
'[00:00:08.179 01/01/2011]',19.100,15.700,32.400,-52.001,-54.601,0.500
'[00:00:08.180 01/01/2011]',16.700,15.500,32.700,-52.001,-54.501,0.500
'[00:00:08.181 01/01/2011]',16.200,15.800,33.401,-51.201,-53.601,0.500
'[00:00:08.182 01/01/2011]',17.800,16.400,34.101,-49.901,-52.201,0.500
'[00:00:08.183 01/01/2011]',20.800,17.000,34.401,-48.301,-50.801,0.500
'[00:00:08.184 01/01/2011]',23.500,17.400,34.301,-46.901,-49.901,0.500
'[00:00:08.185 01/01/2011]',24.600,17.400,33.601,-46.001,-49.801,0.500
'[00:00:08.186 01/01/2011]',24.200,16.900,32.400,-45.801,-50.201,0.500
'[00:00:08.187 01/01/2011]',23.400,16.000,30.800,-46.101,-50.601,0.500
'[00:00:08.188 01/01/2011]',23.400,14.900,29.200,-46.701,-50.601,0.500
'[00:00:08.189 01/01/2011]',24.700,14.000,27.900,-47.201,-50.301,0.500
'[00:00:08.190 01/01/2011]',26.700,13.600,27.100,-47.501,-49.701,0.500
'[00:00:08.191 01/01/2011]',27.700,13.800,27.100,-47.501,-49.301,0.500
'[00:00:08.192 01/01/2011]',26.500,14.600,27.900,-47.401,-49.401,0.500
'[00:00:08.193 01/01/2011]',23.200,15.600,29.100,-47.401,-49.901,0.500
'[00:00:08.194 01/01/2011]',19.600,16.200,30.500,-47.601,-50.701,0.500
'[00:00:08.195 01/01/2011]',17.400,16.000,31.400,-47.901,-51.401,0.500
'[00:00:08.196 01/01/2011]',17.600,14.800,31.700,-48.201,-51.901,0.500
'[00:00:08.197 01/01/2011]',19.400,13.000,31.300,-48.101,-52.101,0.500
'[00:00:08.198 01/01/2011]',21.100,11.100,30.500,-47.501,-52.201,0.500
'[00:00:08.199 01/01/2011]',21.400,9.600,29.900,-46.601,-52.401,0.500
'[00:00:08.200 01/01/2011]',20.200,8.800,29.600,-45.501,-52.501,0.500
'[00:00:08.201 01/01/2011]',18.900,8.900,29.800,-44.701,-52.601,0.500
'[00:00:08.202 01/01/2011]',19.000,9.500,30.400,-44.101,-52.401,0.500
'[00:00:08.203 01/01/2011]',21.200,10.500,31.100,-43.901,-51.901,0.500
'[00:00:08.204 01/01/2011]',24.200,11.300,31.400,-43.901,-51.001,0.500
'[00:00:08.205 01/01/2011]',26.400,11.700,31.100,-44.201,-50.101,0.500
'[00:00:08.206 01/01/2011]',26.500,11.300,30.100,-44.701,-49.601,0.500
'[00:00:08.207 01/01/2011]',24.900,10.000,28.600,-45.601,-49.901,0.500
'[00:00:08.208 01/01/2011]',23.300,7.900,27.000,-46.701,-51.001,0.500
'[00:00:08.209 01/01/2011]',23.500,5.600,25.900,-48.001,-52.701,0.500
'[00:00:08.210 01/01/2011]',25.900,3.700,25.600,-49.101,-54.601,0.500
'[00:00:08.211 01/01/2011]',29.000,2.900,26.300,-49.601,-55.801,0.500
'[00:00:08.212 01/01/2011]',30.900,3.400,27.500,-49.401,-56.001,0.500
'[00:00:08.213 01/01/2011]',30.000,4.800,28.600,-48.601,-55.101,0.500
'[00:00:08.214 01/01/2011]',26.700,6.500,29.000,-47.601,-53.501,0.500
'[00:00:08.215 01/01/2011]',22.800,7.500,28.400,-46.801,-51.901,0.500
'[00:00:08.216 01/01/2011]',20.200,7.400,27.100,-46.501,-50.801,0.500
'[00:00:08.217 01/01/2011]',20.000,6.400,25.700,-46.701,-50.501,0.500
'[00:00:08.218 01/01/2011]',21.500,4.900,24.800,-47.401,-51.001,0.500
'[00:00:08.219 01/01/2011]',23.100,3.800,24.600,-48.401,-51.901,0.500
'[00:00:08.220 01/01/2011]',23.300,3.300,25.100,-49.101,-52.601,0.500
'[00:00:08.221 01/01/2011]',21.700,3.600,25.600,-49.401,-52.701,0.500
'[00:00:08.222 01/01/2011]',19.300,4.300,25.900,-49.101,-52.101,0.500
'[00:00:08.223 01/01/2011]',17.400,4.900,25.800,-48.201,-50.901,0.500
'[00:00:08.224 01/01/2011]',17.200,5.300,25.300,-46.901,-49.301,0.500
'[00:00:08.225 01/01/2011]',18.600,5.400,24.800,-45.801,-48.001,0.500
'[00:00:08.226 01/01/2011]',20.600,5.700,24.500,-45.101,-47.301,0.500
'[00:00:08.227 01/01/2011]',21.900,6.200,24.400,-45.301,-47.201,0.500
'[00:00:08.228 01/01/2011]',21.800,6.800,24.400,-46.101,-47.701,0.500
'[00:00:08.229 01/01/2011]',20.700,7.200,24.100,-47.301,-48.501,0.500
'[00:00:08.230 01/01/2011]',19.900,6.700,23.300,-48.401,-49.301,0.500
'[00:00:08.231 01/01/2011]',20.900,5.100,22.000,-49.301,-50.201,0.500
'[00:00:08.232 01/01/2011]',24.000,2.800,20.500,-49.801,-51.101,0.500
'[00:00:08.233 01/01/2011]',28.400,0.500,19.200,-50.001,-52.101,0.500
'[00:00:08.234 01/01/2011]',32.000,-1.000,18.500,-50.001,-53.101,0.500
'[00:00:08.235 01/01/2011]',32.600,-1.200,18.600,-49.801,-54.101,0.500
'[00:00:08.236 01/01/2011]',29.500,-0.200,19.500,-49.401,-54.701,0.500
'[00:00:08.237 01/01/2011]',23.900,1.300,20.800,-48.901,-54.801,0.500
'[00:00:08.238 01/01/2011]',18.400,2.400,22.000,-48.301,-54.601,0.500
'[00:00:08.239 01/01/2011]',15.500,2.300,22.900,-47.801,-54.001,0.500
'[00:00:08.240 01/01/2011]',16.600,1.200,23.400,-47.701,-53.301,0.500
'[00:00:08.241 01/01/2011]',20.700,-0.500,24.000,-47.801,-52.601,0.500
'[00:00:08.242 01/01/2011]',25.500,-1.900,24.800,-48.101,-52.101,0.500
'[00:00:08.243 01/01/2011]',28.600,-2.700,26.200,-48.301,-51.701,0.500
'[00:00:08.244 01/01/2011]',28.900,-2.600,28.100,-48.301,-51.601,0.500
'[00:00:08.245 01/01/2011]',27.100,-2.000,30.000,-48.101,-51.901,0.500
'[00:00:08.246 01/01/2011]',24.700,-1.200,31.600,-47.701,-52.401,0.500
'[00:00:08.247 01/01/2011]',23.700,-0.700,32.400,-47.501,-52.901,0.500
'[00:00:08.248 01/01/2011]',24.700,-0.400,32.500,-47.501,-53.201,0.500
'[00:00:08.249 01/01/2011]',27.300,-0.400,32.200,-47.601,-53.101,0.500
'[00:00:08.250 01/01/2011]',30.500,-0.400,31.900,-47.601,-52.701,0.500
'[00:00:08.251 01/01/2011]',32.801,-0.300,32.000,-47.301,-52.201,0.500
'[00:00:08.252 01/01/2011]',33.401,-0.100,32.600,-46.601,-52.101,0.500
'[00:00:08.253 01/01/2011]',32.300,0.300,33.501,-45.801,-52.301,0.500
'[00:00:08.254 01/01/2011]',29.700,0.900,34.401,-45.201,-52.901,0.500
'[00:00:08.255 01/01/2011]',26.700,1.400,35.101,-45.201,-53.301,0.500
'[00:00:08.256 01/01/2011]',24.000,1.900,35.401,-45.801,-53.401,0.500
'[00:00:08.257 01/01/2011]',22.600,1.800,35.201,-46.701,-52.901,0.500
'[00:00:08.258 01/01/2011]',22.700,1.100,34.601,-47.701,-52.201,0.500
'[00:00:08.259 01/01/2011]',24.300,-0.200,33.701,-48.601,-51.801,0.500
'[00:00:08.260 01/01/2011]',26.700,-1.700,32.700,-49.401,-52.101,0.500
'[00:00:08.261 01/01/2011]',28.900,-3.000,31.600,-50.401,-53.201,0.500
'[00:00:08.262 01/01/2011]',30.300,-3.500,30.500,-51.801,-54.901,0.500
'[00:00:08.263 01/01/2011]',30.700,-3.200,29.600,-53.401,-56.601,0.500
'[00:00:08.264 01/01/2011]',30.600,-2.200,29.000,-54.801,-57.801,0.500
'[00:00:08.265 01/01/2011]',30.700,-1.400,28.700,-55.501,-58.201,0.500
'[00:00:08.266 01/01/2011]',31.300,-1.300,28.500,-54.801,-57.901,0.500
'[00:00:08.267 01/01/2011]',32.400,-2.100,28.100,-52.801,-57.101,0.500
'[00:00:08.268 01/01/2011]',33.401,-3.400,27.300,-49.801,-56.201,0.500
'[00:00:08.269 01/01/2011]',33.901,-4.800,26.400,-46.701,-55.301,0.500
'[00:00:08.270 01/01/2011]',33.901,-5.700,25.600,-44.201,-54.501,0.500
'[00:00:08.271 01/01/2011]',33.901,-6.000,25.200,-42.801,-53.901,0.500
'[00:00:08.272 01/01/2011]',34.201,-6.100,25.400,-42.501,-53.501,0.500
'[00:00:08.273 01/01/2011]',34.901,-6.500,25.900,-43.101,-53.501,0.500
'[00:00:08.274 01/01/2011]',35.301,-7.400,26.100,-44.001,-54.001,0.500
'[00:00:08.275 01/01/2011]',34.201,-8.700,25.700,-44.801,-54.801,0.500
'[00:00:08.276 01/01/2011]',31.200,-9.900,24.600,-45.301,-55.701,0.500
'[00:00:08.277 01/01/2011]',26.900,-10.400,23.300,-45.501,-56.501,0.500
'[00:00:08.278 01/01/2011]',22.600,-10.200,22.400,-45.601,-57.101,0.500
'[00:00:08.279 01/01/2011]',20.300,-9.500,22.300,-46.101,-57.501,0.500
'[00:00:08.280 01/01/2011]',20.900,-8.900,22.800,-47.001,-57.701,0.500
'[00:00:08.281 01/01/2011]',23.900,-9.100,23.200,-48.201,-57.801,0.500
'[00:00:08.282 01/01/2011]',27.800,-9.900,23.200,-49.101,-57.701,0.500
'[00:00:08.283 01/01/2011]',30.700,-10.800,22.900,-49.101,-57.001,0.500
'[00:00:08.284 01/01/2011]',31.800,-11.000,22.900,-47.801,-55.601,0.500
'[00:00:08.285 01/01/2011]',31.500,-9.800,23.700,-45.601,-53.701,0.500
'[00:00:08.286 01/01/2011]',31.000,-7.500,25.400,-43.001,-51.801,0.500
'[00:00:08.287 01/01/2011]',31.300,-4.800,27.300,-41.201,-50.501,0.500
'[00:00:08.288 01/01/2011]',32.500,-3.000,28.400,-41.001,-50.101,0.500
'[00:00:08.289 01/01/2011]',34.001,-2.600,27.900,-42.401,-50.701,0.500
'[00:00:08.290 01/01/2011]',34.601,-3.800,26.100,-44.701,-51.901,0.500
'[00:00:08.291 01/01/2011]',33.901,-5.700,23.800,-47.001,-53.001,0.500
'[00:00:08.292 01/01/2011]',32.200,-7.200,22.000,-48.101,-53.801,0.500
'[00:00:08.293 01/01/2011]',30.500,-7.700,21.100,-47.901,-54.101,0.500
'[00:00:08.294 01/01/2011]',29.300,-7.300,20.700,-46.901,-54.401,0.500
'[00:00:08.295 01/01/2011]',28.900,-6.600,20.000,-45.901,-54.901,0.500
'[00:00:08.296 01/01/2011]',29.100,-6.500,18.400,-45.801,-55.601,0.500
'[00:00:08.297 01/01/2011]',29.400,-7.300,16.200,-46.801,-56.401,0.500
'[00:00:08.298 01/01/2011]',29.500,-8.800,14.000,-48.401,-57.101,0.500
'[00:00:08.299 01/01/2011]',29.600,-10.100,12.700,-50.101,-57.401,0.500
'[00:00:08.300 01/01/2011]',29.700,-10.600,12.500,-51.301,-57.501,0.500
'[00:00:08.301 01/01/2011]',29.700,-10.300,12.900,-51.801,-57.401,0.500
'[00:00:08.302 01/01/2011]',29.900,-9.700,13.100,-51.801,-57.201,0.500
'[00:00:08.303 01/01/2011]',30.200,-9.500,12.800,-51.401,-56.901,0.500
'[00:00:08.304 01/01/2011]',30.800,-10.000,12.200,-50.701,-56.401,0.500
'[00:00:08.305 01/01/2011]',32.000,-11.100,11.900,-49.801,-55.701,0.500
'[00:00:08.306 01/01/2011]',33.401,-12.200,12.300,-48.601,-55.101,0.500
'[00:00:08.307 01/01/2011]',34.301,-12.700,13.300,-47.401,-54.801,0.500
'[00:00:08.308 01/01/2011]',33.901,-12.300,14.400,-46.501,-55.101,0.500
'[00:00:08.309 01/01/2011]',31.800,-11.400,14.700,-46.101,-56.001,0.500
'[00:00:08.310 01/01/2011]',28.300,-10.600,13.900,-46.301,-57.101,0.500
'[00:00:08.311 01/01/2011]',24.500,-10.700,12.200,-46.701,-57.901,0.500
'[00:00:08.312 01/01/2011]',21.600,-11.700,10.100,-47.001,-58.201,0.500
'[00:00:08.313 01/01/2011]',20.500,-13.500,8.100,-47.001,-58.101,0.500
'[00:00:08.314 01/01/2011]',20.900,-15.700,6.400,-46.801,-57.801,0.500
'[00:00:08.315 01/01/2011]',22.000,-17.800,5.000,-46.501,-57.601,0.500
'[00:00:08.316 01/01/2011]',22.600,-19.300,3.600,-46.501,-57.701,0.500
'[00:00:08.317 01/01/2011]',22.100,-20.000,2.400,-46.701,-57.901,0.500
'[00:00:08.318 01/01/2011]',20.500,-20.100,1.500,-47.001,-57.901,0.500
'[00:00:08.319 01/01/2011]',18.600,-19.600,1.100,-47.101,-57.401,0.500
'[00:00:08.320 01/01/2011]',17.500,-19.100,1.100,-46.901,-56.501,0.500
'[00:00:08.321 01/01/2011]',17.800,-18.800,1.500,-46.301,-55.301,0.500
'[00:00:08.322 01/01/2011]',19.300,-18.700,2.200,-45.401,-54.201,0.500
'[00:00:08.323 01/01/2011]',21.200,-18.500,3.000,-44.101,-53.301,0.500
'[00:00:08.324 01/01/2011]',22.600,-17.600,4.400,-42.301,-52.401,0.500
'[00:00:08.325 01/01/2011]',22.900,-15.800,6.300,-40.101,-51.501,0.500
'[00:00:08.326 01/01/2011]',22.000,-13.100,8.800,-37.701,-50.301,0.500
'[00:00:08.327 01/01/2011]',20.800,-10.000,11.400,-35.401,-48.501,0.500
'[00:00:08.328 01/01/2011]',19.800,-7.300,13.800,-33.501,-46.401,0.500
'[00:00:08.329 01/01/2011]',19.800,-5.500,15.800,-31.900,-44.001,0.500
'[00:00:08.330 01/01/2011]',20.600,-4.600,17.300,-30.400,-41.501,0.500
'[00:00:08.331 01/01/2011]',21.500,-4.200,18.800,-28.600,-39.101,0.500
'[00:00:08.332 01/01/2011]',22.000,-4.000,20.400,-26.400,-36.701,0.500
'[00:00:08.333 01/01/2011]',21.500,-3.700,22.000,-23.900,-34.501,0.500
'[00:00:08.334 01/01/2011]',20.200,-3.600,23.300,-21.800,-32.400,0.500
'[00:00:08.335 01/01/2011]',18.600,-4.100,23.700,-20.600,-30.500,0.500
'[00:00:08.336 01/01/2011]',17.200,-5.500,23.000,-20.600,-28.900,0.500
'[00:00:08.337 01/01/2011]',16.400,-8.100,21.400,-21.600,-27.700,0.500
'[00:00:08.338 01/01/2011]',16.000,-11.800,19.500,-23.200,-26.600,0.500
'[00:00:08.339 01/01/2011]',15.700,-16.300,17.900,-24.700,-25.700,0.500
'[00:00:08.340 01/01/2011]',15.200,-21.300,17.100,-25.800,-24.700,0.500
'[00:00:08.341 01/01/2011]',14.500,-26.300,17.000,-26.500,-23.600,0.500
'[00:00:08.342 01/01/2011]',13.700,-31.200,17.400,-26.800,-22.100,0.500
'[00:00:08.343 01/01/2011]',13.200,-35.601,17.800,-27.100,-20.400,0.500
'[00:00:08.344 01/01/2011]',13.300,-39.801,17.900,-27.500,-18.400,0.500
'[00:00:08.345 01/01/2011]',13.700,-44.001,17.400,-28.000,-16.500,0.500
'[00:00:08.346 01/01/2011]',14.200,-48.901,16.300,-28.800,-15.100,0.500
'[00:00:08.347 01/01/2011]',14.300,-54.901,14.700,-30.200,-14.700,0.500
'[00:00:08.348 01/01/2011]',13.700,-62.001,12.600,-32.300,-15.400,0.500
'[00:00:08.349 01/01/2011]',12.500,-69.701,10.100,-35.301,-17.100,0.500
'[00:00:08.350 01/01/2011]',11.100,-76.901,7.400,-38.801,-19.300,0.500
'[00:00:08.351 01/01/2011]',10.300,-82.501,4.900,-42.101,-21.500,0.500
'[00:00:08.352 01/01/2011]',10.400,-85.701,2.800,-44.601,-23.200,0.500
'[00:00:08.353 01/01/2011]',11.400,-86.801,1.300,-46.101,-24.500,0.500
'[00:00:08.354 01/01/2011]',12.800,-86.501,0.400,-46.501,-25.500,0.500
'[00:00:08.355 01/01/2011]',13.700,-85.901,-0.200,-46.201,-26.300,0.500
'[00:00:08.356 01/01/2011]',13.700,-85.601,-0.900,-45.801,-26.800,0.500
'[00:00:08.357 01/01/2011]',12.600,-85.801,-1.700,-45.301,-26.800,0.500
'[00:00:08.358 01/01/2011]',10.900,-85.801,-2.500,-44.801,-26.300,0.500
'[00:00:08.359 01/01/2011]',9.400,-85.001,-3.000,-44.201,-25.600,0.500
'[00:00:08.360 01/01/2011]',8.900,-82.901,-2.900,-43.701,-25.100,0.500
'[00:00:08.361 01/01/2011]',9.600,-79.801,-2.100,-43.701,-25.900,0.500
'[00:00:08.362 01/01/2011]',11.500,-76.201,-1.200,-44.401,-28.400,0.500
'[00:00:08.363 01/01/2011]',13.900,-72.701,-0.500,-46.201,-32.801,0.500
'[00:00:08.364 01/01/2011]',15.900,-69.501,-0.700,-48.901,-38.501,0.500
'[00:00:08.365 01/01/2011]',17.200,-66.501,-2.000,-51.901,-44.801,0.500
'[00:00:08.366 01/01/2011]',17.600,-63.501,-4.100,-54.901,-50.701,0.500
'[00:00:08.367 01/01/2011]',17.600,-60.301,-6.500,-57.201,-55.701,0.500
'[00:00:08.368 01/01/2011]',18.000,-57.001,-8.400,-58.801,-59.701,0.500
'[00:00:08.369 01/01/2011]',19.000,-53.601,-9.400,-59.501,-62.701,0.500
'[00:00:08.370 01/01/2011]',20.600,-50.501,-9.300,-59.401,-65.001,0.500
'[00:00:08.371 01/01/2011]',22.200,-47.701,-8.500,-58.601,-66.801,0.500
'[00:00:08.372 01/01/2011]',23.000,-45.301,-7.600,-57.601,-68.301,0.500
'[00:00:08.373 01/01/2011]',22.800,-43.301,-6.800,-56.601,-69.501,0.500
'[00:00:08.374 01/01/2011]',22.000,-41.501,-6.400,-56.101,-70.601,0.500
'[00:00:08.375 01/01/2011]',21.400,-40.201,-6.200,-56.201,-71.601,0.500
'[00:00:08.376 01/01/2011]',21.700,-39.301,-5.900,-56.801,-72.501,0.500
'[00:00:08.377 01/01/2011]',22.600,-38.601,-5.300,-57.601,-73.601,0.500
'[00:00:08.378 01/01/2011]',23.600,-37.901,-4.500,-58.601,-74.701,0.500
'[00:00:08.379 01/01/2011]',23.800,-37.301,-4.000,-59.501,-75.901,0.500
'[00:00:08.380 01/01/2011]',23.000,-36.601,-3.800,-60.501,-77.101,0.500
'[00:00:08.381 01/01/2011]',21.800,-36.001,-4.100,-61.501,-77.901,0.500
'[00:00:08.382 01/01/2011]',21.100,-35.601,-4.500,-62.301,-78.201,0.500
'[00:00:08.383 01/01/2011]',21.700,-35.501,-4.500,-62.801,-77.701,0.500
'[00:00:08.384 01/01/2011]',23.900,-35.401,-4.000,-62.601,-76.801,0.500
'[00:00:08.385 01/01/2011]',26.800,-35.301,-3.300,-61.901,-76.001,0.500
'[00:00:08.386 01/01/2011]',29.300,-35.001,-2.800,-60.701,-75.501,0.500
'[00:00:08.387 01/01/2011]',30.800,-34.601,-2.900,-59.601,-75.301,0.500
'[00:00:08.388 01/01/2011]',31.000,-34.201,-3.600,-58.601,-75.301,0.500
'[00:00:08.389 01/01/2011]',30.300,-33.801,-4.400,-58.001,-74.801,0.500
'[00:00:08.390 01/01/2011]',29.300,-33.401,-4.800,-57.301,-73.601,0.500
'[00:00:08.391 01/01/2011]',28.200,-33.101,-4.500,-56.501,-71.801,0.500
'[00:00:08.392 01/01/2011]',27.000,-32.901,-3.600,-55.301,-69.601,0.500
'[00:00:08.393 01/01/2011]',25.700,-32.901,-2.300,-53.701,-67.401,0.500
'[00:00:08.394 01/01/2011]',24.300,-33.201,-1.100,-51.901,-65.701,0.500
'[00:00:08.395 01/01/2011]',23.000,-33.801,-0.200,-50.201,-64.401,0.500
'[00:00:08.396 01/01/2011]',22.200,-34.501,0.600,-48.701,-63.501,0.500
'[00:00:08.397 01/01/2011]',22.100,-34.801,1.300,-47.501,-62.801,0.500
'[00:00:08.398 01/01/2011]',22.600,-34.601,2.100,-46.701,-62.301,0.500
'[00:00:08.399 01/01/2011]',23.300,-34.001,3.000,-46.401,-62.001,0.500
'[00:00:08.400 01/01/2011]',23.600,-33.301,3.700,-46.401,-61.801,0.500
'[00:00:08.401 01/01/2011]',23.300,-32.801,4.100,-46.501,-61.401,0.500
'[00:00:08.402 01/01/2011]',22.500,-32.801,4.300,-46.501,-60.601,0.500
'[00:00:08.403 01/01/2011]',21.600,-33.301,4.500,-46.301,-59.301,0.500
'[00:00:08.404 01/01/2011]',21.200,-34.001,4.900,-45.601,-57.801,0.500
'[00:00:08.405 01/01/2011]',21.900,-34.501,5.400,-44.601,-56.501,0.500
'[00:00:08.406 01/01/2011]',23.200,-34.401,5.800,-43.301,-55.801,0.500
'[00:00:08.407 01/01/2011]',24.400,-33.901,5.800,-42.101,-55.901,0.500
'[00:00:08.408 01/01/2011]',24.900,-33.201,4.900,-41.301,-56.701,0.500
'[00:00:08.409 01/01/2011]',24.300,-32.901,3.300,-41.301,-57.801,0.500
'[00:00:08.410 01/01/2011]',23.200,-33.201,1.100,-41.901,-58.701,0.500
'[00:00:08.411 01/01/2011]',22.900,-34.201,-0.900,-42.801,-58.901,0.500
'[00:00:08.412 01/01/2011]',24.000,-35.401,-2.300,-43.501,-58.401,0.500
'[00:00:08.413 01/01/2011]',26.300,-36.301,-2.600,-43.701,-57.201,0.500
'[00:00:08.414 01/01/2011]',28.400,-36.501,-2.000,-43.101,-55.701,0.500
'[00:00:08.415 01/01/2011]',28.600,-36.001,-0.600,-42.201,-54.401,0.500
'[00:00:08.416 01/01/2011]',26.000,-35.101,1.000,-41.301,-53.601,0.500
'[00:00:08.417 01/01/2011]',21.400,-34.301,2.400,-40.901,-53.301,0.500
'[00:00:08.418 01/01/2011]',16.900,-33.901,3.200,-41.101,-53.501,0.500
'[00:00:08.419 01/01/2011]',14.600,-34.101,3.500,-41.801,-53.901,0.500
'[00:00:08.420 01/01/2011]',15.500,-34.601,3.100,-42.601,-54.101,0.500
'[00:00:08.421 01/01/2011]',18.800,-35.301,2.300,-43.201,-54.301,0.500
'[00:00:08.422 01/01/2011]',22.500,-36.001,1.200,-43.801,-54.401,0.500
'[00:00:08.423 01/01/2011]',24.600,-36.801,0.000,-44.601,-54.801,0.500
'[00:00:08.424 01/01/2011]',24.300,-37.701,-1.000,-45.701,-55.401,0.500
'[00:00:08.425 01/01/2011]',22.400,-38.801,-1.800,-46.901,-56.201,0.500
'[00:00:08.426 01/01/2011]',20.600,-39.901,-2.300,-47.901,-56.801,0.500
'[00:00:08.427 01/01/2011]',20.400,-40.701,-2.600,-48.201,-57.001,0.500
'[00:00:08.428 01/01/2011]',22.500,-40.801,-2.800,-47.701,-56.401,0.500
'[00:00:08.429 01/01/2011]',26.400,-40.501,-2.900,-46.501,-55.201,0.500
'[00:00:08.430 01/01/2011]',30.500,-39.801,-2.900,-45.301,-53.601,0.500
'[00:00:08.431 01/01/2011]',33.701,-39.301,-2.400,-44.401,-52.001,0.500
'[00:00:08.432 01/01/2011]',35.101,-39.301,-1.500,-44.101,-50.601,0.500
'[00:00:08.433 01/01/2011]',34.501,-39.701,-0.300,-44.101,-49.801,0.500
'[00:00:08.434 01/01/2011]',32.500,-40.301,1.100,-44.201,-49.501,0.500
'[00:00:08.435 01/01/2011]',29.800,-40.701,2.200,-44.001,-49.601,0.500
'[00:00:08.436 01/01/2011]',27.500,-40.301,3.100,-43.401,-49.901,0.500
'[00:00:08.437 01/01/2011]',26.500,-39.301,3.900,-42.401,-49.801,0.500
'[00:00:08.438 01/01/2011]',27.000,-37.801,4.900,-41.101,-49.301,0.500
'[00:00:08.439 01/01/2011]',29.000,-36.201,6.300,-40.001,-48.301,0.500
'[00:00:08.440 01/01/2011]',31.500,-35.201,8.000,-39.001,-46.901,0.500
'[00:00:08.441 01/01/2011]',33.801,-34.901,9.700,-38.101,-45.501,0.500
'[00:00:08.442 01/01/2011]',35.101,-35.201,11.100,-37.501,-44.101,0.500
'[00:00:08.443 01/01/2011]',35.101,-35.701,12.100,-37.101,-43.101,0.500
'[00:00:08.444 01/01/2011]',34.401,-36.001,12.800,-36.801,-42.501,0.500
'[00:00:08.445 01/01/2011]',33.601,-36.001,13.100,-36.901,-42.301,0.500
'[00:00:08.446 01/01/2011]',33.301,-35.801,12.700,-37.301,-42.601,0.500
'[00:00:08.447 01/01/2011]',33.801,-36.001,11.400,-37.901,-43.401,0.500
'[00:00:08.448 01/01/2011]',35.301,-36.901,9.300,-38.501,-44.401,0.500
'[00:00:08.449 01/01/2011]',37.501,-38.301,6.600,-38.601,-45.301,0.500
'[00:00:08.450 01/01/2011]',40.001,-40.001,3.900,-37.801,-45.901,0.500
'[00:00:08.451 01/01/2011]',42.501,-41.101,2.000,-36.301,-46.101,0.500
'[00:00:08.452 01/01/2011]',44.301,-41.501,1.000,-34.601,-46.001,0.500
'[00:00:08.453 01/01/2011]',44.901,-41.101,0.900,-33.301,-46.101,0.500
'[00:00:08.454 01/01/2011]',43.801,-40.601,1.100,-33.101,-46.701,0.500
'[00:00:08.455 01/01/2011]',41.101,-40.601,1.100,-34.201,-47.701,0.500
'[00:00:08.456 01/01/2011]',37.301,-41.301,0.900,-36.101,-48.901,0.500
'[00:00:08.457 01/01/2011]',33.501,-42.601,0.800,-38.001,-49.701,0.500
'[00:00:08.458 01/01/2011]',30.900,-43.901,0.900,-39.401,-49.801,0.500
'[00:00:08.459 01/01/2011]',30.200,-44.701,1.400,-40.001,-49.301,0.500
'[00:00:08.460 01/01/2011]',31.400,-44.801,2.000,-40.001,-48.601,0.500
'[00:00:08.461 01/01/2011]',33.901,-44.701,2.500,-40.101,-48.101,0.500
'[00:00:08.462 01/01/2011]',36.501,-44.501,2.500,-40.401,-48.001,0.500
'[00:00:08.463 01/01/2011]',38.101,-44.701,2.200,-41.101,-47.901,0.500
'[00:00:08.464 01/01/2011]',38.201,-45.201,1.900,-41.701,-47.601,0.500
'[00:00:08.465 01/01/2011]',37.001,-46.001,1.800,-41.701,-46.801,0.500
'[00:00:08.466 01/01/2011]',35.101,-46.801,2.200,-41.201,-45.601,0.500
'[00:00:08.467 01/01/2011]',33.401,-47.501,2.700,-40.301,-44.401,0.500
'[00:00:08.468 01/01/2011]',32.400,-48.001,3.100,-39.501,-43.701,0.500
'[00:00:08.469 01/01/2011]',32.200,-48.201,3.300,-39.301,-43.901,0.500
'[00:00:08.470 01/01/2011]',32.300,-48.301,3.100,-39.801,-44.801,0.500
'[00:00:08.471 01/01/2011]',32.100,-48.101,2.800,-40.901,-46.201,0.500
'[00:00:08.472 01/01/2011]',31.300,-47.901,2.500,-42.301,-47.801,0.500
'[00:00:08.473 01/01/2011]',30.000,-47.901,2.200,-43.601,-49.301,0.500
'[00:00:08.474 01/01/2011]',28.500,-48.401,1.800,-44.601,-50.301,0.500
'[00:00:08.475 01/01/2011]',27.400,-49.401,1.400,-45.101,-50.801,0.500
'[00:00:08.476 01/01/2011]',26.900,-50.601,1.100,-44.801,-50.601,0.500
'[00:00:08.477 01/01/2011]',26.700,-51.401,1.200,-43.801,-49.801,0.500
'[00:00:08.478 01/01/2011]',26.100,-51.501,2.000,-42.101,-48.601,0.500
'[00:00:08.479 01/01/2011]',24.500,-50.501,3.500,-40.001,-47.301,0.500
'[00:00:08.480 01/01/2011]',21.400,-48.801,5.300,-37.901,-46.101,0.500
'[00:00:08.481 01/01/2011]',17.500,-47.001,7.000,-36.501,-45.401,0.500
'[00:00:08.482 01/01/2011]',14.000,-45.601,8.100,-36.401,-45.201,0.500
'[00:00:08.483 01/01/2011]',12.300,-45.201,8.400,-37.501,-45.501,0.500
'[00:00:08.484 01/01/2011]',13.400,-45.601,7.900,-39.301,-45.801,0.500
'[00:00:08.485 01/01/2011]',17.100,-46.401,7.200,-41.001,-45.901,0.500
'[00:00:08.486 01/01/2011]',22.000,-47.301,6.600,-41.801,-45.601,0.500
'[00:00:08.487 01/01/2011]',26.300,-47.901,6.400,-41.201,-45.101,0.500
'[00:00:08.488 01/01/2011]',28.400,-48.201,6.700,-39.501,-44.601,0.500
'[00:00:08.489 01/01/2011]',27.600,-48.401,7.100,-37.701,-44.401,0.500
'[00:00:08.490 01/01/2011]',24.700,-48.801,7.200,-36.501,-44.701,0.500
'[00:00:08.491 01/01/2011]',21.200,-49.601,6.800,-36.701,-45.701,0.500
'[00:00:08.492 01/01/2011]',18.500,-50.901,6.000,-37.801,-47.101,0.500
'[00:00:08.493 01/01/2011]',17.100,-52.201,5.300,-39.301,-48.301,0.500
'[00:00:08.494 01/01/2011]',16.800,-53.201,4.900,-40.201,-49.201,0.500
'[00:00:08.495 01/01/2011]',16.400,-53.701,5.200,-40.301,-49.301,0.500
'[00:00:08.496 01/01/2011]',15.000,-53.601,5.700,-39.701,-48.801,0.500
'[00:00:08.497 01/01/2011]',12.500,-53.201,5.900,-39.201,-48.101,0.500
'[00:00:08.498 01/01/2011]',9.600,-53.001,5.300,-39.401,-47.501,0.500
'[00:00:08.499 01/01/2011]',7.500,-53.201,4.000,-40.301,-47.201,0.500
'[00:00:08.500 01/01/2011]',7.700,-54.001,2.200,-41.501,-47.201,0.500
'[00:00:08.501 01/01/2011]',10.300,-55.201,0.700,-42.501,-47.201,0.500
'[00:00:08.502 01/01/2011]',14.600,-56.401,0.000,-42.701,-47.001,0.500
'[00:00:08.503 01/01/2011]',18.900,-57.201,0.300,-42.201,-46.601,0.500
'[00:00:08.504 01/01/2011]',21.700,-57.501,1.200,-41.601,-46.301,0.500
'[00:00:08.505 01/01/2011]',22.200,-57.201,2.000,-41.401,-46.301,0.500
'[00:00:08.506 01/01/2011]',21.100,-56.901,2.300,-41.901,-46.701,0.500
'[00:00:08.507 01/01/2011]',19.800,-56.901,2.000,-42.801,-47.401,0.500
'[00:00:08.508 01/01/2011]',19.500,-57.301,1.300,-43.601,-48.101,0.500
'[00:00:08.509 01/01/2011]',20.500,-58.201,0.600,-43.701,-48.501,0.500
'[00:00:08.510 01/01/2011]',21.700,-59.501,0.000,-43.001,-48.601,0.500
'[00:00:08.511 01/01/2011]',21.400,-61.101,-0.600,-41.701,-48.501,0.500
'[00:00:08.512 01/01/2011]',18.900,-62.901,-1.300,-40.501,-48.301,0.500
'[00:00:08.513 01/01/2011]',14.700,-64.601,-2.400,-39.801,-48.101,0.500
'[00:00:08.514 01/01/2011]',10.900,-66.001,-3.700,-39.801,-47.901,0.500
'[00:00:08.515 01/01/2011]',9.300,-66.901,-5.000,-40.201,-47.501,0.500
'[00:00:08.516 01/01/2011]',10.700,-67.101,-5.800,-40.501,-46.801,0.500
'[00:00:08.517 01/01/2011]',14.000,-66.701,-6.000,-40.401,-45.901,0.500
'[00:00:08.518 01/01/2011]',16.800,-66.001,-5.800,-39.901,-45.101,0.500
'[00:00:08.519 01/01/2011]',17.300,-65.601,-5.600,-39.201,-44.601,0.500
'[00:00:08.520 01/01/2011]',15.400,-65.601,-5.800,-38.801,-44.601,0.500
'[00:00:08.521 01/01/2011]',12.600,-66.301,-6.500,-39.001,-44.801,0.500
'[00:00:08.522 01/01/2011]',11.300,-67.301,-7.500,-39.701,-44.801,0.500
'[00:00:08.523 01/01/2011]',13.200,-68.301,-8.200,-40.501,-44.301,0.500
'[00:00:08.524 01/01/2011]',18.100,-68.701,-8.100,-40.901,-43.001,0.500
'[00:00:08.525 01/01/2011]',24.000,-68.501,-7.000,-40.601,-41.201,0.500
'[00:00:08.526 01/01/2011]',28.600,-67.701,-5.500,-39.701,-39.301,0.500
'[00:00:08.527 01/01/2011]',30.400,-66.601,-4.300,-38.501,-38.001,0.500
'[00:00:08.528 01/01/2011]',29.600,-65.901,-4.000,-37.401,-37.601,0.500
'[00:00:08.529 01/01/2011]',27.200,-65.601,-4.900,-36.701,-38.001,0.500
'[00:00:08.530 01/01/2011]',24.900,-65.901,-6.600,-36.601,-38.901,0.500
'[00:00:08.531 01/01/2011]',23.300,-66.501,-8.400,-36.601,-39.701,0.500
'[00:00:08.532 01/01/2011]',22.500,-66.701,-9.600,-36.501,-40.101,0.500
'[00:00:08.533 01/01/2011]',22.000,-66.401,-10.100,-36.001,-40.001,0.500
'[00:00:08.534 01/01/2011]',21.400,-65.601,-10.200,-35.201,-39.401,0.500
'[00:00:08.535 01/01/2011]',21.000,-64.701,-10.600,-34.501,-38.901,0.500
'[00:00:08.536 01/01/2011]',21.000,-64.301,-11.700,-34.101,-38.501,0.500
'[00:00:08.537 01/01/2011]',21.500,-64.701,-13.500,-34.101,-38.501,0.500
'[00:00:08.538 01/01/2011]',22.000,-66.001,-15.300,-34.301,-38.601,0.500
'[00:00:08.539 01/01/2011]',21.900,-67.401,-16.300,-34.301,-38.601,0.500
'[00:00:08.540 01/01/2011]',20.500,-68.301,-15.900,-33.801,-38.201,0.500
'[00:00:08.541 01/01/2011]',18.200,-68.401,-14.100,-32.901,-37.401,0.500
'[00:00:08.542 01/01/2011]',15.700,-67.801,-11.700,-31.900,-36.301,0.500
'[00:00:08.543 01/01/2011]',13.800,-67.001,-9.500,-31.200,-35.501,0.500
'[00:00:08.544 01/01/2011]',12.900,-66.701,-8.400,-31.100,-35.101,0.500
'[00:00:08.545 01/01/2011]',12.600,-67.101,-8.400,-31.700,-35.301,0.500
'[00:00:08.546 01/01/2011]',12.400,-68.101,-9.000,-32.700,-35.901,0.500
'[00:00:08.547 01/01/2011]',11.900,-69.301,-9.300,-33.601,-36.501,0.500
'[00:00:08.548 01/01/2011]',11.300,-70.101,-8.900,-34.201,-36.901,0.500
'[00:00:08.549 01/01/2011]',11.300,-70.501,-7.800,-34.601,-36.901,0.500
'[00:00:08.550 01/01/2011]',12.300,-70.501,-6.400,-34.901,-36.901,0.500
'[00:00:08.551 01/01/2011]',14.100,-70.401,-5.500,-35.101,-37.101,0.500
'[00:00:08.552 01/01/2011]',15.800,-70.301,-5.400,-35.201,-37.601,0.500
'[00:00:08.553 01/01/2011]',16.300,-70.301,-5.800,-35.001,-38.201,0.500
'[00:00:08.554 01/01/2011]',15.300,-70.001,-6.300,-34.301,-38.701,0.500
'[00:00:08.555 01/01/2011]',13.300,-69.401,-6.400,-33.501,-38.601,0.500
'[00:00:08.556 01/01/2011]',11.500,-68.601,-5.900,-32.801,-38.201,0.500
'[00:00:08.557 01/01/2011]',11.100,-68.101,-5.000,-32.700,-37.401,0.500
'[00:00:08.558 01/01/2011]',12.100,-68.301,-4.200,-33.101,-36.801,0.500
'[00:00:08.559 01/01/2011]',13.900,-69.301,-4.100,-33.901,-36.301,0.500
'[00:00:08.560 01/01/2011]',15.200,-70.801,-4.600,-34.601,-36.001,0.500
'[00:00:08.561 01/01/2011]',15.300,-72.201,-5.700,-34.901,-35.801,0.500
'[00:00:08.562 01/01/2011]',14.300,-73.101,-7.000,-34.801,-35.401,0.500
'[00:00:08.563 01/01/2011]',13.000,-73.301,-8.300,-34.501,-34.901,0.500
'[00:00:08.564 01/01/2011]',12.500,-73.001,-9.500,-34.201,-34.301,0.500
'[00:00:08.565 01/01/2011]',13.400,-72.801,-10.700,-34.001,-33.901,0.500
'[00:00:08.566 01/01/2011]',15.500,-73.101,-12.100,-33.801,-33.501,0.500
'[00:00:08.567 01/01/2011]',17.700,-73.801,-13.700,-33.601,-33.201,0.500
'[00:00:08.568 01/01/2011]',18.800,-74.801,-15.500,-33.201,-33.001,0.500
'[00:00:08.569 01/01/2011]',18.300,-75.701,-17.400,-33.001,-32.901,0.500
'[00:00:08.570 01/01/2011]',16.600,-76.401,-19.200,-33.001,-33.001,0.500
'[00:00:08.571 01/01/2011]',14.600,-77.001,-20.800,-33.401,-33.501,0.500
'[00:00:08.572 01/01/2011]',13.600,-77.801,-21.900,-34.101,-34.101,0.500
'[00:00:08.573 01/01/2011]',13.800,-79.001,-22.400,-34.701,-34.701,0.500
'[00:00:08.574 01/01/2011]',15.100,-80.501,-22.600,-35.201,-35.301,0.500
'[00:00:08.575 01/01/2011]',16.500,-82.201,-22.600,-35.401,-35.901,0.500
'[00:00:08.576 01/01/2011]',17.200,-83.901,-23.000,-35.501,-36.601,0.500
'[00:00:08.577 01/01/2011]',16.800,-85.201,-23.900,-35.801,-37.601,0.500
'[00:00:08.578 01/01/2011]',15.300,-86.101,-25.400,-36.301,-38.901,0.500
'[00:00:08.579 01/01/2011]',12.900,-86.701,-27.200,-37.001,-40.201,0.500
'[00:00:08.580 01/01/2011]',10.300,-87.001,-28.500,-37.801,-41.301,0.500
'[00:00:08.581 01/01/2011]',7.900,-87.001,-29.000,-38.401,-41.901,0.500
'[00:00:08.582 01/01/2011]',6.300,-86.801,-28.400,-38.401,-41.901,0.500
'[00:00:08.583 01/01/2011]',6.100,-86.101,-26.900,-37.701,-41.201,0.500
'[00:00:08.584 01/01/2011]',8.100,-85.001,-25.000,-36.401,-39.901,0.500
'[00:00:08.585 01/01/2011]',12.900,-83.401,-23.100,-34.601,-38.201,0.500
'[00:00:08.586 01/01/2011]',20.500,-81.701,-21.600,-32.700,-36.301,0.500
'[00:00:08.587 01/01/2011]',30.200,-80.001,-20.800,-31.100,-34.401,0.500
'[00:00:08.588 01/01/2011]',41.001,-78.601,-20.400,-30.000,-32.500,0.500
'[00:00:08.589 01/01/2011]',52.301,-77.401,-20.100,-29.200,-30.300,0.500
'[00:00:08.590 01/01/2011]',63.901,-75.901,-19.300,-28.000,-27.100,0.500
'[00:00:08.591 01/01/2011]',76.501,-73.801,-17.200,-25.800,-22.400,0.500
'[00:00:08.592 01/01/2011]',90.801,-70.601,-13.500,-22.200,-16.100,0.500
'[00:00:08.593 01/01/2011]',107.302,-66.601,-8.500,-17.600,-8.800,0.500
'[00:00:08.594 01/01/2011]',125.402,-62.301,-2.900,-12.700,-1.900,0.500
'[00:00:08.595 01/01/2011]',143.302,-58.501,1.800,-8.600,3.300,0.500
'[00:00:08.596 01/01/2011]',158.602,-55.901,4.700,-6.400,5.600,0.500
'[00:00:08.597 01/01/2011]',168.703,-54.801,5.000,-6.100,4.800,0.500
'[00:00:08.598 01/01/2011]',171.703,-55.301,3.200,-7.600,1.500,0.500
'[00:00:08.599 01/01/2011]',167.203,-56.801,0.000,-10.100,-3.100,0.500
'[00:00:08.600 01/01/2011]',156.302,-59.001,-3.900,-13.000,-8.100,0.500
'[00:00:08.601 01/01/2011]',141.002,-61.401,-7.900,-16.000,-13.000,0.500
'[00:00:08.602 01/01/2011]',123.602,-63.801,-12.200,-19.300,-17.900,0.500
'[00:00:08.603 01/01/2011]',105.602,-66.301,-17.100,-23.200,-23.100,0.500
'[00:00:08.604 01/01/2011]',87.201,-68.901,-22.600,-27.800,-29.000,0.500
'[00:00:08.605 01/01/2011]',67.301,-71.801,-28.200,-32.700,-35.501,0.500
'[00:00:08.606 01/01/2011]',44.801,-75.101,-33.301,-37.501,-42.301,0.500
'[00:00:08.607 01/01/2011]',19.100,-78.501,-37.001,-41.301,-48.601,0.500
'[00:00:08.608 01/01/2011]',-8.700,-81.801,-39.001,-43.701,-53.701,0.500
'[00:00:08.609 01/01/2011]',-35.901,-84.401,-39.401,-44.801,-57.101,0.500
'[00:00:08.610 01/01/2011]',-58.901,-86.001,-38.801,-44.701,-58.901,0.500
'[00:00:08.611 01/01/2011]',-75.001,-86.301,-37.801,-44.101,-59.201,0.500
'[00:00:08.612 01/01/2011]',-83.101,-85.601,-36.901,-43.401,-58.701,0.500
'[00:00:08.613 01/01/2011]',-84.401,-84.301,-36.301,-42.901,-57.701,0.500
'[00:00:08.614 01/01/2011]',-81.101,-83.201,-36.001,-42.501,-56.701,0.500
'[00:00:08.615 01/01/2011]',-75.601,-82.501,-35.701,-42.001,-55.501,0.500
'[00:00:08.616 01/01/2011]',-69.101,-82.101,-34.801,-40.901,-54.101,0.500
'[00:00:08.617 01/01/2011]',-61.801,-81.301,-33.201,-39.101,-52.101,0.500
'[00:00:08.618 01/01/2011]',-53.101,-79.601,-30.600,-36.801,-49.501,0.500
'[00:00:08.619 01/01/2011]',-42.501,-76.801,-27.400,-34.101,-46.401,0.500
'[00:00:08.620 01/01/2011]',-30.800,-73.201,-24.100,-31.700,-43.401,0.500
'[00:00:08.621 01/01/2011]',-19.200,-69.601,-21.400,-29.800,-40.701,0.500
'[00:00:08.622 01/01/2011]',-9.200,-66.701,-19.900,-28.600,-38.501,0.500
'[00:00:08.623 01/01/2011]',-1.600,-65.001,-19.600,-27.900,-36.801,0.500
'[00:00:08.624 01/01/2011]',3.700,-64.401,-20.200,-27.400,-35.501,0.500
'[00:00:08.625 01/01/2011]',7.500,-64.501,-21.000,-26.900,-34.601,0.500
'[00:00:08.626 01/01/2011]',10.400,-64.901,-21.600,-26.500,-34.101,0.500
'[00:00:08.627 01/01/2011]',12.900,-65.301,-21.700,-26.400,-34.201,0.500
'[00:00:08.628 01/01/2011]',14.800,-65.501,-21.400,-26.700,-34.801,0.500
'[00:00:08.629 01/01/2011]',16.000,-65.701,-21.000,-27.500,-35.801,0.500
'[00:00:08.630 01/01/2011]',16.400,-65.701,-20.900,-28.500,-36.901,0.500
'[00:00:08.631 01/01/2011]',16.100,-65.701,-21.000,-29.300,-37.901,0.500
'[00:00:08.632 01/01/2011]',15.600,-65.801,-21.500,-29.800,-38.701,0.500
'[00:00:08.633 01/01/2011]',15.100,-66.201,-22.400,-30.300,-39.401,0.500
'[00:00:08.634 01/01/2011]',14.500,-67.301,-23.500,-30.900,-40.201,0.500
'[00:00:08.635 01/01/2011]',13.900,-69.301,-25.100,-31.900,-41.301,0.500
'[00:00:08.636 01/01/2011]',13.100,-71.901,-27.100,-33.301,-42.601,0.500
'[00:00:08.637 01/01/2011]',11.800,-74.401,-29.000,-34.701,-44.001,0.500
'[00:00:08.638 01/01/2011]',10.200,-76.101,-30.300,-35.801,-45.101,0.500
'[00:00:08.639 01/01/2011]',8.400,-76.501,-30.700,-36.301,-45.701,0.500
'[00:00:08.640 01/01/2011]',6.900,-75.801,-30.300,-36.201,-45.701,0.500
'[00:00:08.641 01/01/2011]',6.500,-74.601,-29.700,-35.801,-45.501,0.500
'[00:00:08.642 01/01/2011]',7.400,-73.901,-29.600,-35.201,-45.301,0.500
'[00:00:08.643 01/01/2011]',9.300,-74.001,-30.600,-34.701,-45.501,0.500
'[00:00:08.644 01/01/2011]',11.400,-75.001,-32.500,-34.401,-46.301,0.500
'[00:00:08.645 01/01/2011]',12.400,-76.101,-34.701,-34.401,-47.401,0.500
'[00:00:08.646 01/01/2011]',11.700,-76.501,-36.201,-34.601,-48.701,0.500
'[00:00:08.647 01/01/2011]',9.900,-75.801,-36.401,-34.801,-49.701,0.500
'[00:00:08.648 01/01/2011]',8.300,-74.201,-35.501,-35.001,-50.301,0.500
'[00:00:08.649 01/01/2011]',8.400,-72.401,-34.201,-34.901,-50.401,0.500
'[00:00:08.650 01/01/2011]',10.900,-71.201,-33.301,-34.601,-50.101,0.500
'[00:00:08.651 01/01/2011]',15.200,-71.101,-33.601,-34.001,-49.801,0.500
'[00:00:08.652 01/01/2011]',19.500,-72.001,-34.801,-33.201,-49.501,0.500
'[00:00:08.653 01/01/2011]',22.000,-73.301,-36.201,-32.300,-49.401,0.500
'[00:00:08.654 01/01/2011]',21.800,-74.301,-37.301,-31.700,-49.501,0.500
'[00:00:08.655 01/01/2011]',19.200,-74.401,-37.601,-31.300,-49.601,0.500
'[00:00:08.656 01/01/2011]',15.500,-73.701,-37.501,-31.200,-49.801,0.500
'[00:00:08.657 01/01/2011]',12.400,-72.601,-37.301,-31.500,-50.001,0.500
'[00:00:08.658 01/01/2011]',10.600,-71.601,-37.501,-32.200,-50.001,0.500
'[00:00:08.659 01/01/2011]',10.500,-71.001,-38.001,-33.201,-49.801,0.500
'[00:00:08.660 01/01/2011]',11.400,-70.701,-38.301,-34.401,-49.401,0.500
'[00:00:08.661 01/01/2011]',12.700,-70.801,-38.001,-35.701,-48.901,0.500
'[00:00:08.662 01/01/2011]',13.600,-70.801,-37.201,-36.601,-48.601,0.500
'[00:00:08.663 01/01/2011]',13.700,-70.801,-36.001,-37.001,-48.501,0.500
'[00:00:08.664 01/01/2011]',12.600,-71.001,-35.101,-36.701,-48.701,0.500
'[00:00:08.665 01/01/2011]',10.900,-71.201,-34.801,-35.901,-48.901,0.500
'[00:00:08.666 01/01/2011]',9.300,-71.601,-35.101,-35.101,-49.001,0.500
'[00:00:08.667 01/01/2011]',8.900,-72.001,-35.801,-34.701,-48.801,0.500
'[00:00:08.668 01/01/2011]',10.800,-72.301,-36.401,-35.001,-48.401,0.500
'[00:00:08.669 01/01/2011]',14.700,-72.601,-36.801,-35.901,-48.201,0.500
'[00:00:08.670 01/01/2011]',19.300,-73.101,-37.201,-37.001,-48.401,0.500
'[00:00:08.671 01/01/2011]',22.700,-73.801,-37.701,-38.001,-49.301,0.500
'[00:00:08.672 01/01/2011]',23.000,-74.601,-38.601,-38.401,-50.601,0.500
'[00:00:08.673 01/01/2011]',20.000,-75.401,-39.501,-38.301,-51.901,0.500
'[00:00:08.674 01/01/2011]',15.200,-75.801,-40.501,-37.801,-52.801,0.500
'[00:00:08.675 01/01/2011]',11.000,-75.701,-41.201,-37.401,-53.101,0.500
'[00:00:08.676 01/01/2011]',9.800,-75.201,-41.701,-37.201,-53.001,0.500
'[00:00:08.677 01/01/2011]',11.900,-74.701,-42.001,-37.301,-52.801,0.500
'[00:00:08.678 01/01/2011]',15.900,-74.401,-42.101,-37.601,-52.601,0.500
'[00:00:08.679 01/01/2011]',19.400,-74.601,-42.101,-38.001,-52.601,0.500
'[00:00:08.680 01/01/2011]',20.500,-75.101,-41.901,-38.301,-52.901,0.500
'[00:00:08.681 01/01/2011]',18.900,-75.901,-41.701,-38.701,-53.301,0.500
'[00:00:08.682 01/01/2011]',15.900,-76.901,-41.501,-39.301,-54.001,0.500
'[00:00:08.683 01/01/2011]',13.400,-78.201,-41.601,-40.001,-54.701,0.500
'[00:00:08.684 01/01/2011]',12.900,-79.701,-42.101,-40.601,-55.501,0.500
'[00:00:08.685 01/01/2011]',14.100,-81.401,-42.901,-40.801,-56.001,0.500
'[00:00:08.686 01/01/2011]',16.000,-82.901,-43.601,-40.201,-55.901,0.500
'[00:00:08.687 01/01/2011]',17.200,-83.601,-44.001,-38.801,-55.101,0.500
'[00:00:08.688 01/01/2011]',17.300,-83.201,-43.701,-37.101,-53.901,0.500
'[00:00:08.689 01/01/2011]',16.900,-81.601,-42.801,-35.401,-52.801,0.500
'[00:00:08.690 01/01/2011]',16.700,-79.401,-41.701,-34.301,-52.201,0.500
'[00:00:08.691 01/01/2011]',17.300,-77.601,-40.801,-34.201,-52.501,0.500
'[00:00:08.692 01/01/2011]',18.500,-76.701,-40.401,-34.801,-53.501,0.500
'[00:00:08.693 01/01/2011]',19.600,-77.001,-40.501,-35.701,-54.501,0.500
'[00:00:08.694 01/01/2011]',19.900,-78.101,-41.001,-36.401,-54.901,0.500
'[00:00:08.695 01/01/2011]',19.600,-79.201,-41.301,-36.401,-54.401,0.500
'[00:00:08.696 01/01/2011]',19.100,-79.501,-41.201,-35.801,-53.301,0.500
'[00:00:08.697 01/01/2011]',19.200,-78.901,-40.801,-34.801,-52.101,0.500
'[00:00:08.698 01/01/2011]',20.200,-77.801,-40.301,-33.801,-51.501,0.500
'[00:00:08.699 01/01/2011]',21.700,-76.701,-40.101,-33.201,-51.701,0.500
'[00:00:08.700 01/01/2011]',22.900,-76.301,-40.501,-32.901,-52.601,0.500
'[00:00:08.701 01/01/2011]',23.200,-76.601,-41.501,-32.901,-53.501,0.500
'[00:00:08.702 01/01/2011]',22.500,-77.301,-42.501,-32.901,-54.101,0.500
'[00:00:08.703 01/01/2011]',21.400,-77.701,-43.301,-32.801,-53.901,0.500
'[00:00:08.704 01/01/2011]',20.600,-77.401,-43.601,-32.600,-53.301,0.500
'[00:00:08.705 01/01/2011]',20.600,-76.401,-43.401,-32.600,-52.401,0.500
'[00:00:08.706 01/01/2011]',21.200,-75.201,-42.901,-33.001,-51.901,0.500
'[00:00:08.707 01/01/2011]',22.000,-74.301,-42.501,-33.701,-51.801,0.500
'[00:00:08.708 01/01/2011]',22.400,-74.201,-42.501,-34.501,-52.101,0.500
'[00:00:08.709 01/01/2011]',22.400,-75.001,-43.201,-35.201,-52.701,0.500
'[00:00:08.710 01/01/2011]',22.400,-76.301,-44.301,-35.601,-53.101,0.500
'[00:00:08.711 01/01/2011]',22.900,-77.701,-45.901,-35.501,-53.401,0.500
'[00:00:08.712 01/01/2011]',24.200,-78.701,-47.501,-35.101,-53.401,0.500
'[00:00:08.713 01/01/2011]',25.400,-79.301,-48.801,-34.601,-53.201,0.500
'[00:00:08.714 01/01/2011]',25.600,-79.301,-49.601,-34.201,-53.001,0.500
'[00:00:08.715 01/01/2011]',23.700,-79.201,-49.801,-34.101,-52.901,0.500
'[00:00:08.716 01/01/2011]',20.200,-79.401,-49.401,-34.201,-52.901,0.500
'[00:00:08.717 01/01/2011]',16.200,-80.101,-48.801,-34.301,-52.901,0.500
'[00:00:08.718 01/01/2011]',13.700,-81.501,-48.401,-34.401,-53.001,0.500
'[00:00:08.719 01/01/2011]',13.700,-83.301,-48.501,-34.401,-53.101,0.500
'[00:00:08.720 01/01/2011]',15.600,-85.201,-49.101,-34.401,-53.401,0.500
'[00:00:08.721 01/01/2011]',17.900,-86.701,-50.001,-34.301,-53.801,0.500
'[00:00:08.722 01/01/2011]',18.800,-87.301,-51.001,-34.201,-54.301,0.500
'[00:00:08.723 01/01/2011]',17.700,-86.901,-51.601,-34.001,-54.701,0.500
'[00:00:08.724 01/01/2011]',15.400,-85.701,-51.501,-33.601,-54.501,0.500
'[00:00:08.725 01/01/2011]',13.200,-84.201,-50.901,-33.001,-53.601,0.500
'[00:00:08.726 01/01/2011]',12.400,-82.801,-50.001,-32.100,-52.001,0.500
'[00:00:08.727 01/01/2011]',13.300,-81.701,-49.301,-31.200,-50.101,0.500
'[00:00:08.728 01/01/2011]',15.300,-81.201,-49.001,-30.600,-48.601,0.500
'[00:00:08.729 01/01/2011]',17.400,-81.301,-49.001,-30.400,-48.001,0.500
'[00:00:08.730 01/01/2011]',19.100,-81.901,-49.301,-31.000,-48.501,0.500
'[00:00:08.731 01/01/2011]',20.500,-83.101,-49.601,-32.100,-49.901,0.500
'[00:00:08.732 01/01/2011]',21.800,-84.601,-49.701,-33.501,-51.601,0.500
'[00:00:08.733 01/01/2011]',23.000,-86.301,-49.701,-34.701,-52.901,0.500
'[00:00:08.734 01/01/2011]',24.100,-87.801,-49.601,-35.301,-53.301,0.500
'[00:00:08.735 01/01/2011]',24.800,-88.801,-49.401,-35.101,-52.801,0.500
'[00:00:08.736 01/01/2011]',25.000,-89.101,-49.201,-34.201,-51.901,0.500
'[00:00:08.737 01/01/2011]',24.600,-88.801,-48.901,-33.101,-51.001,0.500
'[00:00:08.738 01/01/2011]',23.300,-88.201,-48.601,-32.400,-50.601,0.500
'[00:00:08.739 01/01/2011]',20.800,-87.401,-48.401,-32.500,-51.001,0.500
'[00:00:08.740 01/01/2011]',17.200,-86.701,-48.401,-33.401,-51.801,0.500
'[00:00:08.741 01/01/2011]',13.300,-86.101,-48.601,-34.801,-52.401,0.500
'[00:00:08.742 01/01/2011]',10.600,-85.401,-49.101,-36.001,-52.501,0.500
'[00:00:08.743 01/01/2011]',10.800,-84.701,-49.601,-36.501,-51.801,0.500
'[00:00:08.744 01/01/2011]',14.200,-84.101,-49.801,-36.001,-50.501,0.500
'[00:00:08.745 01/01/2011]',19.500,-83.501,-49.701,-34.901,-49.001,0.500
'[00:00:08.746 01/01/2011]',24.200,-83.101,-49.101,-33.901,-48.001,0.500
'[00:00:08.747 01/01/2011]',26.200,-82.701,-48.201,-33.501,-47.801,0.500
'[00:00:08.748 01/01/2011]',24.800,-82.201,-47.301,-34.001,-48.201,0.500
'[00:00:08.749 01/01/2011]',21.700,-81.801,-46.801,-35.001,-48.801,0.500
'[00:00:08.750 01/01/2011]',19.200,-81.601,-46.501,-35.901,-48.901,0.500
'[00:00:08.751 01/01/2011]',19.500,-81.801,-46.701,-36.001,-48.401,0.500
'[00:00:08.752 01/01/2011]',22.500,-82.301,-46.901,-35.001,-47.201,0.500
'[00:00:08.753 01/01/2011]',26.300,-82.701,-47.101,-33.201,-45.801,0.500
'[00:00:08.754 01/01/2011]',28.500,-82.701,-47.001,-31.100,-44.601,0.500
'[00:00:08.755 01/01/2011]',27.700,-81.901,-46.901,-29.700,-44.101,0.500
'[00:00:08.756 01/01/2011]',24.300,-80.501,-46.701,-29.300,-44.301,0.500
'[00:00:08.757 01/01/2011]',20.100,-79.101,-46.701,-30.000,-44.901,0.500
'[00:00:08.758 01/01/2011]',17.100,-78.301,-47.101,-31.500,-45.801,0.500
'[00:00:08.759 01/01/2011]',16.500,-78.601,-47.801,-33.101,-46.601,0.500
'[00:00:08.760 01/01/2011]',17.900,-80.101,-48.701,-34.401,-47.101,0.500
'[00:00:08.761 01/01/2011]',19.900,-82.201,-49.701,-35.001,-47.401,0.500
'[00:00:08.762 01/01/2011]',21.100,-84.301,-50.401,-35.001,-47.301,0.500
'[00:00:08.763 01/01/2011]',20.700,-85.701,-51.001,-34.501,-46.801,0.500
'[00:00:08.764 01/01/2011]',18.800,-86.301,-51.401,-33.701,-46.101,0.500
'[00:00:08.765 01/01/2011]',16.500,-86.101,-51.601,-33.001,-45.601,0.500
'[00:00:08.766 01/01/2011]',14.800,-85.401,-51.801,-32.200,-45.301,0.500
'[00:00:08.767 01/01/2011]',14.800,-84.301,-51.901,-31.200,-45.401,0.500
'[00:00:08.768 01/01/2011]',16.600,-83.301,-51.801,-30.100,-45.501,0.500
'[00:00:08.769 01/01/2011]',19.800,-82.301,-51.501,-28.900,-45.501,0.500
'[00:00:08.770 01/01/2011]',23.400,-81.501,-51.001,-27.700,-45.001,0.500
'[00:00:08.771 01/01/2011]',26.100,-81.101,-50.501,-26.900,-44.301,0.500
'[00:00:08.772 01/01/2011]',26.900,-81.101,-50.001,-26.500,-43.701,0.500
'[00:00:08.773 01/01/2011]',25.800,-81.201,-49.601,-26.800,-43.801,0.500
'[00:00:08.774 01/01/2011]',23.500,-81.301,-49.101,-27.700,-44.801,0.500
'[00:00:08.775 01/01/2011]',20.900,-81.501,-48.501,-29.100,-46.201,0.500
'[00:00:08.776 01/01/2011]',19.000,-81.701,-47.801,-30.800,-47.701,0.500
'[00:00:08.777 01/01/2011]',18.400,-82.201,-47.201,-32.600,-48.401,0.500
'[00:00:08.778 01/01/2011]',18.800,-83.001,-47.001,-34.201,-48.401,0.500
'[00:00:08.779 01/01/2011]',19.700,-84.001,-47.301,-35.501,-47.901,0.500
'[00:00:08.780 01/01/2011]',20.300,-84.901,-48.201,-36.501,-47.501,0.500
'[00:00:08.781 01/01/2011]',20.200,-85.401,-49.301,-37.201,-47.601,0.500
'[00:00:08.782 01/01/2011]',19.500,-85.701,-50.401,-37.701,-48.201,0.500
'[00:00:08.783 01/01/2011]',18.400,-85.901,-51.101,-37.901,-48.801,0.500
'[00:00:08.784 01/01/2011]',17.500,-86.601,-51.201,-37.701,-48.901,0.500
'[00:00:08.785 01/01/2011]',17.400,-87.901,-50.701,-36.801,-48.001,0.500
'[00:00:08.786 01/01/2011]',18.500,-89.601,-49.801,-35.001,-46.401,0.500
'[00:00:08.787 01/01/2011]',21.000,-91.101,-48.601,-32.700,-44.501,0.500
'[00:00:08.788 01/01/2011]',24.200,-91.801,-47.601,-30.100,-43.301,0.500
'[00:00:08.789 01/01/2011]',27.300,-91.501,-46.801,-28.100,-43.201,0.500
'[00:00:08.790 01/01/2011]',29.200,-90.201,-46.701,-27.000,-44.201,0.500
'[00:00:08.791 01/01/2011]',29.200,-88.701,-47.301,-27.000,-45.701,0.500
'[00:00:08.792 01/01/2011]',27.400,-87.601,-48.401,-27.700,-47.001,0.500
'[00:00:08.793 01/01/2011]',24.600,-87.301,-49.801,-28.700,-47.501,0.500
'[00:00:08.794 01/01/2011]',21.900,-87.701,-51.101,-29.600,-47.501,0.500
'[00:00:08.795 01/01/2011]',20.300,-88.201,-52.101,-30.200,-47.301,0.500
'[00:00:08.796 01/01/2011]',19.800,-88.401,-52.601,-30.500,-47.501,0.500
'[00:00:08.797 01/01/2011]',20.000,-88.201,-53.001,-30.800,-48.201,0.500
'[00:00:08.798 01/01/2011]',19.900,-87.801,-53.401,-31.400,-49.401,0.500
'[00:00:08.799 01/01/2011]',19.100,-87.501,-54.101,-32.100,-50.401,0.500
'[00:00:08.800 01/01/2011]',17.600,-87.501,-54.901,-33.001,-50.801,0.500
'[00:00:08.801 01/01/2011]',16.000,-87.901,-55.701,-33.701,-50.201,0.500
'[00:00:08.802 01/01/2011]',15.000,-88.201,-55.901,-34.001,-49.101,0.500
'[00:00:08.803 01/01/2011]',15.000,-88.201,-55.601,-33.601,-47.701,0.500
'[00:00:08.804 01/01/2011]',15.800,-87.801,-54.501,-32.600,-46.701,0.500
'[00:00:08.805 01/01/2011]',16.900,-87.101,-53.101,-31.300,-46.201,0.500
'[00:00:08.806 01/01/2011]',17.800,-86.401,-51.501,-30.100,-46.201,0.500
'[00:00:08.807 01/01/2011]',18.200,-86.101,-50.001,-29.400,-46.301,0.500
'[00:00:08.808 01/01/2011]',18.000,-86.201,-49.101,-29.600,-46.701,0.500
'[00:00:08.809 01/01/2011]',17.500,-86.901,-48.701,-30.600,-47.401,0.500
'[00:00:08.810 01/01/2011]',17.000,-87.901,-48.801,-32.200,-48.501,0.500
'[00:00:08.811 01/01/2011]',16.900,-88.901,-49.201,-33.701,-50.001,0.500
'[00:00:08.812 01/01/2011]',17.300,-89.801,-49.801,-34.801,-51.801,0.500
'[00:00:08.813 01/01/2011]',18.300,-90.401,-50.201,-35.401,-53.401,0.500
'[00:00:08.814 01/01/2011]',19.500,-90.801,-50.201,-35.501,-54.501,0.500
'[00:00:08.815 01/01/2011]',20.700,-91.001,-49.801,-35.501,-55.001,0.500
'[00:00:08.816 01/01/2011]',21.300,-91.001,-49.301,-35.601,-55.001,0.500
'[00:00:08.817 01/01/2011]',21.000,-91.001,-48.601,-35.901,-54.701,0.500
'[00:00:08.818 01/01/2011]',19.800,-90.901,-48.101,-36.301,-54.301,0.500
'[00:00:08.819 01/01/2011]',18.200,-90.601,-47.801,-36.501,-53.601,0.500
'[00:00:08.820 01/01/2011]',16.500,-90.001,-47.401,-36.001,-52.701,0.500
'[00:00:08.821 01/01/2011]',15.400,-89.101,-47.001,-34.801,-51.301,0.500
'[00:00:08.822 01/01/2011]',15.000,-87.701,-46.301,-32.801,-49.401,0.500
'[00:00:08.823 01/01/2011]',15.300,-86.001,-45.501,-30.300,-47.201,0.500
'[00:00:08.824 01/01/2011]',16.200,-84.501,-44.701,-27.800,-45.001,0.500
'[00:00:08.825 01/01/2011]',17.500,-83.301,-43.901,-25.800,-43.101,0.500
'[00:00:08.826 01/01/2011]',18.800,-82.901,-43.101,-24.900,-41.801,0.500
'[00:00:08.827 01/01/2011]',19.800,-83.201,-42.401,-25.300,-41.401,0.500
'[00:00:08.828 01/01/2011]',20.100,-84.101,-41.801,-26.600,-41.901,0.500
'[00:00:08.829 01/01/2011]',19.400,-85.301,-41.601,-28.400,-43.001,0.500
'[00:00:08.830 01/01/2011]',18.000,-86.401,-41.901,-30.000,-44.401,0.500
'[00:00:08.831 01/01/2011]',16.300,-87.301,-42.701,-30.900,-45.701,0.500
'[00:00:08.832 01/01/2011]',15.200,-87.901,-43.801,-31.000,-46.401,0.500
'[00:00:08.833 01/01/2011]',15.300,-88.301,-44.901,-30.600,-46.601,0.500
'[00:00:08.834 01/01/2011]',16.900,-88.601,-45.801,-30.300,-46.201,0.500
'[00:00:08.835 01/01/2011]',19.800,-88.901,-46.501,-30.200,-45.801,0.500
'[00:00:08.836 01/01/2011]',22.900,-89.001,-47.001,-30.400,-45.601,0.500
'[00:00:08.837 01/01/2011]',25.400,-88.901,-47.601,-30.500,-45.601,0.500
'[00:00:08.838 01/01/2011]',26.400,-88.501,-48.501,-30.300,-46.001,0.500
'[00:00:08.839 01/01/2011]',25.700,-87.801,-49.501,-29.700,-46.701,0.500
'[00:00:08.840 01/01/2011]',23.700,-87.101,-50.501,-29.100,-47.701,0.500
'[00:00:08.841 01/01/2011]',21.700,-86.501,-51.301,-29.000,-48.901,0.500
'[00:00:08.842 01/01/2011]',20.600,-86.201,-52.001,-29.600,-50.301,0.500
'[00:00:08.843 01/01/2011]',21.200,-86.101,-52.501,-30.900,-51.401,0.500
'[00:00:08.844 01/01/2011]',23.300,-86.201,-52.901,-32.200,-51.801,0.500
'[00:00:08.845 01/01/2011]',26.000,-86.201,-53.001,-32.901,-51.401,0.500
'[00:00:08.846 01/01/2011]',28.100,-86.001,-52.601,-32.901,-50.201,0.500
'[00:00:08.847 01/01/2011]',28.500,-85.501,-51.501,-32.200,-48.501,0.500
'[00:00:08.848 01/01/2011]',27.300,-84.901,-49.801,-31.300,-46.901,0.500
'[00:00:08.849 01/01/2011]',25.400,-84.301,-48.001,-30.700,-45.901,0.500
'[00:00:08.850 01/01/2011]',23.900,-83.901,-46.601,-30.300,-45.301,0.500
'[00:00:08.851 01/01/2011]',23.800,-83.601,-46.001,-30.000,-45.101,0.500
'[00:00:08.852 01/01/2011]',25.300,-83.501,-46.201,-29.500,-44.701,0.500
'[00:00:08.853 01/01/2011]',27.600,-83.401,-46.901,-28.700,-43.901,0.500
'[00:00:08.854 01/01/2011]',29.500,-83.501,-48.001,-27.900,-43.001,0.500
'[00:00:08.855 01/01/2011]',30.100,-83.901,-49.201,-27.500,-42.301,0.500
'[00:00:08.856 01/01/2011]',29.300,-84.601,-50.501,-27.600,-42.101,0.500
'[00:00:08.857 01/01/2011]',27.800,-85.501,-51.901,-28.200,-42.401,0.500
'[00:00:08.858 01/01/2011]',26.400,-86.601,-53.601,-29.000,-43.201,0.500
'[00:00:08.859 01/01/2011]',25.800,-87.701,-55.401,-29.800,-43.901,0.500
'[00:00:08.860 01/01/2011]',26.100,-88.901,-57.301,-30.400,-44.501,0.500
'[00:00:08.861 01/01/2011]',26.800,-90.201,-59.001,-31.100,-44.901,0.500
'[00:00:08.862 01/01/2011]',27.300,-91.701,-60.201,-31.800,-45.101,0.500
'[00:00:08.863 01/01/2011]',27.200,-93.001,-60.601,-32.300,-45.301,0.500
'[00:00:08.864 01/01/2011]',26.500,-93.801,-60.101,-32.500,-45.301,0.500
'[00:00:08.865 01/01/2011]',25.900,-93.601,-58.801,-32.000,-44.901,0.500
'[00:00:08.866 01/01/2011]',26.100,-92.501,-57.001,-31.100,-44.201,0.500
'[00:00:08.867 01/01/2011]',27.600,-90.901,-55.501,-29.900,-43.301,0.500
'[00:00:08.868 01/01/2011]',30.400,-89.501,-54.601,-29.000,-42.501,0.500
'[00:00:08.869 01/01/2011]',33.401,-89.001,-54.501,-28.500,-41.901,0.500
'[00:00:08.870 01/01/2011]',35.301,-89.401,-55.001,-28.300,-41.701,0.500
'[00:00:08.871 01/01/2011]',35.201,-90.301,-55.401,-28.300,-41.701,0.500
'[00:00:08.872 01/01/2011]',33.101,-91.101,-55.401,-28.100,-41.701,0.500
'[00:00:08.873 01/01/2011]',29.900,-91.301,-54.801,-27.900,-41.701,0.500
'[00:00:08.874 01/01/2011]',27.400,-90.801,-54.001,-27.700,-41.901,0.500
'[00:00:08.875 01/01/2011]',27.000,-89.901,-53.601,-27.800,-42.301,0.500
'[00:00:08.876 01/01/2011]',28.800,-89.401,-54.201,-28.200,-42.901,0.500
'[00:00:08.877 01/01/2011]',31.800,-89.401,-55.601,-28.700,-43.301,0.500
'[00:00:08.878 01/01/2011]',33.901,-89.701,-57.101,-28.900,-43.201,0.500
'[00:00:08.879 01/01/2011]',33.601,-89.901,-57.901,-28.600,-42.301,0.500
'[00:00:08.880 01/01/2011]',30.900,-89.301,-57.501,-27.900,-41.001,0.500
'[00:00:08.881 01/01/2011]',26.800,-88.001,-56.101,-27.100,-39.801,0.500
'[00:00:08.882 01/01/2011]',23.500,-86.201,-54.201,-26.500,-39.301,0.500
'[00:00:08.883 01/01/2011]',22.800,-84.501,-52.801,-26.200,-39.701,0.500
'[00:00:08.884 01/01/2011]',24.900,-83.301,-52.301,-25.900,-40.601,0.500
'[00:00:08.885 01/01/2011]',29.100,-82.601,-52.701,-25.500,-41.301,0.500
'[00:00:08.886 01/01/2011]',33.301,-82.201,-53.501,-24.800,-41.101,0.500
'[00:00:08.887 01/01/2011]',35.801,-82.001,-54.201,-23.800,-40.001,0.500
'[00:00:08.888 01/01/2011]',35.901,-81.701,-54.501,-23.100,-38.401,0.500
'[00:00:08.889 01/01/2011]',34.001,-81.701,-54.401,-23.000,-37.301,0.500
'[00:00:08.890 01/01/2011]',31.200,-82.101,-53.901,-23.700,-37.301,0.500
'[00:00:08.891 01/01/2011]',29.200,-83.001,-53.401,-24.900,-38.301,0.500
'[00:00:08.892 01/01/2011]',28.700,-83.801,-52.701,-25.900,-39.801,0.500
'[00:00:08.893 01/01/2011]',29.800,-84.301,-51.801,-26.200,-41.001,0.500
'[00:00:08.894 01/01/2011]',31.500,-84.101,-51.001,-25.600,-41.301,0.500
'[00:00:08.895 01/01/2011]',32.400,-83.201,-50.601,-24.300,-40.601,0.500
'[00:00:08.896 01/01/2011]',31.700,-82.201,-51.001,-23.100,-39.701,0.500
'[00:00:08.897 01/01/2011]',29.600,-81.701,-52.501,-22.700,-39.101,0.500
'[00:00:08.898 01/01/2011]',27.100,-82.301,-54.601,-23.300,-39.301,0.500
'[00:00:08.899 01/01/2011]',25.900,-83.801,-56.901,-24.900,-40.001,0.500
'[00:00:08.900 01/01/2011]',26.900,-85.701,-58.601,-26.800,-40.701,0.500
'[00:00:08.901 01/01/2011]',29.900,-87.401,-59.501,-28.400,-41.201,0.500
'[00:00:08.902 01/01/2011]',33.701,-88.501,-59.801,-29.300,-41.301,0.500
'[00:00:08.903 01/01/2011]',36.201,-89.101,-59.901,-29.400,-41.201,0.500
'[00:00:08.904 01/01/2011]',36.201,-89.601,-60.101,-29.000,-41.501,0.500
'[00:00:08.905 01/01/2011]',33.601,-90.401,-60.601,-28.400,-42.001,0.500
'[00:00:08.906 01/01/2011]',29.800,-91.901,-61.101,-27.700,-42.801,0.500
'[00:00:08.907 01/01/2011]',26.900,-93.501,-61.101,-26.900,-43.201,0.500
'[00:00:08.908 01/01/2011]',26.400,-94.901,-60.601,-25.900,-42.901,0.500
'[00:00:08.909 01/01/2011]',28.300,-95.501,-59.801,-24.700,-42.001,0.500
'[00:00:08.910 01/01/2011]',31.500,-95.401,-59.301,-23.500,-40.901,0.500
'[00:00:08.911 01/01/2011]',34.101,-95.101,-59.201,-22.600,-40.201,0.500
'[00:00:08.912 01/01/2011]',34.801,-94.801,-59.601,-22.300,-40.301,0.500
'[00:00:08.913 01/01/2011]',33.501,-95.001,-60.301,-22.800,-41.101,0.500
'[00:00:08.914 01/01/2011]',31.400,-95.401,-60.701,-23.700,-42.301,0.500
'[00:00:08.915 01/01/2011]',30.100,-95.701,-60.701,-24.600,-43.101,0.500
'[00:00:08.916 01/01/2011]',30.800,-95.501,-60.301,-25.100,-43.101,0.500
'[00:00:08.917 01/01/2011]',33.501,-94.901,-59.701,-25.100,-42.201,0.500
'[00:00:08.918 01/01/2011]',36.601,-94.201,-59.101,-24.700,-40.701,0.500
'[00:00:08.919 01/01/2011]',38.401,-93.801,-58.801,-24.400,-39.201,0.500
'[00:00:08.920 01/01/2011]',37.901,-94.001,-59.001,-24.500,-38.401,0.500
'[00:00:08.921 01/01/2011]',35.601,-94.601,-59.601,-25.100,-38.301,0.500
'[00:00:08.922 01/01/2011]',33.001,-95.501,-60.401,-26.200,-39.001,0.500
'[00:00:08.923 01/01/2011]',32.200,-96.201,-61.001,-27.000,-39.801,0.500
'[00:00:08.924 01/01/2011]',34.101,-96.201,-61.101,-27.100,-40.201,0.500
'[00:00:08.925 01/01/2011]',38.101,-95.501,-60.301,-26.000,-39.801,0.500
'[00:00:08.926 01/01/2011]',42.301,-94.201,-58.701,-24.100,-38.601,0.500
'[00:00:08.927 01/01/2011]',44.901,-92.701,-56.901,-21.900,-37.101,0.500
'[00:00:08.928 01/01/2011]',45.201,-91.401,-55.701,-20.300,-35.901,0.500
'[00:00:08.929 01/01/2011]',43.801,-90.801,-55.601,-19.900,-35.501,0.500
'[00:00:08.930 01/01/2011]',42.101,-91.001,-56.801,-20.700,-36.101,0.500
'[00:00:08.931 01/01/2011]',41.601,-91.801,-58.901,-22.300,-37.301,0.500
'[00:00:08.932 01/01/2011]',42.601,-92.701,-61.001,-23.800,-38.501,0.500
'[00:00:08.933 01/01/2011]',44.401,-93.301,-62.401,-24.800,-39.101,0.500
'[00:00:08.934 01/01/2011]',45.801,-93.401,-62.901,-24.900,-38.901,0.500
'[00:00:08.935 01/01/2011]',46.201,-93.001,-62.701,-24.300,-38.201,0.500
'[00:00:08.936 01/01/2011]',45.601,-92.701,-62.201,-23.600,-37.301,0.500
'[00:00:08.937 01/01/2011]',45.001,-92.901,-62.001,-23.200,-37.001,0.500
'[00:00:08.938 01/01/2011]',44.801,-93.801,-62.101,-23.100,-37.401,0.500
'[00:00:08.939 01/01/2011]',45.201,-95.001,-62.301,-23.300,-38.601,0.500
'[00:00:08.940 01/01/2011]',45.501,-96.101,-62.201,-23.400,-39.901,0.500
'[00:00:08.941 01/01/2011]',44.901,-96.601,-61.601,-23.200,-41.001,0.500
'[00:00:08.942 01/01/2011]',42.901,-96.301,-60.501,-22.900,-41.301,0.500
'[00:00:08.943 01/01/2011]',40.201,-95.501,-59.201,-22.500,-40.901,0.500
'[00:00:08.944 01/01/2011]',37.701,-94.701,-58.201,-22.500,-39.901,0.500
'[00:00:08.945 01/01/2011]',36.301,-94.401,-57.701,-22.900,-38.901,0.500
'[00:00:08.946 01/01/2011]',36.201,-94.601,-57.601,-23.400,-38.201,0.500
'[00:00:08.947 01/01/2011]',37.101,-95.201,-57.601,-23.700,-38.001,0.500
'[00:00:08.948 01/01/2011]',38.001,-95.901,-57.201,-23.600,-38.201,0.500
'[00:00:08.949 01/01/2011]',38.501,-96.201,-56.201,-22.900,-38.701,0.500
'[00:00:08.950 01/01/2011]',38.601,-96.101,-54.901,-22.000,-39.201,0.500
'[00:00:08.951 01/01/2011]',38.801,-95.701,-53.701,-21.300,-39.701,0.500
'[00:00:08.952 01/01/2011]',39.501,-95.101,-53.201,-21.100,-39.901,0.500
'[00:00:08.953 01/01/2011]',40.601,-94.801,-53.401,-21.300,-39.901,0.500
'[00:00:08.954 01/01/2011]',41.601,-94.601,-54.101,-21.800,-39.801,0.500
'[00:00:08.955 01/01/2011]',41.401,-94.601,-54.701,-22.100,-39.501,0.500
'[00:00:08.956 01/01/2011]',39.601,-94.601,-54.801,-22.000,-39.201,0.500
'[00:00:08.957 01/01/2011]',36.101,-94.301,-54.301,-21.700,-39.001,0.500
'[00:00:08.958 01/01/2011]',31.600,-93.701,-53.401,-21.300,-39.201,0.500
'[00:00:08.959 01/01/2011]',27.300,-92.701,-52.501,-21.300,-39.701,0.500
'[00:00:08.960 01/01/2011]',24.000,-91.601,-51.901,-21.700,-40.301,0.500
'[00:00:08.961 01/01/2011]',22.600,-90.601,-51.801,-22.500,-40.901,0.500
'[00:00:08.962 01/01/2011]',23.200,-90.001,-52.201,-23.300,-41.201,0.500
'[00:00:08.963 01/01/2011]',24.900,-90.101,-53.001,-23.800,-41.001,0.500
'[00:00:08.964 01/01/2011]',26.600,-90.501,-53.901,-23.600,-40.501,0.500
'[00:00:08.965 01/01/2011]',27.000,-91.101,-55.001,-22.700,-39.801,0.500
'[00:00:08.966 01/01/2011]',25.600,-91.301,-55.801,-21.600,-39.201,0.500
'[00:00:08.967 01/01/2011]',22.700,-91.101,-56.501,-20.700,-38.801,0.500
'[00:00:08.968 01/01/2011]',19.800,-90.401,-56.901,-20.500,-38.701,0.500
'[00:00:08.969 01/01/2011]',18.400,-89.701,-57.201,-21.100,-38.601,0.500
'[00:00:08.970 01/01/2011]',19.500,-89.401,-57.401,-22.400,-38.601,0.500
'[00:00:08.971 01/01/2011]',22.600,-89.701,-57.501,-24.100,-38.601,0.500
'[00:00:08.972 01/01/2011]',25.900,-90.401,-57.301,-25.700,-38.901,0.500
'[00:00:08.973 01/01/2011]',27.600,-91.001,-56.601,-26.700,-39.401,0.500
'[00:00:08.974 01/01/2011]',26.600,-90.901,-55.301,-26.900,-40.101,0.500
'[00:00:08.975 01/01/2011]',23.200,-90.201,-53.701,-26.400,-40.901,0.500
'[00:00:08.976 01/01/2011]',18.900,-89.301,-52.301,-25.500,-41.401,0.500
'[00:00:08.977 01/01/2011]',15.500,-88.901,-51.601,-24.300,-41.501,0.500
'[00:00:08.978 01/01/2011]',14.000,-89.501,-51.901,-23.400,-41.201,0.500
'[00:00:08.979 01/01/2011]',14.400,-90.801,-52.801,-22.800,-40.701,0.500
'[00:00:08.980 01/01/2011]',15.700,-92.401,-54.001,-22.600,-40.401,0.500
'[00:00:08.981 01/01/2011]',17.100,-93.301,-55.001,-22.800,-40.601,0.500
'[00:00:08.982 01/01/2011]',18.000,-93.301,-55.601,-23.200,-41.401,0.500
'[00:00:08.983 01/01/2011]',18.400,-92.601,-56.201,-23.400,-42.601,0.500
'[00:00:08.984 01/01/2011]',18.700,-92.101,-57.101,-23.500,-43.901,0.500
'[00:00:08.985 01/01/2011]',19.100,-92.401,-58.501,-23.400,-44.901,0.500
'[00:00:08.986 01/01/2011]',19.700,-93.901,-60.201,-23.400,-45.301,0.500
'[00:00:08.987 01/01/2011]',20.200,-96.301,-61.601,-23.300,-45.001,0.500
'[00:00:08.988 01/01/2011]',20.400,-98.902,-62.201,-23.200,-44.301,0.500
'[00:00:08.989 01/01/2011]',20.100,-100.802,-61.801,-22.800,-43.301,0.500
'[00:00:08.990 01/01/2011]',19.500,-101.802,-60.501,-22.000,-42.101,0.500
'[00:00:08.991 01/01/2011]',18.900,-101.602,-58.901,-20.900,-41.201,0.500
'[00:00:08.992 01/01/2011]',18.300,-100.702,-57.701,-19.700,-40.701,0.500
'[00:00:08.993 01/01/2011]',18.000,-99.302,-57.201,-19.100,-41.001,0.500
'[00:00:08.994 01/01/2011]',17.800,-97.901,-57.801,-19.500,-42.101,0.500
'[00:00:08.995 01/01/2011]',17.900,-96.701,-59.101,-20.700,-43.601,0.500
'[00:00:08.996 01/01/2011]',18.300,-95.701,-60.701,-22.300,-45.101,0.500
'[00:00:08.997 01/01/2011]',19.000,-95.101,-62.201,-23.600,-45.901,0.500
'[00:00:08.998 01/01/2011]',19.900,-94.801,-63.001,-24.200,-45.801,0.500
'[00:00:08.999 01/01/2011]',20.700,-94.801,-63.201,-24.000,-45.001,0.500
'[00:00:09.000 01/01/2011]',21.100,-94.801,-62.801,-23.400,-44.101,0.500
'[00:00:09.001 01/01/2011]',20.900,-94.501,-62.201,-22.800,-43.501,0.500
'[00:00:09.002 01/01/2011]',20.100,-93.901,-61.901,-22.700,-43.301,0.500
'[00:00:09.003 01/01/2011]',19.400,-93.101,-62.001,-23.000,-43.201,0.500
'[00:00:09.004 01/01/2011]',19.500,-92.101,-62.501,-23.200,-42.701,0.500
'[00:00:09.005 01/01/2011]',20.500,-91.001,-63.101,-23.100,-41.401,0.500
'[00:00:09.006 01/01/2011]',22.200,-90.101,-63.301,-22.400,-39.701,0.500
'[00:00:09.007 01/01/2011]',23.800,-89.101,-62.901,-21.200,-38.101,0.500
'[00:00:09.008 01/01/2011]',24.600,-88.201,-61.901,-19.800,-37.201,0.500
'[00:00:09.009 01/01/2011]',24.400,-87.501,-60.601,-18.700,-37.201,0.500
'[00:00:09.010 01/01/2011]',23.400,-87.101,-59.501,-17.800,-37.901,0.500
'[00:00:09.011 01/01/2011]',22.300,-87.001,-59.201,-17.400,-38.701,0.500
'[00:00:09.012 01/01/2011]',21.400,-87.301,-59.701,-17.300,-39.201,0.500
'[00:00:09.013 01/01/2011]',20.800,-87.801,-60.701,-17.500,-39.201,0.500
'[00:00:09.014 01/01/2011]',20.400,-88.201,-61.601,-17.700,-38.801,0.500
'[00:00:09.015 01/01/2011]',20.300,-88.601,-61.901,-17.700,-38.201,0.500
'[00:00:09.016 01/01/2011]',20.800,-89.001,-61.501,-17.600,-37.701,0.500
'[00:00:09.017 01/01/2011]',22.100,-89.501,-60.801,-17.300,-37.401,0.500
'[00:00:09.018 01/01/2011]',24.000,-90.001,-60.301,-17.000,-37.501,0.500
'[00:00:09.019 01/01/2011]',25.500,-90.601,-60.401,-16.900,-37.901,0.500
'[00:00:09.020 01/01/2011]',25.700,-90.901,-61.201,-17.300,-38.801,0.500
'[00:00:09.021 01/01/2011]',24.400,-90.701,-62.001,-18.400,-39.901,0.500
'[00:00:09.022 01/01/2011]',22.200,-90.101,-62.501,-19.700,-41.001,0.500
'[00:00:09.023 01/01/2011]',20.200,-89.101,-62.201,-20.900,-41.601,0.500
'[00:00:09.024 01/01/2011]',19.500,-88.001,-61.301,-21.300,-41.401,0.500
'[00:00:09.025 01/01/2011]',19.700,-87.101,-60.001,-20.400,-40.701,0.500
'[00:00:09.026 01/01/2011]',19.900,-86.101,-59.001,-18.200,-39.501,0.500
'[00:00:09.027 01/01/2011]',19.200,-84.801,-58.501,-15.200,-38.201,0.500
'[00:00:09.028 01/01/2011]',17.900,-82.801,-58.301,-11.800,-37.101,0.500
'[00:00:09.029 01/01/2011]',17.100,-80.301,-57.901,-8.800,-36.001,0.500
'[00:00:09.030 01/01/2011]',17.900,-77.401,-56.801,-6.400,-34.901,0.500
'[00:00:09.031 01/01/2011]',20.400,-74.801,-54.901,-4.600,-33.701,0.500
'[00:00:09.032 01/01/2011]',23.200,-73.101,-52.501,-3.400,-32.300,0.500
'[00:00:09.033 01/01/2011]',24.200,-72.301,-50.201,-2.600,-31.100,0.500
'[00:00:09.034 01/01/2011]',22.400,-72.201,-48.501,-2.100,-29.900,0.500
'[00:00:09.035 01/01/2011]',18.400,-72.301,-47.601,-1.800,-28.800,0.500
'[00:00:09.036 01/01/2011]',14.500,-72.401,-47.301,-1.400,-27.500,0.500
'[00:00:09.037 01/01/2011]',12.800,-72.401,-47.201,-0.700,-25.700,0.500
'[00:00:09.038 01/01/2011]',14.000,-72.601,-46.801,0.400,-23.500,0.500
'[00:00:09.039 01/01/2011]',16.700,-73.601,-46.201,1.800,-20.900,0.500
'[00:00:09.040 01/01/2011]',18.500,-75.601,-45.601,3.300,-18.100,0.500
'[00:00:09.041 01/01/2011]',18.000,-78.601,-45.101,4.500,-15.400,0.500
'[00:00:09.042 01/01/2011]',15.300,-82.301,-45.101,4.900,-12.700,0.500
'[00:00:09.043 01/01/2011]',12.300,-86.501,-45.401,4.700,-10.100,0.500
'[00:00:09.044 01/01/2011]',10.900,-90.801,-45.801,3.800,-7.500,0.500
'[00:00:09.045 01/01/2011]',12.200,-95.301,-46.301,2.600,-5.100,0.500
'[00:00:09.046 01/01/2011]',15.000,-100.002,-46.801,1.400,-2.900,0.500
'[00:00:09.047 01/01/2011]',17.500,-104.902,-47.501,0.400,-1.000,0.500
'[00:00:09.048 01/01/2011]',17.800,-109.802,-48.301,-0.200,0.800,0.500
'[00:00:09.049 01/01/2011]',15.500,-114.302,-49.401,-0.500,2.600,0.500
'[00:00:09.050 01/01/2011]',11.700,-118.302,-50.801,-0.600,4.700,0.500
'[00:00:09.051 01/01/2011]',8.200,-122.102,-52.301,-1.000,6.900,0.500
'[00:00:09.052 01/01/2011]',6.600,-126.202,-54.101,-2.100,8.600,0.500
'[00:00:09.053 01/01/2011]',7.200,-130.802,-56.301,-4.100,9.400,0.500
'[00:00:09.054 01/01/2011]',9.300,-136.102,-59.101,-6.700,8.700,0.500
'[00:00:09.055 01/01/2011]',11.200,-141.402,-62.401,-9.800,6.700,0.500
'[00:00:09.056 01/01/2011]',12.000,-146.202,-65.901,-12.700,3.700,0.500
'[00:00:09.057 01/01/2011]',11.200,-149.802,-69.301,-15.400,0.400,0.500
'[00:00:09.058 01/01/2011]',9.700,-152.202,-72.401,-17.600,-2.500,0.500
'[00:00:09.059 01/01/2011]',8.200,-153.502,-74.701,-19.400,-4.700,0.500
'[00:00:09.060 01/01/2011]',7.200,-153.902,-76.001,-20.500,-5.900,0.500
'[00:00:09.061 01/01/2011]',6.500,-153.402,-76.201,-20.700,-6.100,0.500
'[00:00:09.062 01/01/2011]',5.300,-152.002,-75.201,-19.800,-5.900,0.500
'[00:00:09.063 01/01/2011]',3.300,-149.602,-73.101,-18.100,-5.600,0.500
'[00:00:09.064 01/01/2011]',1.100,-146.402,-70.401,-16.200,-5.800,0.500
'[00:00:09.065 01/01/2011]',0.200,-142.502,-67.801,-14.900,-6.900,0.500
'[00:00:09.066 01/01/2011]',2.400,-138.202,-65.801,-14.800,-8.800,0.500
'[00:00:09.067 01/01/2011]',8.800,-133.602,-64.401,-15.800,-11.400,0.500
'[00:00:09.068 01/01/2011]',19.000,-128.602,-63.701,-17.400,-14.400,0.500
'[00:00:09.069 01/01/2011]',31.400,-122.802,-63.001,-18.900,-17.500,0.500
'[00:00:09.070 01/01/2011]',43.901,-116.402,-62.001,-19.900,-20.600,0.500
'[00:00:09.071 01/01/2011]',55.101,-109.702,-60.501,-20.100,-23.400,0.500
'[00:00:09.072 01/01/2011]',64.901,-102.902,-58.401,-19.800,-25.300,0.500
'[00:00:09.073 01/01/2011]',74.601,-96.401,-55.901,-19.100,-26.000,0.500
'[00:00:09.074 01/01/2011]',86.101,-90.301,-53.101,-17.900,-24.900,0.500
'[00:00:09.075 01/01/2011]',100.802,-84.601,-50.001,-16.200,-22.200,0.500
'[00:00:09.076 01/01/2011]',118.902,-79.601,-46.901,-14.200,-18.800,0.500
'[00:00:09.077 01/01/2011]',139.102,-75.501,-44.101,-12.300,-15.800,0.500
'[00:00:09.078 01/01/2011]',158.702,-73.001,-42.301,-11.000,-14.100,0.500
'[00:00:09.079 01/01/2011]',174.603,-72.301,-41.801,-10.800,-14.400,0.500
'[00:00:09.080 01/01/2011]',184.203,-73.101,-43.101,-11.600,-16.700,0.500
'[00:00:09.081 01/01/2011]',186.303,-75.001,-46.001,-13.400,-20.400,0.500
'[00:00:09.082 01/01/2011]',181.003,-77.101,-50.201,-15.900,-25.100,0.500
'[00:00:09.083 01/01/2011]',169.803,-79.101,-55.201,-19.100,-30.600,0.500
'[00:00:09.084 01/01/2011]',154.102,-81.201,-60.701,-22.900,-36.901,0.500
'[00:00:09.085 01/01/2011]',135.202,-83.601,-66.301,-27.400,-43.901,0.500
'[00:00:09.086 01/01/2011]',113.902,-86.601,-71.901,-32.300,-51.401,0.500
'[00:00:09.087 01/01/2011]',90.001,-90.101,-77.301,-37.201,-58.701,0.500
'[00:00:09.088 01/01/2011]',63.801,-93.901,-82.101,-41.201,-65.001,0.500
'[00:00:09.089 01/01/2011]',35.701,-97.301,-85.901,-43.801,-69.801,0.500
'[00:00:09.090 01/01/2011]',7.200,-99.902,-88.301,-44.901,-72.801,0.500
'[00:00:09.091 01/01/2011]',-19.900,-101.802,-89.101,-44.601,-74.101,0.500
'[00:00:09.092 01/01/2011]',-43.801,-103.002,-88.301,-43.201,-74.101,0.500
'[00:00:09.093 01/01/2011]',-62.701,-103.502,-86.301,-41.201,-73.001,0.500
'[00:00:09.094 01/01/2011]',-75.501,-103.502,-83.701,-38.801,-70.901,0.500
'[00:00:09.095 01/01/2011]',-81.601,-103.102,-81.101,-36.201,-67.801,0.500
'[00:00:09.096 01/01/2011]',-81.201,-102.002,-78.901,-33.401,-64.001,0.500
'[00:00:09.097 01/01/2011]',-75.301,-100.702,-77.201,-30.600,-59.501,0.500
'[00:00:09.098 01/01/2011]',-65.501,-99.102,-75.701,-28.000,-54.801,0.500
'[00:00:09.099 01/01/2011]',-53.801,-97.601,-74.101,-25.600,-50.401,0.500
'[00:00:09.100 01/01/2011]',-41.701,-96.301,-71.901,-23.500,-46.601,0.500
'[00:00:09.101 01/01/2011]',-30.700,-95.201,-69.301,-21.700,-43.501,0.500
'[00:00:09.102 01/01/2011]',-20.800,-93.901,-66.401,-19.900,-40.901,0.500
'[00:00:09.103 01/01/2011]',-11.700,-92.401,-63.601,-18.100,-38.601,0.500
'[00:00:09.104 01/01/2011]',-2.900,-90.601,-61.201,-16.400,-36.601,0.500
'[00:00:09.105 01/01/2011]',5.700,-88.601,-59.501,-15.000,-34.901,0.500
'[00:00:09.106 01/01/2011]',13.700,-86.801,-58.701,-14.100,-33.801,0.500
'[00:00:09.107 01/01/2011]',20.000,-85.801,-58.501,-13.700,-33.501,0.500
'[00:00:09.108 01/01/2011]',23.800,-85.601,-59.001,-13.700,-33.801,0.500
'[00:00:09.109 01/01/2011]',24.900,-86.001,-59.801,-14.000,-34.201,0.500
'[00:00:09.110 01/01/2011]',23.900,-86.601,-60.701,-14.200,-34.401,0.500
'[00:00:09.111 01/01/2011]',21.800,-86.901,-61.301,-14.300,-34.101,0.500
'[00:00:09.112 01/01/2011]',19.800,-86.801,-61.701,-14.400,-33.501,0.500
'[00:00:09.113 01/01/2011]',19.000,-86.501,-61.701,-14.500,-32.801,0.500
'[00:00:09.114 01/01/2011]',19.700,-86.301,-61.701,-14.900,-32.500,0.500
'[00:00:09.115 01/01/2011]',21.700,-86.401,-61.801,-15.300,-32.901,0.500
'[00:00:09.116 01/01/2011]',24.400,-86.701,-62.101,-15.700,-33.701,0.500
'[00:00:09.117 01/01/2011]',26.900,-86.601,-62.601,-16.000,-34.901,0.500
'[00:00:09.118 01/01/2011]',28.000,-86.001,-63.201,-16.100,-36.001,0.500
'[00:00:09.119 01/01/2011]',27.300,-84.801,-63.601,-16.100,-37.201,0.500
'[00:00:09.120 01/01/2011]',24.900,-83.701,-64.001,-16.300,-38.301,0.500
'[00:00:09.121 01/01/2011]',21.500,-83.201,-64.301,-16.800,-39.401,0.500
'[00:00:09.122 01/01/2011]',18.400,-83.601,-64.701,-17.600,-40.401,0.500
'[00:00:09.123 01/01/2011]',16.700,-84.601,-65.201,-18.500,-41.101,0.500
'[00:00:09.124 01/01/2011]',16.800,-85.801,-65.701,-19.400,-41.401,0.500
'[00:00:09.125 01/01/2011]',18.300,-86.401,-66.201,-20.000,-41.201,0.500
'[00:00:09.126 01/01/2011]',20.200,-86.601,-66.301,-20.200,-40.401,0.500
'[00:00:09.127 01/01/2011]',21.600,-86.401,-66.101,-19.900,-38.901,0.500
'[00:00:09.128 01/01/2011]',22.100,-86.401,-65.201,-18.900,-36.801,0.500
'[00:00:09.129 01/01/2011]',21.700,-86.401,-63.901,-17.300,-34.301,0.500
'[00:00:09.130 01/01/2011]',21.300,-86.301,-62.301,-15.100,-31.500,0.500
'[00:00:09.131 01/01/2011]',21.300,-85.701,-60.801,-12.800,-28.900,0.500
'[00:00:09.132 01/01/2011]',21.900,-84.501,-59.901,-11.000,-27.100,0.500
'[00:00:09.133 01/01/2011]',22.800,-82.901,-59.701,-10.000,-26.300,0.500
'[00:00:09.134 01/01/2011]',23.600,-81.501,-60.201,-9.700,-26.300,0.500
'[00:00:09.135 01/01/2011]',23.900,-80.701,-61.101,-9.700,-26.600,0.500
'[00:00:09.136 01/01/2011]',23.900,-80.701,-61.701,-9.600,-26.800,0.500
'[00:00:09.137 01/01/2011]',23.600,-81.301,-62.001,-9.000,-26.900,0.500
'[00:00:09.138 01/01/2011]',23.400,-82.201,-62.101,-8.400,-27.000,0.500
'[00:00:09.139 01/01/2011]',23.300,-83.201,-62.301,-8.200,-27.500,0.500
'[00:00:09.140 01/01/2011]',23.000,-84.301,-63.201,-8.800,-28.700,0.500
'[00:00:09.141 01/01/2011]',22.300,-85.401,-64.701,-10.300,-30.100,0.500
'[00:00:09.142 01/01/2011]',21.000,-86.601,-66.201,-11.900,-31.200,0.500
'[00:00:09.143 01/01/2011]',18.900,-87.601,-67.201,-12.900,-31.400,0.500
'[00:00:09.144 01/01/2011]',16.500,-88.201,-67.201,-12.900,-30.600,0.500
'[00:00:09.145 01/01/2011]',14.200,-88.501,-66.101,-11.900,-29.100,0.500
'[00:00:09.146 01/01/2011]',12.800,-88.701,-64.601,-10.700,-27.500,0.500
'[00:00:09.147 01/01/2011]',12.900,-89.001,-63.501,-9.800,-26.500,0.500
'[00:00:09.148 01/01/2011]',14.400,-89.501,-63.101,-9.500,-26.400,0.500
'[00:00:09.149 01/01/2011]',16.500,-90.001,-63.501,-9.500,-27.000,0.500
'[00:00:09.150 01/01/2011]',18.200,-90.301,-64.201,-9.500,-27.800,0.500
'[00:00:09.151 01/01/2011]',18.600,-90.301,-64.401,-9.300,-28.100,0.500
'[00:00:09.152 01/01/2011]',17.700,-90.001,-64.001,-8.800,-27.800,0.500
'[00:00:09.153 01/01/2011]',15.900,-89.501,-63.101,-8.400,-27.000,0.500
'[00:00:09.154 01/01/2011]',14.500,-88.901,-62.001,-8.300,-26.000,0.500
'[00:00:09.155 01/01/2011]',13.900,-88.301,-61.401,-8.600,-25.300,0.500
'[00:00:09.156 01/01/2011]',14.100,-87.701,-61.501,-9.000,-24.900,0.500
'[00:00:09.157 01/01/2011]',14.400,-87.201,-62.101,-9.200,-24.700,0.500
'[00:00:09.158 01/01/2011]',14.200,-86.701,-62.901,-9.200,-24.600,0.500
'[00:00:09.159 01/01/2011]',13.400,-86.501,-63.501,-9.000,-24.400,0.500
'[00:00:09.160 01/01/2011]',13.000,-86.601,-63.901,-9.000,-24.100,0.500
'[00:00:09.161 01/01/2011]',13.500,-87.001,-64.101,-9.400,-24.100,0.500
'[00:00:09.162 01/01/2011]',15.000,-87.501,-64.201,-10.300,-24.500,0.500
'[00:00:09.163 01/01/2011]',16.600,-87.901,-64.401,-11.300,-25.300,0.500
'[00:00:09.164 01/01/2011]',16.900,-88.101,-64.701,-12.100,-26.300,0.500
'[00:00:09.165 01/01/2011]',14.900,-88.201,-64.901,-12.300,-27.000,0.500
'[00:00:09.166 01/01/2011]',11.000,-88.201,-64.901,-11.800,-27.200,0.500
'[00:00:09.167 01/01/2011]',6.800,-88.201,-64.901,-10.800,-26.700,0.500
'[00:00:09.168 01/01/2011]',4.300,-88.201,-64.801,-9.600,-25.900,0.500
'[00:00:09.169 01/01/2011]',4.300,-88.101,-64.901,-8.500,-25.200,0.500
'[00:00:09.170 01/01/2011]',6.700,-87.901,-65.001,-7.700,-24.900,0.500
'[00:00:09.171 01/01/2011]',9.700,-87.601,-65.301,-7.500,-25.000,0.500
'[00:00:09.172 01/01/2011]',11.700,-87.401,-65.601,-7.700,-25.300,0.500
'[00:00:09.173 01/01/2011]',12.100,-87.301,-65.801,-8.300,-25.600,0.500
'[00:00:09.174 01/01/2011]',11.400,-87.001,-65.701,-9.100,-25.600,0.500
'[00:00:09.175 01/01/2011]',10.500,-86.401,-65.301,-9.700,-25.500,0.500
'[00:00:09.176 01/01/2011]',10.400,-85.201,-64.901,-10.000,-25.300,0.500
'[00:00:09.177 01/01/2011]',11.100,-83.801,-64.501,-10.000,-25.300,0.500
'[00:00:09.178 01/01/2011]',11.600,-82.401,-64.201,-9.700,-25.400,0.500
'[00:00:09.179 01/01/2011]',11.000,-81.601,-64.201,-9.100,-25.400,0.500
'[00:00:09.180 01/01/2011]',8.900,-81.801,-64.401,-8.300,-25.100,0.500
'[00:00:09.181 01/01/2011]',5.900,-82.801,-64.501,-7.400,-24.500,0.500
'[00:00:09.182 01/01/2011]',3.000,-84.101,-64.701,-6.400,-23.600,0.500
'[00:00:09.183 01/01/2011]',1.500,-85.301,-64.901,-5.800,-22.900,0.500
'[00:00:09.184 01/01/2011]',1.500,-85.901,-65.201,-5.600,-22.600,0.500
'[00:00:09.185 01/01/2011]',2.800,-86.201,-65.901,-6.100,-23.000,0.500
'[00:00:09.186 01/01/2011]',4.500,-86.301,-66.701,-7.300,-24.000,0.500
'[00:00:09.187 01/01/2011]',6.100,-86.801,-67.801,-9.000,-25.300,0.500
'[00:00:09.188 01/01/2011]',7.500,-87.801,-69.001,-10.800,-26.500,0.500
'[00:00:09.189 01/01/2011]',9.000,-89.301,-70.101,-12.300,-27.600,0.500
'[00:00:09.190 01/01/2011]',10.700,-90.901,-71.001,-13.200,-28.400,0.500
'[00:00:09.191 01/01/2011]',12.300,-92.401,-71.501,-13.300,-29.000,0.500
'[00:00:09.192 01/01/2011]',13.100,-93.601,-71.201,-12.700,-29.300,0.500
'[00:00:09.193 01/01/2011]',12.600,-94.401,-70.101,-11.500,-29.400,0.500
'[00:00:09.194 01/01/2011]',10.800,-94.701,-68.101,-10.300,-29.200,0.500
'[00:00:09.195 01/01/2011]',8.500,-94.401,-65.801,-9.300,-28.900,0.500
'[00:00:09.196 01/01/2011]',6.400,-93.801,-63.901,-8.900,-28.700,0.500
'[00:00:09.197 01/01/2011]',5.400,-93.001,-63.101,-9.200,-28.800,0.500
'[00:00:09.198 01/01/2011]',5.300,-92.301,-63.701,-10.000,-29.300,0.500
'[00:00:09.199 01/01/2011]',5.700,-92.101,-65.201,-11.200,-29.800,0.500
'[00:00:09.200 01/01/2011]',6.000,-92.401,-66.801,-12.200,-30.000,0.500
'[00:00:09.201 01/01/2011]',6.200,-93.101,-67.601,-12.600,-29.800,0.500
'[00:00:09.202 01/01/2011]',6.300,-93.701,-67.301,-12.300,-29.000,0.500
'[00:00:09.203 01/01/2011]',6.700,-93.801,-65.901,-11.300,-27.900,0.500
'[00:00:09.204 01/01/2011]',7.300,-93.001,-64.001,-9.900,-26.600,0.500
'[00:00:09.205 01/01/2011]',7.600,-91.501,-62.401,-8.600,-25.300,0.500
'[00:00:09.206 01/01/2011]',7.300,-89.801,-61.501,-7.500,-24.000,0.500
'[00:00:09.207 01/01/2011]',6.600,-88.401,-61.301,-6.900,-22.700,0.500
'[00:00:09.208 01/01/2011]',5.900,-87.601,-61.501,-6.600,-21.500,0.500
'[00:00:09.209 01/01/2011]',5.900,-87.301,-61.801,-6.500,-20.700,0.500
'[00:00:09.210 01/01/2011]',6.800,-87.301,-62.301,-6.200,-20.300,0.500
'[00:00:09.211 01/01/2011]',8.400,-87.501,-62.901,-5.600,-20.300,0.500
'[00:00:09.212 01/01/2011]',9.800,-87.601,-63.901,-4.800,-20.400,0.500
'[00:00:09.213 01/01/2011]',10.500,-87.801,-65.201,-4.000,-20.400,0.500
'[00:00:09.214 01/01/2011]',10.200,-88.301,-66.801,-3.300,-19.800,0.500
'[00:00:09.215 01/01/2011]',9.400,-89.201,-68.001,-3.000,-18.900,0.500
'[00:00:09.216 01/01/2011]',8.500,-90.301,-68.501,-3.100,-17.700,0.500
'[00:00:09.217 01/01/2011]',7.800,-91.101,-68.101,-3.500,-16.700,0.500
'[00:00:09.218 01/01/2011]',7.400,-91.501,-67.101,-3.700,-16.100,0.500
'[00:00:09.219 01/01/2011]',7.300,-91.401,-65.801,-3.700,-15.800,0.500
'[00:00:09.220 01/01/2011]',7.400,-91.101,-65.001,-3.500,-15.600,0.500
'[00:00:09.221 01/01/2011]',8.000,-90.901,-65.001,-3.200,-15.400,0.500
'[00:00:09.222 01/01/2011]',8.900,-91.201,-65.801,-3.200,-15.000,0.500
'[00:00:09.223 01/01/2011]',10.000,-91.901,-67.201,-3.600,-14.600,0.500
'[00:00:09.224 01/01/2011]',10.800,-92.701,-68.601,-4.400,-14.600,0.500
'[00:00:09.225 01/01/2011]',11.200,-93.401,-69.601,-5.300,-15.200,0.500
'[00:00:09.226 01/01/2011]',10.800,-93.901,-69.901,-6.100,-16.200,0.500
'[00:00:09.227 01/01/2011]',10.200,-94.101,-69.901,-6.300,-17.100,0.500
'[00:00:09.228 01/01/2011]',9.500,-94.401,-69.701,-6.000,-17.600,0.500
'[00:00:09.229 01/01/2011]',9.200,-94.901,-69.501,-5.200,-17.300,0.500
'[00:00:09.230 01/01/2011]',9.000,-95.801,-69.501,-4.300,-16.400,0.500
'[00:00:09.231 01/01/2011]',8.800,-96.701,-69.401,-3.600,-15.400,0.500
'[00:00:09.232 01/01/2011]',8.700,-97.401,-69.001,-3.400,-14.600,0.500
'[00:00:09.233 01/01/2011]',8.700,-97.701,-68.301,-3.700,-14.300,0.500
'[00:00:09.234 01/01/2011]',9.100,-97.701,-67.601,-4.300,-14.600,0.500
'[00:00:09.235 01/01/2011]',9.700,-97.401,-67.101,-5.200,-14.900,0.500
'[00:00:09.236 01/01/2011]',9.900,-97.101,-67.201,-5.900,-15.000,0.500
'[00:00:09.237 01/01/2011]',8.900,-96.701,-67.801,-6.200,-14.600,0.500
'[00:00:09.238 01/01/2011]',6.300,-96.001,-68.401,-5.900,-13.900,0.500
'[00:00:09.239 01/01/2011]',2.600,-94.901,-68.401,-5.100,-13.000,0.500
'[00:00:09.240 01/01/2011]',-0.800,-93.601,-67.601,-3.900,-12.100,0.500
'[00:00:09.241 01/01/2011]',-2.100,-92.201,-65.901,-2.700,-11.500,0.500
'[00:00:09.242 01/01/2011]',-0.800,-91.401,-64.001,-2.000,-11.200,0.500
'[00:00:09.243 01/01/2011]',2.300,-91.501,-62.501,-2.000,-11.200,0.500
'[00:00:09.244 01/01/2011]',5.100,-92.401,-62.101,-2.700,-11.400,0.500
'[00:00:09.245 01/01/2011]',5.600,-93.901,-62.901,-3.800,-11.800,0.500
'[00:00:09.246 01/01/2011]',3.200,-95.301,-64.301,-4.900,-12.200,0.500
'[00:00:09.247 01/01/2011]',-0.800,-96.101,-65.701,-5.600,-12.700,0.500
'[00:00:09.248 01/01/2011]',-3.900,-96.201,-66.401,-5.600,-13.200,0.500
'[00:00:09.249 01/01/2011]',-4.000,-95.701,-66.501,-5.300,-13.700,0.500
'[00:00:09.250 01/01/2011]',-1.200,-95.301,-66.301,-5.100,-14.200,0.500
'[00:00:09.251 01/01/2011]',2.900,-95.301,-66.501,-5.400,-14.600,0.500
'[00:00:09.252 01/01/2011]',5.800,-96.201,-67.301,-6.000,-15.000,0.500
'[00:00:09.253 01/01/2011]',5.900,-97.601,-68.801,-6.700,-15.000,0.500
'[00:00:09.254 01/01/2011]',3.500,-99.102,-70.601,-7.100,-14.600,0.500
'[00:00:09.255 01/01/2011]',0.500,-100.202,-72.001,-7.000,-13.900,0.500
'[00:00:09.256 01/01/2011]',-1.000,-100.702,-72.801,-6.300,-13.200,0.500
'[00:00:09.257 01/01/2011]',-0.400,-100.702,-72.901,-5.400,-12.700,0.500
'[00:00:09.258 01/01/2011]',1.200,-100.502,-72.501,-4.800,-12.600,0.500
'[00:00:09.259 01/01/2011]',1.800,-100.402,-71.901,-4.600,-12.900,0.500
'[00:00:09.260 01/01/2011]',0.000,-100.702,-71.301,-4.900,-13.400,0.500
'[00:00:09.261 01/01/2011]',-3.900,-101.102,-71.101,-5.500,-13.700,0.500
'[00:00:09.262 01/01/2011]',-8.300,-101.502,-71.001,-6.100,-13.800,0.500
'[00:00:09.263 01/01/2011]',-11.200,-101.602,-70.901,-6.600,-13.700,0.500
'[00:00:09.264 01/01/2011]',-11.800,-101.502,-70.601,-7.100,-13.400,0.500
'[00:00:09.265 01/01/2011]',-10.400,-101.502,-69.901,-7.400,-12.900,0.500
'[00:00:09.266 01/01/2011]',-8.400,-101.902,-68.901,-7.600,-12.200,0.500
'[00:00:09.267 01/01/2011]',-6.700,-102.802,-67.901,-7.700,-11.600,0.500
'[00:00:09.268 01/01/2011]',-5.500,-104.102,-67.001,-7.500,-11.000,0.500
'[00:00:09.269 01/01/2011]',-4.100,-105.602,-66.501,-7.200,-10.700,0.500
'[00:00:09.270 01/01/2011]',-2.400,-106.602,-66.401,-6.800,-10.800,0.500
'[00:00:09.271 01/01/2011]',-0.800,-106.902,-66.501,-6.400,-11.200,0.500
'[00:00:09.272 01/01/2011]',-0.300,-106.402,-66.601,-6.000,-11.700,0.500
'[00:00:09.273 01/01/2011]',-1.900,-105.302,-66.401,-5.700,-12.100,0.500
'[00:00:09.274 01/01/2011]',-5.200,-104.002,-66.201,-5.400,-12.100,0.500
'[00:00:09.275 01/01/2011]',-8.900,-103.002,-66.101,-5.200,-12.000,0.500
'[00:00:09.276 01/01/2011]',-11.100,-102.402,-66.201,-5.200,-12.100,0.500
'[00:00:09.277 01/01/2011]',-11.200,-102.202,-66.401,-5.600,-12.700,0.500
'[00:00:09.278 01/01/2011]',-9.500,-102.302,-66.401,-6.400,-13.700,0.500
'[00:00:09.279 01/01/2011]',-7.900,-102.402,-66.101,-7.300,-14.900,0.500
'[00:00:09.280 01/01/2011]',-8.200,-102.402,-65.401,-8.100,-16.000,0.500
'[00:00:09.281 01/01/2011]',-10.900,-102.302,-64.701,-8.500,-16.500,0.500
'[00:00:09.282 01/01/2011]',-15.200,-102.302,-64.401,-8.500,-16.300,0.500
'[00:00:09.283 01/01/2011]',-19.300,-102.402,-64.701,-8.100,-15.700,0.500
'[00:00:09.284 01/01/2011]',-21.500,-102.802,-65.601,-7.600,-14.800,0.500
'[00:00:09.285 01/01/2011]',-21.500,-103.302,-66.601,-7.000,-13.900,0.500
'[00:00:09.286 01/01/2011]',-20.100,-103.802,-67.301,-6.600,-12.900,0.500
'[00:00:09.287 01/01/2011]',-18.600,-104.102,-67.401,-6.100,-11.900,0.500
'[00:00:09.288 01/01/2011]',-18.000,-103.902,-67.001,-5.300,-10.700,0.500
'[00:00:09.289 01/01/2011]',-18.200,-103.202,-66.501,-4.200,-9.400,0.500
'[00:00:09.290 01/01/2011]',-18.600,-102.302,-66.101,-2.700,-8.200,0.500
'[00:00:09.291 01/01/2011]',-18.500,-101.302,-65.701,-1.000,-7.400,0.500
'[00:00:09.292 01/01/2011]',-17.700,-100.302,-65.401,0.500,-7.100,0.500
'[00:00:09.293 01/01/2011]',-16.800,-99.802,-64.901,1.600,-7.400,0.500
'[00:00:09.294 01/01/2011]',-16.800,-99.702,-64.501,1.700,-8.200,0.500
'[00:00:09.295 01/01/2011]',-18.100,-100.102,-64.401,1.000,-9.200,0.500
'[00:00:09.296 01/01/2011]',-20.300,-100.902,-65.001,-0.300,-10.300,0.500
'[00:00:09.297 01/01/2011]',-22.500,-101.702,-66.301,-1.800,-11.300,0.500
'[00:00:09.298 01/01/2011]',-24.000,-102.202,-68.101,-3.000,-12.300,0.500
'[00:00:09.299 01/01/2011]',-24.500,-102.302,-69.701,-3.500,-13.000,0.500
'[00:00:09.300 01/01/2011]',-24.700,-101.702,-70.601,-3.300,-13.500,0.500
'[00:00:09.301 01/01/2011]',-25.500,-100.802,-70.801,-2.700,-13.700,0.500
'[00:00:09.302 01/01/2011]',-27.300,-99.902,-70.301,-2.300,-13.500,0.500
'[00:00:09.303 01/01/2011]',-29.700,-99.302,-69.501,-2.400,-13.200,0.500
'[00:00:09.304 01/01/2011]',-31.400,-99.302,-68.801,-2.900,-13.100,0.500
'[00:00:09.305 01/01/2011]',-31.300,-99.802,-68.301,-3.700,-13.400,0.500
'[00:00:09.306 01/01/2011]',-29.200,-100.602,-68.101,-4.300,-14.200,0.500
'[00:00:09.307 01/01/2011]',-25.900,-101.202,-67.801,-4.500,-15.400,0.500
'[00:00:09.308 01/01/2011]',-23.200,-100.902,-67.101,-4.200,-16.500,0.500
'[00:00:09.309 01/01/2011]',-22.000,-99.802,-66.201,-3.500,-17.100,0.500
'[00:00:09.310 01/01/2011]',-22.600,-97.801,-65.001,-2.700,-17.000,0.500
'[00:00:09.311 01/01/2011]',-24.000,-95.401,-63.801,-2.100,-16.400,0.500
'[00:00:09.312 01/01/2011]',-24.800,-93.301,-62.701,-1.800,-15.600,0.500
'[00:00:09.313 01/01/2011]',-24.300,-91.901,-61.701,-1.800,-15.100,0.500
'[00:00:09.314 01/01/2011]',-22.900,-91.101,-60.801,-1.900,-15.100,0.500
'[00:00:09.315 01/01/2011]',-21.800,-90.901,-59.901,-1.800,-15.400,0.500
'[00:00:09.316 01/01/2011]',-22.300,-90.801,-59.001,-1.600,-15.900,0.500
'[00:00:09.317 01/01/2011]',-24.600,-90.401,-58.101,-1.200,-16.000,0.500
'[00:00:09.318 01/01/2011]',-28.000,-89.601,-57.301,-0.800,-15.800,0.500
'[00:00:09.319 01/01/2011]',-31.000,-88.501,-56.601,-0.500,-15.300,0.500
'[00:00:09.320 01/01/2011]',-32.600,-87.401,-56.101,-0.400,-14.700,0.500
'[00:00:09.321 01/01/2011]',-32.600,-86.501,-55.401,-0.300,-14.100,0.500
'[00:00:09.322 01/01/2011]',-32.000,-85.701,-54.701,-0.300,-13.800,0.500
'[00:00:09.323 01/01/2011]',-31.600,-85.101,-53.801,-0.200,-13.500,0.500
'[00:00:09.324 01/01/2011]',-32.000,-84.601,-52.901,-0.100,-13.500,0.500
'[00:00:09.325 01/01/2011]',-32.901,-84.201,-52.201,-0.100,-13.700,0.500
'[00:00:09.326 01/01/2011]',-33.301,-84.001,-52.001,-0.300,-14.200,0.500
'[00:00:09.327 01/01/2011]',-32.801,-84.001,-52.301,-0.500,-14.900,0.500
'[00:00:09.328 01/01/2011]',-31.400,-84.101,-52.901,-0.700,-15.600,0.500
'[00:00:09.329 01/01/2011]',-30.000,-84.001,-53.501,-0.600,-16.000,0.500
'[00:00:09.330 01/01/2011]',-29.300,-83.301,-53.801,-0.300,-15.900,0.500
'[00:00:09.331 01/01/2011]',-29.500,-82.201,-53.801,0.100,-15.400,0.500
'[00:00:09.332 01/01/2011]',-30.100,-81.101,-53.601,0.400,-14.700,0.500
'[00:00:09.333 01/01/2011]',-30.300,-80.501,-53.501,0.400,-14.400,0.500
'[00:00:09.334 01/01/2011]',-29.700,-80.801,-54.001,0.200,-14.600,0.500
'[00:00:09.335 01/01/2011]',-29.000,-82.001,-54.901,-0.200,-15.200,0.500
'[00:00:09.336 01/01/2011]',-29.000,-83.301,-55.801,-0.200,-15.700,0.500
'[00:00:09.337 01/01/2011]',-30.500,-84.101,-56.001,0.300,-15.800,0.500
'[00:00:09.338 01/01/2011]',-33.401,-83.701,-55.201,1.300,-15.100,0.500
'[00:00:09.339 01/01/2011]',-36.501,-82.101,-53.201,2.700,-14.000,0.500
'[00:00:09.340 01/01/2011]',-38.501,-79.601,-50.901,4.100,-12.900,0.500
'[00:00:09.341 01/01/2011]',-38.501,-77.201,-49.001,5.100,-12.100,0.500
'[00:00:09.342 01/01/2011]',-37.001,-75.301,-48.301,5.600,-11.800,0.500
'[00:00:09.343 01/01/2011]',-35.001,-74.401,-48.901,5.700,-11.800,0.500
'[00:00:09.344 01/01/2011]',-34.001,-74.101,-50.301,5.300,-11.900,0.500
'[00:00:09.345 01/01/2011]',-34.401,-74.001,-51.501,4.700,-11.800,0.500
'[00:00:09.346 01/01/2011]',-36.201,-73.301,-52.001,3.800,-11.700,0.500
'[00:00:09.347 01/01/2011]',-38.301,-72.101,-51.601,2.700,-11.800,0.500
'[00:00:09.348 01/01/2011]',-39.801,-70.401,-50.501,1.700,-12.200,0.500
'[00:00:09.349 01/01/2011]',-40.101,-68.701,-49.401,0.800,-12.900,0.500
'[00:00:09.350 01/01/2011]',-39.101,-67.601,-48.701,0.200,-13.500,0.500
'[00:00:09.351 01/01/2011]',-37.401,-67.501,-48.701,0.100,-14.000,0.500
'[00:00:09.352 01/01/2011]',-35.801,-68.401,-49.201,0.500,-14.100,0.500
'[00:00:09.353 01/01/2011]',-34.801,-70.101,-50.001,1.100,-14.100,0.500
'[00:00:09.354 01/01/2011]',-34.801,-72.201,-50.901,1.600,-14.300,0.500
'[00:00:09.355 01/01/2011]',-35.801,-74.201,-51.801,1.500,-14.900,0.500
'[00:00:09.356 01/01/2011]',-37.601,-75.801,-52.301,0.700,-15.800,0.500
'[00:00:09.357 01/01/2011]',-39.501,-76.901,-52.501,-0.400,-16.700,0.500
'[00:00:09.358 01/01/2011]',-41.001,-77.401,-52.101,-1.600,-17.100,0.500
'[00:00:09.359 01/01/2011]',-41.701,-77.401,-51.301,-2.400,-16.800,0.500
'[00:00:09.360 01/01/2011]',-41.701,-77.001,-50.201,-2.300,-15.900,0.500
'[00:00:09.361 01/01/2011]',-41.101,-76.301,-49.401,-1.600,-14.700,0.500
'[00:00:09.362 01/01/2011]',-39.901,-75.501,-49.001,-0.700,-13.700,0.500
'[00:00:09.363 01/01/2011]',-38.501,-74.901,-49.201,-0.200,-13.400,0.500
'[00:00:09.364 01/01/2011]',-36.901,-74.601,-49.801,-0.200,-13.600,0.500
'[00:00:09.365 01/01/2011]',-35.601,-74.501,-50.401,-0.600,-14.000,0.500
'[00:00:09.366 01/01/2011]',-34.901,-74.501,-50.801,-0.900,-14.200,0.500
'[00:00:09.367 01/01/2011]',-35.201,-74.301,-50.601,-0.500,-13.800,0.500
'[00:00:09.368 01/01/2011]',-36.001,-73.601,-50.001,0.900,-12.800,0.500
'[00:00:09.369 01/01/2011]',-36.701,-72.401,-49.001,3.000,-11.500,0.500
'[00:00:09.370 01/01/2011]',-36.301,-70.801,-48.001,5.100,-10.200,0.500
'[00:00:09.371 01/01/2011]',-34.401,-69.201,-47.201,6.300,-9.400,0.500
'[00:00:09.372 01/01/2011]',-31.800,-68.001,-46.901,6.300,-9.100,0.500
'[00:00:09.373 01/01/2011]',-29.700,-67.601,-47.201,5.000,-9.500,0.500
'[00:00:09.374 01/01/2011]',-29.400,-67.901,-48.001,3.100,-10.200,0.500
'[00:00:09.375 01/01/2011]',-31.600,-68.701,-49.201,1.300,-11.100,0.500
'[00:00:09.376 01/01/2011]',-35.401,-69.401,-50.501,0.000,-11.900,0.500
'[00:00:09.377 01/01/2011]',-39.401,-69.901,-51.701,-0.500,-12.700,0.500
'[00:00:09.378 01/01/2011]',-42.101,-70.201,-52.601,-0.700,-13.300,0.500
'[00:00:09.379 01/01/2011]',-42.701,-70.401,-53.301,-0.700,-13.700,0.500
'[00:00:09.380 01/01/2011]',-41.501,-70.901,-54.101,-0.900,-14.100,0.500
'[00:00:09.381 01/01/2011]',-39.501,-71.701,-54.901,-1.000,-14.400,0.500
'[00:00:09.382 01/01/2011]',-37.901,-72.601,-56.001,-1.000,-14.800,0.500
'[00:00:09.383 01/01/2011]',-37.201,-73.501,-57.101,-0.800,-15.400,0.500
'[00:00:09.384 01/01/2011]',-37.201,-74.101,-58.201,-0.500,-16.000,0.500
'[00:00:09.385 01/01/2011]',-37.301,-74.401,-59.101,-0.400,-16.700,0.500
'[00:00:09.386 01/01/2011]',-36.701,-74.501,-59.601,-0.600,-17.100,0.500
'[00:00:09.387 01/01/2011]',-35.401,-74.401,-59.901,-1.100,-17.200,0.500
'[00:00:09.388 01/01/2011]',-33.601,-74.101,-60.001,-1.500,-16.700,0.500
'[00:00:09.389 01/01/2011]',-32.200,-73.501,-60.001,-1.500,-15.800,0.500
'[00:00:09.390 01/01/2011]',-31.800,-72.601,-59.901,-1.000,-14.700,0.500
'[00:00:09.391 01/01/2011]',-32.500,-71.501,-59.901,-0.100,-13.800,0.500
'[00:00:09.392 01/01/2011]',-33.401,-70.501,-59.801,0.900,-13.400,0.500
'[00:00:09.393 01/01/2011]',-33.801,-70.001,-59.501,1.500,-13.400,0.500
'[00:00:09.394 01/01/2011]',-32.901,-70.001,-59.001,1.500,-13.700,0.500
'[00:00:09.395 01/01/2011]',-31.100,-70.701,-58.501,1.000,-14.200,0.500
'[00:00:09.396 01/01/2011]',-29.200,-71.701,-58.201,0.100,-14.800,0.500
'[00:00:09.397 01/01/2011]',-28.100,-72.801,-58.501,-1.100,-15.400,0.500
'[00:00:09.398 01/01/2011]',-28.100,-73.701,-59.601,-2.300,-16.100,0.500
'[00:00:09.399 01/01/2011]',-28.700,-74.301,-61.401,-3.300,-16.900,0.500
'[00:00:09.400 01/01/2011]',-28.600,-74.501,-63.401,-3.800,-17.500,0.500
'[00:00:09.401 01/01/2011]',-27.200,-74.201,-64.901,-3.800,-17.600,0.500
'[00:00:09.402 01/01/2011]',-24.400,-73.601,-65.601,-3.200,-17.200,0.500
'[00:00:09.403 01/01/2011]',-21.400,-72.901,-65.301,-2.200,-16.100,0.500
'[00:00:09.404 01/01/2011]',-19.400,-72.201,-64.301,-1.100,-14.900,0.500
'[00:00:09.405 01/01/2011]',-19.200,-71.701,-63.201,-0.300,-13.700,0.500
'[00:00:09.406 01/01/2011]',-20.500,-71.501,-62.201,-0.100,-12.800,0.500
'[00:00:09.407 01/01/2011]',-22.100,-71.301,-61.301,-0.300,-12.200,0.500
'[00:00:09.408 01/01/2011]',-22.600,-71.101,-60.201,-0.900,-11.800,0.500
'[00:00:09.409 01/01/2011]',-21.200,-70.601,-58.601,-1.300,-11.300,0.500
'[00:00:09.410 01/01/2011]',-18.000,-69.801,-56.601,-1.400,-10.600,0.500
'[00:00:09.411 01/01/2011]',-14.300,-69.001,-54.601,-1.200,-9.800,0.500
'[00:00:09.412 01/01/2011]',-11.500,-68.101,-53.101,-0.600,-9.200,0.500
'[00:00:09.413 01/01/2011]',-10.700,-67.501,-52.501,0.000,-8.800,0.500
'[00:00:09.414 01/01/2011]',-12.400,-67.001,-52.501,0.500,-8.700,0.500
'[00:00:09.415 01/01/2011]',-15.600,-66.601,-52.701,0.900,-8.900,0.500
'[00:00:09.416 01/01/2011]',-18.800,-66.501,-52.801,1.100,-9.100,0.500
'[00:00:09.417 01/01/2011]',-20.800,-66.601,-52.901,1.000,-9.400,0.500
'[00:00:09.418 01/01/2011]',-20.800,-67.201,-53.401,0.400,-9.900,0.500
'[00:00:09.419 01/01/2011]',-19.300,-68.301,-54.701,-0.400,-10.500,0.500
'[00:00:09.420 01/01/2011]',-17.400,-70.001,-56.601,-1.500,-11.100,0.500
'[00:00:09.421 01/01/2011]',-16.400,-71.701,-58.601,-2.200,-11.700,0.500
'[00:00:09.422 01/01/2011]',-16.500,-73.101,-59.901,-2.300,-12.100,0.500
'[00:00:09.423 01/01/2011]',-17.500,-73.701,-59.901,-1.600,-12.300,0.500
'[00:00:09.424 01/01/2011]',-18.600,-73.301,-58.801,-0.200,-12.200,0.500
'[00:00:09.425 01/01/2011]',-19.300,-72.101,-57.101,1.300,-12.000,0.500
'[00:00:09.426 01/01/2011]',-19.900,-70.301,-55.601,2.300,-11.800,0.500
'[00:00:09.427 01/01/2011]',-21.000,-68.401,-54.901,2.600,-11.700,0.500
'[00:00:09.428 01/01/2011]',-23.100,-66.701,-54.801,2.200,-11.500,0.500
'[00:00:09.429 01/01/2011]',-26.000,-65.501,-54.901,1.500,-11.200,0.500
'[00:00:09.430 01/01/2011]',-28.800,-64.901,-54.701,1.000,-10.800,0.500
'[00:00:09.431 01/01/2011]',-30.200,-64.801,-54.201,0.900,-10.400,0.500
'[00:00:09.432 01/01/2011]',-29.800,-65.101,-53.601,1.300,-10.000,0.500
'[00:00:09.433 01/01/2011]',-27.800,-65.501,-53.001,1.800,-9.500,0.500
'[00:00:09.434 01/01/2011]',-25.200,-65.901,-52.501,2.100,-8.800,0.500
'[00:00:09.435 01/01/2011]',-23.300,-66.101,-52.001,1.800,-8.200,0.500
'[00:00:09.436 01/01/2011]',-23.200,-66.101,-51.401,0.900,-7.800,0.500
'[00:00:09.437 01/01/2011]',-25.300,-66.001,-50.601,-0.300,-8.000,0.500
'[00:00:09.438 01/01/2011]',-29.400,-65.901,-49.801,-1.500,-8.900,0.500
'[00:00:09.439 01/01/2011]',-34.501,-66.001,-49.501,-2.300,-10.400,0.500
'[00:00:09.440 01/01/2011]',-39.301,-66.501,-49.801,-2.700,-11.800,0.500
'[00:00:09.441 01/01/2011]',-42.701,-67.301,-50.501,-2.700,-12.700,0.500
'[00:00:09.442 01/01/2011]',-44.101,-68.201,-51.001,-2.600,-12.700,0.500
'[00:00:09.443 01/01/2011]',-43.801,-68.801,-51.201,-2.700,-12.100,0.500
'[00:00:09.444 01/01/2011]',-42.701,-68.701,-50.801,-3.100,-11.200,0.500
'[00:00:09.445 01/01/2011]',-42.001,-68.201,-50.201,-3.800,-10.800,0.500
'[00:00:09.446 01/01/2011]',-42.101,-67.401,-49.901,-4.400,-10.900,0.500
'[00:00:09.447 01/01/2011]',-42.601,-66.801,-50.201,-4.900,-11.700,0.500
'[00:00:09.448 01/01/2011]',-42.501,-67.001,-51.001,-5.400,-12.700,0.500
'[00:00:09.449 01/01/2011]',-40.901,-67.901,-51.901,-5.900,-13.400,0.500
'[00:00:09.450 01/01/2011]',-38.101,-69.501,-52.601,-6.400,-13.700,0.500
'[00:00:09.451 01/01/2011]',-35.601,-71.101,-52.901,-7.100,-13.600,0.500
'[00:00:09.452 01/01/2011]',-35.001,-72.301,-52.801,-7.700,-13.600,0.500
'[00:00:09.453 01/01/2011]',-37.601,-72.801,-52.801,-8.100,-14.000,0.500
'[00:00:09.454 01/01/2011]',-42.901,-72.901,-52.901,-8.000,-14.800,0.500
'[00:00:09.455 01/01/2011]',-48.901,-72.701,-53.101,-7.600,-15.900,0.500
'[00:00:09.456 01/01/2011]',-53.501,-72.501,-53.201,-7.100,-16.900,0.500
'[00:00:09.457 01/01/2011]',-55.401,-72.401,-53.201,-6.500,-17.600,0.500
'[00:00:09.458 01/01/2011]',-54.801,-72.201,-53.001,-5.800,-17.700,0.500
'[00:00:09.459 01/01/2011]',-53.201,-71.601,-52.701,-5.000,-17.300,0.500
'[00:00:09.460 01/01/2011]',-52.301,-70.601,-52.201,-4.100,-16.400,0.500
'[00:00:09.461 01/01/2011]',-52.801,-69.401,-51.801,-3.100,-15.200,0.500
'[00:00:09.462 01/01/2011]',-54.401,-68.601,-51.201,-2.200,-13.800,0.500
'[00:00:09.463 01/01/2011]',-55.901,-68.401,-50.401,-1.600,-12.600,0.500
'[00:00:09.464 01/01/2011]',-56.501,-68.801,-49.701,-1.600,-11.600,0.500
'[00:00:09.465 01/01/2011]',-55.901,-69.701,-49.201,-2.000,-11.100,0.500
'[00:00:09.466 01/01/2011]',-54.701,-70.401,-49.501,-2.700,-10.900,0.500
'[00:00:09.467 01/01/2011]',-53.501,-70.801,-50.401,-3.400,-10.800,0.500
'[00:00:09.468 01/01/2011]',-52.501,-70.801,-51.901,-3.900,-10.700,0.500
'[00:00:09.469 01/01/2011]',-51.401,-70.801,-53.401,-4.100,-10.200,0.500
'[00:00:09.470 01/01/2011]',-49.801,-71.201,-54.101,-4.100,-9.400,0.500
'[00:00:09.471 01/01/2011]',-47.501,-72.501,-54.001,-4.200,-8.600,0.500
'[00:00:09.472 01/01/2011]',-45.101,-74.401,-53.101,-4.400,-8.100,0.500
'[00:00:09.473 01/01/2011]',-43.301,-76.701,-52.001,-4.900,-8.300,0.500
'[00:00:09.474 01/01/2011]',-42.401,-78.701,-51.501,-5.600,-9.000,0.500
'[00:00:09.475 01/01/2011]',-42.301,-80.101,-51.801,-6.200,-9.900,0.500
'[00:00:09.476 01/01/2011]',-42.901,-80.801,-52.801,-6.500,-10.600,0.500
'[00:00:09.477 01/01/2011]',-43.901,-80.701,-54.101,-6.400,-10.900,0.500
'[00:00:09.478 01/01/2011]',-45.601,-80.101,-55.301,-6.100,-10.900,0.500
'[00:00:09.479 01/01/2011]',-48.201,-79.201,-56.001,-5.900,-11.100,0.500
'[00:00:09.480 01/01/2011]',-51.501,-78.301,-56.501,-6.000,-11.700,0.500
'[00:00:09.481 01/01/2011]',-54.601,-77.601,-56.901,-6.600,-12.800,0.500
'[00:00:09.482 01/01/2011]',-56.201,-77.401,-57.601,-7.600,-14.300,0.500
'[00:00:09.483 01/01/2011]',-55.401,-77.901,-58.501,-8.700,-15.800,0.500
'[00:00:09.484 01/01/2011]',-52.601,-78.601,-59.601,-9.800,-16.900,0.500
'[00:00:09.485 01/01/2011]',-49.101,-79.301,-60.401,-10.600,-17.500,0.500
'[00:00:09.486 01/01/2011]',-46.901,-79.301,-60.701,-11.100,-17.800,0.500
'[00:00:09.487 01/01/2011]',-47.001,-78.401,-60.401,-11.400,-17.800,0.500
'[00:00:09.488 01/01/2011]',-49.201,-76.701,-59.501,-11.300,-17.500,0.500
'[00:00:09.489 01/01/2011]',-52.201,-74.601,-58.301,-10.700,-16.800,0.500
'[00:00:09.490 01/01/2011]',-54.401,-72.801,-57.001,-9.500,-15.600,0.500
'[00:00:09.491 01/01/2011]',-54.701,-71.701,-55.901,-8.000,-14.100,0.500
'[00:00:09.492 01/01/2011]',-53.301,-71.301,-55.201,-6.500,-12.800,0.500
'[00:00:09.493 01/01/2011]',-51.301,-71.201,-55.101,-5.300,-12.000,0.500
'[00:00:09.494 01/01/2011]',-49.601,-71.001,-55.301,-4.600,-11.900,0.500
'[00:00:09.495 01/01/2011]',-49.101,-70.501,-55.701,-4.200,-12.400,0.500
'[00:00:09.496 01/01/2011]',-49.801,-69.601,-55.801,-3.700,-12.700,0.500
'[00:00:09.497 01/01/2011]',-51.401,-68.701,-55.401,-2.800,-12.400,0.500
'[00:00:09.498 01/01/2011]',-53.201,-68.101,-54.401,-1.700,-11.300,0.500
'[00:00:09.499 01/01/2011]',-55.001,-67.901,-53.001,-0.700,-9.900,0.500
'[00:00:09.500 01/01/2011]',-56.401,-67.901,-51.601,-0.300,-8.700,0.500
'[00:00:09.501 01/01/2011]',-57.201,-67.901,-50.801,-0.900,-8.400,0.500
'[00:00:09.502 01/01/2011]',-57.101,-68.001,-50.901,-2.400,-9.000,0.500
'[00:00:09.503 01/01/2011]',-56.001,-68.101,-51.701,-4.200,-10.100,0.500
'[00:00:09.504 01/01/2011]',-54.301,-68.501,-52.901,-5.800,-11.100,0.500
'[00:00:09.505 01/01/2011]',-52.601,-69.401,-54.201,-6.700,-11.500,0.500
'[00:00:09.506 01/01/2011]',-51.901,-70.601,-55.101,-6.900,-11.200,0.500
'[00:00:09.507 01/01/2011]',-52.501,-71.801,-55.401,-6.600,-10.600,0.500
'[00:00:09.508 01/01/2011]',-54.101,-72.601,-55.101,-6.200,-10.300,0.500
'[00:00:09.509 01/01/2011]',-55.701,-72.501,-54.501,-5.800,-10.300,0.500
'[00:00:09.510 01/01/2011]',-56.001,-71.701,-54.101,-5.600,-10.800,0.500
'[00:00:09.511 01/01/2011]',-54.101,-70.501,-54.201,-5.500,-11.300,0.500
'[00:00:09.512 01/01/2011]',-50.501,-69.501,-55.001,-5.300,-11.700,0.500
'[00:00:09.513 01/01/2011]',-46.801,-69.301,-56.401,-5.000,-11.900,0.500
'[00:00:09.514 01/01/2011]',-44.501,-70.001,-58.101,-4.800,-12.200,0.500
'[00:00:09.515 01/01/2011]',-44.701,-71.301,-59.601,-4.500,-12.600,0.500
'[00:00:09.516 01/01/2011]',-47.101,-72.601,-60.701,-4.200,-13.100,0.500
'[00:00:09.517 01/01/2011]',-50.201,-73.001,-61.401,-4.000,-13.600,0.500
'[00:00:09.518 01/01/2011]',-52.601,-72.301,-61.801,-3.800,-13.600,0.500
'[00:00:09.519 01/01/2011]',-53.501,-70.901,-62.201,-3.700,-12.900,0.500
'[00:00:09.520 01/01/2011]',-53.101,-69.201,-62.601,-3.800,-11.600,0.500
'[00:00:09.521 01/01/2011]',-52.301,-67.901,-63.001,-3.900,-10.000,0.500
'[00:00:09.522 01/01/2011]',-52.001,-67.301,-63.101,-3.900,-8.600,0.500
'[00:00:09.523 01/01/2011]',-52.301,-66.901,-62.701,-3.700,-7.600,0.500
'[00:00:09.524 01/01/2011]',-53.201,-66.401,-61.701,-3.300,-7.200,0.500
'[00:00:09.525 01/01/2011]',-53.901,-65.301,-60.401,-2.800,-7.100,0.500
'[00:00:09.526 01/01/2011]',-54.301,-63.801,-59.101,-2.300,-7.100,0.500
'[00:00:09.527 01/01/2011]',-54.201,-62.401,-58.101,-2.100,-6.800,0.500
'[00:00:09.528 01/01/2011]',-53.801,-61.701,-57.601,-1.900,-6.200,0.500
'[00:00:09.529 01/01/2011]',-53.101,-62.101,-57.501,-1.800,-5.500,0.500
'[00:00:09.530 01/01/2011]',-52.201,-63.301,-57.601,-1.700,-5.200,0.500
'[00:00:09.531 01/01/2011]',-50.801,-64.601,-57.901,-1.700,-5.400,0.500
'[00:00:09.532 01/01/2011]',-49.301,-65.401,-58.201,-2.200,-6.200,0.500
'[00:00:09.533 01/01/2011]',-47.801,-65.201,-58.501,-3.200,-7.200,0.500
'[00:00:09.534 01/01/2011]',-47.001,-64.201,-58.901,-4.900,-8.100,0.500
'[00:00:09.535 01/01/2011]',-47.201,-63.101,-59.101,-6.900,-8.800,0.500
'[00:00:09.536 01/01/2011]',-48.201,-62.701,-59.001,-8.800,-9.400,0.500
'[00:00:09.537 01/01/2011]',-49.801,-63.601,-58.701,-10.200,-10.100,0.500
'[00:00:09.538 01/01/2011]',-51.601,-65.601,-58.201,-11.000,-11.300,0.500
'[00:00:09.539 01/01/2011]',-53.201,-68.401,-57.701,-11.300,-12.900,0.500
'[00:00:09.540 01/01/2011]',-54.601,-71.201,-57.401,-11.300,-14.800,0.500
'[00:00:09.541 01/01/2011]',-55.601,-73.501,-57.301,-11.400,-16.400,0.500
'[00:00:09.542 01/01/2011]',-56.101,-74.801,-57.101,-11.400,-17.400,0.500
'[00:00:09.543 01/01/2011]',-56.001,-75.201,-56.501,-11.200,-17.600,0.500
'[00:00:09.544 01/01/2011]',-55.101,-74.901,-55.201,-10.600,-17.200,0.500
'[00:00:09.545 01/01/2011]',-53.101,-74.201,-53.001,-9.300,-16.200,0.500
'[00:00:09.546 01/01/2011]',-50.001,-73.301,-50.301,-7.700,-14.800,0.500
'[00:00:09.547 01/01/2011]',-45.501,-72.201,-47.101,-5.800,-13.100,0.500
'[00:00:09.548 01/01/2011]',-39.801,-71.001,-44.101,-4.000,-11.100,0.500
'[00:00:09.549 01/01/2011]',-32.801,-69.701,-41.501,-2.700,-9.100,0.500
'[00:00:09.550 01/01/2011]',-24.700,-68.501,-39.501,-1.900,-7.300,0.500
'[00:00:09.551 01/01/2011]',-15.400,-67.501,-38.201,-1.400,-5.700,0.500
'[00:00:09.552 01/01/2011]',-4.700,-66.601,-37.001,-0.800,-3.800,0.500
'[00:00:09.553 01/01/2011]',7.800,-65.601,-35.401,0.500,-0.900,0.500
'[00:00:09.554 01/01/2011]',22.400,-64.001,-32.700,3.000,3.400,0.500
'[00:00:09.555 01/01/2011]',39.601,-61.401,-28.800,7.000,9.300,0.500
'[00:00:09.556 01/01/2011]',58.701,-58.001,-24.100,11.800,15.800,0.500
'[00:00:09.557 01/01/2011]',78.701,-54.001,-19.800,16.600,21.500,0.500
'[00:00:09.558 01/01/2011]',97.501,-50.401,-17.300,20.200,24.900,0.500
'[00:00:09.559 01/01/2011]',112.702,-48.101,-17.500,21.600,25.200,0.500
'[00:00:09.560 01/01/2011]',122.002,-47.901,-20.400,20.700,22.800,0.500
'[00:00:09.561 01/01/2011]',124.102,-49.501,-25.200,17.900,18.500,0.500
'[00:00:09.562 01/01/2011]',118.502,-52.601,-30.300,14.200,13.600,0.500
'[00:00:09.563 01/01/2011]',106.002,-56.101,-34.701,10.600,8.900,0.500
'[00:00:09.564 01/01/2011]',88.101,-59.301,-37.901,7.400,4.600,0.500
'[00:00:09.565 01/01/2011]',66.701,-61.901,-40.401,4.400,0.000,0.500
'[00:00:09.566 01/01/2011]',43.101,-64.101,-43.201,1.100,-5.200,0.500
'[00:00:09.567 01/01/2011]',18.100,-66.501,-46.701,-2.800,-11.300,0.500
'[00:00:09.568 01/01/2011]',-8.100,-69.401,-50.901,-7.200,-17.900,0.500
'[00:00:09.569 01/01/2011]',-35.601,-72.701,-55.001,-11.600,-24.000,0.500
'[00:00:09.570 01/01/2011]',-63.901,-75.901,-58.201,-14.900,-28.500,0.500
'[00:00:09.571 01/01/2011]',-91.701,-78.101,-59.801,-16.500,-31.100,0.500
'[00:00:09.572 01/01/2011]',-117.002,-79.001,-59.701,-16.300,-31.600,0.500
'[00:00:09.573 01/01/2011]',-137.402,-78.601,-58.601,-14.900,-30.700,0.500
'[00:00:09.574 01/01/2011]',-150.802,-77.701,-57.101,-13.000,-28.900,0.500
'[00:00:09.575 01/01/2011]',-156.802,-77.001,-55.801,-11.400,-27.000,0.500
'[00:00:09.576 01/01/2011]',-155.902,-76.901,-54.701,-10.200,-25.100,0.500
'[00:00:09.577 01/01/2011]',-150.102,-77.101,-53.701,-9.300,-23.300,0.500
'[00:00:09.578 01/01/2011]',-141.602,-76.901,-52.101,-8.400,-21.500,0.500
'[00:00:09.579 01/01/2011]',-132.002,-75.701,-50.101,-7.200,-19.400,0.500
'[00:00:09.580 01/01/2011]',-122.002,-73.401,-47.601,-5.900,-17.200,0.500
'[00:00:09.581 01/01/2011]',-111.502,-70.601,-45.301,-4.900,-15.000,0.500
'[00:00:09.582 01/01/2011]',-100.202,-68.201,-43.601,-4.400,-13.000,0.500
'[00:00:09.583 01/01/2011]',-88.301,-66.901,-42.601,-4.400,-11.300,0.500
'[00:00:09.584 01/01/2011]',-76.501,-66.701,-42.001,-4.500,-9.800,0.500
'[00:00:09.585 01/01/2011]',-66.001,-67.001,-41.501,-4.100,-8.500,0.500
'[00:00:09.586 01/01/2011]',-57.801,-67.101,-40.601,-3.000,-7.400,0.500
'[00:00:09.587 01/01/2011]',-52.301,-66.301,-39.401,-1.300,-6.400,0.500
'[00:00:09.588 01/01/2011]',-49.601,-64.701,-38.501,0.200,-5.600,0.500
'[00:00:09.589 01/01/2011]',-49.001,-62.801,-38.501,1.000,-5.300,0.500
'[00:00:09.590 01/01/2011]',-49.501,-61.301,-39.601,0.900,-5.300,0.500
'[00:00:09.591 01/01/2011]',-50.001,-60.701,-41.601,0.000,-5.600,0.500
'[00:00:09.592 01/01/2011]',-49.801,-61.001,-44.001,-1.000,-6.000,0.500
'[00:00:09.593 01/01/2011]',-48.601,-61.801,-45.901,-1.600,-6.500,0.500
'[00:00:09.594 01/01/2011]',-46.801,-62.601,-47.001,-1.700,-7.100,0.500
'[00:00:09.595 01/01/2011]',-45.001,-63.101,-47.401,-1.500,-7.800,0.500
'[00:00:09.596 01/01/2011]',-44.101,-63.001,-47.401,-1.600,-8.600,0.500
'[00:00:09.597 01/01/2011]',-44.201,-62.601,-47.701,-2.000,-9.300,0.500
'[00:00:09.598 01/01/2011]',-45.001,-62.001,-48.201,-2.600,-9.600,0.500
'[00:00:09.599 01/01/2011]',-45.601,-61.301,-48.901,-2.900,-9.300,0.500
'[00:00:09.600 01/01/2011]',-45.701,-60.501,-49.301,-2.600,-8.500,0.500
'[00:00:09.601 01/01/2011]',-45.301,-59.701,-49.401,-1.700,-7.500,0.500
'[00:00:09.602 01/01/2011]',-45.101,-58.901,-49.301,-0.900,-7.000,0.500
'[00:00:09.603 01/01/2011]',-45.901,-58.401,-49.401,-0.500,-7.000,0.500
'[00:00:09.604 01/01/2011]',-47.701,-58.201,-49.801,-0.800,-7.500,0.500
'[00:00:09.605 01/01/2011]',-50.001,-58.301,-50.501,-1.300,-7.900,0.500
'[00:00:09.606 01/01/2011]',-51.701,-58.601,-51.001,-1.400,-7.600,0.500
'[00:00:09.607 01/01/2011]',-51.901,-59.001,-50.901,-0.800,-6.500,0.500
'[00:00:09.608 01/01/2011]',-50.901,-59.101,-49.901,0.400,-5.000,0.500
'[00:00:09.609 01/01/2011]',-49.201,-59.001,-48.601,1.500,-3.800,0.500
'[00:00:09.610 01/01/2011]',-47.601,-58.901,-47.401,1.600,-3.600,0.500
'[00:00:09.611 01/01/2011]',-46.501,-59.201,-47.101,0.500,-4.600,0.500
'[00:00:09.612 01/01/2011]',-45.801,-59.901,-47.901,-1.400,-6.300,0.500
'[00:00:09.613 01/01/2011]',-44.901,-61.001,-49.401,-3.400,-8.200,0.500
'[00:00:09.614 01/01/2011]',-44.101,-61.901,-51.001,-4.400,-9.700,0.500
'[00:00:09.615 01/01/2011]',-43.601,-62.401,-52.201,-4.200,-10.500,0.500
'[00:00:09.616 01/01/2011]',-44.101,-62.301,-52.601,-3.100,-10.600,0.500
'[00:00:09.617 01/01/2011]',-46.001,-61.701,-52.801,-1.800,-10.400,0.500
'[00:00:09.618 01/01/2011]',-48.401,-61.301,-53.201,-1.100,-10.400,0.500
'[00:00:09.619 01/01/2011]',-50.401,-61.501,-54.101,-1.400,-10.700,0.500
'[00:00:09.620 01/01/2011]',-50.801,-62.701,-55.901,-2.600,-11.700,0.500
'[00:00:09.621 01/01/2011]',-49.601,-64.701,-58.001,-4.500,-13.500,0.500
'[00:00:09.622 01/01/2011]',-47.201,-67.001,-60.201,-6.600,-15.800,0.500
'[00:00:09.623 01/01/2011]',-44.901,-69.001,-62.001,-8.300,-18.300,0.500
'[00:00:09.624 01/01/2011]',-43.501,-70.301,-63.401,-9.400,-20.200,0.500
'[00:00:09.625 01/01/2011]',-43.401,-70.601,-64.401,-9.500,-21.300,0.500
'[00:00:09.626 01/01/2011]',-44.301,-70.001,-65.201,-8.800,-21.100,0.500
'[00:00:09.627 01/01/2011]',-45.401,-68.901,-65.801,-7.600,-19.900,0.500
'[00:00:09.628 01/01/2011]',-46.301,-67.801,-66.401,-6.400,-18.100,0.500
'[00:00:09.629 01/01/2011]',-46.701,-67.201,-66.901,-5.800,-16.200,0.500
'[00:00:09.630 01/01/2011]',-46.701,-67.301,-67.101,-5.900,-14.600,0.500
'[00:00:09.631 01/01/2011]',-46.501,-67.801,-66.901,-6.500,-13.300,0.500
'[00:00:09.632 01/01/2011]',-46.501,-68.601,-66.401,-7.200,-12.300,0.500
'[00:00:09.633 01/01/2011]',-46.901,-69.101,-65.401,-7.400,-11.400,0.500
'[00:00:09.634 01/01/2011]',-47.501,-69.301,-64.201,-6.900,-10.700,0.500
'[00:00:09.635 01/01/2011]',-48.001,-69.101,-63.001,-5.900,-9.800,0.500
'[00:00:09.636 01/01/2011]',-48.201,-68.901,-61.801,-4.700,-8.900,0.500
'[00:00:09.637 01/01/2011]',-47.601,-69.101,-61.001,-3.600,-7.900,0.500
'[00:00:09.638 01/01/2011]',-46.401,-69.601,-60.501,-2.800,-7.000,0.500
'[00:00:09.639 01/01/2011]',-45.001,-70.301,-60.401,-2.300,-6.600,0.500
'[00:00:09.640 01/01/2011]',-44.301,-71.001,-60.701,-2.200,-6.700,0.500
'[00:00:09.641 01/01/2011]',-44.801,-71.701,-61.401,-2.300,-7.400,0.500
'[00:00:09.642 01/01/2011]',-46.701,-72.501,-62.401,-2.700,-8.600,0.500
'[00:00:09.643 01/01/2011]',-49.501,-73.401,-63.501,-3.600,-10.000,0.500
'[00:00:09.644 01/01/2011]',-51.901,-74.401,-64.801,-4.900,-11.300,0.500
'[00:00:09.645 01/01/2011]',-53.001,-75.301,-66.001,-6.300,-12.300,0.500
'[00:00:09.646 01/01/2011]',-52.201,-75.601,-66.701,-7.500,-12.900,0.500
'[00:00:09.647 01/01/2011]',-49.801,-74.901,-66.701,-8.000,-13.000,0.500
'[00:00:09.648 01/01/2011]',-46.901,-73.401,-65.901,-7.700,-12.600,0.500
'[00:00:09.649 01/01/2011]',-44.201,-71.401,-64.601,-6.700,-11.800,0.500
'[00:00:09.650 01/01/2011]',-42.401,-69.601,-63.201,-5.300,-10.500,0.500
'[00:00:09.651 01/01/2011]',-41.301,-68.501,-62.001,-3.900,-9.200,0.500
'[00:00:09.652 01/01/2011]',-40.601,-68.301,-61.301,-2.500,-8.000,0.500
'[00:00:09.653 01/01/2011]',-40.301,-68.501,-60.901,-1.300,-7.000,0.500
'[00:00:09.654 01/01/2011]',-40.701,-68.701,-60.401,-0.200,-6.200,0.500
'[00:00:09.655 01/01/2011]',-42.501,-68.401,-59.401,0.800,-5.400,0.500
'[00:00:09.656 01/01/2011]',-45.601,-67.601,-57.801,1.500,-4.800,0.500
'[00:00:09.657 01/01/2011]',-49.201,-66.301,-55.801,1.400,-4.500,0.500
'[00:00:09.658 01/01/2011]',-51.901,-65.101,-53.801,0.500,-4.700,0.500
'[00:00:09.659 01/01/2011]',-52.901,-64.301,-52.501,-1.100,-5.500,0.500
'[00:00:09.660 01/01/2011]',-52.001,-64.201,-51.901,-2.800,-6.700,0.500
'[00:00:09.661 01/01/2011]',-50.401,-64.801,-52.101,-4.300,-7.900,0.500
'[00:00:09.662 01/01/2011]',-49.301,-66.001,-52.701,-5.200,-8.900,0.500
'[00:00:09.663 01/01/2011]',-49.501,-67.401,-53.701,-5.500,-9.500,0.500
'[00:00:09.664 01/01/2011]',-50.701,-68.801,-54.801,-5.600,-9.700,0.500
'[00:00:09.665 01/01/2011]',-51.601,-70.101,-56.001,-5.800,-9.800,0.500
'[00:00:09.666 01/01/2011]',-51.401,-71.101,-57.101,-6.000,-9.900,0.500
'[00:00:09.667 01/01/2011]',-49.701,-71.501,-57.701,-6.100,-9.800,0.500
'[00:00:09.668 01/01/2011]',-47.401,-71.301,-58.001,-5.800,-9.600,0.500
'[00:00:09.669 01/01/2011]',-45.501,-70.401,-57.801,-4.900,-9.200,0.500
'[00:00:09.670 01/01/2011]',-44.801,-68.901,-57.301,-3.600,-8.600,0.500
'[00:00:09.671 01/01/2011]',-45.201,-67.401,-56.901,-2.400,-8.100,0.500
'[00:00:09.672 01/01/2011]',-45.701,-66.201,-56.601,-1.700,-7.900,0.500
'[00:00:09.673 01/01/2011]',-45.701,-65.901,-56.601,-1.700,-8.100,0.500
'[00:00:09.674 01/01/2011]',-44.901,-66.601,-57.001,-2.500,-8.600,0.500
'[00:00:09.675 01/01/2011]',-43.401,-68.301,-57.901,-3.700,-9.200,0.500
'[00:00:09.676 01/01/2011]',-41.801,-70.501,-59.401,-5.100,-9.700,0.500
'[00:00:09.677 01/01/2011]',-40.701,-72.701,-61.201,-6.100,-10.000,0.500
'[00:00:09.678 01/01/2011]',-40.501,-74.401,-62.701,-6.600,-10.100,0.500
'[00:00:09.679 01/01/2011]',-41.301,-75.401,-63.501,-6.500,-10.300,0.500
'[00:00:09.680 01/01/2011]',-42.801,-75.501,-63.101,-6.000,-10.500,0.500
'[00:00:09.681 01/01/2011]',-44.501,-74.801,-61.701,-5.400,-10.700,0.500
'[00:00:09.682 01/01/2011]',-45.701,-73.601,-59.801,-5.000,-10.700,0.500
'[00:00:09.683 01/01/2011]',-45.901,-72.201,-58.201,-4.800,-10.400,0.500
'[00:00:09.684 01/01/2011]',-44.701,-70.801,-57.401,-4.700,-9.600,0.500
'[00:00:09.685 01/01/2011]',-42.801,-69.701,-57.301,-4.700,-8.600,0.500
'[00:00:09.686 01/01/2011]',-41.001,-69.201,-57.601,-4.600,-7.600,0.500
'[00:00:09.687 01/01/2011]',-40.301,-69.201,-57.601,-4.300,-7.000,0.500
'[00:00:09.688 01/01/2011]',-40.901,-69.601,-57.101,-4.000,-6.900,0.500
'[00:00:09.689 01/01/2011]',-42.401,-70.101,-56.101,-3.600,-7.200,0.500
'[00:00:09.690 01/01/2011]',-43.901,-70.501,-54.901,-3.400,-7.500,0.500
'[00:00:09.691 01/01/2011]',-44.501,-70.601,-54.001,-3.200,-7.700,0.500
'[00:00:09.692 01/01/2011]',-43.601,-70.101,-53.301,-3.300,-7.600,0.500
'[00:00:09.693 01/01/2011]',-41.301,-69.401,-53.001,-3.700,-7.400,0.500
'[00:00:09.694 01/01/2011]',-38.201,-68.501,-52.801,-4.500,-7.400,0.500
'[00:00:09.695 01/01/2011]',-35.201,-67.601,-52.601,-5.700,-7.800,0.500
'[00:00:09.696 01/01/2011]',-33.201,-67.101,-52.601,-6.900,-8.800,0.500
'[00:00:09.697 01/01/2011]',-33.001,-66.701,-53.001,-7.700,-9.800,0.500
'[00:00:09.698 01/01/2011]',-34.601,-66.601,-53.601,-7.800,-10.600,0.500
'[00:00:09.699 01/01/2011]',-37.201,-66.501,-54.501,-7.200,-10.900,0.500
'[00:00:09.700 01/01/2011]',-39.501,-66.201,-55.201,-6.000,-10.500,0.500
'[00:00:09.701 01/01/2011]',-40.201,-65.601,-55.401,-4.700,-9.800,0.500
'[00:00:09.702 01/01/2011]',-38.801,-64.901,-54.801,-3.800,-9.200,0.500
'[00:00:09.703 01/01/2011]',-36.001,-64.001,-53.501,-3.300,-8.700,0.500
'[00:00:09.704 01/01/2011]',-33.501,-63.001,-52.001,-3.200,-8.500,0.500
'[00:00:09.705 01/01/2011]',-32.801,-62.301,-50.801,-3.100,-8.400,0.500
'[00:00:09.706 01/01/2011]',-34.101,-61.901,-50.501,-3.100,-8.300,0.500
'[00:00:09.707 01/01/2011]',-36.501,-62.001,-51.101,-3.000,-8.200,0.500
'[00:00:09.708 01/01/2011]',-38.401,-62.901,-52.501,-3.100,-8.200,0.500
'[00:00:09.709 01/01/2011]',-38.701,-64.401,-54.001,-3.200,-8.400,0.500
'[00:00:09.710 01/01/2011]',-37.401,-66.101,-55.101,-3.200,-8.700,0.500
'[00:00:09.711 01/01/2011]',-35.601,-67.401,-55.201,-2.600,-8.800,0.500
'[00:00:09.712 01/01/2011]',-34.701,-67.601,-54.301,-1.300,-8.400,0.500
'[00:00:09.713 01/01/2011]',-35.001,-66.501,-52.501,0.600,-7.500,0.500
'[00:00:09.714 01/01/2011]',-36.201,-64.201,-50.001,2.600,-6.100,0.500
'[00:00:09.715 01/01/2011]',-37.301,-61.701,-47.401,4.000,-4.900,0.500
'[00:00:09.716 01/01/2011]',-37.501,-59.801,-45.101,4.300,-4.400,0.500
'[00:00:09.717 01/01/2011]',-36.801,-59.101,-43.301,3.500,-4.700,0.500
'[00:00:09.718 01/01/2011]',-35.801,-59.501,-42.201,2.300,-5.500,0.500
'[00:00:09.719 01/01/2011]',-35.201,-60.301,-41.701,1.500,-6.400,0.500
'[00:00:09.720 01/01/2011]',-35.601,-60.601,-41.401,1.700,-6.700,0.500
'[00:00:09.721 01/01/2011]',-36.901,-59.901,-41.201,2.900,-6.100,0.500
'[00:00:09.722 01/01/2011]',-38.401,-58.101,-40.601,4.800,-5.000,0.500
'[00:00:09.723 01/01/2011]',-39.701,-55.901,-39.801,6.600,-3.800,0.500
'[00:00:09.724 01/01/2011]',-40.101,-53.701,-38.801,7.900,-2.900,0.500
'[00:00:09.725 01/01/2011]',-39.601,-51.901,-37.601,8.800,-2.300,0.500
'[00:00:09.726 01/01/2011]',-38.301,-50.301,-36.401,9.800,-1.500,0.500
'[00:00:09.727 01/01/2011]',-36.901,-48.701,-35.001,11.500,-0.100,0.500
'[00:00:09.728 01/01/2011]',-35.901,-46.901,-33.401,13.900,2.100,0.500
'[00:00:09.729 01/01/2011]',-36.001,-45.201,-32.000,16.800,5.000,0.500
'[00:00:09.730 01/01/2011]',-37.301,-44.101,-31.000,19.400,7.900,0.500
'[00:00:09.731 01/01/2011]',-39.101,-44.101,-30.800,21.400,10.300,0.500
'[00:00:09.732 01/01/2011]',-40.701,-45.101,-31.000,22.600,11.800,0.500
'[00:00:09.733 01/01/2011]',-41.201,-47.001,-31.400,23.100,12.700,0.500
'[00:00:09.734 01/01/2011]',-40.501,-49.001,-31.300,23.500,13.600,0.500
'[00:00:09.735 01/01/2011]',-39.401,-51.001,-30.700,23.900,14.900,0.500
'[00:00:09.736 01/01/2011]',-38.801,-53.001,-29.900,24.200,16.700,0.500
'[00:00:09.737 01/01/2011]',-39.301,-55.401,-29.400,24.200,19.000,0.500
'[00:00:09.738 01/01/2011]',-40.901,-58.801,-29.800,23.600,21.200,0.500
'[00:00:09.739 01/01/2011]',-42.901,-63.301,-31.400,22.400,23.100,0.500
'[00:00:09.740 01/01/2011]',-44.301,-68.601,-33.701,20.700,24.700,0.500
'[00:00:09.741 01/01/2011]',-44.901,-74.401,-36.401,19.100,26.000,0.500
'[00:00:09.742 01/01/2011]',-44.601,-79.901,-38.601,17.700,27.400,0.500
'[00:00:09.743 01/01/2011]',-44.201,-84.901,-40.401,16.600,29.000,0.500
'[00:00:09.744 01/01/2011]',-44.101,-89.501,-41.801,15.900,30.900,0.500
'[00:00:09.745 01/01/2011]',-44.501,-94.001,-43.301,15.200,32.700,0.500
'[00:00:09.746 01/01/2011]',-45.401,-98.702,-45.301,14.200,34.101,0.500
'[00:00:09.747 01/01/2011]',-46.701,-103.802,-48.001,12.500,34.501,0.500
'[00:00:09.748 01/01/2011]',-48.301,-109.202,-51.101,10.000,34.001,0.500
'[00:00:09.749 01/01/2011]',-50.101,-114.702,-54.401,6.700,32.500,0.500
'[00:00:09.750 01/01/2011]',-51.801,-119.702,-57.301,2.900,30.400,0.500
'[00:00:09.751 01/01/2011]',-53.001,-123.902,-59.501,-0.800,28.200,0.500
'[00:00:09.752 01/01/2011]',-53.501,-127.102,-61.001,-4.000,26.000,0.500
'[00:00:09.753 01/01/2011]',-53.201,-129.202,-61.901,-6.200,23.800,0.500
'[00:00:09.754 01/01/2011]',-52.301,-130.402,-62.501,-7.500,21.700,0.500
'[00:00:09.755 01/01/2011]',-51.501,-130.802,-63.001,-7.900,19.500,0.500
'[00:00:09.756 01/01/2011]',-51.101,-130.802,-63.501,-7.900,17.300,0.500
'[00:00:09.757 01/01/2011]',-51.001,-130.602,-64.001,-7.700,15.500,0.500
'[00:00:09.758 01/01/2011]',-50.501,-130.102,-64.101,-7.800,14.200,0.500
'[00:00:09.759 01/01/2011]',-49.401,-129.302,-63.701,-8.100,13.400,0.500
'[00:00:09.760 01/01/2011]',-47.601,-127.702,-62.801,-8.600,12.600,0.500
'[00:00:09.761 01/01/2011]',-46.001,-125.102,-61.701,-9.400,11.000,0.500
'[00:00:09.762 01/01/2011]',-45.201,-121.402,-60.801,-10.300,8.000,0.500
'[00:00:09.763 01/01/2011]',-45.901,-116.702,-60.201,-11.500,3.500,0.500
'[00:00:09.764 01/01/2011]',-47.601,-111.402,-60.201,-12.900,-2.300,0.500
'[00:00:09.765 01/01/2011]',-49.201,-105.902,-60.801,-14.600,-8.400,0.500
'[00:00:09.766 01/01/2011]',-49.501,-100.502,-61.601,-16.700,-14.000,0.500
'[00:00:09.767 01/01/2011]',-47.901,-95.701,-62.701,-19.000,-18.500,0.500
'[00:00:09.768 01/01/2011]',-44.901,-91.401,-63.701,-21.300,-21.700,0.500
'[00:00:09.769 01/01/2011]',-41.501,-87.601,-64.501,-23.400,-24.000,0.500
'[00:00:09.770 01/01/2011]',-39.101,-84.401,-65.001,-24.800,-25.700,0.500
'[00:00:09.771 01/01/2011]',-38.201,-81.701,-65.101,-25.200,-26.900,0.500
'[00:00:09.772 01/01/2011]',-38.701,-79.301,-64.701,-24.500,-27.700,0.500
'[00:00:09.773 01/01/2011]',-39.701,-77.101,-64.001,-22.800,-28.100,0.500
'[00:00:09.774 01/01/2011]',-40.701,-75.201,-63.301,-20.400,-27.900,0.500
'[00:00:09.775 01/01/2011]',-41.101,-73.401,-63.001,-18.100,-27.400,0.500
'[00:00:09.776 01/01/2011]',-41.001,-71.801,-63.101,-16.400,-26.700,0.500
'[00:00:09.777 01/01/2011]',-40.301,-70.501,-63.601,-15.400,-25.900,0.500
'[00:00:09.778 01/01/2011]',-39.201,-69.501,-64.201,-15.100,-25.200,0.500
'[00:00:09.779 01/01/2011]',-37.701,-68.501,-64.501,-15.000,-24.500,0.500
'[00:00:09.780 01/01/2011]',-35.901,-67.501,-64.601,-14.700,-23.800,0.500
'[00:00:09.781 01/01/2011]',-34.301,-66.201,-64.301,-14.000,-23.400,0.500
'[00:00:09.782 01/01/2011]',-33.601,-64.801,-64.001,-13.000,-23.200,0.500
'[00:00:09.783 01/01/2011]',-34.001,-63.401,-63.801,-12.000,-23.400,0.500
'[00:00:09.784 01/01/2011]',-35.301,-62.301,-63.801,-11.400,-23.900,0.500
'[00:00:09.785 01/01/2011]',-36.701,-61.601,-63.901,-11.300,-24.600,0.500
'[00:00:09.786 01/01/2011]',-37.201,-61.501,-64.001,-11.300,-25.300,0.500
'[00:00:09.787 01/01/2011]',-36.301,-61.701,-64.201,-11.200,-25.700,0.500
'[00:00:09.788 01/01/2011]',-34.601,-62.101,-64.501,-10.800,-25.700,0.500
'[00:00:09.789 01/01/2011]',-33.301,-62.401,-64.801,-10.000,-25.200,0.500
'[00:00:09.790 01/01/2011]',-33.201,-62.501,-65.201,-9.200,-24.300,0.500
'[00:00:09.791 01/01/2011]',-34.501,-62.501,-65.401,-8.500,-22.900,0.500
'[00:00:09.792 01/01/2011]',-36.601,-62.301,-65.301,-8.200,-21.100,0.500
'[00:00:09.793 01/01/2011]',-38.201,-62.101,-65.001,-8.100,-19.200,0.500
'[00:00:09.794 01/01/2011]',-38.701,-61.801,-64.601,-7.900,-17.400,0.500
'[00:00:09.795 01/01/2011]',-38.101,-61.601,-64.501,-7.500,-16.000,0.500
'[00:00:09.796 01/01/2011]',-37.301,-61.301,-64.601,-6.900,-15.300,0.500
'[00:00:09.797 01/01/2011]',-37.301,-61.201,-64.801,-6.300,-15.000,0.500
'[00:00:09.798 01/01/2011]',-38.101,-61.401,-64.801,-5.800,-15.000,0.500
'[00:00:09.799 01/01/2011]',-39.301,-61.801,-64.501,-5.200,-14.800,0.500
'[00:00:09.800 01/01/2011]',-39.901,-62.401,-63.901,-4.500,-14.200,0.500
'[00:00:09.801 01/01/2011]',-39.701,-62.901,-63.301,-3.600,-13.300,0.500
'[00:00:09.802 01/01/2011]',-38.801,-63.301,-62.701,-2.400,-12.200,0.500
'[00:00:09.803 01/01/2011]',-38.101,-63.501,-62.401,-1.100,-11.300,0.500
'[00:00:09.804 01/01/2011]',-38.101,-63.601,-62.101,0.100,-10.800,0.500
'[00:00:09.805 01/01/2011]',-38.601,-63.801,-61.701,1.100,-10.500,0.500
'[00:00:09.806 01/01/2011]',-39.101,-64.001,-61.301,1.800,-10.300,0.500
'[00:00:09.807 01/01/2011]',-38.901,-64.201,-61.001,2.100,-9.900,0.500
'[00:00:09.808 01/01/2011]',-37.901,-64.501,-61.001,2.200,-9.200,0.500
'[00:00:09.809 01/01/2011]',-36.801,-64.601,-61.201,2.100,-8.200,0.500
'[00:00:09.810 01/01/2011]',-36.301,-64.701,-61.501,1.800,-7.200,0.500
'[00:00:09.811 01/01/2011]',-37.001,-64.601,-61.501,1.300,-6.400,0.500
'[00:00:09.812 01/01/2011]',-38.601,-64.401,-61.201,0.900,-5.900,0.500
'[00:00:09.813 01/01/2011]',-40.001,-64.201,-60.701,0.400,-5.900,0.500
'[00:00:09.814 01/01/2011]',-40.101,-64.101,-60.701,-0.200,-6.300,0.500
'[00:00:09.815 01/01/2011]',-38.301,-64.101,-61.601,-0.900,-6.900,0.500
'[00:00:09.816 01/01/2011]',-35.101,-64.301,-63.201,-1.800,-7.700,0.500
'[00:00:09.817 01/01/2011]',-31.700,-64.801,-65.201,-2.800,-8.700,0.500
'[00:00:09.818 01/01/2011]',-29.500,-65.601,-66.801,-3.600,-9.400,0.500
'[00:00:09.819 01/01/2011]',-29.200,-66.401,-67.301,-3.900,-9.800,0.500
'[00:00:09.820 01/01/2011]',-30.600,-66.901,-66.601,-3.300,-9.600,0.500
'[00:00:09.821 01/01/2011]',-32.600,-67.001,-64.901,-2.000,-8.800,0.500
'[00:00:09.822 01/01/2011]',-34.001,-66.401,-62.901,-0.300,-7.700,0.500
'[00:00:09.823 01/01/2011]',-34.301,-65.401,-61.101,1.200,-6.600,0.500
'[00:00:09.824 01/01/2011]',-33.801,-64.001,-59.801,2.100,-5.700,0.500
'[00:00:09.825 01/01/2011]',-33.301,-62.701,-59.101,2.300,-5.200,0.500
'[00:00:09.826 01/01/2011]',-33.301,-61.701,-58.701,1.900,-4.800,0.500
'[00:00:09.827 01/01/2011]',-34.001,-61.201,-58.301,1.400,-4.400,0.500
'[00:00:09.828 01/01/2011]',-34.701,-61.101,-57.701,1.000,-3.900,0.500
'[00:00:09.829 01/01/2011]',-34.601,-61.401,-57.001,1.100,-3.500,0.500
'[00:00:09.830 01/01/2011]',-33.501,-61.701,-56.501,1.300,-3.500,0.500
'[00:00:09.831 01/01/2011]',-31.700,-61.801,-56.601,1.300,-4.000,0.500
'[00:00:09.832 01/01/2011]',-29.800,-61.901,-57.401,0.900,-5.000,0.500
'[00:00:09.833 01/01/2011]',-28.600,-62.001,-59.001,0.000,-6.200,0.500
'[00:00:09.834 01/01/2011]',-28.000,-62.401,-60.901,-1.200,-7.400,0.500
'[00:00:09.835 01/01/2011]',-27.900,-63.301,-62.701,-2.500,-8.400,0.500
'[00:00:09.836 01/01/2011]',-28.200,-64.601,-63.801,-3.500,-9.100,0.500
'[00:00:09.837 01/01/2011]',-29.000,-65.901,-64.201,-4.300,-9.500,0.500
'[00:00:09.838 01/01/2011]',-30.200,-66.901,-63.801,-4.700,-9.600,0.500
'[00:00:09.839 01/01/2011]',-31.900,-67.101,-63.001,-4.700,-9.200,0.500
'[00:00:09.840 01/01/2011]',-33.701,-66.401,-62.101,-4.300,-8.400,0.500
'[00:00:09.841 01/01/2011]',-35.101,-65.001,-61.501,-3.500,-7.200,0.500
'[00:00:09.842 01/01/2011]',-35.801,-63.601,-61.101,-2.600,-6.000,0.500
'[00:00:09.843 01/01/2011]',-35.901,-62.701,-60.901,-1.800,-5.100,0.500
'[00:00:09.844 01/01/2011]',-35.901,-62.401,-60.901,-1.300,-4.800,0.500
'[00:00:09.845 01/01/2011]',-35.801,-62.801,-61.101,-1.200,-4.800,0.500
'[00:00:09.846 01/01/2011]',-35.701,-63.301,-61.501,-1.200,-4.800,0.500
'[00:00:09.847 01/01/2011]',-35.101,-63.601,-61.801,-1.000,-4.200,0.500
'[00:00:09.848 01/01/2011]',-33.801,-63.201,-61.601,-0.200,-2.900,0.500
'[00:00:09.849 01/01/2011]',-32.000,-62.001,-60.801,1.200,-1.200,0.500
'[00:00:09.850 01/01/2011]',-30.000,-60.401,-59.001,3.000,0.400,0.500
'[00:00:09.851 01/01/2011]',-28.500,-58.801,-56.701,4.700,1.500,0.500
'[00:00:09.852 01/01/2011]',-27.700,-57.801,-54.501,5.800,2.000,0.500
'[00:00:09.853 01/01/2011]',-27.700,-57.701,-53.001,6.100,2.000,0.500
'[00:00:09.854 01/01/2011]',-28.300,-58.301,-52.701,5.600,1.800,0.500
'[00:00:09.855 01/01/2011]',-29.300,-59.501,-53.501,4.600,1.600,0.500
'[00:00:09.856 01/01/2011]',-30.600,-60.901,-54.801,3.400,1.500,0.500
'[00:00:09.857 01/01/2011]',-31.900,-62.101,-56.101,2.400,1.300,0.500
'[00:00:09.858 01/01/2011]',-33.001,-63.201,-57.001,1.800,0.900,0.500
'[00:00:09.859 01/01/2011]',-33.301,-64.101,-57.501,1.500,0.400,0.500
'[00:00:09.860 01/01/2011]',-32.801,-65.001,-57.801,1.500,-0.200,0.500
'[00:00:09.861 01/01/2011]',-32.000,-65.801,-58.001,1.600,-0.600,0.500
'[00:00:09.862 01/01/2011]',-31.500,-66.401,-58.201,1.700,-0.800,0.500
'[00:00:09.863 01/01/2011]',-32.000,-66.701,-58.201,1.700,-0.700,0.500
'[00:00:09.864 01/01/2011]',-33.501,-66.701,-57.901,1.500,-0.700,0.500
'[00:00:09.865 01/01/2011]',-35.501,-66.601,-57.301,0.800,-0.900,0.500
'[00:00:09.866 01/01/2011]',-36.901,-66.701,-56.601,-0.100,-1.200,0.500
'[00:00:09.867 01/01/2011]',-37.101,-67.201,-56.201,-1.200,-1.600,0.500
'[00:00:09.868 01/01/2011]',-36.101,-67.901,-55.901,-2.200,-1.900,0.500
'[00:00:09.869 01/01/2011]',-34.501,-68.501,-55.501,-2.800,-1.900,0.500
'[00:00:09.870 01/01/2011]',-33.101,-68.601,-54.801,-2.900,-1.600,0.500
'[00:00:09.871 01/01/2011]',-32.300,-68.001,-53.501,-2.600,-1.000,0.500
'[00:00:09.872 01/01/2011]',-31.700,-67.001,-51.901,-2.100,-0.200,0.500
'[00:00:09.873 01/01/2011]',-30.900,-65.801,-50.601,-1.500,0.600,0.500
'[00:00:09.874 01/01/2011]',-29.400,-64.901,-49.801,-0.900,1.300,0.500
'[00:00:09.875 01/01/2011]',-27.600,-64.501,-49.901,-0.300,1.700,0.500
'[00:00:09.876 01/01/2011]',-26.200,-64.601,-50.501,0.300,1.700,0.500
'[00:00:09.877 01/01/2011]',-25.900,-65.301,-51.501,0.900,1.400,0.500
'[00:00:09.878 01/01/2011]',-26.900,-66.601,-52.801,1.500,0.800,0.500
'[00:00:09.879 01/01/2011]',-28.400,-68.301,-54.301,1.900,0.100,0.500
'[00:00:09.880 01/01/2011]',-29.300,-70.201,-56.001,2.000,-0.500,0.500
'[00:00:09.881 01/01/2011]',-28.800,-71.801,-57.701,1.700,-0.700,0.500
'[00:00:09.882 01/01/2011]',-26.900,-72.801,-59.001,1.100,-0.600,0.500
'[00:00:09.883 01/01/2011]',-24.200,-73.101,-59.701,0.100,-0.100,0.500
'[00:00:09.884 01/01/2011]',-21.600,-72.801,-59.701,-1.000,0.500,0.500
'[00:00:09.885 01/01/2011]',-19.900,-72.301,-59.301,-2.000,1.200,0.500
'[00:00:09.886 01/01/2011]',-19.000,-72.001,-58.901,-2.800,1.700,0.500
'[00:00:09.887 01/01/2011]',-18.500,-72.001,-58.601,-3.000,2.000,0.500
'[00:00:09.888 01/01/2011]',-17.600,-72.201,-58.401,-2.500,2.200,0.500
'[00:00:09.889 01/01/2011]',-16.300,-72.301,-57.901,-1.300,2.500,0.500
'[00:00:09.890 01/01/2011]',-14.500,-71.901,-56.701,0.300,2.800,0.500
'[00:00:09.891 01/01/2011]',-12.900,-71.001,-54.701,2.000,3.100,0.500
'[00:00:09.892 01/01/2011]',-11.700,-69.601,-52.101,3.400,3.400,0.500
'[00:00:09.893 01/01/2011]',-10.800,-67.901,-49.601,4.300,3.700,0.500
'[00:00:09.894 01/01/2011]',-9.700,-65.901,-47.501,4.900,3.900,0.500
'[00:00:09.895 01/01/2011]',-8.200,-64.001,-46.001,5.200,4.200,0.500
'[00:00:09.896 01/01/2011]',-6.200,-62.201,-45.101,5.500,4.600,0.500
'[00:00:09.897 01/01/2011]',-4.300,-60.901,-44.301,5.600,5.100,0.500
'[00:00:09.898 01/01/2011]',-3.100,-60.401,-43.601,5.700,5.700,0.500
'[00:00:09.899 01/01/2011]',-3.000,-60.801,-42.701,5.600,6.200,0.500
'[00:00:09.900 01/01/2011]',-3.800,-61.901,-41.901,5.500,6.400,0.500
'[00:00:09.901 01/01/2011]',-5.100,-63.201,-41.601,5.300,6.300,0.500
'[00:00:09.902 01/01/2011]',-6.400,-64.201,-41.801,5.100,6.000,0.500
'[00:00:09.903 01/01/2011]',-7.500,-64.801,-42.801,4.800,5.700,0.500
'[00:00:09.904 01/01/2011]',-8.500,-64.801,-44.101,4.200,5.500,0.500
'[00:00:09.905 01/01/2011]',-9.700,-64.501,-45.501,3.600,5.600,0.500
'[00:00:09.906 01/01/2011]',-11.200,-64.201,-46.701,3.000,5.900,0.500
'[00:00:09.907 01/01/2011]',-13.000,-63.801,-47.401,2.800,6.300,0.500
'[00:00:09.908 01/01/2011]',-14.700,-63.401,-47.801,3.100,6.600,0.500
'[00:00:09.909 01/01/2011]',-16.000,-63.101,-48.201,4.000,6.700,0.500
'[00:00:09.910 01/01/2011]',-17.000,-62.901,-48.701,5.000,6.400,0.500
'[00:00:09.911 01/01/2011]',-17.400,-63.101,-49.401,5.600,5.900,0.500
'[00:00:09.912 01/01/2011]',-17.300,-63.701,-50.101,5.500,5.100,0.500
'[00:00:09.913 01/01/2011]',-16.900,-64.701,-50.801,4.600,4.300,0.500
'[00:00:09.914 01/01/2011]',-16.400,-66.001,-51.501,3.200,3.500,0.500
'[00:00:09.915 01/01/2011]',-16.500,-67.201,-52.101,1.600,2.700,0.500
'[00:00:09.916 01/01/2011]',-17.300,-68.101,-52.801,0.300,2.000,0.500
'[00:00:09.917 01/01/2011]',-19.000,-68.701,-53.501,-0.600,1.600,0.500
'[00:00:09.918 01/01/2011]',-21.000,-69.201,-54.001,-1.000,1.700,0.500
'[00:00:09.919 01/01/2011]',-22.400,-69.401,-54.101,-0.900,2.300,0.500
'[00:00:09.920 01/01/2011]',-22.500,-69.201,-53.401,-0.200,3.500,0.500
'[00:00:09.921 01/01/2011]',-21.600,-68.601,-52.101,1.200,5.000,0.500
'[00:00:09.922 01/01/2011]',-20.500,-67.501,-50.401,3.100,6.700,0.500
'[00:00:09.923 01/01/2011]',-20.600,-65.901,-48.901,5.300,8.200,0.500
'[00:00:09.924 01/01/2011]',-22.900,-64.201,-47.501,7.500,9.400,0.500
'[00:00:09.925 01/01/2011]',-27.100,-62.701,-46.401,9.000,10.200,0.500
'[00:00:09.926 01/01/2011]',-31.900,-61.801,-45.201,9.700,11.000,0.500
'[00:00:09.927 01/01/2011]',-35.801,-61.201,-43.701,9.700,11.700,0.500
'[00:00:09.928 01/01/2011]',-37.501,-60.801,-41.901,9.300,12.700,0.500
'[00:00:09.929 01/01/2011]',-36.901,-60.301,-39.901,9.200,13.900,0.500
'[00:00:09.930 01/01/2011]',-34.801,-59.701,-38.101,9.500,15.200,0.500
'[00:00:09.931 01/01/2011]',-32.300,-59.101,-36.901,10.100,16.500,0.500
'[00:00:09.932 01/01/2011]',-30.500,-59.001,-36.601,10.800,17.500,0.500
'[00:00:09.933 01/01/2011]',-29.800,-59.601,-37.101,11.100,17.900,0.500
'[00:00:09.934 01/01/2011]',-30.200,-61.101,-38.501,10.700,17.700,0.500
'[00:00:09.935 01/01/2011]',-31.200,-63.101,-40.301,9.600,17.000,0.500
'[00:00:09.936 01/01/2011]',-32.700,-65.401,-42.101,8.200,15.900,0.500
'[00:00:09.937 01/01/2011]',-34.501,-67.501,-43.501,6.700,14.800,0.500
'[00:00:09.938 01/01/2011]',-36.401,-69.001,-44.301,5.500,14.100,0.500
'[00:00:09.939 01/01/2011]',-38.401,-69.701,-44.401,4.800,13.900,0.500
'[00:00:09.940 01/01/2011]',-40.301,-69.701,-44.101,4.600,14.000,0.500
'[00:00:09.941 01/01/2011]',-42.201,-69.401,-43.901,4.900,14.300,0.500
'[00:00:09.942 01/01/2011]',-43.701,-69.301,-44.001,5.600,14.400,0.500
'[00:00:09.943 01/01/2011]',-44.901,-69.601,-44.501,6.200,14.300,0.500
'[00:00:09.944 01/01/2011]',-45.501,-70.301,-45.301,6.500,13.900,0.500
'[00:00:09.945 01/01/2011]',-45.801,-71.201,-46.001,6.200,13.300,0.500
'[00:00:09.946 01/01/2011]',-45.801,-71.801,-46.401,5.300,12.500,0.500
'[00:00:09.947 01/01/2011]',-45.501,-71.801,-46.301,4.000,11.800,0.500
'[00:00:09.948 01/01/2011]',-45.101,-71.301,-45.801,2.900,11.200,0.500
'[00:00:09.949 01/01/2011]',-44.601,-70.601,-45.201,1.900,11.000,0.500
'[00:00:09.950 01/01/2011]',-44.301,-70.201,-44.701,1.300,11.100,0.500
'[00:00:09.951 01/01/2011]',-44.401,-70.301,-44.501,0.900,11.600,0.500
'[00:00:09.952 01/01/2011]',-45.001,-70.801,-44.601,0.400,12.100,0.500
'[00:00:09.953 01/01/2011]',-46.101,-71.301,-45.001,-0.100,12.400,0.500
'[00:00:09.954 01/01/2011]',-46.801,-71.501,-45.301,-0.600,12.400,0.500
'[00:00:09.955 01/01/2011]',-46.501,-71.301,-45.501,-0.900,12.100,0.500
'[00:00:09.956 01/01/2011]',-44.601,-71.001,-45.301,-1.100,11.800,0.500
'[00:00:09.957 01/01/2011]',-41.301,-70.601,-44.701,-1.100,12.100,0.500
'[00:00:09.958 01/01/2011]',-37.501,-70.501,-43.401,-0.700,12.900,0.500
'[00:00:09.959 01/01/2011]',-34.601,-70.401,-41.601,0.100,14.200,0.500
'[00:00:09.960 01/01/2011]',-33.501,-70.101,-39.401,1.500,15.500,0.500
'[00:00:09.961 01/01/2011]',-34.501,-69.401,-37.201,3.500,16.600,0.500
'[00:00:09.962 01/01/2011]',-36.901,-68.301,-35.401,5.600,17.300,0.500
'[00:00:09.963 01/01/2011]',-39.801,-67.201,-34.301,7.300,17.500,0.500
'[00:00:09.964 01/01/2011]',-42.501,-66.201,-34.001,8.200,17.400,0.500
'[00:00:09.965 01/01/2011]',-44.501,-65.801,-34.601,8.000,17.200,0.500
'[00:00:09.966 01/01/2011]',-46.001,-65.801,-35.701,7.000,16.700,0.500
'[00:00:09.967 01/01/2011]',-46.801,-66.401,-37.401,5.400,15.800,0.500
'[00:00:09.968 01/01/2011]',-46.701,-67.401,-39.301,3.700,14.500,0.500
'[00:00:09.969 01/01/2011]',-45.401,-68.801,-41.501,2.100,13.200,0.500
'[00:00:09.970 01/01/2011]',-43.201,-70.601,-43.701,0.900,12.200,0.500
'[00:00:09.971 01/01/2011]',-40.701,-72.601,-45.601,-0.100,11.600,0.500
'[00:00:09.972 01/01/2011]',-39.001,-74.501,-47.101,-0.600,11.600,0.500
'[00:00:09.973 01/01/2011]',-39.001,-75.901,-47.701,-0.700,11.700,0.500
'[00:00:09.974 01/01/2011]',-40.801,-76.601,-47.501,-0.400,11.800,0.500
'[00:00:09.975 01/01/2011]',-43.301,-76.501,-46.601,0.200,11.400,0.500
'[00:00:09.976 01/01/2011]',-45.101,-76.001,-45.601,0.600,10.700,0.500
'[00:00:09.977 01/01/2011]',-45.101,-75.401,-44.601,0.700,9.900,0.500
'[00:00:09.978 01/01/2011]',-43.101,-75.201,-43.901,0.300,9.400,0.500
'[00:00:09.979 01/01/2011]',-40.101,-75.301,-43.301,-0.100,9.300,0.500
'[00:00:09.980 01/01/2011]',-37.301,-75.801,-42.901,0.000,9.500,0.500
'[00:00:09.981 01/01/2011]',-35.901,-76.301,-42.601,0.700,9.700,0.500
'[00:00:09.982 01/01/2011]',-36.201,-76.701,-42.801,1.900,9.700,0.500
'[00:00:09.983 01/01/2011]',-37.701,-77.001,-43.501,3.200,9.400,0.500
'[00:00:09.984 01/01/2011]',-39.401,-77.101,-44.601,3.800,9.000,0.500
'[00:00:09.985 01/01/2011]',-40.501,-77.101,-45.801,3.700,8.900,0.500
'[00:00:09.986 01/01/2011]',-40.501,-77.001,-46.501,3.100,9.400,0.500
'[00:00:09.987 01/01/2011]',-39.401,-76.701,-46.101,2.700,10.600,0.500
'[00:00:09.988 01/01/2011]',-37.501,-76.301,-44.801,3.100,12.100,0.500
'[00:00:09.989 01/01/2011]',-35.401,-75.901,-42.801,4.300,13.600,0.500
'[00:00:09.990 01/01/2011]',-33.701,-75.501,-41.101,6.100,14.600,0.500
'[00:00:09.991 01/01/2011]',-32.901,-75.201,-40.101,7.700,14.900,0.500
'[00:00:09.992 01/01/2011]',-33.001,-74.901,-39.901,8.500,14.800,0.500
'[00:00:09.993 01/01/2011]',-33.601,-74.501,-40.301,8.500,14.400,0.500
'[00:00:09.994 01/01/2011]',-34.101,-73.901,-40.601,7.900,14.000,0.500
'[00:00:09.995 01/01/2011]',-33.901,-73.001,-40.301,7.500,13.700,0.500
'[00:00:09.996 01/01/2011]',-32.700,-72.101,-39.501,7.500,13.600,0.500
'[00:00:09.997 01/01/2011]',-31.300,-71.101,-38.301,8.200,13.400,0.500
'[00:00:09.998 01/01/2011]',-30.700,-70.201,-37.301,9.300,13.200,0.500
'[00:00:09.999 01/01/2011]',-31.500,-69.301,-36.901,10.300,13.000,0.500
