'Time and date','Direct_1','Abdomen_1','Abdomen_2','Abdomen_3','Abdomen_4','EDF Annotations'
'hh:mm:ss.mmm dd/mm/yyyy','uV','uV','uV','uV','uV',''
'[00:00:00.000 01/01/2011]',-11.700,-30.200,-21.600,-40.901,-43.601,0.688
'[00:00:00.001 01/01/2011]',-11.100,-29.100,-21.400,-40.801,-43.401,0.688
'[00:00:00.002 01/01/2011]',-10.300,-28.200,-21.200,-40.501,-43.101,0.688
'[00:00:00.003 01/01/2011]',-9.800,-27.500,-20.900,-39.901,-42.601,0.688
'[00:00:00.004 01/01/2011]',-9.900,-27.200,-20.700,-39.101,-42.001,0.688
'[00:00:00.005 01/01/2011]',-10.400,-27.200,-20.400,-38.301,-41.301,0.688
'[00:00:00.006 01/01/2011]',-11.100,-27.400,-20.100,-37.601,-40.701,0.688
'[00:00:00.007 01/01/2011]',-11.600,-27.800,-19.800,-37.201,-40.401,0.688
'[00:00:00.008 01/01/2011]',-11.900,-28.300,-19.500,-37.101,-40.101,0.688
'[00:00:00.009 01/01/2011]',-12.000,-28.800,-19.100,-37.201,-39.901,0.688
'[00:00:00.010 01/01/2011]',-12.000,-29.400,-18.900,-37.301,-39.701,0.578
'[00:00:00.011 01/01/2011]',-11.500,-29.700,-18.700,-37.401,-39.401,0.578
'[00:00:00.012 01/01/2011]',-10.400,-29.800,-18.600,-37.201,-39.201,0.578
'[00:00:00.013 01/01/2011]',-8.800,-29.400,-18.500,-37.001,-39.201,0.578
'[00:00:00.014 01/01/2011]',-7.000,-28.800,-18.200,-36.601,-39.301,0.578
'[00:00:00.015 01/01/2011]',-5.900,-28.000,-17.900,-36.401,-39.601,0.578
'[00:00:00.016 01/01/2011]',-5.800,-27.300,-17.600,-36.201,-39.901,0.578
'[00:00:00.017 01/01/2011]',-6.800,-26.700,-17.300,-36.001,-39.901,0.578
'[00:00:00.018 01/01/2011]',-8.100,-26.200,-17.100,-35.801,-39.601,0.578
'[00:00:00.019 01/01/2011]',-9.000,-25.700,-17.000,-35.601,-38.901,0.578
'[00:00:00.020 01/01/2011]',-9.000,-25.100,-16.800,-35.201,-37.901,0.668
'[00:00:00.021 01/01/2011]',-8.300,-24.400,-16.300,-34.701,-36.801,0.668
'[00:00:00.022 01/01/2011]',-7.700,-23.600,-15.600,-34.001,-35.501,0.668
'[00:00:00.023 01/01/2011]',-7.900,-22.800,-14.600,-33.001,-34.201,0.668
'[00:00:00.024 01/01/2011]',-9.100,-22.100,-13.500,-31.700,-32.901,0.668
'[00:00:00.025 01/01/2011]',-10.700,-21.500,-12.500,-30.400,-31.600,0.668
'[00:00:00.026 01/01/2011]',-12.000,-21.000,-12.000,-29.400,-30.700,0.668
'[00:00:00.027 01/01/2011]',-12.400,-20.800,-11.700,-28.800,-30.300,0.668
'[00:00:00.028 01/01/2011]',-12.000,-20.800,-11.700,-28.700,-30.300,0.668
'[00:00:00.029 01/01/2011]',-11.600,-20.900,-11.500,-28.800,-30.500,0.668
'[00:00:00.030 01/01/2011]',-12.000,-20.900,-11.000,-28.800,-30.600,0.680
'[00:00:00.031 01/01/2011]',-13.400,-20.700,-10.300,-28.300,-30.300,0.680
'[00:00:00.032 01/01/2011]',-15.600,-20.300,-9.400,-27.500,-29.600,0.680
'[00:00:00.033 01/01/2011]',-17.800,-19.900,-8.600,-26.700,-28.700,0.680
'[00:00:00.034 01/01/2011]',-19.000,-19.800,-8.200,-26.300,-28.100,0.680
'[00:00:00.035 01/01/2011]',-18.900,-20.000,-8.200,-26.500,-28.100,0.680
'[00:00:00.036 01/01/2011]',-18.100,-20.400,-8.400,-27.000,-28.600,0.680
'[00:00:00.037 01/01/2011]',-17.100,-20.800,-8.900,-27.500,-29.400,0.680
'[00:00:00.038 01/01/2011]',-16.800,-20.700,-9.200,-27.600,-30.100,0.680
'[00:00:00.039 01/01/2011]',-17.500,-20.100,-9.400,-27.100,-30.200,0.680
'[00:00:00.040 01/01/2011]',-18.700,-19.000,-9.300,-26.100,-29.800,0.688
'[00:00:00.041 01/01/2011]',-19.600,-17.700,-9.000,-25.100,-28.900,0.688
'[00:00:00.042 01/01/2011]',-19.700,-16.600,-8.400,-24.200,-28.000,0.688
'[00:00:00.043 01/01/2011]',-18.800,-15.800,-7.800,-23.600,-27.000,0.688
'[00:00:00.044 01/01/2011]',-17.500,-15.400,-7.100,-23.100,-26.100,0.688
'[00:00:00.045 01/01/2011]',-16.600,-15.300,-6.600,-22.400,-25.300,0.688
'[00:00:00.046 01/01/2011]',-16.900,-15.300,-6.300,-21.400,-24.500,0.688
'[00:00:00.047 01/01/2011]',-18.300,-15.300,-6.200,-20.200,-23.800,0.688
'[00:00:00.048 01/01/2011]',-20.600,-15.400,-6.000,-19.100,-23.100,0.688
'[00:00:00.049 01/01/2011]',-22.800,-15.400,-5.600,-18.400,-22.400,0.688
'[00:00:00.050 01/01/2011]',-24.400,-15.400,-4.800,-18.000,-21.700,0.579
'[00:00:00.051 01/01/2011]',-25.200,-15.500,-3.800,-18.100,-21.000,0.579
'[00:00:00.052 01/01/2011]',-25.500,-15.500,-2.900,-18.300,-20.400,0.579
'[00:00:00.053 01/01/2011]',-25.600,-15.700,-2.500,-18.600,-20.300,0.579
'[00:00:00.054 01/01/2011]',-25.900,-16.000,-2.700,-18.800,-20.400,0.579
'[00:00:00.055 01/01/2011]',-26.000,-16.400,-3.100,-19.100,-20.900,0.579
'[00:00:00.056 01/01/2011]',-25.900,-16.700,-3.400,-19.300,-21.400,0.579
'[00:00:00.057 01/01/2011]',-25.400,-16.600,-3.400,-19.300,-21.700,0.579
'[00:00:00.058 01/01/2011]',-24.900,-16.000,-2.800,-19.100,-21.600,0.579
'[00:00:00.059 01/01/2011]',-24.900,-14.900,-2.000,-18.600,-21.200,0.579
'[00:00:00.060 01/01/2011]',-25.700,-13.500,-1.300,-17.900,-20.800,0.822
'[00:00:00.061 01/01/2011]',-27.200,-12.300,-1.100,-17.300,-20.500,0.822
'[00:00:00.062 01/01/2011]',-28.800,-11.600,-1.300,-17.100,-20.400,0.822
'[00:00:00.063 01/01/2011]',-29.700,-11.300,-1.700,-17.200,-20.500,0.822
'[00:00:00.064 01/01/2011]',-29.700,-11.400,-2.000,-17.400,-20.500,0.822
'[00:00:00.065 01/01/2011]',-28.900,-11.500,-1.900,-17.400,-20.300,0.822
'[00:00:00.066 01/01/2011]',-27.700,-11.300,-1.300,-17.100,-19.900,0.822
'[00:00:00.067 01/01/2011]',-26.900,-10.900,-0.600,-16.500,-19.300,0.822
'[00:00:00.068 01/01/2011]',-26.900,-10.400,0.100,-15.900,-18.600,0.822
'[00:00:00.069 01/01/2011]',-27.600,-10.200,0.500,-15.600,-17.700,0.822
'[00:00:00.070 01/01/2011]',-28.200,-10.300,0.600,-15.600,-17.000,0.579
'[00:00:00.071 01/01/2011]',-28.100,-10.800,0.600,-15.800,-16.300,0.579
'[00:00:00.072 01/01/2011]',-27.000,-11.400,0.600,-15.900,-15.800,0.579
'[00:00:00.073 01/01/2011]',-25.200,-12.000,0.800,-15.700,-15.600,0.579
'[00:00:00.074 01/01/2011]',-23.200,-12.300,1.100,-15.400,-15.500,0.579
'[00:00:00.075 01/01/2011]',-21.900,-12.200,1.500,-15.000,-15.400,0.579
'[00:00:00.076 01/01/2011]',-21.700,-12.000,1.800,-15.000,-15.100,0.579
'[00:00:00.077 01/01/2011]',-22.500,-11.500,2.100,-15.200,-14.600,0.579
'[00:00:00.078 01/01/2011]',-23.700,-10.800,2.300,-15.300,-13.900,0.579
'[00:00:00.079 01/01/2011]',-24.800,-9.900,2.600,-15.100,-13.200,0.579
'[00:00:00.080 01/01/2011]',-25.300,-8.900,3.100,-14.300,-12.600,0.668
'[00:00:00.081 01/01/2011]',-25.200,-7.900,3.700,-13.000,-12.300,0.668
'[00:00:00.082 01/01/2011]',-24.700,-7.100,4.400,-11.800,-12.300,0.668
'[00:00:00.083 01/01/2011]',-24.000,-6.700,4.900,-11.000,-12.600,0.668
'[00:00:00.084 01/01/2011]',-23.500,-6.700,5.100,-10.700,-13.000,0.668
'[00:00:00.085 01/01/2011]',-23.200,-6.700,5.200,-10.800,-13.200,0.668
'[00:00:00.086 01/01/2011]',-23.100,-6.700,5.300,-10.800,-13.100,0.668
'[00:00:00.087 01/01/2011]',-23.100,-6.400,5.500,-10.600,-12.600,0.668
'[00:00:00.088 01/01/2011]',-23.200,-6.000,5.900,-10.000,-11.700,0.668
'[00:00:00.089 01/01/2011]',-23.100,-5.800,6.500,-9.300,-10.600,0.668
'[00:00:00.090 01/01/2011]',-23.100,-6.100,7.200,-8.800,-9.600,0.680
'[00:00:00.091 01/01/2011]',-23.100,-6.900,7.700,-8.600,-8.900,0.680
'[00:00:00.092 01/01/2011]',-23.200,-7.800,7.900,-8.900,-8.600,0.680
'[00:00:00.093 01/01/2011]',-23.700,-8.400,7.800,-9.400,-8.600,0.680
'[00:00:00.094 01/01/2011]',-24.100,-8.400,7.500,-9.700,-8.500,0.680
'[00:00:00.095 01/01/2011]',-24.500,-7.800,7.100,-9.700,-8.200,0.680
'[00:00:00.096 01/01/2011]',-24.300,-7.000,6.800,-9.400,-7.500,0.680
'[00:00:00.097 01/01/2011]',-23.700,-6.100,6.800,-8.800,-6.700,0.680
'[00:00:00.098 01/01/2011]',-23.100,-5.500,7.000,-8.200,-6.000,0.680
'[00:00:00.099 01/01/2011]',-22.900,-5.100,7.400,-7.800,-5.500,0.680
'[00:00:00.100 01/01/2011]',-23.600,-4.700,7.900,-7.600,-5.300,0.716
'[00:00:00.101 01/01/2011]',-25.200,-4.100,8.200,-7.500,-5.300,0.716
'[00:00:00.102 01/01/2011]',-27.200,-3.400,8.300,-7.400,-5.300,0.716
'[00:00:00.103 01/01/2011]',-28.900,-2.700,8.200,-7.100,-5.200,0.716
'[00:00:00.104 01/01/2011]',-30.000,-2.000,7.900,-6.700,-4.900,0.716
'[00:00:00.105 01/01/2011]',-30.600,-1.600,7.700,-6.100,-4.700,0.716
'[00:00:00.106 01/01/2011]',-31.000,-1.400,7.700,-5.400,-4.700,0.716
'[00:00:00.107 01/01/2011]',-31.600,-1.500,7.800,-4.900,-4.900,0.716
'[00:00:00.108 01/01/2011]',-32.400,-1.800,8.100,-4.600,-5.300,0.716
'[00:00:00.109 01/01/2011]',-33.301,-2.300,8.300,-4.700,-5.600,0.716
'[00:00:00.110 01/01/2011]',-34.201,-2.900,8.300,-4.900,-5.800,0.579
'[00:00:00.111 01/01/2011]',-34.901,-3.600,8.200,-5.300,-5.800,0.579
'[00:00:00.112 01/01/2011]',-35.501,-4.200,8.200,-5.600,-5.600,0.579
'[00:00:00.113 01/01/2011]',-36.301,-4.500,8.200,-5.800,-5.200,0.579
'[00:00:00.114 01/01/2011]',-37.201,-4.500,8.300,-5.600,-4.800,0.579
'[00:00:00.115 01/01/2011]',-37.901,-4.300,8.600,-5.100,-4.500,0.579
'[00:00:00.116 01/01/2011]',-38.101,-3.700,8.900,-4.400,-4.300,0.579
'[00:00:00.117 01/01/2011]',-37.501,-3.000,9.200,-3.700,-4.200,0.579
'[00:00:00.118 01/01/2011]',-36.401,-2.100,9.400,-3.100,-4.300,0.579
'[00:00:00.119 01/01/2011]',-35.001,-1.300,9.600,-2.700,-4.600,0.579
'[00:00:00.120 01/01/2011]',-33.601,-0.600,9.700,-2.400,-4.700,0.822
'[00:00:00.121 01/01/2011]',-32.700,-0.200,9.800,-2.100,-4.800,0.822
'[00:00:00.122 01/01/2011]',-32.200,0.000,9.900,-1.800,-4.700,0.822
'[00:00:00.123 01/01/2011]',-32.200,0.100,10.000,-1.500,-4.400,0.822
'[00:00:00.124 01/01/2011]',-32.400,0.200,10.200,-1.200,-3.900,0.822
'[00:00:00.125 01/01/2011]',-32.700,0.500,10.500,-0.900,-3.400,0.822
'[00:00:00.126 01/01/2011]',-32.801,0.900,10.800,-0.700,-2.900,0.822
'[00:00:00.127 01/01/2011]',-32.700,1.200,11.100,-0.500,-2.300,0.822
'[00:00:00.128 01/01/2011]',-32.400,1.300,11.300,-0.500,-1.700,0.822
'[00:00:00.129 01/01/2011]',-32.200,1.000,11.300,-0.800,-1.100,0.822
'[00:00:00.130 01/01/2011]',-32.300,0.400,11.400,-1.200,-0.400,0.579
'[00:00:00.131 01/01/2011]',-32.500,-0.300,11.400,-1.800,0.200,0.579
'[00:00:00.132 01/01/2011]',-32.801,-0.600,11.700,-2.300,0.700,0.579
'[00:00:00.133 01/01/2011]',-32.901,-0.700,12.200,-2.300,1.000,0.579
'[00:00:00.134 01/01/2011]',-32.700,-0.500,12.800,-1.700,1.200,0.579
'[00:00:00.135 01/01/2011]',-32.000,-0.300,13.300,-0.500,1.200,0.579
'[00:00:00.136 01/01/2011]',-31.200,-0.100,13.700,1.000,1.200,0.579
'[00:00:00.137 01/01/2011]',-30.500,0.100,13.900,2.300,1.200,0.579
'[00:00:00.138 01/01/2011]',-30.100,0.400,14.100,3.000,1.500,0.579
'[00:00:00.139 01/01/2011]',-29.900,1.000,14.400,3.200,2.000,0.579
'[00:00:00.140 01/01/2011]',-29.700,2.100,14.900,3.100,2.800,0.668
'[00:00:00.141 01/01/2011]',-29.300,3.200,15.600,3.100,3.600,0.668
'[00:00:00.142 01/01/2011]',-28.600,4.300,16.300,3.300,4.300,0.668
'[00:00:00.143 01/01/2011]',-27.500,5.100,16.900,3.800,4.800,0.668
'[00:00:00.144 01/01/2011]',-26.300,5.600,17.300,4.300,5.000,0.668
'[00:00:00.145 01/01/2011]',-25.400,6.000,17.300,4.600,5.000,0.668
'[00:00:00.146 01/01/2011]',-25.000,6.300,17.100,4.500,4.800,0.668
'[00:00:00.147 01/01/2011]',-25.100,6.400,16.800,4.200,4.500,0.668
'[00:00:00.148 01/01/2011]',-25.500,6.300,16.700,3.700,4.100,0.668
'[00:00:00.149 01/01/2011]',-25.900,5.900,16.700,3.400,3.700,0.668
'[00:00:00.150 01/01/2011]',-26.000,5.200,16.900,3.100,3.500,0.680
'[00:00:00.151 01/01/2011]',-25.600,4.400,17.300,3.000,3.500,0.680
'[00:00:00.152 01/01/2011]',-25.000,3.800,17.500,2.800,3.800,0.680
'[00:00:00.153 01/01/2011]',-24.400,3.500,17.500,2.600,4.300,0.680
'[00:00:00.154 01/01/2011]',-24.200,3.500,17.200,2.500,4.900,0.680
'[00:00:00.155 01/01/2011]',-24.300,3.700,16.800,2.700,5.500,0.680
'[00:00:00.156 01/01/2011]',-24.500,4.100,16.400,3.200,6.000,0.680
'[00:00:00.157 01/01/2011]',-24.300,4.500,16.400,4.000,6.500,0.680
'[00:00:00.158 01/01/2011]',-23.400,5.100,16.800,4.800,6.800,0.680
'[00:00:00.159 01/01/2011]',-21.900,5.800,17.400,5.500,7.100,0.680
'[00:00:00.160 01/01/2011]',-20.400,6.600,17.900,6.100,7.300,0.708
'[00:00:00.161 01/01/2011]',-19.500,7.400,18.200,6.500,7.500,0.708
'[00:00:00.162 01/01/2011]',-19.600,8.000,18.200,6.800,7.700,0.708
'[00:00:00.163 01/01/2011]',-20.700,8.500,18.000,7.200,7.800,0.708
'[00:00:00.164 01/01/2011]',-22.100,9.000,17.900,7.500,7.800,0.708
'[00:00:00.165 01/01/2011]',-23.100,9.400,18.100,7.900,7.900,0.708
'[00:00:00.166 01/01/2011]',-23.300,9.900,18.700,8.300,7.900,0.708
'[00:00:00.167 01/01/2011]',-22.900,10.200,19.600,8.600,7.900,0.708
'[00:00:00.168 01/01/2011]',-22.100,10.200,20.400,9.100,8.000,0.708
'[00:00:00.169 01/01/2011]',-21.400,10.000,21.000,9.700,8.100,0.708
'[00:00:00.170 01/01/2011]',-20.900,9.600,21.300,10.300,8.200,0.579
'[00:00:00.171 01/01/2011]',-20.400,9.100,21.300,10.700,8.500,0.579
'[00:00:00.172 01/01/2011]',-19.600,8.800,21.300,10.800,8.900,0.579
'[00:00:00.173 01/01/2011]',-18.600,8.700,21.300,10.500,9.200,0.579
'[00:00:00.174 01/01/2011]',-17.700,8.600,21.500,10.000,9.700,0.579
'[00:00:00.175 01/01/2011]',-17.500,8.500,21.800,9.500,10.100,0.579
'[00:00:00.176 01/01/2011]',-18.100,8.400,22.200,9.100,10.500,0.579
'[00:00:00.177 01/01/2011]',-19.400,8.500,22.500,9.000,10.700,0.579
'[00:00:00.178 01/01/2011]',-20.700,8.700,22.300,9.000,10.600,0.579
'[00:00:00.179 01/01/2011]',-21.200,9.300,21.700,8.900,10.200,0.579
'[00:00:00.180 01/01/2011]',-20.700,10.000,20.800,8.700,9.300,0.822
'[00:00:00.181 01/01/2011]',-19.500,10.700,19.800,8.400,8.400,0.822
'[00:00:00.182 01/01/2011]',-18.300,11.300,18.900,8.100,7.700,0.822
'[00:00:00.183 01/01/2011]',-17.700,11.700,18.600,8.100,7.400,0.822
'[00:00:00.184 01/01/2011]',-18.100,12.100,18.800,8.700,7.900,0.822
'[00:00:00.185 01/01/2011]',-18.800,12.700,19.700,9.800,9.100,0.822
'[00:00:00.186 01/01/2011]',-18.800,13.600,21.300,11.300,10.700,0.822
'[00:00:00.187 01/01/2011]',-17.000,14.800,23.200,13.100,12.400,0.822
'[00:00:00.188 01/01/2011]',-12.600,15.900,25.500,14.800,13.800,0.822
'[00:00:00.189 01/01/2011]',-5.600,16.600,27.700,16.200,15.100,0.822
'[00:00:00.190 01/01/2011]',3.300,16.900,29.900,17.300,16.100,0.579
'[00:00:00.191 01/01/2011]',13.100,16.700,31.900,17.900,17.100,0.579
'[00:00:00.192 01/01/2011]',22.900,16.300,33.701,18.200,18.300,0.579
'[00:00:00.193 01/01/2011]',32.100,15.900,35.301,18.500,19.800,0.579
'[00:00:00.194 01/01/2011]',40.501,15.700,36.601,19.000,21.400,0.579
'[00:00:00.195 01/01/2011]',47.701,15.900,37.401,19.700,22.900,0.579
'[00:00:00.196 01/01/2011]',53.201,16.300,37.701,20.700,24.200,0.579
'[00:00:00.197 01/01/2011]',56.801,16.800,37.801,21.900,25.300,0.579
'[00:00:00.198 01/01/2011]',58.301,17.400,37.801,23.100,26.500,0.579
'[00:00:00.199 01/01/2011]',57.701,18.000,38.101,24.200,27.900,0.579
'[00:00:00.200 01/01/2011]',55.801,18.600,38.901,25.100,29.800,0.668
'[00:00:00.201 01/01/2011]',53.301,19.400,40.201,25.800,32.000,0.668
'[00:00:00.202 01/01/2011]',50.801,20.500,41.601,26.500,34.201,0.668
'[00:00:00.203 01/01/2011]',49.001,21.700,43.001,27.200,36.001,0.668
'[00:00:00.204 01/01/2011]',47.901,22.900,44.001,28.000,37.301,0.668
'[00:00:00.205 01/01/2011]',47.501,24.000,44.801,28.900,37.901,0.668
'[00:00:00.206 01/01/2011]',47.701,24.700,45.401,29.900,38.001,0.668
'[00:00:00.207 01/01/2011]',48.301,24.700,46.001,30.500,37.501,0.668
'[00:00:00.208 01/01/2011]',49.001,24.200,46.501,30.600,36.601,0.668
'[00:00:00.209 01/01/2011]',49.401,23.400,46.501,30.000,35.301,0.668
'[00:00:00.210 01/01/2011]',48.801,22.500,45.801,28.700,33.501,0.680
'[00:00:00.211 01/01/2011]',46.301,21.800,44.201,26.700,31.300,0.680
'[00:00:00.212 01/01/2011]',41.201,21.300,41.501,24.400,28.700,0.680
'[00:00:00.213 01/01/2011]',33.301,20.800,38.301,22.100,25.900,0.680
'[00:00:00.214 01/01/2011]',22.700,20.100,34.901,20.200,23.100,0.680
'[00:00:00.215 01/01/2011]',10.200,19.300,31.900,18.800,20.600,0.680
'[00:00:00.216 01/01/2011]',-3.000,18.700,29.600,17.900,18.600,0.680
'[00:00:00.217 01/01/2011]',-15.400,18.500,28.200,17.600,17.300,0.680
'[00:00:00.218 01/01/2011]',-25.500,19.000,27.600,17.800,16.600,0.680
'[00:00:00.219 01/01/2011]',-32.100,20.000,27.700,18.500,16.500,0.680
'[00:00:00.220 01/01/2011]',-34.701,21.100,28.300,19.400,16.900,0.700
'[00:00:00.221 01/01/2011]',-33.501,21.800,29.000,20.400,17.500,0.700
'[00:00:00.222 01/01/2011]',-29.300,22.100,29.800,21.100,18.400,0.700
'[00:00:00.223 01/01/2011]',-23.300,22.000,30.300,21.600,19.300,0.700
'[00:00:00.224 01/01/2011]',-17.000,22.000,30.700,21.900,20.300,0.700
'[00:00:00.225 01/01/2011]',-11.400,22.200,31.100,22.300,21.100,0.700
'[00:00:00.226 01/01/2011]',-7.300,22.600,31.600,22.900,21.700,0.700
'[00:00:00.227 01/01/2011]',-4.700,23.000,32.400,23.800,22.100,0.700
'[00:00:00.228 01/01/2011]',-3.600,23.000,33.301,24.700,22.400,0.700
'[00:00:00.229 01/01/2011]',-3.400,22.700,34.201,25.400,22.600,0.700
'[00:00:00.230 01/01/2011]',-3.700,22.300,34.901,25.600,22.800,0.579
'[00:00:00.231 01/01/2011]',-4.100,22.000,35.101,25.400,23.100,0.579
'[00:00:00.232 01/01/2011]',-4.300,22.100,34.801,25.100,23.500,0.579
'[00:00:00.233 01/01/2011]',-4.300,22.300,34.101,24.900,23.800,0.579
'[00:00:00.234 01/01/2011]',-4.000,22.400,33.401,25.000,24.000,0.579
'[00:00:00.235 01/01/2011]',-3.600,22.100,32.801,25.300,24.000,0.579
'[00:00:00.236 01/01/2011]',-3.100,21.400,32.600,25.700,24.000,0.579
'[00:00:00.237 01/01/2011]',-2.700,20.600,32.700,26.000,24.100,0.579
'[00:00:00.238 01/01/2011]',-2.300,20.100,32.801,25.900,24.400,0.579
'[00:00:00.239 01/01/2011]',-1.700,20.400,32.901,25.700,24.900,0.579
'[00:00:00.240 01/01/2011]',-0.800,21.300,32.901,25.500,25.500,0.822
'[00:00:00.241 01/01/2011]',0.100,22.500,32.801,25.400,26.000,0.822
'[00:00:00.242 01/01/2011]',0.700,23.500,32.700,25.600,26.300,0.822
'[00:00:00.243 01/01/2011]',0.500,24.100,32.500,26.100,26.400,0.822
'[00:00:00.244 01/01/2011]',-0.700,24.300,32.400,26.600,26.200,0.822
'[00:00:00.245 01/01/2011]',-2.400,24.300,32.300,27.100,25.900,0.822
'[00:00:00.246 01/01/2011]',-4.000,24.400,32.200,27.300,25.700,0.822
'[00:00:00.247 01/01/2011]',-4.500,24.500,32.100,27.300,25.500,0.822
'[00:00:00.248 01/01/2011]',-3.600,24.700,32.200,27.100,25.600,0.822
'[00:00:00.249 01/01/2011]',-1.800,24.700,32.400,27.000,25.700,0.822
'[00:00:00.250 01/01/2011]',-0.100,24.300,32.700,27.000,26.100,0.579
'[00:00:00.251 01/01/2011]',0.900,23.900,33.301,27.200,26.600,0.579
'[00:00:00.252 01/01/2011]',0.700,23.300,34.101,27.600,27.200,0.579
'[00:00:00.253 01/01/2011]',-0.100,23.000,35.101,28.100,27.900,0.579
'[00:00:00.254 01/01/2011]',-1.000,22.700,36.001,28.300,28.500,0.579
'[00:00:00.255 01/01/2011]',-1.400,22.500,36.701,28.400,29.000,0.579
'[00:00:00.256 01/01/2011]',-1.200,22.200,37.101,28.300,29.300,0.579
'[00:00:00.257 01/01/2011]',-1.000,21.800,37.001,28.100,29.500,0.579
'[00:00:00.258 01/01/2011]',-1.000,21.600,36.701,28.000,29.500,0.579
'[00:00:00.259 01/01/2011]',-1.300,21.600,36.301,27.900,29.500,0.579
'[00:00:00.260 01/01/2011]',-1.400,22.100,35.801,28.100,29.500,0.668
'[00:00:00.261 01/01/2011]',-0.700,22.900,35.501,28.500,29.500,0.668
'[00:00:00.262 01/01/2011]',0.700,23.800,35.201,29.100,29.600,0.668
'[00:00:00.263 01/01/2011]',2.300,24.800,34.901,29.700,29.600,0.668
'[00:00:00.264 01/01/2011]',3.400,25.700,34.601,30.100,29.600,0.668
'[00:00:00.265 01/01/2011]',3.100,26.400,34.401,30.300,29.500,0.668
'[00:00:00.266 01/01/2011]',1.500,27.000,34.501,30.300,29.400,0.668
'[00:00:00.267 01/01/2011]',-0.600,27.400,34.901,30.000,29.300,0.668
'[00:00:00.268 01/01/2011]',-2.300,27.400,35.401,29.800,29.400,0.668
'[00:00:00.269 01/01/2011]',-2.500,27.200,36.001,29.800,29.700,0.668
'[00:00:00.270 01/01/2011]',-1.300,26.700,36.401,30.100,30.200,0.680
'[00:00:00.271 01/01/2011]',0.700,26.000,36.501,30.500,30.800,0.680
'[00:00:00.272 01/01/2011]',2.400,25.200,36.601,30.800,31.200,0.680
'[00:00:00.273 01/01/2011]',3.000,24.600,36.801,30.700,31.400,0.680
'[00:00:00.274 01/01/2011]',2.200,24.300,37.101,30.500,31.200,0.680
'[00:00:00.275 01/01/2011]',0.400,24.400,37.701,30.300,30.600,0.680
'[00:00:00.276 01/01/2011]',-1.600,24.700,38.301,30.300,30.000,0.680
'[00:00:00.277 01/01/2011]',-2.800,25.400,38.501,30.700,29.500,0.680
'[00:00:00.278 01/01/2011]',-2.900,26.100,38.401,31.200,29.300,0.680
'[00:00:00.279 01/01/2011]',-2.000,26.700,38.101,31.800,29.500,0.680
'[00:00:00.280 01/01/2011]',-0.700,27.300,37.701,32.100,30.000,0.688
'[00:00:00.281 01/01/2011]',0.400,27.800,37.501,32.100,30.500,0.688
'[00:00:00.282 01/01/2011]',0.900,28.200,37.601,32.000,31.000,0.688
'[00:00:00.283 01/01/2011]',0.800,28.800,38.001,32.100,31.200,0.688
'[00:00:00.284 01/01/2011]',0.300,29.400,38.401,32.400,31.200,0.688
'[00:00:00.285 01/01/2011]',-0.500,30.100,38.601,33.001,31.200,0.688
'[00:00:00.286 01/01/2011]',-1.500,30.700,38.601,33.501,31.400,0.688
'[00:00:00.287 01/01/2011]',-2.800,30.900,38.501,33.901,31.700,0.688
'[00:00:00.288 01/01/2011]',-4.100,30.600,38.301,34.101,32.200,0.688
'[00:00:00.289 01/01/2011]',-5.400,29.900,38.301,34.001,32.801,0.688
'[00:00:00.290 01/01/2011]',-6.200,29.000,38.301,33.701,33.201,0.579
'[00:00:00.291 01/01/2011]',-6.300,28.100,38.501,33.401,33.401,0.579
'[00:00:00.292 01/01/2011]',-5.700,27.600,38.601,33.101,33.201,0.579
'[00:00:00.293 01/01/2011]',-5.000,27.400,38.701,32.801,32.700,0.579
'[00:00:00.294 01/01/2011]',-4.500,27.600,38.801,32.600,32.200,0.579
'[00:00:00.295 01/01/2011]',-4.700,27.900,39.001,32.400,31.800,0.579
'[00:00:00.296 01/01/2011]',-5.900,28.300,39.201,32.400,31.600,0.579
'[00:00:00.297 01/01/2011]',-7.600,28.700,39.701,32.700,31.800,0.579
'[00:00:00.298 01/01/2011]',-9.300,29.300,40.301,33.301,32.200,0.579
'[00:00:00.299 01/01/2011]',-10.500,30.100,41.201,34.101,32.600,0.579
'[00:00:00.300 01/01/2011]',-10.800,31.100,42.401,35.101,32.700,0.822
'[00:00:00.301 01/01/2011]',-10.300,32.500,43.901,35.901,32.200,0.822
'[00:00:00.302 01/01/2011]',-9.400,34.001,45.801,36.401,31.000,0.822
'[00:00:00.303 01/01/2011]',-8.500,35.701,48.101,36.701,29.500,0.822
'[00:00:00.304 01/01/2011]',-8.100,37.501,50.701,36.901,27.800,0.822
'[00:00:00.305 01/01/2011]',-8.300,39.301,53.701,37.201,26.500,0.822
'[00:00:00.306 01/01/2011]',-9.100,41.101,57.201,38.101,25.700,0.822
'[00:00:00.307 01/01/2011]',-10.200,42.501,60.701,39.401,25.600,0.822
'[00:00:00.308 01/01/2011]',-11.300,43.501,64.101,41.001,25.800,0.822
'[00:00:00.309 01/01/2011]',-12.200,43.901,66.901,42.301,26.200,0.822
'[00:00:00.310 01/01/2011]',-12.800,43.801,69.001,43.101,26.600,0.579
'[00:00:00.311 01/01/2011]',-13.100,43.401,70.301,43.101,27.200,0.579
'[00:00:00.312 01/01/2011]',-13.300,42.901,71.201,42.901,28.200,0.579
'[00:00:00.313 01/01/2011]',-13.600,42.401,72.301,43.001,30.000,0.579
'[00:00:00.314 01/01/2011]',-14.100,42.101,73.901,44.001,32.600,0.579
'[00:00:00.315 01/01/2011]',-15.000,41.801,75.801,45.801,36.101,0.579
'[00:00:00.316 01/01/2011]',-16.100,41.601,78.001,48.401,40.201,0.579
'[00:00:00.317 01/01/2011]',-17.200,41.301,79.801,51.001,44.701,0.579
'[00:00:00.318 01/01/2011]',-18.000,41.001,81.101,53.301,49.601,0.579
'[00:00:00.319 01/01/2011]',-18.200,40.501,81.601,54.901,54.801,0.579
'[00:00:00.320 01/01/2011]',-18.100,39.801,81.201,56.201,60.501,0.668
'[00:00:00.321 01/01/2011]',-18.000,38.901,80.101,57.401,66.701,0.668
'[00:00:00.322 01/01/2011]',-18.400,37.701,78.601,58.901,73.301,0.668
'[00:00:00.323 01/01/2011]',-19.500,36.401,76.601,60.701,80.001,0.668
'[00:00:00.324 01/01/2011]',-21.000,35.001,74.301,62.701,86.601,0.668
'[00:00:00.325 01/01/2011]',-22.400,33.501,71.501,64.401,92.901,0.668
'[00:00:00.326 01/01/2011]',-23.400,31.600,68.201,65.601,99.002,0.668
'[00:00:00.327 01/01/2011]',-23.800,29.100,64.101,66.101,105.102,0.668
'[00:00:00.328 01/01/2011]',-24.000,25.800,59.201,66.001,111.402,0.668
'[00:00:00.329 01/01/2011]',-24.200,21.700,53.901,65.701,118.202,0.668
'[00:00:00.330 01/01/2011]',-24.500,17.300,48.501,65.701,125.402,0.680
'[00:00:00.331 01/01/2011]',-24.900,13.000,43.501,66.101,132.602,0.680
'[00:00:00.332 01/01/2011]',-25.100,9.200,39.301,66.601,139.402,0.680
'[00:00:00.333 01/01/2011]',-25.100,5.900,35.901,67.001,145.102,0.680
'[00:00:00.334 01/01/2011]',-25.000,3.200,33.101,66.701,149.402,0.680
'[00:00:00.335 01/01/2011]',-25.500,0.900,30.800,65.801,152.302,0.680
'[00:00:00.336 01/01/2011]',-26.600,-1.000,28.600,64.401,153.902,0.680
'[00:00:00.337 01/01/2011]',-28.300,-2.300,26.900,62.901,154.502,0.680
'[00:00:00.338 01/01/2011]',-29.900,-2.900,25.600,61.601,154.202,0.680
'[00:00:00.339 01/01/2011]',-30.700,-2.700,24.800,60.601,152.702,0.680
'[00:00:00.340 01/01/2011]',-30.500,-2.000,24.300,59.401,149.602,0.720
'[00:00:00.341 01/01/2011]',-29.200,-0.900,23.600,57.701,144.602,0.720
'[00:00:00.342 01/01/2011]',-27.400,0.100,22.200,55.001,137.602,0.720
'[00:00:00.343 01/01/2011]',-25.400,0.800,19.900,51.501,129.402,0.720
'[00:00:00.344 01/01/2011]',-23.500,1.100,16.600,47.501,120.802,0.720
'[00:00:00.345 01/01/2011]',-21.600,1.000,12.700,43.301,112.802,0.720
'[00:00:00.346 01/01/2011]',-19.500,0.500,8.200,39.401,105.802,0.720
'[00:00:00.347 01/01/2011]',-17.500,-0.400,3.600,35.801,99.502,0.720
'[00:00:00.348 01/01/2011]',-15.500,-1.300,-0.800,32.300,93.301,0.720
'[00:00:00.349 01/01/2011]',-14.000,-2.000,-4.600,28.900,86.401,0.720
'[00:00:00.350 01/01/2011]',-13.000,-2.000,-7.600,25.600,78.601,0.579
'[00:00:00.351 01/01/2011]',-12.500,-1.100,-9.600,22.700,70.201,0.579
'[00:00:00.352 01/01/2011]',-12.200,0.600,-10.300,20.200,62.001,0.579
'[00:00:00.353 01/01/2011]',-11.600,2.500,-10.200,18.400,54.901,0.579
'[00:00:00.354 01/01/2011]',-10.400,4.200,-9.400,17.200,49.001,0.579
'[00:00:00.355 01/01/2011]',-8.500,5.100,-8.200,16.200,44.401,0.579
'[00:00:00.356 01/01/2011]',-6.000,5.400,-6.900,15.400,40.301,0.579
'[00:00:00.357 01/01/2011]',-3.300,5.500,-5.400,14.800,36.501,0.579
'[00:00:00.358 01/01/2011]',-1.100,6.200,-3.500,14.400,32.801,0.579
'[00:00:00.359 01/01/2011]',0.300,7.800,-1.200,14.400,29.700,0.579
'[00:00:00.360 01/01/2011]',0.700,10.200,1.500,15.000,27.500,0.822
'[00:00:00.361 01/01/2011]',0.600,12.900,4.500,16.100,26.300,0.822
'[00:00:00.362 01/01/2011]',0.600,15.400,7.500,17.600,26.000,0.822
'[00:00:00.363 01/01/2011]',0.900,17.300,10.500,19.100,26.000,0.822
'[00:00:00.364 01/01/2011]',1.500,18.900,13.300,20.700,26.000,0.822
'[00:00:00.365 01/01/2011]',1.900,20.300,16.100,22.200,25.800,0.822
'[00:00:00.366 01/01/2011]',1.800,21.900,18.900,23.800,25.700,0.822
'[00:00:00.367 01/01/2011]',1.100,23.600,21.900,25.400,26.000,0.822
'[00:00:00.368 01/01/2011]',0.300,24.900,24.900,26.800,26.800,0.822
'[00:00:00.369 01/01/2011]',0.400,25.500,27.800,27.900,27.900,0.822
'[00:00:00.370 01/01/2011]',1.600,25.400,30.600,28.700,29.000,0.579
'[00:00:00.371 01/01/2011]',3.700,25.000,33.001,29.200,29.800,0.579
'[00:00:00.372 01/01/2011]',5.800,24.600,34.901,29.500,30.100,0.579
'[00:00:00.373 01/01/2011]',6.700,24.600,36.401,29.900,30.300,0.579
'[00:00:00.374 01/01/2011]',6.400,25.000,37.401,30.300,30.600,0.579
'[00:00:00.375 01/01/2011]',5.100,25.600,38.101,30.800,31.000,0.579
'[00:00:00.376 01/01/2011]',3.800,26.000,38.501,31.100,31.600,0.579
'[00:00:00.377 01/01/2011]',3.500,26.200,38.801,31.200,32.000,0.579
'[00:00:00.378 01/01/2011]',4.300,26.600,39.001,31.200,32.100,0.579
'[00:00:00.379 01/01/2011]',5.800,27.500,39.401,31.100,32.000,0.579
'[00:00:00.380 01/01/2011]',7.000,28.900,40.001,31.300,31.700,0.668
'[00:00:00.381 01/01/2011]',7.100,30.600,40.701,31.600,31.500,0.668
'[00:00:00.382 01/01/2011]',6.100,32.000,41.601,32.200,31.500,0.668
'[00:00:00.383 01/01/2011]',4.300,32.901,42.301,32.901,31.700,0.668
'[00:00:00.384 01/01/2011]',2.500,33.201,42.801,33.501,31.900,0.668
'[00:00:00.385 01/01/2011]',1.300,33.301,42.901,33.901,32.000,0.668
'[00:00:00.386 01/01/2011]',1.100,33.401,42.801,34.101,32.000,0.668
'[00:00:00.387 01/01/2011]',1.600,33.801,42.601,34.201,32.000,0.668
'[00:00:00.388 01/01/2011]',2.600,34.401,42.401,34.301,32.200,0.668
'[00:00:00.389 01/01/2011]',3.300,34.801,42.501,34.301,32.600,0.668
'[00:00:00.390 01/01/2011]',3.500,34.801,42.701,34.401,33.101,0.680
'[00:00:00.391 01/01/2011]',3.000,34.601,43.101,34.601,33.401,0.680
'[00:00:00.392 01/01/2011]',1.800,34.301,43.401,34.701,33.601,0.680
'[00:00:00.393 01/01/2011]',0.100,34.201,43.801,34.801,33.601,0.680
'[00:00:00.394 01/01/2011]',-1.700,34.301,44.101,34.901,33.601,0.680
'[00:00:00.395 01/01/2011]',-3.300,34.401,44.401,34.901,33.501,0.680
'[00:00:00.396 01/01/2011]',-4.500,34.301,44.701,34.901,33.601,0.680
'[00:00:00.397 01/01/2011]',-5.100,34.201,45.001,34.901,33.701,0.680
'[00:00:00.398 01/01/2011]',-4.900,34.201,45.301,34.901,33.901,0.680
'[00:00:00.399 01/01/2011]',-4.100,34.501,45.501,35.201,34.101,0.680
'[00:00:00.400 01/01/2011]',-3.100,35.201,45.601,35.801,34.301,0.708
'[00:00:00.401 01/01/2011]',-2.400,36.101,45.601,36.601,34.601,0.708
'[00:00:00.402 01/01/2011]',-2.500,36.801,45.601,37.401,34.901,0.708
'[00:00:00.403 01/01/2011]',-3.500,37.201,45.501,38.201,35.301,0.708
'[00:00:00.404 01/01/2011]',-4.900,37.501,45.401,38.801,35.601,0.708
'[00:00:00.405 01/01/2011]',-6.200,37.701,45.401,39.201,35.801,0.708
'[00:00:00.406 01/01/2011]',-6.900,38.201,45.601,39.301,35.901,0.708
'[00:00:00.407 01/01/2011]',-6.900,38.901,45.901,39.501,36.001,0.708
'[00:00:00.408 01/01/2011]',-6.500,39.501,46.501,39.801,36.301,0.708
'[00:00:00.409 01/01/2011]',-5.900,39.701,47.001,40.201,36.601,0.708
'[00:00:00.410 01/01/2011]',-5.800,39.401,47.501,40.501,37.101,0.579
'[00:00:00.411 01/01/2011]',-6.000,38.701,47.601,40.601,37.401,0.579
'[00:00:00.412 01/01/2011]',-6.500,38.001,47.401,40.401,37.501,0.579
'[00:00:00.413 01/01/2011]',-7.100,37.301,46.801,39.901,37.401,0.579
'[00:00:00.414 01/01/2011]',-7.500,37.001,46.301,39.301,37.201,0.579
'[00:00:00.415 01/01/2011]',-7.700,36.901,45.901,38.901,37.101,0.579
'[00:00:00.416 01/01/2011]',-7.800,36.901,45.901,38.601,37.201,0.579
'[00:00:00.417 01/01/2011]',-7.700,37.101,46.201,38.701,37.401,0.579
'[00:00:00.418 01/01/2011]',-7.700,37.501,46.501,39.001,37.601,0.579
'[00:00:00.419 01/01/2011]',-7.800,38.201,46.701,39.401,37.601,0.579
'[00:00:00.420 01/01/2011]',-8.000,39.001,46.601,39.701,37.301,0.822
'[00:00:00.421 01/01/2011]',-8.500,39.701,46.501,39.701,37.001,0.822
'[00:00:00.422 01/01/2011]',-9.300,40.301,46.301,39.601,36.701,0.822
'[00:00:00.423 01/01/2011]',-10.200,40.501,46.301,39.301,36.401,0.822
'[00:00:00.424 01/01/2011]',-10.900,40.601,46.401,38.901,36.201,0.822
'[00:00:00.425 01/01/2011]',-11.000,40.601,46.401,38.801,35.901,0.822
'[00:00:00.426 01/01/2011]',-10.800,40.601,46.001,38.801,35.501,0.822
'[00:00:00.427 01/01/2011]',-10.400,40.701,45.301,39.101,34.901,0.822
'[00:00:00.428 01/01/2011]',-10.400,40.601,44.301,39.401,34.301,0.822
'[00:00:00.429 01/01/2011]',-11.000,40.301,43.301,39.701,33.701,0.822
'[00:00:00.430 01/01/2011]',-12.100,39.701,42.501,39.601,33.401,0.579
'[00:00:00.431 01/01/2011]',-13.400,38.901,42.101,39.301,33.401,0.579
'[00:00:00.432 01/01/2011]',-14.300,38.101,41.901,38.901,33.701,0.579
'[00:00:00.433 01/01/2011]',-14.600,37.401,42.101,38.401,34.201,0.579
'[00:00:00.434 01/01/2011]',-14.400,37.101,42.301,38.101,34.601,0.579
'[00:00:00.435 01/01/2011]',-14.100,37.001,42.501,38.001,35.001,0.579
'[00:00:00.436 01/01/2011]',-14.000,37.101,42.601,38.101,35.201,0.579
'[00:00:00.437 01/01/2011]',-14.200,37.501,42.601,38.301,35.101,0.579
'[00:00:00.438 01/01/2011]',-14.600,38.001,42.701,38.601,34.801,0.579
'[00:00:00.439 01/01/2011]',-14.800,38.601,42.701,38.901,34.601,0.579
'[00:00:00.440 01/01/2011]',-14.900,39.001,42.701,39.201,34.401,0.668
'[00:00:00.441 01/01/2011]',-14.900,39.301,42.701,39.501,34.401,0.668
'[00:00:00.442 01/01/2011]',-15.100,39.301,42.701,39.701,34.501,0.668
'[00:00:00.443 01/01/2011]',-15.800,39.301,42.501,39.901,34.501,0.668
'[00:00:00.444 01/01/2011]',-16.800,39.401,42.101,40.001,34.401,0.668
'[00:00:00.445 01/01/2011]',-17.600,39.801,41.501,40.101,34.001,0.668
'[00:00:00.446 01/01/2011]',-18.000,40.301,40.701,40.201,33.601,0.668
'[00:00:00.447 01/01/2011]',-17.800,40.701,40.001,40.201,33.201,0.668
'[00:00:00.448 01/01/2011]',-17.300,40.601,39.501,40.201,32.901,0.668
'[00:00:00.449 01/01/2011]',-16.800,40.001,39.201,39.901,32.600,0.668
'[00:00:00.450 01/01/2011]',-16.500,39.001,39.201,39.401,32.400,0.680
'[00:00:00.451 01/01/2011]',-16.700,38.101,39.201,38.801,32.300,0.680
'[00:00:00.452 01/01/2011]',-17.200,37.501,39.401,38.301,32.200,0.680
'[00:00:00.453 01/01/2011]',-17.700,37.301,39.501,38.001,32.400,0.680
'[00:00:00.454 01/01/2011]',-18.200,37.401,39.701,38.001,32.700,0.680
'[00:00:00.455 01/01/2011]',-18.600,37.301,39.901,38.201,33.201,0.680
'[00:00:00.456 01/01/2011]',-18.600,37.101,40.201,38.501,33.701,0.680
'[00:00:00.457 01/01/2011]',-18.500,36.701,40.401,38.701,33.901,0.680
'[00:00:00.458 01/01/2011]',-18.200,36.601,40.601,38.801,34.001,0.680
'[00:00:00.459 01/01/2011]',-18.000,37.001,40.601,38.901,34.001,0.680
'[00:00:00.460 01/01/2011]',-17.900,37.901,40.501,39.001,34.001,0.696
'[00:00:00.461 01/01/2011]',-18.100,39.001,40.401,39.201,34.101,0.696
'[00:00:00.462 01/01/2011]',-18.700,39.701,40.301,39.501,34.201,0.696
'[00:00:00.463 01/01/2011]',-19.600,40.001,40.201,39.701,34.301,0.696
'[00:00:00.464 01/01/2011]',-20.500,39.901,40.101,39.901,34.101,0.696
'[00:00:00.465 01/01/2011]',-21.200,39.801,39.901,40.001,33.801,0.696
'[00:00:00.466 01/01/2011]',-21.300,40.001,39.501,40.001,33.301,0.696
'[00:00:00.467 01/01/2011]',-20.700,40.301,39.101,40.001,33.001,0.696
'[00:00:00.468 01/01/2011]',-19.500,40.601,38.701,40.001,32.901,0.696
'[00:00:00.469 01/01/2011]',-18.100,40.301,38.401,39.801,33.001,0.696
'[00:00:00.470 01/01/2011]',-17.100,39.601,38.501,39.601,33.301,0.579
'[00:00:00.471 01/01/2011]',-17.000,38.401,38.801,39.301,33.601,0.579
'[00:00:00.472 01/01/2011]',-17.600,37.401,39.301,39.001,33.901,0.579
'[00:00:00.473 01/01/2011]',-18.500,36.701,39.801,38.901,34.201,0.579
'[00:00:00.474 01/01/2011]',-18.900,36.501,40.201,38.901,34.801,0.579
'[00:00:00.475 01/01/2011]',-18.500,36.601,40.401,39.001,35.601,0.579
'[00:00:00.476 01/01/2011]',-17.100,36.601,40.601,39.201,36.701,0.579
'[00:00:00.477 01/01/2011]',-15.300,36.301,40.801,39.501,37.801,0.579
'[00:00:00.478 01/01/2011]',-13.700,36.001,41.001,39.901,38.601,0.579
'[00:00:00.479 01/01/2011]',-12.900,35.901,41.301,40.301,38.801,0.579
'[00:00:00.480 01/01/2011]',-12.900,36.301,41.301,40.801,38.501,0.822
'[00:00:00.481 01/01/2011]',-13.400,37.201,41.101,41.201,37.901,0.822
'[00:00:00.482 01/01/2011]',-14.000,38.501,40.701,41.501,37.201,0.822
'[00:00:00.483 01/01/2011]',-14.300,39.801,40.301,41.901,36.901,0.822
'[00:00:00.484 01/01/2011]',-14.300,40.901,40.201,42.201,37.001,0.822
'[00:00:00.485 01/01/2011]',-14.100,41.501,40.501,42.601,37.601,0.822
'[00:00:00.486 01/01/2011]',-14.000,41.601,41.101,43.001,38.501,0.822
'[00:00:00.487 01/01/2011]',-14.300,41.301,41.801,43.201,39.201,0.822
'[00:00:00.488 01/01/2011]',-14.800,40.801,42.201,43.101,39.501,0.822
'[00:00:00.489 01/01/2011]',-15.300,40.101,42.101,42.801,39.401,0.822
'[00:00:00.490 01/01/2011]',-15.500,39.601,41.801,42.401,39.001,0.579
'[00:00:00.491 01/01/2011]',-15.200,39.201,41.201,41.901,38.401,0.579
'[00:00:00.492 01/01/2011]',-14.500,38.901,40.701,41.401,37.901,0.579
'[00:00:00.493 01/01/2011]',-13.600,38.501,40.401,40.801,37.601,0.579
'[00:00:00.494 01/01/2011]',-12.900,38.101,40.101,40.101,37.501,0.579
'[00:00:00.495 01/01/2011]',-12.500,37.401,39.901,39.301,37.701,0.579
'[00:00:00.496 01/01/2011]',-12.100,36.601,39.501,38.501,38.101,0.579
'[00:00:00.497 01/01/2011]',-11.600,35.801,39.101,38.101,38.501,0.579
'[00:00:00.498 01/01/2011]',-10.700,35.301,38.801,38.301,38.901,0.579
'[00:00:00.499 01/01/2011]',-9.800,35.401,38.701,38.901,39.201,0.579
'[00:00:00.500 01/01/2011]',-9.200,35.901,38.701,39.801,39.301,0.668
'[00:00:00.501 01/01/2011]',-9.300,36.901,38.801,40.601,39.301,0.668
'[00:00:00.502 01/01/2011]',-10.200,37.801,38.601,41.001,39.101,0.668
'[00:00:00.503 01/01/2011]',-11.300,38.601,38.001,41.101,39.001,0.668
'[00:00:00.504 01/01/2011]',-11.800,38.801,37.301,41.001,38.901,0.668
'[00:00:00.505 01/01/2011]',-11.300,38.701,36.601,40.901,38.801,0.668
'[00:00:00.506 01/01/2011]',-9.900,38.301,36.101,40.901,38.701,0.668
'[00:00:00.507 01/01/2011]',-8.200,38.001,36.101,41.101,38.901,0.668
'[00:00:00.508 01/01/2011]',-7.200,37.901,36.601,41.401,39.301,0.668
'[00:00:00.509 01/01/2011]',-7.100,37.901,37.301,41.701,40.101,0.668
'[00:00:00.510 01/01/2011]',-7.700,37.901,38.001,42.001,41.101,0.680
'[00:00:00.511 01/01/2011]',-8.300,37.601,38.601,42.201,42.101,0.680
'[00:00:00.512 01/01/2011]',-8.100,37.001,38.901,42.401,42.701,0.680
'[00:00:00.513 01/01/2011]',-7.000,36.201,39.001,42.501,42.801,0.680
'[00:00:00.514 01/01/2011]',-5.500,35.401,39.001,42.401,42.501,0.680
'[00:00:00.515 01/01/2011]',-4.300,34.801,38.801,42.101,42.101,0.680
'[00:00:00.516 01/01/2011]',-3.900,34.601,38.701,41.501,42.001,0.680
'[00:00:00.517 01/01/2011]',-4.300,34.601,38.501,40.701,42.201,0.680
'[00:00:00.518 01/01/2011]',-4.800,34.601,38.201,40.001,42.601,0.680
'[00:00:00.519 01/01/2011]',-5.000,34.501,37.901,39.501,43.001,0.680
'[00:00:00.520 01/01/2011]',-4.700,34.501,37.601,39.201,43.001,0.724
'[00:00:00.521 01/01/2011]',-3.900,34.601,37.401,39.301,42.701,0.724
'[00:00:00.522 01/01/2011]',-3.000,35.101,37.201,39.801,42.401,0.724
'[00:00:00.523 01/01/2011]',-2.400,35.901,37.101,40.401,42.201,0.724
'[00:00:00.524 01/01/2011]',-2.000,36.801,36.901,41.101,42.201,0.724
'[00:00:00.525 01/01/2011]',-1.700,37.401,36.501,41.501,42.501,0.724
'[00:00:00.526 01/01/2011]',-1.300,37.701,36.001,41.701,42.701,0.724
'[00:00:00.527 01/01/2011]',-0.800,37.601,35.501,41.501,42.801,0.724
'[00:00:00.528 01/01/2011]',-0.200,37.201,35.001,41.201,42.901,0.724
'[00:00:00.529 01/01/2011]',0.100,36.701,34.601,40.901,43.001,0.724
'[00:00:00.530 01/01/2011]',0.100,36.101,34.101,40.501,43.001,0.579
'[00:00:00.531 01/01/2011]',0.200,35.601,33.501,40.101,43.001,0.579
'[00:00:00.532 01/01/2011]',0.700,34.901,32.801,39.801,42.901,0.579
'[00:00:00.533 01/01/2011]',1.800,34.201,32.200,39.601,42.801,0.579
'[00:00:00.534 01/01/2011]',3.600,33.501,31.800,39.401,42.901,0.579
'[00:00:00.535 01/01/2011]',5.700,32.801,32.000,39.301,43.301,0.579
'[00:00:00.536 01/01/2011]',7.500,32.100,32.400,39.301,44.101,0.579
'[00:00:00.537 01/01/2011]',8.700,31.600,32.901,39.301,45.001,0.579
'[00:00:00.538 01/01/2011]',9.300,31.200,33.101,39.201,45.701,0.579
'[00:00:00.539 01/01/2011]',9.500,31.100,32.801,39.101,45.901,0.579
'[00:00:00.540 01/01/2011]',10.000,31.400,32.100,39.101,45.801,0.822
'[00:00:00.541 01/01/2011]',11.200,32.100,31.400,39.401,45.601,0.822
'[00:00:00.542 01/01/2011]',13.000,32.901,31.100,40.101,45.801,0.822
'[00:00:00.543 01/01/2011]',15.200,33.601,31.500,41.101,46.401,0.822
'[00:00:00.544 01/01/2011]',17.200,33.901,32.400,42.001,47.601,0.822
'[00:00:00.545 01/01/2011]',18.400,33.901,33.501,42.601,48.901,0.822
'[00:00:00.546 01/01/2011]',18.600,33.701,34.201,42.801,50.101,0.822
'[00:00:00.547 01/01/2011]',18.300,33.501,34.401,42.601,50.801,0.822
'[00:00:00.548 01/01/2011]',17.900,33.301,34.301,42.201,51.301,0.822
'[00:00:00.549 01/01/2011]',18.300,33.201,34.101,41.901,51.601,0.822
'[00:00:00.550 01/01/2011]',19.500,32.901,34.001,41.901,52.001,0.579
'[00:00:00.551 01/01/2011]',21.600,32.200,34.201,42.101,52.701,0.579
'[00:00:00.552 01/01/2011]',24.000,31.200,34.401,42.201,53.501,0.579
'[00:00:00.553 01/01/2011]',25.900,30.200,34.501,42.301,54.501,0.579
'[00:00:00.554 01/01/2011]',27.000,29.400,34.401,42.301,55.401,0.579
'[00:00:00.555 01/01/2011]',27.400,29.100,34.301,42.401,56.201,0.579
'[00:00:00.556 01/01/2011]',27.400,29.200,34.501,42.701,57.001,0.579
'[00:00:00.557 01/01/2011]',27.800,29.600,35.101,43.301,57.701,0.579
'[00:00:00.558 01/01/2011]',28.900,30.100,36.101,44.301,58.501,0.579
'[00:00:00.559 01/01/2011]',30.500,30.500,37.001,45.401,59.201,0.579
'[00:00:00.560 01/01/2011]',32.200,30.900,37.601,46.401,60.001,0.668
'[00:00:00.561 01/01/2011]',33.301,31.300,37.601,47.201,60.601,0.668
'[00:00:00.562 01/01/2011]',33.601,31.700,37.201,47.601,61.201,0.668
'[00:00:00.563 01/01/2011]',33.101,32.200,36.701,47.601,61.601,0.668
'[00:00:00.564 01/01/2011]',32.600,32.700,36.401,47.501,61.901,0.668
'[00:00:00.565 01/01/2011]',32.500,33.101,36.401,47.501,62.201,0.668
'[00:00:00.566 01/01/2011]',33.001,33.501,36.801,47.701,62.601,0.668
'[00:00:00.567 01/01/2011]',33.901,33.601,37.301,48.101,63.101,0.668
'[00:00:00.568 01/01/2011]',34.601,33.601,37.701,48.601,63.701,0.668
'[00:00:00.569 01/01/2011]',34.501,33.201,37.901,49.201,64.301,0.668
'[00:00:00.570 01/01/2011]',33.701,32.600,37.901,49.401,64.601,0.680
'[00:00:00.571 01/01/2011]',32.500,31.800,37.701,49.201,64.701,0.680
'[00:00:00.572 01/01/2011]',31.400,31.000,37.501,48.701,64.701,0.680
'[00:00:00.573 01/01/2011]',30.700,30.300,37.101,48.001,64.701,0.680
'[00:00:00.574 01/01/2011]',30.500,29.500,36.701,47.401,65.101,0.680
'[00:00:00.575 01/01/2011]',30.600,28.600,36.101,47.101,65.701,0.680
'[00:00:00.576 01/01/2011]',31.000,27.800,35.401,47.001,66.301,0.680
'[00:00:00.577 01/01/2011]',31.500,27.200,34.801,47.101,66.701,0.680
'[00:00:00.578 01/01/2011]',32.300,26.900,34.201,47.301,66.501,0.680
'[00:00:00.579 01/01/2011]',33.101,27.100,33.701,47.401,65.701,0.680
'[00:00:00.580 01/01/2011]',33.401,27.600,33.301,47.501,64.701,0.712
'[00:00:00.581 01/01/2011]',33.001,28.200,33.101,47.701,63.901,0.712
'[00:00:00.582 01/01/2011]',31.400,28.600,32.901,48.001,63.601,0.712
'[00:00:00.583 01/01/2011]',29.000,28.600,32.801,48.201,64.001,0.712
'[00:00:00.584 01/01/2011]',26.300,28.300,32.700,48.301,64.701,0.712
'[00:00:00.585 01/01/2011]',23.900,28.100,32.600,48.001,65.501,0.712
'[00:00:00.586 01/01/2011]',22.100,28.100,32.400,47.601,66.001,0.712
'[00:00:00.587 01/01/2011]',20.700,28.300,32.200,47.101,66.201,0.712
'[00:00:00.588 01/01/2011]',19.500,28.500,32.100,46.801,66.201,0.712
'[00:00:00.589 01/01/2011]',18.200,28.400,32.200,46.701,66.401,0.712
'[00:00:00.590 01/01/2011]',17.100,27.900,32.300,46.801,66.901,0.579
'[00:00:00.591 01/01/2011]',16.100,27.200,32.400,47.001,67.701,0.579
'[00:00:00.592 01/01/2011]',15.600,26.500,32.600,47.001,68.601,0.579
'[00:00:00.593 01/01/2011]',15.500,25.900,32.801,46.901,69.501,0.579
'[00:00:00.594 01/01/2011]',15.700,25.600,33.001,46.701,70.201,0.579
'[00:00:00.595 01/01/2011]',15.900,25.300,33.201,46.401,70.601,0.579
'[00:00:00.596 01/01/2011]',15.900,24.900,33.401,46.201,70.901,0.579
'[00:00:00.597 01/01/2011]',15.500,24.300,33.601,46.101,71.201,0.579
'[00:00:00.598 01/01/2011]',14.800,23.800,33.701,46.201,71.301,0.579
'[00:00:00.599 01/01/2011]',13.600,23.500,34.001,46.601,71.501,0.579
'[00:00:00.600 01/01/2011]',12.200,23.900,34.401,47.301,71.801,0.822
'[00:00:00.601 01/01/2011]',10.900,24.700,35.101,48.201,72.101,0.822
'[00:00:00.602 01/01/2011]',10.200,25.800,35.801,49.201,72.501,0.822
'[00:00:00.603 01/01/2011]',10.100,26.700,36.301,50.101,72.801,0.822
'[00:00:00.604 01/01/2011]',10.800,27.300,36.401,50.401,72.901,0.822
'[00:00:00.605 01/01/2011]',11.600,27.600,36.201,50.301,72.901,0.822
'[00:00:00.606 01/01/2011]',12.100,27.700,35.701,49.601,72.601,0.822
'[00:00:00.607 01/01/2011]',11.900,27.700,35.201,48.701,72.401,0.822
'[00:00:00.608 01/01/2011]',11.200,27.700,35.001,47.801,72.301,0.822
'[00:00:00.609 01/01/2011]',10.300,27.500,35.001,47.301,72.401,0.822
'[00:00:00.610 01/01/2011]',9.400,27.000,35.101,47.101,72.501,0.579
'[00:00:00.611 01/01/2011]',8.600,26.200,35.101,47.101,72.401,0.579
'[00:00:00.612 01/01/2011]',7.900,25.100,34.801,47.001,71.801,0.579
'[00:00:00.613 01/01/2011]',7.300,24.100,34.501,46.801,70.901,0.579
'[00:00:00.614 01/01/2011]',6.700,23.400,34.101,46.501,69.901,0.579
'[00:00:00.615 01/01/2011]',6.400,23.200,34.101,46.201,69.401,0.579
'[00:00:00.616 01/01/2011]',6.500,23.400,34.401,46.201,69.501,0.579
'[00:00:00.617 01/01/2011]',7.100,23.900,34.901,46.301,70.101,0.579
'[00:00:00.618 01/01/2011]',7.800,24.500,35.601,46.701,70.901,0.579
'[00:00:00.619 01/01/2011]',8.200,25.200,36.301,47.101,71.201,0.579
'[00:00:00.620 01/01/2011]',8.100,25.800,37.001,47.501,70.801,0.668
'[00:00:00.621 01/01/2011]',7.500,26.500,37.501,47.701,69.901,0.668
'[00:00:00.622 01/01/2011]',6.700,27.300,37.901,47.801,68.801,0.668
'[00:00:00.623 01/01/2011]',5.900,28.200,38.201,48.101,68.101,0.668
'[00:00:00.624 01/01/2011]',5.100,29.300,38.501,48.501,68.201,0.668
'[00:00:00.625 01/01/2011]',4.300,30.500,38.901,49.001,68.901,0.668
'[00:00:00.626 01/01/2011]',3.500,31.500,39.301,49.501,69.801,0.668
'[00:00:00.627 01/01/2011]',2.600,32.300,39.801,49.801,70.401,0.668
'[00:00:00.628 01/01/2011]',1.900,32.600,40.401,49.901,70.301,0.668
'[00:00:00.629 01/01/2011]',1.600,32.500,41.001,49.701,69.601,0.668
'[00:00:00.630 01/01/2011]',1.900,32.000,41.601,49.201,68.401,0.680
'[00:00:00.631 01/01/2011]',2.700,31.300,42.101,48.701,67.101,0.680
'[00:00:00.632 01/01/2011]',3.700,30.800,42.401,48.301,65.901,0.680
'[00:00:00.633 01/01/2011]',4.300,30.400,42.701,48.101,64.901,0.680
'[00:00:00.634 01/01/2011]',4.100,30.300,42.901,48.201,64.301,0.680
'[00:00:00.635 01/01/2011]',2.900,30.300,43.201,48.601,63.901,0.680
'[00:00:00.636 01/01/2011]',0.700,30.400,43.801,49.201,63.901,0.680
'[00:00:00.637 01/01/2011]',-1.800,30.500,44.601,49.901,64.201,0.680
'[00:00:00.638 01/01/2011]',-3.800,30.800,45.601,50.401,64.601,0.680
'[00:00:00.639 01/01/2011]',-4.700,31.300,46.501,50.601,64.901,0.680
'[00:00:00.640 01/01/2011]',-4.400,32.100,47.301,50.601,64.901,0.700
'[00:00:00.641 01/01/2011]',-3.600,33.101,47.901,50.601,64.601,0.700
'[00:00:00.642 01/01/2011]',-3.100,34.201,48.301,50.701,64.101,0.700
'[00:00:00.643 01/01/2011]',-3.400,35.301,48.701,50.901,63.701,0.700
'[00:00:00.644 01/01/2011]',-4.700,36.501,49.201,51.201,63.301,0.700
'[00:00:00.645 01/01/2011]',-6.200,37.601,49.801,51.301,63.001,0.700
'[00:00:00.646 01/01/2011]',-7.400,38.601,50.201,51.001,62.701,0.700
'[00:00:00.647 01/01/2011]',-8.000,39.301,50.401,50.501,62.001,0.700
'[00:00:00.648 01/01/2011]',-8.300,39.701,50.201,50.001,61.101,0.700
'[00:00:00.649 01/01/2011]',-9.000,39.701,49.901,49.601,60.001,0.700
'[00:00:00.650 01/01/2011]',-10.400,39.401,49.701,49.501,59.201,0.579
'[00:00:00.651 01/01/2011]',-12.500,39.101,49.701,49.701,58.801,0.579
'[00:00:00.652 01/01/2011]',-14.200,39.001,50.201,50.001,58.801,0.579
'[00:00:00.653 01/01/2011]',-14.700,39.001,50.801,50.201,59.001,0.579
'[00:00:00.654 01/01/2011]',-14.000,39.001,51.301,50.001,58.901,0.579
'[00:00:00.655 01/01/2011]',-12.700,38.801,51.501,49.601,58.301,0.579
'[00:00:00.656 01/01/2011]',-12.200,38.201,51.301,48.801,56.801,0.579
'[00:00:00.657 01/01/2011]',-13.400,37.501,50.601,48.001,54.801,0.579
'[00:00:00.658 01/01/2011]',-16.500,36.901,49.501,47.301,52.501,0.579
'[00:00:00.659 01/01/2011]',-20.600,36.901,48.301,46.701,50.501,0.579
'[00:00:00.660 01/01/2011]',-24.200,37.801,47.401,46.501,49.301,0.822
'[00:00:00.661 01/01/2011]',-25.900,39.401,47.201,46.601,49.101,0.822
'[00:00:00.662 01/01/2011]',-25.300,41.401,47.901,47.101,49.601,0.822
'[00:00:00.663 01/01/2011]',-22.500,43.201,49.501,47.901,50.501,0.822
'[00:00:00.664 01/01/2011]',-18.100,44.501,51.601,48.901,51.301,0.822
'[00:00:00.665 01/01/2011]',-12.400,45.401,53.801,49.901,51.601,0.822
'[00:00:00.666 01/01/2011]',-5.600,46.101,55.601,50.801,51.601,0.822
'[00:00:00.667 01/01/2011]',2.400,46.701,57.001,51.601,51.701,0.822
'[00:00:00.668 01/01/2011]',11.500,47.301,58.101,52.401,52.401,0.822
'[00:00:00.669 01/01/2011]',20.900,47.901,59.301,53.201,53.801,0.822
'[00:00:00.670 01/01/2011]',29.600,48.301,60.501,54.201,55.501,0.579
'[00:00:00.671 01/01/2011]',36.901,48.401,61.701,55.001,57.101,0.579
'[00:00:00.672 01/01/2011]',41.801,48.401,62.601,55.601,58.101,0.579
'[00:00:00.673 01/01/2011]',44.401,48.301,63.101,55.901,58.301,0.579
'[00:00:00.674 01/01/2011]',44.801,48.301,63.401,55.901,58.101,0.579
'[00:00:00.675 01/01/2011]',43.601,48.401,63.901,56.101,58.301,0.579
'[00:00:00.676 01/01/2011]',41.401,48.501,64.701,56.601,59.201,0.579
'[00:00:00.677 01/01/2011]',38.701,48.601,65.901,57.501,61.001,0.579
'[00:00:00.678 01/01/2011]',36.101,48.901,67.301,58.601,63.101,0.579
'[00:00:00.679 01/01/2011]',34.001,49.401,68.501,59.701,64.901,0.579
'[00:00:00.680 01/01/2011]',32.600,50.301,69.501,60.701,66.101,0.500
'[00:00:00.681 01/01/2011]',32.000,51.401,70.301,61.401,66.701,0.500
'[00:00:00.682 01/01/2011]',31.900,52.501,70.901,61.901,66.801,0.500
'[00:00:00.683 01/01/2011]',32.000,53.401,71.501,62.401,66.901,0.500
'[00:00:00.684 01/01/2011]',32.000,53.901,71.901,62.801,66.801,0.500
'[00:00:00.685 01/01/2011]',31.400,54.201,71.801,62.801,66.401,0.500
'[00:00:00.686 01/01/2011]',29.600,54.201,70.901,62.301,65.201,0.500
'[00:00:00.687 01/01/2011]',26.300,53.901,69.001,60.901,63.101,0.500
'[00:00:00.688 01/01/2011]',21.000,53.501,66.301,58.801,60.001,0.500
'[00:00:00.689 01/01/2011]',13.600,52.701,62.901,56.001,56.201,0.500
'[00:00:00.690 01/01/2011]',4.300,51.501,59.201,53.101,52.301,0.500
'[00:00:00.691 01/01/2011]',-6.600,50.101,55.701,50.601,48.801,0.500
'[00:00:00.692 01/01/2011]',-18.800,48.801,52.601,48.701,46.201,0.500
'[00:00:00.693 01/01/2011]',-31.300,47.801,50.601,47.701,44.501,0.500
'[00:00:00.694 01/01/2011]',-43.001,47.201,49.701,47.401,43.801,0.500
'[00:00:00.695 01/01/2011]',-52.301,47.001,49.901,47.601,43.901,0.500
'[00:00:00.696 01/01/2011]',-57.601,46.901,50.901,48.101,44.401,0.500
'[00:00:00.697 01/01/2011]',-58.001,46.801,52.101,48.701,45.201,0.500
'[00:00:00.698 01/01/2011]',-53.801,47.001,52.901,49.201,45.901,0.500
'[00:00:00.699 01/01/2011]',-46.401,47.501,53.401,49.901,46.401,0.500
'[00:00:00.700 01/01/2011]',-38.101,48.501,53.501,50.601,46.901,0.500
'[00:00:00.701 01/01/2011]',-30.600,49.801,53.601,51.401,47.501,0.500
'[00:00:00.702 01/01/2011]',-25.100,51.101,53.901,52.101,48.101,0.500
'[00:00:00.703 01/01/2011]',-21.600,52.101,54.401,52.601,48.701,0.500
'[00:00:00.704 01/01/2011]',-19.600,52.501,54.801,52.801,49.201,0.500
'[00:00:00.705 01/01/2011]',-18.500,52.401,54.801,52.601,49.401,0.500
'[00:00:00.706 01/01/2011]',-17.900,52.201,54.301,52.101,49.301,0.500
'[00:00:00.707 01/01/2011]',-17.500,52.101,53.501,51.601,49.001,0.500
'[00:00:00.708 01/01/2011]',-17.500,52.301,52.901,51.301,48.701,0.500
'[00:00:00.709 01/01/2011]',-17.600,52.501,52.701,51.201,48.601,0.500
'[00:00:00.710 01/01/2011]',-17.700,52.401,53.001,51.401,48.801,0.500
'[00:00:00.711 01/01/2011]',-17.800,51.901,53.901,51.601,49.301,0.500
'[00:00:00.712 01/01/2011]',-17.600,51.101,54.801,51.701,49.701,0.500
'[00:00:00.713 01/01/2011]',-17.300,50.401,55.501,51.501,50.101,0.500
'[00:00:00.714 01/01/2011]',-16.800,49.901,55.801,51.101,50.201,0.500
'[00:00:00.715 01/01/2011]',-16.000,49.801,55.801,50.501,50.201,0.500
'[00:00:00.716 01/01/2011]',-15.100,49.901,55.601,49.901,50.001,0.500
'[00:00:00.717 01/01/2011]',-14.200,49.901,55.401,49.601,49.801,0.500
'[00:00:00.718 01/01/2011]',-13.800,49.901,55.301,49.501,49.701,0.500
'[00:00:00.719 01/01/2011]',-14.000,49.801,55.401,49.801,49.801,0.500
'[00:00:00.720 01/01/2011]',-14.900,49.901,55.501,50.301,49.901,0.500
'[00:00:00.721 01/01/2011]',-16.000,50.401,55.701,50.901,50.101,0.500
'[00:00:00.722 01/01/2011]',-16.500,51.201,55.801,51.501,50.301,0.500
'[00:00:00.723 01/01/2011]',-16.200,52.101,56.001,52.001,50.401,0.500
'[00:00:00.724 01/01/2011]',-15.100,52.801,56.001,52.201,50.401,0.500
'[00:00:00.725 01/01/2011]',-13.700,53.201,56.001,52.301,50.301,0.500
'[00:00:00.726 01/01/2011]',-12.400,53.501,55.801,52.301,50.101,0.500
'[00:00:00.727 01/01/2011]',-11.800,53.901,55.701,52.201,50.001,0.500
'[00:00:00.728 01/01/2011]',-11.800,54.201,55.701,52.201,49.901,0.500
'[00:00:00.729 01/01/2011]',-12.200,54.501,55.901,52.301,50.001,0.500
'[00:00:00.730 01/01/2011]',-12.900,54.501,56.301,52.501,50.301,0.500
'[00:00:00.731 01/01/2011]',-13.900,54.101,56.801,52.801,50.601,0.500
'[00:00:00.732 01/01/2011]',-15.200,53.601,57.401,53.201,50.901,0.500
'[00:00:00.733 01/01/2011]',-16.800,53.101,58.001,53.601,51.301,0.500
'[00:00:00.734 01/01/2011]',-18.400,53.001,58.501,54.101,51.501,0.500
'[00:00:00.735 01/01/2011]',-19.300,53.001,58.901,54.601,51.801,0.500
'[00:00:00.736 01/01/2011]',-19.200,53.101,59.201,55.001,52.201,0.500
'[00:00:00.737 01/01/2011]',-18.000,53.101,59.401,55.401,52.601,0.500
'[00:00:00.738 01/01/2011]',-16.200,52.901,59.601,55.701,53.101,0.500
'[00:00:00.739 01/01/2011]',-14.800,52.701,59.801,55.901,53.501,0.500
'[00:00:00.740 01/01/2011]',-14.400,52.701,59.901,55.901,53.901,0.500
'[00:00:00.741 01/01/2011]',-15.300,53.101,59.901,55.701,54.101,0.500
'[00:00:00.742 01/01/2011]',-16.900,53.701,59.701,55.501,53.901,0.500
'[00:00:00.743 01/01/2011]',-18.700,54.201,59.501,55.301,53.501,0.500
'[00:00:00.744 01/01/2011]',-19.800,54.601,59.201,55.201,52.801,0.500
'[00:00:00.745 01/01/2011]',-20.100,54.701,59.001,55.201,52.001,0.500
'[00:00:00.746 01/01/2011]',-20.100,54.701,58.901,55.401,51.301,0.500
'[00:00:00.747 01/01/2011]',-20.400,54.601,58.701,55.401,50.701,0.500
'[00:00:00.748 01/01/2011]',-21.400,54.501,58.301,55.301,50.501,0.500
'[00:00:00.749 01/01/2011]',-23.000,54.301,57.801,55.001,50.501,0.500
'[00:00:00.750 01/01/2011]',-24.400,53.901,57.101,54.401,50.601,0.500
'[00:00:00.751 01/01/2011]',-25.000,53.401,56.701,53.901,50.701,0.500
'[00:00:00.752 01/01/2011]',-24.500,53.001,56.701,53.501,50.701,0.500
'[00:00:00.753 01/01/2011]',-23.400,52.801,57.201,53.301,50.701,0.500
'[00:00:00.754 01/01/2011]',-22.500,52.701,57.901,53.301,50.601,0.500
'[00:00:00.755 01/01/2011]',-22.500,52.601,58.501,53.201,50.801,0.500
'[00:00:00.756 01/01/2011]',-23.600,52.301,58.701,52.901,51.101,0.500
'[00:00:00.757 01/01/2011]',-25.200,51.801,58.201,52.501,51.301,0.500
'[00:00:00.758 01/01/2011]',-26.500,51.301,57.301,51.901,51.401,0.500
'[00:00:00.759 01/01/2011]',-26.900,51.201,56.301,51.401,51.101,0.500
'[00:00:00.760 01/01/2011]',-26.400,51.601,55.701,51.301,50.701,0.500
'[00:00:00.761 01/01/2011]',-25.600,52.401,55.601,51.501,50.401,0.500
'[00:00:00.762 01/01/2011]',-25.300,53.301,56.101,52.101,50.501,0.500
'[00:00:00.763 01/01/2011]',-25.900,54.001,56.901,52.801,50.901,0.500
'[00:00:00.764 01/01/2011]',-27.000,54.301,57.401,53.501,51.601,0.500
'[00:00:00.765 01/01/2011]',-28.100,54.401,57.601,54.101,52.001,0.500
'[00:00:00.766 01/01/2011]',-28.500,54.401,57.501,54.501,52.101,0.500
'[00:00:00.767 01/01/2011]',-28.100,54.601,57.101,54.701,51.601,0.500
'[00:00:00.768 01/01/2011]',-27.300,54.801,56.901,54.801,51.001,0.500
'[00:00:00.769 01/01/2011]',-26.700,54.901,56.901,54.901,50.501,0.500
'[00:00:00.770 01/01/2011]',-26.600,54.801,57.301,55.201,50.401,0.500
'[00:00:00.771 01/01/2011]',-26.900,54.401,57.901,55.501,50.601,0.500
'[00:00:00.772 01/01/2011]',-27.400,53.901,58.401,55.801,51.001,0.500
'[00:00:00.773 01/01/2011]',-27.700,53.501,58.601,56.101,51.301,0.500
'[00:00:00.774 01/01/2011]',-27.700,53.101,58.501,56.301,51.501,0.500
'[00:00:00.775 01/01/2011]',-27.600,52.601,58.201,56.301,51.401,0.500
'[00:00:00.776 01/01/2011]',-27.500,51.901,57.701,56.101,51.201,0.500
'[00:00:00.777 01/01/2011]',-27.600,51.101,57.301,55.701,50.801,0.500
'[00:00:00.778 01/01/2011]',-27.600,50.301,57.001,55.201,50.401,0.500
'[00:00:00.779 01/01/2011]',-27.600,49.801,56.801,54.601,49.901,0.500
'[00:00:00.780 01/01/2011]',-27.400,49.701,56.501,54.001,49.501,0.500
'[00:00:00.781 01/01/2011]',-27.300,50.201,56.201,53.501,49.201,0.500
'[00:00:00.782 01/01/2011]',-27.500,50.901,55.801,53.201,48.901,0.500
'[00:00:00.783 01/01/2011]',-27.900,51.601,55.501,52.901,48.601,0.500
'[00:00:00.784 01/01/2011]',-28.300,52.101,55.501,52.701,48.301,0.500
'[00:00:00.785 01/01/2011]',-28.400,52.501,55.701,52.501,48.001,0.500
'[00:00:00.786 01/01/2011]',-28.000,52.901,56.001,52.401,47.601,0.500
'[00:00:00.787 01/01/2011]',-27.200,53.301,56.201,52.401,47.401,0.500
'[00:00:00.788 01/01/2011]',-26.300,53.401,56.301,52.401,47.501,0.500
'[00:00:00.789 01/01/2011]',-25.500,53.201,56.201,52.501,48.101,0.500
'[00:00:00.790 01/01/2011]',-24.900,52.501,56.101,52.501,48.901,0.500
'[00:00:00.791 01/01/2011]',-24.500,51.401,56.101,52.401,49.601,0.500
'[00:00:00.792 01/01/2011]',-24.300,50.301,56.401,52.201,50.201,0.500
'[00:00:00.793 01/01/2011]',-24.300,49.501,56.601,52.001,50.301,0.500
'[00:00:00.794 01/01/2011]',-24.400,49.301,56.801,52.001,50.201,0.500
'[00:00:00.795 01/01/2011]',-24.600,49.401,56.901,52.301,50.101,0.500
'[00:00:00.796 01/01/2011]',-24.700,49.601,56.801,52.601,50.201,0.500
'[00:00:00.797 01/01/2011]',-24.400,49.701,56.801,52.801,50.501,0.500
'[00:00:00.798 01/01/2011]',-23.700,49.501,57.101,52.901,51.101,0.500
'[00:00:00.799 01/01/2011]',-22.600,49.101,57.501,52.801,51.801,0.500
'[00:00:00.800 01/01/2011]',-21.400,48.801,58.001,52.701,52.301,0.500
'[00:00:00.801 01/01/2011]',-20.400,48.801,58.101,52.601,52.401,0.500
'[00:00:00.802 01/01/2011]',-19.900,49.201,57.901,52.701,52.101,0.500
'[00:00:00.803 01/01/2011]',-19.900,49.801,57.301,52.801,51.501,0.500
'[00:00:00.804 01/01/2011]',-20.100,50.601,56.701,52.801,50.801,0.500
'[00:00:00.805 01/01/2011]',-20.200,51.301,56.401,52.701,50.101,0.500
'[00:00:00.806 01/01/2011]',-19.700,51.801,56.601,52.501,49.801,0.500
'[00:00:00.807 01/01/2011]',-18.500,52.301,57.001,52.501,49.901,0.500
'[00:00:00.808 01/01/2011]',-16.700,52.601,57.401,52.501,50.001,0.500
'[00:00:00.809 01/01/2011]',-14.500,52.701,57.401,52.601,50.201,0.500
'[00:00:00.810 01/01/2011]',-12.500,52.501,57.001,52.401,50.101,0.500
'[00:00:00.811 01/01/2011]',-10.900,52.101,56.301,52.001,49.901,0.500
'[00:00:00.812 01/01/2011]',-10.200,51.501,55.701,51.201,49.601,0.500
'[00:00:00.813 01/01/2011]',-10.100,50.701,55.301,50.501,49.301,0.500
'[00:00:00.814 01/01/2011]',-10.500,50.001,55.101,49.901,49.201,0.500
'[00:00:00.815 01/01/2011]',-10.800,49.401,55.101,49.501,49.001,0.500
'[00:00:00.816 01/01/2011]',-10.800,48.801,54.801,49.401,48.701,0.500
'[00:00:00.817 01/01/2011]',-10.100,48.401,54.401,49.401,48.401,0.500
'[00:00:00.818 01/01/2011]',-9.000,48.301,54.001,49.401,48.101,0.500
'[00:00:00.819 01/01/2011]',-7.900,48.301,53.801,49.301,48.001,0.500
'[00:00:00.820 01/01/2011]',-7.000,48.601,54.001,49.401,48.101,0.500
'[00:00:00.821 01/01/2011]',-6.600,49.001,54.301,49.501,48.201,0.500
'[00:00:00.822 01/01/2011]',-6.500,49.301,54.501,49.601,48.101,0.500
'[00:00:00.823 01/01/2011]',-6.400,49.501,54.301,49.701,47.701,0.500
'[00:00:00.824 01/01/2011]',-5.900,49.501,53.801,49.701,47.101,0.500
'[00:00:00.825 01/01/2011]',-4.600,49.601,52.901,49.601,46.501,0.500
'[00:00:00.826 01/01/2011]',-3.100,49.801,52.201,49.401,46.301,0.500
'[00:00:00.827 01/01/2011]',-1.600,50.201,51.701,49.401,46.601,0.500
'[00:00:00.828 01/01/2011]',-0.900,50.501,51.701,49.301,47.101,0.500
'[00:00:00.829 01/01/2011]',-0.900,50.601,51.801,49.201,47.401,0.500
'[00:00:00.830 01/01/2011]',-1.500,50.401,52.001,49.001,47.501,0.500
'[00:00:00.831 01/01/2011]',-2.000,49.901,51.901,48.801,47.101,0.500
'[00:00:00.832 01/01/2011]',-1.800,49.301,51.701,48.701,46.601,0.500
'[00:00:00.833 01/01/2011]',-0.700,48.601,51.301,48.601,46.301,0.500
'[00:00:00.834 01/01/2011]',1.100,48.101,51.101,48.601,46.201,0.500
'[00:00:00.835 01/01/2011]',3.100,47.601,51.101,48.401,46.501,0.500
'[00:00:00.836 01/01/2011]',4.700,47.001,51.201,47.801,46.901,0.500
'[00:00:00.837 01/01/2011]',5.600,46.301,51.501,46.901,47.101,0.500
'[00:00:00.838 01/01/2011]',5.800,45.701,51.701,45.901,47.201,0.500
'[00:00:00.839 01/01/2011]',5.500,45.501,51.801,45.101,47.001,0.500
'[00:00:00.840 01/01/2011]',4.900,45.801,51.601,44.901,46.901,0.500
'[00:00:00.841 01/01/2011]',4.400,46.401,51.401,45.401,46.801,0.500
'[00:00:00.842 01/01/2011]',4.100,47.301,51.201,46.301,46.801,0.500
'[00:00:00.843 01/01/2011]',4.100,48.101,51.201,47.301,47.001,0.500
'[00:00:00.844 01/01/2011]',4.300,48.701,51.501,48.201,47.201,0.500
'[00:00:00.845 01/01/2011]',4.700,49.101,51.901,48.801,47.301,0.500
'[00:00:00.846 01/01/2011]',5.100,49.301,52.401,49.201,47.301,0.500
'[00:00:00.847 01/01/2011]',5.400,49.501,52.801,49.501,47.201,0.500
'[00:00:00.848 01/01/2011]',5.900,49.501,53.101,49.801,47.201,0.500
'[00:00:00.849 01/01/2011]',6.700,49.201,53.201,50.001,47.201,0.500
'[00:00:00.850 01/01/2011]',8.200,48.701,53.201,49.801,47.301,0.500
'[00:00:00.851 01/01/2011]',10.100,48.001,53.201,49.401,47.601,0.500
'[00:00:00.852 01/01/2011]',12.000,47.501,53.101,48.901,47.801,0.500
'[00:00:00.853 01/01/2011]',13.200,47.101,52.801,48.601,47.801,0.500
'[00:00:00.854 01/01/2011]',13.600,47.001,52.301,48.701,47.701,0.500
'[00:00:00.855 01/01/2011]',13.500,46.801,51.601,49.201,47.601,0.500
'[00:00:00.856 01/01/2011]',13.500,46.201,51.001,49.801,47.401,0.500
'[00:00:00.857 01/01/2011]',14.500,45.401,50.601,50.301,47.401,0.500
'[00:00:00.858 01/01/2011]',16.400,44.601,50.401,50.301,47.501,0.500
'[00:00:00.859 01/01/2011]',18.800,44.201,50.301,49.901,47.401,0.500
'[00:00:00.860 01/01/2011]',20.700,44.401,50.101,49.401,47.201,0.500
'[00:00:00.861 01/01/2011]',21.700,45.201,49.801,48.901,46.601,0.500
'[00:00:00.862 01/01/2011]',21.700,46.201,49.301,48.801,45.901,0.500
'[00:00:00.863 01/01/2011]',21.400,47.001,48.901,48.901,45.201,0.500
'[00:00:00.864 01/01/2011]',21.400,47.401,48.601,49.101,44.601,0.500
'[00:00:00.865 01/01/2011]',22.200,47.501,48.501,49.201,44.201,0.500
'[00:00:00.866 01/01/2011]',23.500,47.401,48.401,49.001,44.101,0.500
'[00:00:00.867 01/01/2011]',24.800,47.401,48.201,48.701,44.001,0.500
'[00:00:00.868 01/01/2011]',25.800,47.301,47.801,48.301,44.001,0.500
'[00:00:00.869 01/01/2011]',26.400,47.201,47.401,48.101,43.901,0.500
'[00:00:00.870 01/01/2011]',26.900,46.801,47.001,47.801,43.801,0.500
'[00:00:00.871 01/01/2011]',27.800,46.101,46.701,47.501,43.401,0.500
'[00:00:00.872 01/01/2011]',29.200,45.501,46.601,46.901,42.901,0.500
'[00:00:00.873 01/01/2011]',30.900,44.801,46.401,46.101,42.201,0.500
'[00:00:00.874 01/01/2011]',32.500,44.301,46.101,45.301,41.501,0.500
'[00:00:00.875 01/01/2011]',33.501,43.801,45.701,44.701,41.101,0.500
'[00:00:00.876 01/01/2011]',33.901,43.201,45.401,44.401,41.101,0.500
'[00:00:00.877 01/01/2011]',33.901,42.501,45.201,44.501,41.201,0.500
'[00:00:00.878 01/01/2011]',33.801,41.901,45.401,44.901,41.501,0.500
'[00:00:00.879 01/01/2011]',33.901,41.601,45.701,45.301,41.601,0.500
'[00:00:00.880 01/01/2011]',34.401,41.801,46.101,45.501,41.501,0.500
'[00:00:00.881 01/01/2011]',35.301,42.501,46.401,45.501,41.401,0.500
'[00:00:00.882 01/01/2011]',36.401,43.401,46.501,45.201,41.201,0.500
'[00:00:00.883 01/01/2011]',37.801,44.101,46.501,44.801,41.101,0.500
'[00:00:00.884 01/01/2011]',39.101,44.701,46.501,44.501,41.101,0.500
'[00:00:00.885 01/01/2011]',40.201,45.001,46.701,44.201,40.901,0.500
'[00:00:00.886 01/01/2011]',40.701,45.201,46.901,44.001,40.601,0.500
'[00:00:00.887 01/01/2011]',40.601,45.401,47.001,43.901,40.001,0.500
'[00:00:00.888 01/01/2011]',40.001,45.601,46.701,43.701,39.401,0.500
'[00:00:00.889 01/01/2011]',39.201,45.701,46.201,43.401,38.901,0.500
'[00:00:00.890 01/01/2011]',38.701,45.601,45.701,43.001,38.601,0.500
'[00:00:00.891 01/01/2011]',38.901,45.301,45.301,42.701,38.701,0.500
'[00:00:00.892 01/01/2011]',39.601,44.801,45.201,42.601,38.901,0.500
'[00:00:00.893 01/01/2011]',40.701,44.301,45.301,42.701,39.301,0.500
'[00:00:00.894 01/01/2011]',41.501,43.801,45.401,42.901,39.701,0.500
'[00:00:00.895 01/01/2011]',41.801,43.301,45.501,43.101,40.001,0.500
'[00:00:00.896 01/01/2011]',41.701,42.701,45.501,42.901,40.201,0.500
'[00:00:00.897 01/01/2011]',41.701,42.001,45.501,42.601,40.401,0.500
'[00:00:00.898 01/01/2011]',42.101,41.301,45.701,42.301,40.401,0.500
'[00:00:00.899 01/01/2011]',43.001,41.001,46.001,42.101,40.501,0.500
'[00:00:00.900 01/01/2011]',44.101,41.201,46.301,42.201,40.701,0.500
'[00:00:00.901 01/01/2011]',44.601,41.901,46.401,42.501,40.801,0.500
'[00:00:00.902 01/01/2011]',44.101,42.901,46.201,42.801,41.001,0.500
'[00:00:00.903 01/01/2011]',42.601,43.901,45.701,43.101,41.101,0.500
'[00:00:00.904 01/01/2011]',40.701,44.501,45.201,43.401,41.101,0.500
'[00:00:00.905 01/01/2011]',39.201,44.801,45.001,43.601,41.101,0.500
'[00:00:00.906 01/01/2011]',38.801,44.801,45.301,43.901,41.301,0.500
'[00:00:00.907 01/01/2011]',39.401,44.701,45.801,44.301,41.601,0.500
'[00:00:00.908 01/01/2011]',40.501,44.701,46.301,44.401,42.001,0.500
'[00:00:00.909 01/01/2011]',41.301,44.701,46.501,44.101,42.301,0.500
'[00:00:00.910 01/01/2011]',41.501,44.401,46.401,43.401,42.301,0.500
'[00:00:00.911 01/01/2011]',40.801,43.801,45.901,42.501,41.901,0.500
'[00:00:00.912 01/01/2011]',39.801,42.901,45.201,41.601,41.101,0.500
'[00:00:00.913 01/01/2011]',38.801,41.801,44.501,41.101,40.301,0.500
'[00:00:00.914 01/01/2011]',38.101,41.001,44.001,41.001,39.701,0.500
'[00:00:00.915 01/01/2011]',37.801,40.501,43.801,41.101,39.601,0.500
'[00:00:00.916 01/01/2011]',37.701,40.501,43.901,41.301,39.901,0.500
'[00:00:00.917 01/01/2011]',37.601,40.801,44.401,41.601,40.401,0.500
'[00:00:00.918 01/01/2011]',37.501,41.301,45.101,41.801,41.101,0.500
'[00:00:00.919 01/01/2011]',37.401,41.801,45.801,42.201,41.601,0.500
'[00:00:00.920 01/01/2011]',37.301,42.201,46.301,42.801,41.801,0.500
'[00:00:00.921 01/01/2011]',37.101,42.601,46.401,43.401,41.801,0.500
'[00:00:00.922 01/01/2011]',36.701,43.001,46.101,43.901,41.701,0.500
'[00:00:00.923 01/01/2011]',36.001,43.401,45.701,44.001,41.501,0.500
'[00:00:00.924 01/01/2011]',35.001,44.001,45.301,43.901,41.401,0.500
'[00:00:00.925 01/01/2011]',33.801,44.601,45.201,43.401,41.501,0.500
'[00:00:00.926 01/01/2011]',32.500,45.201,45.501,43.001,41.601,0.500
'[00:00:00.927 01/01/2011]',31.100,45.401,45.801,42.701,41.701,0.500
'[00:00:00.928 01/01/2011]',29.800,45.201,46.101,42.601,41.601,0.500
'[00:00:00.929 01/01/2011]',28.600,44.601,46.001,42.601,41.301,0.500
'[00:00:00.930 01/01/2011]',27.700,43.701,45.401,42.501,40.801,0.500
'[00:00:00.931 01/01/2011]',27.200,42.901,44.401,42.301,40.301,0.500
'[00:00:00.932 01/01/2011]',27.200,42.301,43.501,42.101,39.801,0.500
'[00:00:00.933 01/01/2011]',27.400,41.901,42.801,42.001,39.601,0.500
'[00:00:00.934 01/01/2011]',27.200,41.701,42.601,42.001,39.701,0.500
'[00:00:00.935 01/01/2011]',26.500,41.301,42.901,42.201,40.201,0.500
'[00:00:00.936 01/01/2011]',25.100,40.701,43.601,42.501,41.001,0.500
'[00:00:00.937 01/01/2011]',23.500,39.901,44.101,42.701,41.801,0.500
'[00:00:00.938 01/01/2011]',22.300,39.301,44.401,42.701,42.601,0.500
'[00:00:00.939 01/01/2011]',21.800,39.101,44.201,42.501,43.001,0.500
'[00:00:00.940 01/01/2011]',22.000,39.301,43.801,42.201,43.001,0.500
'[00:00:00.941 01/01/2011]',22.400,40.001,43.401,41.901,42.601,0.500
'[00:00:00.942 01/01/2011]',22.400,40.801,43.201,41.701,42.001,0.500
'[00:00:00.943 01/01/2011]',21.500,41.601,43.301,41.601,41.601,0.500
'[00:00:00.944 01/01/2011]',19.900,42.301,43.701,41.701,41.401,0.500
'[00:00:00.945 01/01/2011]',18.100,42.801,44.201,41.801,41.701,0.500
'[00:00:00.946 01/01/2011]',16.700,43.301,44.501,41.901,42.201,0.500
'[00:00:00.947 01/01/2011]',16.300,43.901,44.701,41.901,42.801,0.500
'[00:00:00.948 01/01/2011]',16.600,44.501,44.701,42.001,43.101,0.500
'[00:00:00.949 01/01/2011]',17.200,44.901,44.801,42.001,43.101,0.500
'[00:00:00.950 01/01/2011]',17.400,45.101,45.001,42.301,43.001,0.500
'[00:00:00.951 01/01/2011]',16.900,44.801,45.401,42.601,43.001,0.500
'[00:00:00.952 01/01/2011]',15.800,44.201,45.801,43.001,43.101,0.500
'[00:00:00.953 01/01/2011]',14.700,43.601,46.301,43.401,43.401,0.500
'[00:00:00.954 01/01/2011]',14.100,42.901,46.701,43.601,43.801,0.500
'[00:00:00.955 01/01/2011]',14.100,42.401,46.901,43.601,43.901,0.500
'[00:00:00.956 01/01/2011]',14.400,42.001,47.201,43.401,43.901,0.500
'[00:00:00.957 01/01/2011]',14.500,41.601,47.401,43.301,43.601,0.500
'[00:00:00.958 01/01/2011]',13.800,41.201,47.601,43.101,43.401,0.500
'[00:00:00.959 01/01/2011]',12.200,40.801,47.801,43.101,43.401,0.500
'[00:00:00.960 01/01/2011]',9.800,40.701,47.801,43.101,43.701,0.500
'[00:00:00.961 01/01/2011]',7.300,40.801,47.801,43.101,44.101,0.500
'[00:00:00.962 01/01/2011]',5.100,41.301,47.501,43.101,44.501,0.500
'[00:00:00.963 01/01/2011]',3.700,42.101,47.201,43.301,44.501,0.500
'[00:00:00.964 01/01/2011]',3.000,43.201,46.901,43.701,44.401,0.500
'[00:00:00.965 01/01/2011]',2.800,44.401,46.801,44.101,44.001,0.500
'[00:00:00.966 01/01/2011]',2.400,45.301,46.801,44.501,43.701,0.500
'[00:00:00.967 01/01/2011]',1.600,46.101,46.901,44.801,43.601,0.500
'[00:00:00.968 01/01/2011]',0.400,46.601,46.801,44.901,43.801,0.500
'[00:00:00.969 01/01/2011]',-1.100,47.001,46.701,44.901,44.301,0.500
'[00:00:00.970 01/01/2011]',-2.600,47.101,46.401,45.101,44.801,0.500
'[00:00:00.971 01/01/2011]',-3.900,47.001,46.201,45.501,45.201,0.500
'[00:00:00.972 01/01/2011]',-4.800,46.601,46.101,46.101,45.401,0.500
'[00:00:00.973 01/01/2011]',-5.600,45.901,46.301,46.601,45.401,0.500
'[00:00:00.974 01/01/2011]',-6.400,44.701,46.601,46.701,45.401,0.500
'[00:00:00.975 01/01/2011]',-7.500,43.301,47.101,46.201,45.301,0.500
'[00:00:00.976 01/01/2011]',-8.700,41.901,47.501,45.301,45.301,0.500
'[00:00:00.977 01/01/2011]',-10.100,40.801,47.701,44.201,45.401,0.500
'[00:00:00.978 01/01/2011]',-11.300,40.101,47.801,43.401,45.601,0.500
'[00:00:00.979 01/01/2011]',-12.300,40.001,47.601,43.201,45.801,0.500
'[00:00:00.980 01/01/2011]',-13.000,40.501,47.501,43.501,46.001,0.500
'[00:00:00.981 01/01/2011]',-13.600,41.401,47.501,44.101,46.201,0.500
'[00:00:00.982 01/01/2011]',-14.500,42.401,47.501,44.601,46.301,0.500
'[00:00:00.983 01/01/2011]',-16.100,43.401,47.701,44.801,46.401,0.500
'[00:00:00.984 01/01/2011]',-18.200,44.301,48.001,44.701,46.501,0.500
'[00:00:00.985 01/01/2011]',-20.800,45.101,48.401,44.501,46.701,0.500
'[00:00:00.986 01/01/2011]',-23.400,45.901,48.601,44.501,47.101,0.500
'[00:00:00.987 01/01/2011]',-25.400,46.701,48.701,44.701,47.701,0.500
'[00:00:00.988 01/01/2011]',-26.800,47.401,48.701,45.101,48.401,0.500
'[00:00:00.989 01/01/2011]',-27.400,48.001,48.701,45.501,49.001,0.500
'[00:00:00.990 01/01/2011]',-27.800,48.401,48.801,45.901,49.401,0.500
'[00:00:00.991 01/01/2011]',-28.300,48.401,49.101,46.101,49.501,0.500
'[00:00:00.992 01/01/2011]',-29.000,48.001,49.601,46.101,49.401,0.500
'[00:00:00.993 01/01/2011]',-29.800,47.101,50.101,46.101,49.301,0.500
'[00:00:00.994 01/01/2011]',-30.600,46.001,50.501,46.001,49.401,0.500
'[00:00:00.995 01/01/2011]',-31.000,44.801,50.601,46.101,49.601,0.500
'[00:00:00.996 01/01/2011]',-31.100,43.701,50.401,46.101,49.901,0.500
'[00:00:00.997 01/01/2011]',-31.100,42.901,50.001,46.201,50.201,0.500
'[00:00:00.998 01/01/2011]',-31.400,42.501,49.701,46.301,50.201,0.500
'[00:00:00.999 01/01/2011]',-32.000,42.601,49.601,46.401,50.001,0.500
'[00:00:01.000 01/01/2011]',-33.001,43.001,50.001,46.501,49.801,0.500
'[00:00:01.001 01/01/2011]',-33.901,43.701,50.601,46.801,49.801,0.500
'[00:00:01.002 01/01/2011]',-34.401,44.701,51.201,47.301,49.801,0.500
'[00:00:01.003 01/01/2011]',-34.501,45.901,51.701,47.901,50.001,0.500
'[00:00:01.004 01/01/2011]',-34.401,47.101,51.801,48.701,50.201,0.500
'[00:00:01.005 01/01/2011]',-34.301,48.201,51.601,49.501,50.201,0.500
'[00:00:01.006 01/01/2011]',-34.601,49.101,51.301,50.101,50.301,0.500
'[00:00:01.007 01/01/2011]',-35.301,49.601,51.201,50.501,50.401,0.500
'[00:00:01.008 01/01/2011]',-36.001,49.801,51.301,50.501,50.701,0.500
'[00:00:01.009 01/01/2011]',-36.601,49.601,51.701,50.301,51.301,0.500
'[00:00:01.010 01/01/2011]',-36.701,49.301,52.001,50.001,51.901,0.500
'[00:00:01.011 01/01/2011]',-36.601,48.801,52.201,49.901,52.401,0.500
'[00:00:01.012 01/01/2011]',-36.501,48.201,52.201,50.001,52.601,0.500
'[00:00:01.013 01/01/2011]',-36.701,47.501,52.101,50.101,52.401,0.500
'[00:00:01.014 01/01/2011]',-37.401,46.801,52.101,50.201,52.101,0.500
'[00:00:01.015 01/01/2011]',-38.101,46.301,52.301,50.101,51.901,0.500
'[00:00:01.016 01/01/2011]',-38.501,45.801,52.701,49.701,51.901,0.500
'[00:00:01.017 01/01/2011]',-38.301,45.501,53.201,49.101,52.301,0.500
'[00:00:01.018 01/01/2011]',-37.301,45.201,53.701,48.701,52.901,0.500
'[00:00:01.019 01/01/2011]',-35.801,45.101,54.001,48.501,53.401,0.500
'[00:00:01.020 01/01/2011]',-34.101,45.201,54.101,48.701,53.601,0.500
'[00:00:01.021 01/01/2011]',-32.400,45.701,54.201,49.001,53.501,0.500
'[00:00:01.022 01/01/2011]',-31.100,46.601,54.201,49.301,53.101,0.500
'[00:00:01.023 01/01/2011]',-30.100,47.701,54.101,49.501,52.701,0.500
'[00:00:01.024 01/01/2011]',-29.400,48.801,54.001,49.701,52.601,0.500
'[00:00:01.025 01/01/2011]',-28.900,49.701,53.901,50.101,52.701,0.500
'[00:00:01.026 01/01/2011]',-28.700,50.201,53.801,50.601,53.201,0.500
'[00:00:01.027 01/01/2011]',-28.800,50.201,53.801,51.401,53.601,0.500
'[00:00:01.028 01/01/2011]',-29.100,50.001,53.801,52.301,54.001,0.500
'[00:00:01.029 01/01/2011]',-29.300,49.701,54.001,52.801,54.201,0.500
'[00:00:01.030 01/01/2011]',-29.400,49.501,54.201,53.101,54.201,0.500
'[00:00:01.031 01/01/2011]',-28.900,49.401,54.401,52.901,54.301,0.500
'[00:00:01.032 01/01/2011]',-27.900,49.401,54.701,52.701,54.401,0.500
'[00:00:01.033 01/01/2011]',-26.300,49.301,55.001,52.501,54.701,0.500
'[00:00:01.034 01/01/2011]',-24.800,49.101,55.601,52.601,55.101,0.500
'[00:00:01.035 01/01/2011]',-23.600,48.701,56.301,53.001,55.501,0.500
'[00:00:01.036 01/01/2011]',-23.100,48.301,57.001,53.501,55.701,0.500
'[00:00:01.037 01/01/2011]',-23.100,47.901,57.501,53.801,55.801,0.500
'[00:00:01.038 01/01/2011]',-23.300,47.601,57.901,53.801,55.801,0.500
'[00:00:01.039 01/01/2011]',-23.200,47.501,58.101,53.601,55.901,0.500
'[00:00:01.040 01/01/2011]',-22.600,47.601,58.001,53.301,56.101,0.500
'[00:00:01.041 01/01/2011]',-21.700,48.001,58.001,53.101,56.501,0.500
'[00:00:01.042 01/01/2011]',-20.800,48.901,57.901,53.101,57.001,0.500
'[00:00:01.043 01/01/2011]',-20.300,50.201,57.701,53.401,57.401,0.500
'[00:00:01.044 01/01/2011]',-20.100,51.701,57.501,53.901,57.801,0.500
'[00:00:01.045 01/01/2011]',-20.000,53.101,57.301,54.401,58.001,0.500
'[00:00:01.046 01/01/2011]',-19.600,54.101,57.101,55.001,58.101,0.500
'[00:00:01.047 01/01/2011]',-18.900,54.601,57.101,55.601,58.101,0.500
'[00:00:01.048 01/01/2011]',-18.300,54.701,57.301,56.201,58.001,0.500
'[00:00:01.049 01/01/2011]',-18.100,54.501,57.701,56.501,57.801,0.500
'[00:00:01.050 01/01/2011]',-18.300,54.301,57.901,56.401,57.301,0.500
'[00:00:01.051 01/01/2011]',-18.800,54.001,57.801,56.101,56.601,0.500
'[00:00:01.052 01/01/2011]',-19.100,53.501,57.201,55.501,55.901,0.500
'[00:00:01.053 01/01/2011]',-18.800,52.801,56.301,54.901,55.301,0.500
'[00:00:01.054 01/01/2011]',-18.100,52.001,55.501,54.501,54.901,0.500
'[00:00:01.055 01/01/2011]',-17.400,51.201,55.001,54.301,54.801,0.500
'[00:00:01.056 01/01/2011]',-17.300,50.401,55.001,54.201,54.801,0.500
'[00:00:01.057 01/01/2011]',-18.100,49.901,55.201,54.001,54.701,0.500
'[00:00:01.058 01/01/2011]',-19.300,49.601,55.301,53.701,54.601,0.500
'[00:00:01.059 01/01/2011]',-20.700,49.601,55.101,53.201,54.201,0.500
'[00:00:01.060 01/01/2011]',-21.700,49.801,54.601,52.601,53.901,0.500
'[00:00:01.061 01/01/2011]',-22.300,50.401,53.901,52.201,53.501,0.500
'[00:00:01.062 01/01/2011]',-23.100,51.301,53.401,52.201,53.201,0.500
'[00:00:01.063 01/01/2011]',-24.300,52.601,53.201,52.701,53.001,0.500
'[00:00:01.064 01/01/2011]',-26.300,53.901,53.101,53.501,52.901,0.500
'[00:00:01.065 01/01/2011]',-28.700,54.901,52.801,54.201,52.801,0.500
'[00:00:01.066 01/01/2011]',-30.800,55.401,52.401,54.701,52.701,0.500
'[00:00:01.067 01/01/2011]',-32.000,55.501,51.801,54.701,52.701,0.500
'[00:00:01.068 01/01/2011]',-32.200,55.201,51.401,54.601,52.701,0.500
'[00:00:01.069 01/01/2011]',-31.700,55.101,51.401,54.401,52.701,0.500
'[00:00:01.070 01/01/2011]',-31.600,55.001,51.801,54.601,52.601,0.500
'[00:00:01.071 01/01/2011]',-32.600,55.001,52.501,55.001,52.701,0.500
'[00:00:01.072 01/01/2011]',-34.701,54.701,53.301,55.501,52.901,0.500
'[00:00:01.073 01/01/2011]',-37.301,54.101,53.901,55.801,53.301,0.500
'[00:00:01.074 01/01/2011]',-39.201,53.101,54.201,55.501,53.701,0.500
'[00:00:01.075 01/01/2011]',-39.501,51.901,54.201,54.901,54.101,0.500
'[00:00:01.076 01/01/2011]',-38.401,50.901,54.001,54.201,54.201,0.500
'[00:00:01.077 01/01/2011]',-36.701,50.401,53.701,53.701,54.001,0.500
'[00:00:01.078 01/01/2011]',-35.801,50.201,53.201,53.701,53.501,0.500
'[00:00:01.079 01/01/2011]',-36.601,50.401,52.701,54.001,52.901,0.500
'[00:00:01.080 01/01/2011]',-39.001,50.801,52.201,54.401,52.401,0.500
'[00:00:01.081 01/01/2011]',-41.701,51.301,51.901,54.501,52.101,0.500
'[00:00:01.082 01/01/2011]',-43.601,52.101,51.701,54.201,52.101,0.500
'[00:00:01.083 01/01/2011]',-43.901,53.101,51.601,53.701,52.101,0.500
'[00:00:01.084 01/01/2011]',-43.101,54.301,51.601,53.101,52.201,0.500
'[00:00:01.085 01/01/2011]',-42.001,55.501,51.701,52.701,52.101,0.500
'[00:00:01.086 01/01/2011]',-41.701,56.501,51.701,52.701,51.901,0.500
'[00:00:01.087 01/01/2011]',-42.301,57.101,51.901,53.101,51.601,0.500
'[00:00:01.088 01/01/2011]',-43.301,57.401,52.301,53.701,51.301,0.500
'[00:00:01.089 01/01/2011]',-44.201,57.401,52.701,54.401,51.101,0.500
'[00:00:01.090 01/01/2011]',-44.701,57.401,53.101,55.001,51.301,0.500
'[00:00:01.091 01/01/2011]',-45.101,57.301,53.301,55.501,51.901,0.500
'[00:00:01.092 01/01/2011]',-46.001,57.101,53.201,55.901,52.701,0.500
'[00:00:01.093 01/01/2011]',-47.601,56.901,53.101,56.201,53.801,0.500
'[00:00:01.094 01/01/2011]',-49.501,56.601,53.101,56.201,54.701,0.500
'[00:00:01.095 01/01/2011]',-50.801,56.201,53.401,56.101,55.401,0.500
'[00:00:01.096 01/01/2011]',-50.901,56.101,53.901,56.101,55.801,0.500
'[00:00:01.097 01/01/2011]',-49.701,56.301,54.401,56.301,55.701,0.500
'[00:00:01.098 01/01/2011]',-48.001,56.701,54.601,56.701,55.301,0.500
'[00:00:01.099 01/01/2011]',-46.701,57.401,54.501,57.301,54.801,0.500
'[00:00:01.100 01/01/2011]',-46.501,58.201,54.101,57.901,54.401,0.500
'[00:00:01.101 01/01/2011]',-47.401,58.901,53.701,58.201,54.201,0.500
'[00:00:01.102 01/01/2011]',-48.901,59.701,53.301,58.101,54.401,0.500
'[00:00:01.103 01/01/2011]',-50.401,60.501,52.901,57.901,54.701,0.500
'[00:00:01.104 01/01/2011]',-51.601,61.401,52.501,57.701,54.901,0.500
'[00:00:01.105 01/01/2011]',-52.401,62.301,51.801,57.701,54.901,0.500
'[00:00:01.106 01/01/2011]',-53.101,63.101,50.901,57.801,54.501,0.500
'[00:00:01.107 01/01/2011]',-53.601,63.601,49.901,57.901,54.001,0.500
'[00:00:01.108 01/01/2011]',-53.801,63.801,49.001,57.801,53.301,0.500
'[00:00:01.109 01/01/2011]',-53.801,63.801,48.301,57.201,52.801,0.500
'[00:00:01.110 01/01/2011]',-53.201,63.801,47.801,56.501,52.501,0.500
'[00:00:01.111 01/01/2011]',-52.301,63.901,47.301,55.901,52.301,0.500
'[00:00:01.112 01/01/2011]',-51.201,64.001,46.901,55.601,52.001,0.500
'[00:00:01.113 01/01/2011]',-50.201,63.901,46.501,55.401,51.701,0.500
'[00:00:01.114 01/01/2011]',-49.601,63.501,46.001,55.401,51.401,0.500
'[00:00:01.115 01/01/2011]',-49.301,62.601,45.701,55.101,51.101,0.500
'[00:00:01.116 01/01/2011]',-49.601,61.601,45.501,54.601,51.101,0.500
'[00:00:01.117 01/01/2011]',-50.401,60.801,45.301,54.001,51.401,0.500
'[00:00:01.118 01/01/2011]',-51.501,60.301,45.301,53.501,51.801,0.500
'[00:00:01.119 01/01/2011]',-52.701,60.401,45.301,53.501,52.201,0.500
'[00:00:01.120 01/01/2011]',-53.601,60.601,45.401,53.801,52.501,0.500
'[00:00:01.121 01/01/2011]',-53.801,61.001,45.601,54.301,52.401,0.500
'[00:00:01.122 01/01/2011]',-53.301,61.301,45.901,54.701,52.201,0.500
'[00:00:01.123 01/01/2011]',-52.601,61.801,46.101,54.901,51.801,0.500
'[00:00:01.124 01/01/2011]',-52.101,62.701,46.201,55.201,51.401,0.500
'[00:00:01.125 01/01/2011]',-52.101,63.801,46.101,55.701,51.201,0.500
'[00:00:01.126 01/01/2011]',-52.801,65.101,46.001,56.501,51.201,0.500
'[00:00:01.127 01/01/2011]',-53.401,66.101,45.701,57.401,51.301,0.500
'[00:00:01.128 01/01/2011]',-53.401,66.501,45.501,58.001,51.301,0.500
'[00:00:01.129 01/01/2011]',-52.601,66.501,45.301,58.201,51.101,0.500
'[00:00:01.130 01/01/2011]',-51.201,66.301,44.901,58.001,50.801,0.500
'[00:00:01.131 01/01/2011]',-49.901,66.201,44.401,57.501,50.201,0.500
'[00:00:01.132 01/01/2011]',-49.501,66.101,43.701,56.901,49.501,0.500
'[00:00:01.133 01/01/2011]',-49.901,66.001,42.801,56.301,48.601,0.500
'[00:00:01.134 01/01/2011]',-50.901,65.401,41.701,55.501,47.401,0.500
'[00:00:01.135 01/01/2011]',-51.501,64.401,40.401,54.501,46.001,0.500
'[00:00:01.136 01/01/2011]',-51.401,63.101,39.301,53.501,44.701,0.500
'[00:00:01.137 01/01/2011]',-50.501,61.901,38.501,52.701,43.901,0.500
'[00:00:01.138 01/01/2011]',-49.301,61.401,38.501,52.501,43.801,0.500
'[00:00:01.139 01/01/2011]',-48.201,61.701,39.401,53.201,44.701,0.500
'[00:00:01.140 01/01/2011]',-46.801,62.501,41.501,54.701,46.301,0.500
'[00:00:01.141 01/01/2011]',-44.101,63.501,44.301,56.401,48.001,0.500
'[00:00:01.142 01/01/2011]',-39.301,64.401,47.201,58.101,49.301,0.500
'[00:00:01.143 01/01/2011]',-31.700,65.401,49.601,59.301,50.001,0.500
'[00:00:01.144 01/01/2011]',-21.900,66.401,51.101,60.101,50.401,0.500
'[00:00:01.145 01/01/2011]',-11.300,67.601,51.801,60.801,51.001,0.500
'[00:00:01.146 01/01/2011]',-1.500,68.801,52.001,61.601,52.001,0.500
'[00:00:01.147 01/01/2011]',6.600,70.001,52.301,62.601,53.701,0.500
'[00:00:01.148 01/01/2011]',12.700,70.801,53.101,63.801,55.501,0.500
'[00:00:01.149 01/01/2011]',17.300,71.201,54.301,64.801,57.001,0.500
'[00:00:01.150 01/01/2011]',21.000,71.401,55.501,65.501,57.901,0.500
'[00:00:01.151 01/01/2011]',23.900,71.401,56.501,65.801,58.301,0.500
'[00:00:01.152 01/01/2011]',25.800,71.201,57.101,65.901,58.601,0.500
'[00:00:01.153 01/01/2011]',26.400,70.901,57.501,66.001,59.401,0.500
'[00:00:01.154 01/01/2011]',25.600,70.601,58.101,66.201,60.701,0.500
'[00:00:01.155 01/01/2011]',23.600,70.201,59.001,66.601,62.501,0.500
'[00:00:01.156 01/01/2011]',21.100,70.101,60.301,67.101,64.401,0.500
'[00:00:01.157 01/01/2011]',18.900,70.301,61.701,67.701,65.901,0.500
'[00:00:01.158 01/01/2011]',17.700,70.701,62.801,68.201,67.001,0.500
'[00:00:01.159 01/01/2011]',17.900,71.201,63.601,68.701,67.701,0.500
'[00:00:01.160 01/01/2011]',19.200,71.601,64.001,69.001,68.101,0.500
'[00:00:01.161 01/01/2011]',21.100,71.801,64.101,69.201,68.301,0.500
'[00:00:01.162 01/01/2011]',22.800,71.901,63.901,68.901,68.001,0.500
'[00:00:01.163 01/01/2011]',23.100,72.001,63.301,68.201,66.901,0.500
'[00:00:01.164 01/01/2011]',21.500,72.201,62.101,67.001,64.901,0.500
'[00:00:01.165 01/01/2011]',17.300,72.301,60.101,65.301,62.001,0.500
'[00:00:01.166 01/01/2011]',10.500,72.201,57.301,63.301,58.501,0.500
'[00:00:01.167 01/01/2011]',1.400,71.501,53.801,61.101,54.801,0.500
'[00:00:01.168 01/01/2011]',-9.700,70.601,50.101,59.101,51.101,0.500
'[00:00:01.169 01/01/2011]',-21.800,69.701,46.701,57.401,47.901,0.500
'[00:00:01.170 01/01/2011]',-34.101,69.301,44.201,56.001,45.101,0.500
'[00:00:01.171 01/01/2011]',-45.201,69.301,43.001,55.101,42.801,0.500
'[00:00:01.172 01/01/2011]',-53.701,69.801,43.401,54.501,41.001,0.500
'[00:00:01.173 01/01/2011]',-58.701,70.401,45.301,54.301,39.701,0.500
'[00:00:01.174 01/01/2011]',-59.601,70.801,48.301,54.601,38.801,0.500
'[00:00:01.175 01/01/2011]',-56.901,71.101,51.901,55.501,38.401,0.500
'[00:00:01.176 01/01/2011]',-51.401,71.501,55.701,56.701,38.101,0.500
'[00:00:01.177 01/01/2011]',-44.501,72.201,59.301,58.201,38.001,0.500
'[00:00:01.178 01/01/2011]',-37.401,73.401,62.601,59.601,37.901,0.500
'[00:00:01.179 01/01/2011]',-31.200,74.901,65.601,60.701,37.801,0.500
'[00:00:01.180 01/01/2011]',-26.700,76.401,68.201,61.401,37.901,0.500
'[00:00:01.181 01/01/2011]',-24.100,77.701,70.401,62.101,38.501,0.500
'[00:00:01.182 01/01/2011]',-23.400,78.601,72.301,63.001,39.501,0.500
'[00:00:01.183 01/01/2011]',-23.900,79.201,73.901,64.301,41.201,0.500
'[00:00:01.184 01/01/2011]',-24.900,79.601,75.301,66.001,43.501,0.500
'[00:00:01.185 01/01/2011]',-25.600,80.101,76.701,68.001,46.201,0.500
'[00:00:01.186 01/01/2011]',-25.500,80.601,78.201,70.101,49.401,0.500
'[00:00:01.187 01/01/2011]',-24.300,81.101,79.901,72.001,53.001,0.500
'[00:00:01.188 01/01/2011]',-22.600,81.301,81.501,73.801,57.101,0.500
'[00:00:01.189 01/01/2011]',-20.800,81.001,82.801,75.601,61.801,0.500
'[00:00:01.190 01/01/2011]',-19.500,80.201,83.401,77.501,67.101,0.500
'[00:00:01.191 01/01/2011]',-18.800,78.801,83.201,79.501,72.901,0.500
'[00:00:01.192 01/01/2011]',-18.900,77.001,82.201,81.401,78.901,0.500
'[00:00:01.193 01/01/2011]',-19.300,74.901,80.501,83.101,85.001,0.500
'[00:00:01.194 01/01/2011]',-19.700,72.801,78.401,84.401,90.901,0.500
'[00:00:01.195 01/01/2011]',-19.800,70.601,76.101,85.501,96.601,0.500
'[00:00:01.196 01/01/2011]',-19.600,68.401,73.801,86.301,102.202,0.500
'[00:00:01.197 01/01/2011]',-19.100,65.901,71.101,87.101,107.902,0.500
'[00:00:01.198 01/01/2011]',-18.800,63.101,67.901,87.801,114.102,0.500
'[00:00:01.199 01/01/2011]',-18.600,60.101,64.101,88.501,120.902,0.500
'[00:00:01.200 01/01/2011]',-18.600,57.101,59.801,89.101,128.202,0.500
'[00:00:01.201 01/01/2011]',-18.700,54.301,55.401,89.801,135.702,0.500
'[00:00:01.202 01/01/2011]',-18.700,51.801,51.201,90.401,142.802,0.500
'[00:00:01.203 01/01/2011]',-18.500,49.501,47.301,90.901,149.102,0.500
'[00:00:01.204 01/01/2011]',-18.400,47.301,43.701,91.201,154.202,0.500
'[00:00:01.205 01/01/2011]',-18.300,44.901,40.201,91.201,158.202,0.500
'[00:00:01.206 01/01/2011]',-18.300,42.501,36.601,90.801,161.102,0.500
'[00:00:01.207 01/01/2011]',-18.200,40.201,33.201,89.801,163.002,0.500
'[00:00:01.208 01/01/2011]',-17.700,38.201,30.300,88.401,163.802,0.500
'[00:00:01.209 01/01/2011]',-16.500,36.601,27.900,86.401,163.202,0.500
'[00:00:01.210 01/01/2011]',-14.700,35.201,25.900,84.001,160.902,0.500
'[00:00:01.211 01/01/2011]',-12.300,33.901,23.800,81.101,156.902,0.500
'[00:00:01.212 01/01/2011]',-9.700,32.600,20.900,77.501,151.402,0.500
'[00:00:01.213 01/01/2011]',-7.200,31.100,16.900,73.401,144.802,0.500
'[00:00:01.214 01/01/2011]',-5.100,29.800,12.000,69.001,137.802,0.500
'[00:00:01.215 01/01/2011]',-3.300,28.700,7.100,64.801,130.902,0.500
'[00:00:01.216 01/01/2011]',-1.600,27.900,2.800,61.101,124.402,0.500
'[00:00:01.217 01/01/2011]',0.400,27.300,-0.600,58.101,118.402,0.500
'[00:00:01.218 01/01/2011]',3.000,26.800,-3.300,55.701,112.502,0.500
'[00:00:01.219 01/01/2011]',6.500,26.300,-5.800,53.301,106.402,0.500
'[00:00:01.220 01/01/2011]',10.400,26.000,-8.400,50.801,99.602,0.500
'[00:00:01.221 01/01/2011]',14.400,26.100,-11.200,47.701,92.101,0.500
'[00:00:01.222 01/01/2011]',17.600,26.900,-13.700,44.401,84.101,0.500
'[00:00:01.223 01/01/2011]',19.600,28.300,-15.400,41.301,76.001,0.500
'[00:00:01.224 01/01/2011]',20.600,30.000,-15.800,38.801,68.601,0.500
'[00:00:01.225 01/01/2011]',21.000,31.600,-15.000,37.201,62.101,0.500
'[00:00:01.226 01/01/2011]',21.600,32.801,-13.300,36.501,56.801,0.500
'[00:00:01.227 01/01/2011]',23.000,33.601,-11.000,36.201,52.501,0.500
'[00:00:01.228 01/01/2011]',25.100,34.101,-8.300,36.001,48.901,0.500
'[00:00:01.229 01/01/2011]',27.300,34.601,-5.400,35.701,46.001,0.500
'[00:00:01.230 01/01/2011]',28.700,35.301,-2.100,35.501,43.601,0.500
'[00:00:01.231 01/01/2011]',29.000,36.101,1.500,35.601,42.101,0.500
'[00:00:01.232 01/01/2011]',28.500,37.001,5.400,36.301,41.301,0.500
'[00:00:01.233 01/01/2011]',27.700,38.001,9.500,37.601,41.101,0.500
'[00:00:01.234 01/01/2011]',27.500,39.101,13.500,39.201,41.101,0.500
'[00:00:01.235 01/01/2011]',28.000,40.201,17.600,40.601,41.001,0.500
'[00:00:01.236 01/01/2011]',28.900,41.601,21.400,41.701,40.601,0.500
'[00:00:01.237 01/01/2011]',29.800,43.001,25.100,42.301,40.101,0.500
'[00:00:01.238 01/01/2011]',30.400,44.301,28.300,42.601,39.801,0.500
'[00:00:01.239 01/01/2011]',30.600,45.301,30.900,42.801,39.801,0.500
'[00:00:01.240 01/01/2011]',30.900,45.901,33.001,43.001,40.001,0.500
'[00:00:01.241 01/01/2011]',31.400,46.401,34.501,43.201,40.301,0.500
'[00:00:01.242 01/01/2011]',32.200,46.701,35.801,43.701,40.401,0.500
'[00:00:01.243 01/01/2011]',33.101,47.101,37.001,44.401,40.301,0.500
'[00:00:01.244 01/01/2011]',33.601,47.601,38.201,45.401,40.201,0.500
'[00:00:01.245 01/01/2011]',33.801,48.101,39.501,46.501,40.001,0.500
'[00:00:01.246 01/01/2011]',33.901,48.301,40.501,47.301,39.901,0.500
'[00:00:01.247 01/01/2011]',34.201,48.101,41.201,47.501,39.701,0.500
'[00:00:01.248 01/01/2011]',34.901,47.601,41.401,47.001,39.501,0.500
'[00:00:01.249 01/01/2011]',35.801,46.801,41.201,45.901,39.001,0.500
'[00:00:01.250 01/01/2011]',36.401,46.301,40.901,44.701,38.401,0.500
'[00:00:01.251 01/01/2011]',36.301,46.201,40.601,43.901,37.901,0.500
'[00:00:01.252 01/01/2011]',35.601,46.701,40.501,43.801,37.501,0.500
'[00:00:01.253 01/01/2011]',35.001,47.501,40.601,44.301,37.301,0.500
'[00:00:01.254 01/01/2011]',35.201,48.301,40.801,45.101,37.301,0.500
'[00:00:01.255 01/01/2011]',36.401,48.601,40.901,45.901,37.301,0.500
'[00:00:01.256 01/01/2011]',38.401,48.501,41.001,46.201,37.401,0.500
'[00:00:01.257 01/01/2011]',40.301,48.201,41.001,46.101,37.401,0.500
'[00:00:01.258 01/01/2011]',41.301,47.901,41.001,45.701,37.401,0.500
'[00:00:01.259 01/01/2011]',41.001,47.901,41.201,45.401,37.501,0.500
'[00:00:01.260 01/01/2011]',40.001,48.201,41.601,45.301,37.901,0.500
'[00:00:01.261 01/01/2011]',39.101,48.701,42.001,45.401,38.501,0.500
'[00:00:01.262 01/01/2011]',38.901,49.001,42.401,45.701,39.001,0.500
'[00:00:01.263 01/01/2011]',39.601,49.001,42.801,45.901,39.401,0.500
'[00:00:01.264 01/01/2011]',40.901,48.801,43.001,46.001,39.501,0.500
'[00:00:01.265 01/01/2011]',41.901,48.701,43.301,46.101,39.301,0.500
'[00:00:01.266 01/01/2011]',42.201,48.701,43.601,46.201,38.901,0.500
'[00:00:01.267 01/01/2011]',41.801,48.801,44.001,46.201,38.401,0.500
'[00:00:01.268 01/01/2011]',40.901,48.701,44.301,46.201,38.001,0.500
'[00:00:01.269 01/01/2011]',40.001,48.201,44.301,46.301,37.801,0.500
'[00:00:01.270 01/01/2011]',39.501,47.401,44.101,46.401,37.701,0.500
'[00:00:01.271 01/01/2011]',39.601,46.501,43.801,46.501,37.901,0.500
'[00:00:01.272 01/01/2011]',40.101,46.101,43.701,46.601,38.201,0.500
'[00:00:01.273 01/01/2011]',40.801,46.201,43.901,46.701,38.701,0.500
'[00:00:01.274 01/01/2011]',41.401,46.901,44.501,46.801,39.301,0.500
'[00:00:01.275 01/01/2011]',41.701,47.801,45.201,46.901,39.901,0.500
'[00:00:01.276 01/01/2011]',41.701,48.601,45.801,47.101,40.401,0.500
'[00:00:01.277 01/01/2011]',41.301,48.801,46.001,47.501,40.801,0.500
'[00:00:01.278 01/01/2011]',40.701,48.701,45.801,47.901,41.001,0.500
'[00:00:01.279 01/01/2011]',40.201,48.501,45.601,48.301,41.101,0.500
'[00:00:01.280 01/01/2011]',39.901,48.301,45.701,48.701,41.201,0.500
'[00:00:01.281 01/01/2011]',39.901,48.501,46.101,49.001,41.401,0.500
'[00:00:01.282 01/01/2011]',40.001,48.801,46.701,49.201,41.701,0.500
'[00:00:01.283 01/01/2011]',39.901,48.901,47.101,49.301,42.101,0.500
'[00:00:01.284 01/01/2011]',39.601,48.801,47.201,49.401,42.301,0.500
'[00:00:01.285 01/01/2011]',39.001,48.301,47.001,49.601,42.501,0.500
'[00:00:01.286 01/01/2011]',38.401,47.601,46.701,49.701,42.601,0.500
'[00:00:01.287 01/01/2011]',38.001,47.101,46.701,49.801,42.601,0.500
'[00:00:01.288 01/01/2011]',38.001,47.001,47.001,49.701,42.701,0.500
'[00:00:01.289 01/01/2011]',38.101,47.101,47.501,49.601,42.701,0.500
'[00:00:01.290 01/01/2011]',38.301,47.501,47.801,49.401,42.601,0.500
'[00:00:01.291 01/01/2011]',38.301,47.801,47.701,49.401,42.501,0.500
'[00:00:01.292 01/01/2011]',38.101,48.001,47.201,49.301,42.401,0.500
'[00:00:01.293 01/01/2011]',37.601,47.901,46.501,49.201,42.401,0.500
'[00:00:01.294 01/01/2011]',36.801,47.701,46.201,48.901,42.501,0.500
'[00:00:01.295 01/01/2011]',36.001,47.501,46.301,48.601,42.701,0.500
'[00:00:01.296 01/01/2011]',35.101,47.401,46.901,48.401,42.901,0.500
'[00:00:01.297 01/01/2011]',34.401,47.401,47.701,48.401,43.001,0.500
'[00:00:01.298 01/01/2011]',33.701,47.401,48.201,48.801,42.901,0.500
'[00:00:01.299 01/01/2011]',32.901,47.601,48.401,49.401,42.701,0.500
'[00:00:01.300 01/01/2011]',31.800,47.801,48.201,50.101,42.601,0.500
'[00:00:01.301 01/01/2011]',30.000,48.001,47.901,50.801,42.501,0.500
'[00:00:01.302 01/01/2011]',27.800,48.201,47.601,51.301,42.601,0.500
'[00:00:01.303 01/01/2011]',25.700,48.201,47.601,51.701,42.901,0.500
'[00:00:01.304 01/01/2011]',24.100,48.101,47.701,51.901,43.301,0.500
'[00:00:01.305 01/01/2011]',23.400,47.801,48.001,52.101,43.801,0.500
'[00:00:01.306 01/01/2011]',23.200,47.401,48.301,52.201,44.201,0.500
'[00:00:01.307 01/01/2011]',22.900,46.801,48.601,52.301,44.601,0.500
'[00:00:01.308 01/01/2011]',21.800,46.201,48.801,52.301,44.801,0.500
'[00:00:01.309 01/01/2011]',19.800,45.701,49.001,52.201,44.901,0.500
'[00:00:01.310 01/01/2011]',17.200,45.201,49.101,52.101,44.901,0.500
'[00:00:01.311 01/01/2011]',15.000,45.001,49.201,51.901,44.901,0.500
'[00:00:01.312 01/01/2011]',13.800,44.901,49.301,51.801,45.101,0.500
'[00:00:01.313 01/01/2011]',13.600,45.101,49.401,51.701,45.601,0.500
'[00:00:01.314 01/01/2011]',13.700,45.601,49.601,51.801,46.301,0.500
'[00:00:01.315 01/01/2011]',13.300,46.201,49.801,52.101,47.101,0.500
'[00:00:01.316 01/01/2011]',11.600,47.101,49.901,52.501,47.901,0.500
'[00:00:01.317 01/01/2011]',8.700,47.901,49.901,53.101,48.401,0.500
'[00:00:01.318 01/01/2011]',5.200,48.701,49.801,53.601,48.701,0.500
'[00:00:01.319 01/01/2011]',2.100,49.101,49.701,54.001,48.701,0.500
'[00:00:01.320 01/01/2011]',0.200,49.201,49.501,54.201,48.501,0.500
'[00:00:01.321 01/01/2011]',-0.600,49.001,49.501,54.301,48.301,0.500
'[00:00:01.322 01/01/2011]',-0.900,48.601,49.501,54.201,48.001,0.500
'[00:00:01.323 01/01/2011]',-1.400,48.201,49.501,53.901,48.001,0.500
'[00:00:01.324 01/01/2011]',-2.900,47.801,49.501,53.501,48.101,0.500
'[00:00:01.325 01/01/2011]',-5.400,47.501,49.501,52.901,48.501,0.500
'[00:00:01.326 01/01/2011]',-8.100,47.101,49.501,52.101,49.001,0.500
'[00:00:01.327 01/01/2011]',-10.200,46.601,49.401,51.301,49.201,0.500
'[00:00:01.328 01/01/2011]',-11.100,46.101,49.201,50.801,49.101,0.500
'[00:00:01.329 01/01/2011]',-11.000,45.801,49.101,50.801,48.701,0.500
'[00:00:01.330 01/01/2011]',-10.700,45.701,49.101,51.201,48.301,0.500
'[00:00:01.331 01/01/2011]',-10.900,45.801,49.201,52.001,48.101,0.500
'[00:00:01.332 01/01/2011]',-12.300,45.901,49.501,52.801,48.301,0.500
'[00:00:01.333 01/01/2011]',-14.700,46.201,49.901,53.401,48.801,0.500
'[00:00:01.334 01/01/2011]',-17.300,46.401,50.101,53.601,49.301,0.500
'[00:00:01.335 01/01/2011]',-19.100,46.701,50.101,53.601,49.401,0.500
'[00:00:01.336 01/01/2011]',-19.500,47.101,50.101,53.501,49.201,0.500
'[00:00:01.337 01/01/2011]',-18.600,47.501,50.001,53.701,48.601,0.500
'[00:00:01.338 01/01/2011]',-17.200,48.001,50.001,54.001,48.101,0.500
'[00:00:01.339 01/01/2011]',-16.100,48.201,50.101,54.401,47.701,0.500
'[00:00:01.340 01/01/2011]',-16.300,48.301,50.201,54.501,47.801,0.500
'[00:00:01.341 01/01/2011]',-17.700,48.101,50.201,54.201,48.001,0.500
'[00:00:01.342 01/01/2011]',-19.900,47.701,50.101,53.801,48.301,0.500
'[00:00:01.343 01/01/2011]',-21.900,47.301,49.901,53.301,48.401,0.500
'[00:00:01.344 01/01/2011]',-23.100,46.701,49.701,53.101,48.201,0.500
'[00:00:01.345 01/01/2011]',-23.200,46.101,49.501,53.101,47.801,0.500
'[00:00:01.346 01/01/2011]',-22.400,45.401,49.401,53.201,47.301,0.500
'[00:00:01.347 01/01/2011]',-21.600,44.601,49.301,53.101,46.801,0.500
'[00:00:01.348 01/01/2011]',-21.600,44.001,49.101,52.801,46.301,0.500
'[00:00:01.349 01/01/2011]',-22.400,43.801,49.001,52.201,45.901,0.500
'[00:00:01.350 01/01/2011]',-23.900,44.001,49.001,51.501,45.801,0.500
'[00:00:01.351 01/01/2011]',-25.100,44.501,49.101,50.901,45.801,0.500
'[00:00:01.352 01/01/2011]',-25.400,45.101,49.201,50.201,45.901,0.500
'[00:00:01.353 01/01/2011]',-24.600,45.401,49.301,49.601,46.001,0.500
'[00:00:01.354 01/01/2011]',-23.400,45.201,49.101,49.101,45.801,0.500
'[00:00:01.355 01/01/2011]',-22.400,44.701,48.801,48.601,45.501,0.500
'[00:00:01.356 01/01/2011]',-22.200,44.001,48.401,48.401,45.201,0.500
'[00:00:01.357 01/01/2011]',-22.600,43.501,48.001,48.301,45.001,0.500
'[00:00:01.358 01/01/2011]',-23.300,43.301,47.601,48.501,45.001,0.500
'[00:00:01.359 01/01/2011]',-23.600,43.401,47.101,48.701,45.301,0.500
'[00:00:01.360 01/01/2011]',-23.500,43.501,46.601,48.701,45.601,0.500
'[00:00:01.361 01/01/2011]',-23.300,43.401,46.001,48.501,45.901,0.500
'[00:00:01.362 01/01/2011]',-23.200,42.901,45.501,48.001,46.001,0.500
'[00:00:01.363 01/01/2011]',-23.300,42.101,45.301,47.501,46.001,0.500
'[00:00:01.364 01/01/2011]',-23.300,41.101,45.301,47.101,45.901,0.500
'[00:00:01.365 01/01/2011]',-22.900,40.201,45.401,47.001,45.801,0.500
'[00:00:01.366 01/01/2011]',-22.100,39.601,45.401,47.001,46.001,0.500
'[00:00:01.367 01/01/2011]',-21.400,39.101,45.401,47.101,46.301,0.500
'[00:00:01.368 01/01/2011]',-21.400,38.701,45.501,47.301,46.701,0.500
'[00:00:01.369 01/01/2011]',-22.400,38.501,45.701,47.401,47.101,0.500
'[00:00:01.370 01/01/2011]',-23.900,38.601,46.201,47.601,47.501,0.500
'[00:00:01.371 01/01/2011]',-25.100,39.101,47.001,47.901,48.101,0.500
'[00:00:01.372 01/01/2011]',-25.500,39.701,47.701,48.201,48.701,0.500
'[00:00:01.373 01/01/2011]',-24.700,40.401,48.301,48.401,49.201,0.500
'[00:00:01.374 01/01/2011]',-23.300,40.801,48.501,48.501,49.501,0.500
'[00:00:01.375 01/01/2011]',-22.100,40.801,48.501,48.401,49.601,0.500
'[00:00:01.376 01/01/2011]',-21.700,40.401,48.201,48.101,49.301,0.500
'[00:00:01.377 01/01/2011]',-22.200,40.001,47.901,47.601,48.701,0.500
'[00:00:01.378 01/01/2011]',-23.100,39.601,47.401,46.901,48.001,0.500
'[00:00:01.379 01/01/2011]',-24.000,39.301,46.901,46.301,47.201,0.500
'[00:00:01.380 01/01/2011]',-24.400,39.201,46.201,45.601,46.501,0.500
'[00:00:01.381 01/01/2011]',-24.300,39.201,45.401,45.101,45.801,0.500
'[00:00:01.382 01/01/2011]',-24.200,39.101,44.801,44.701,45.301,0.500
'[00:00:01.383 01/01/2011]',-24.300,39.001,44.401,44.601,44.901,0.500
'[00:00:01.384 01/01/2011]',-24.900,38.801,44.101,44.601,44.601,0.500
'[00:00:01.385 01/01/2011]',-26.000,38.301,43.901,44.701,44.401,0.500
'[00:00:01.386 01/01/2011]',-27.400,37.601,43.501,44.701,44.201,0.500
'[00:00:01.387 01/01/2011]',-28.600,36.601,43.001,44.701,44.101,0.500
'[00:00:01.388 01/01/2011]',-29.400,35.401,42.401,44.801,44.001,0.500
'[00:00:01.389 01/01/2011]',-29.600,34.601,42.001,44.801,44.001,0.500
'[00:00:01.390 01/01/2011]',-29.500,34.301,41.901,44.801,44.101,0.500
'[00:00:01.391 01/01/2011]',-29.600,34.801,42.201,44.901,44.401,0.500
'[00:00:01.392 01/01/2011]',-30.300,35.601,42.701,44.801,44.901,0.500
'[00:00:01.393 01/01/2011]',-31.600,36.401,43.001,44.601,45.301,0.500
'[00:00:01.394 01/01/2011]',-33.501,36.701,43.101,44.401,45.601,0.500
'[00:00:01.395 01/01/2011]',-35.201,36.401,42.801,44.201,45.801,0.500
'[00:00:01.396 01/01/2011]',-36.401,35.801,42.301,44.301,46.001,0.500
'[00:00:01.397 01/01/2011]',-36.801,35.301,41.801,44.701,46.101,0.500
'[00:00:01.398 01/01/2011]',-36.701,35.201,41.501,45.201,46.201,0.500
'[00:00:01.399 01/01/2011]',-36.701,35.401,41.401,45.601,46.201,0.500
'[00:00:01.400 01/01/2011]',-37.001,35.701,41.401,45.701,46.201,0.500
'[00:00:01.401 01/01/2011]',-38.001,35.601,41.101,45.401,46.101,0.500
'[00:00:01.402 01/01/2011]',-39.401,35.101,40.601,44.901,46.101,0.500
'[00:00:01.403 01/01/2011]',-41.001,34.301,39.801,44.301,46.301,0.500
'[00:00:01.404 01/01/2011]',-42.601,33.501,39.101,44.001,46.801,0.500
'[00:00:01.405 01/01/2011]',-43.901,33.001,38.801,44.101,47.601,0.500
'[00:00:01.406 01/01/2011]',-44.801,32.700,38.901,44.501,48.601,0.500
'[00:00:01.407 01/01/2011]',-45.401,32.500,39.501,44.901,49.601,0.500
'[00:00:01.408 01/01/2011]',-45.501,32.300,40.201,45.201,50.501,0.500
'[00:00:01.409 01/01/2011]',-45.401,32.100,40.801,45.301,51.101,0.500
'[00:00:01.410 01/01/2011]',-45.401,32.000,41.001,45.001,51.401,0.500
'[00:00:01.411 01/01/2011]',-45.901,32.000,40.801,44.501,51.401,0.500
'[00:00:01.412 01/01/2011]',-47.001,32.200,40.401,44.001,51.401,0.500
'[00:00:01.413 01/01/2011]',-48.801,32.400,39.801,43.601,51.401,0.500
'[00:00:01.414 01/01/2011]',-50.801,32.500,39.201,43.601,51.601,0.500
'[00:00:01.415 01/01/2011]',-52.401,32.400,38.801,43.901,51.901,0.500
'[00:00:01.416 01/01/2011]',-53.201,32.300,38.501,44.501,52.301,0.500
'[00:00:01.417 01/01/2011]',-53.201,32.200,38.301,45.201,52.601,0.500
'[00:00:01.418 01/01/2011]',-52.801,32.300,38.001,45.801,52.801,0.500
'[00:00:01.419 01/01/2011]',-52.501,32.300,37.801,46.001,52.901,0.500
'[00:00:01.420 01/01/2011]',-52.701,32.200,37.501,45.801,53.001,0.500
'[00:00:01.421 01/01/2011]',-53.401,31.700,37.301,45.301,53.001,0.500
'[00:00:01.422 01/01/2011]',-54.501,30.900,37.101,44.901,53.101,0.500
'[00:00:01.423 01/01/2011]',-55.401,30.100,37.201,44.601,53.301,0.500
'[00:00:01.424 01/01/2011]',-56.001,29.400,37.301,44.501,53.501,0.500
'[00:00:01.425 01/01/2011]',-56.201,29.100,37.501,44.501,53.701,0.500
'[00:00:01.426 01/01/2011]',-56.501,28.900,37.601,44.401,53.801,0.500
'[00:00:01.427 01/01/2011]',-57.101,28.800,37.501,44.101,53.901,0.500
'[00:00:01.428 01/01/2011]',-58.201,28.500,37.201,43.701,54.101,0.500
'[00:00:01.429 01/01/2011]',-59.401,28.000,36.801,43.401,54.201,0.500
'[00:00:01.430 01/01/2011]',-60.401,27.400,36.301,43.301,54.301,0.500
'[00:00:01.431 01/01/2011]',-60.901,27.000,35.801,43.501,54.401,0.500
'[00:00:01.432 01/01/2011]',-60.901,26.700,35.401,43.801,54.501,0.500
'[00:00:01.433 01/01/2011]',-60.601,26.800,35.001,44.101,54.601,0.500
'[00:00:01.434 01/01/2011]',-60.401,27.200,34.701,44.101,54.801,0.500
'[00:00:01.435 01/01/2011]',-60.701,27.700,34.301,43.901,55.001,0.500
'[00:00:01.436 01/01/2011]',-61.401,28.300,33.801,43.701,55.301,0.500
'[00:00:01.437 01/01/2011]',-62.301,28.900,33.401,43.701,55.601,0.500
'[00:00:01.438 01/01/2011]',-63.001,29.200,33.001,43.901,55.801,0.500
'[00:00:01.439 01/01/2011]',-63.301,29.300,32.901,44.301,56.201,0.500
'[00:00:01.440 01/01/2011]',-63.001,28.900,33.001,44.801,56.701,0.500
'[00:00:01.441 01/01/2011]',-62.501,28.300,33.201,45.001,57.401,0.500
'[00:00:01.442 01/01/2011]',-61.801,27.600,33.601,45.101,58.301,0.500
'[00:00:01.443 01/01/2011]',-61.201,27.100,34.001,45.001,59.501,0.500
'[00:00:01.444 01/01/2011]',-60.801,26.800,34.401,44.901,60.601,0.500
'[00:00:01.445 01/01/2011]',-60.701,26.700,34.801,44.901,61.801,0.500
'[00:00:01.446 01/01/2011]',-61.001,26.600,35.301,44.901,62.801,0.500
'[00:00:01.447 01/01/2011]',-61.601,26.400,35.501,44.801,63.601,0.500
'[00:00:01.448 01/01/2011]',-62.401,26.000,35.501,44.601,64.301,0.500
'[00:00:01.449 01/01/2011]',-63.201,25.600,35.201,44.301,64.801,0.500
'[00:00:01.450 01/01/2011]',-63.601,25.100,34.701,44.201,65.201,0.500
'[00:00:01.451 01/01/2011]',-63.401,24.800,34.301,44.301,65.501,0.500
'[00:00:01.452 01/01/2011]',-62.801,24.700,34.301,44.701,65.701,0.500
'[00:00:01.453 01/01/2011]',-62.101,24.600,34.701,45.301,65.901,0.500
'[00:00:01.454 01/01/2011]',-61.701,24.700,35.201,45.901,66.001,0.500
'[00:00:01.455 01/01/2011]',-61.701,24.800,35.501,46.201,65.901,0.500
'[00:00:01.456 01/01/2011]',-61.901,25.000,35.201,46.201,65.801,0.500
'[00:00:01.457 01/01/2011]',-62.101,25.400,34.401,46.001,65.501,0.500
'[00:00:01.458 01/01/2011]',-62.001,25.800,33.401,45.901,65.201,0.500
'[00:00:01.459 01/01/2011]',-61.401,26.100,32.700,45.901,65.001,0.500
'[00:00:01.460 01/01/2011]',-60.701,26.100,32.500,46.101,65.001,0.500
'[00:00:01.461 01/01/2011]',-60.401,25.700,32.801,46.201,65.301,0.500
'[00:00:01.462 01/01/2011]',-60.701,25.100,33.201,46.201,65.701,0.500
'[00:00:01.463 01/01/2011]',-61.601,24.200,33.301,45.901,66.201,0.500
'[00:00:01.464 01/01/2011]',-62.701,23.400,32.901,45.601,66.601,0.500
'[00:00:01.465 01/01/2011]',-63.401,22.600,32.000,45.301,67.001,0.500
'[00:00:01.466 01/01/2011]',-63.301,21.800,31.200,45.201,67.201,0.500
'[00:00:01.467 01/01/2011]',-62.201,21.100,30.600,45.301,67.401,0.500
'[00:00:01.468 01/01/2011]',-60.501,20.500,30.500,45.501,67.601,0.500
'[00:00:01.469 01/01/2011]',-58.501,20.100,30.800,45.601,67.701,0.500
'[00:00:01.470 01/01/2011]',-56.701,20.100,31.200,45.501,67.701,0.500
'[00:00:01.471 01/01/2011]',-55.301,20.400,31.500,45.201,67.501,0.500
'[00:00:01.472 01/01/2011]',-54.301,20.900,31.600,44.701,67.201,0.500
'[00:00:01.473 01/01/2011]',-53.801,21.300,31.400,44.201,66.801,0.500
'[00:00:01.474 01/01/2011]',-53.701,21.500,31.100,43.701,66.401,0.500
'[00:00:01.475 01/01/2011]',-53.701,21.600,30.900,43.201,65.901,0.500
'[00:00:01.476 01/01/2011]',-53.701,21.900,30.700,42.701,65.401,0.500
'[00:00:01.477 01/01/2011]',-53.401,22.500,30.700,42.201,65.001,0.500
'[00:00:01.478 01/01/2011]',-52.801,23.300,30.800,42.001,64.801,0.500
'[00:00:01.479 01/01/2011]',-51.801,24.100,30.900,42.001,64.901,0.500
'[00:00:01.480 01/01/2011]',-50.901,24.500,31.000,42.501,65.201,0.500
'[00:00:01.481 01/01/2011]',-50.001,24.400,31.000,43.401,65.501,0.500
'[00:00:01.482 01/01/2011]',-49.401,23.700,30.800,44.201,65.801,0.500
'[00:00:01.483 01/01/2011]',-48.801,22.900,30.600,44.701,66.001,0.500
'[00:00:01.484 01/01/2011]',-47.901,22.100,30.600,44.601,66.101,0.500
'[00:00:01.485 01/01/2011]',-46.601,21.500,30.700,44.001,66.101,0.500
'[00:00:01.486 01/01/2011]',-45.101,21.100,31.100,43.201,66.201,0.500
'[00:00:01.487 01/01/2011]',-43.601,20.800,31.400,42.501,66.201,0.500
'[00:00:01.488 01/01/2011]',-42.701,20.600,31.700,42.101,66.001,0.500
'[00:00:01.489 01/01/2011]',-42.301,20.600,31.700,42.101,65.501,0.500
'[00:00:01.490 01/01/2011]',-42.201,20.900,31.700,42.301,64.801,0.500
'[00:00:01.491 01/01/2011]',-42.101,21.500,31.800,42.501,64.201,0.500
'[00:00:01.492 01/01/2011]',-41.401,22.200,32.000,42.501,63.701,0.500
'[00:00:01.493 01/01/2011]',-40.301,22.900,32.400,42.401,63.401,0.500
'[00:00:01.494 01/01/2011]',-39.001,23.500,32.801,42.401,63.301,0.500
'[00:00:01.495 01/01/2011]',-37.901,24.000,33.001,42.401,63.201,0.500
'[00:00:01.496 01/01/2011]',-37.501,24.600,33.101,42.401,62.701,0.500
'[00:00:01.497 01/01/2011]',-37.301,25.300,32.901,42.301,61.701,0.500
'[00:00:01.498 01/01/2011]',-37.001,26.000,32.901,42.001,60.501,0.500
'[00:00:01.499 01/01/2011]',-36.101,26.500,33.001,41.601,59.301,0.500
'[00:00:01.500 01/01/2011]',-34.301,26.800,33.401,41.201,58.501,0.500
'[00:00:01.501 01/01/2011]',-31.900,26.800,34.001,41.001,58.001,0.500
'[00:00:01.502 01/01/2011]',-29.500,26.700,34.501,41.101,57.901,0.500
'[00:00:01.503 01/01/2011]',-27.900,26.500,34.901,41.301,57.801,0.500
'[00:00:01.504 01/01/2011]',-27.400,26.200,35.001,41.501,57.501,0.500
'[00:00:01.505 01/01/2011]',-27.700,25.800,35.001,41.601,56.801,0.500
'[00:00:01.506 01/01/2011]',-28.300,25.200,34.801,41.401,55.701,0.500
'[00:00:01.507 01/01/2011]',-28.300,24.500,34.601,41.001,54.601,0.500
'[00:00:01.508 01/01/2011]',-27.300,24.100,34.401,40.601,53.501,0.500
'[00:00:01.509 01/01/2011]',-25.400,24.200,34.301,40.301,52.801,0.500
'[00:00:01.510 01/01/2011]',-23.300,25.000,34.301,40.201,52.401,0.500
'[00:00:01.511 01/01/2011]',-21.700,26.300,34.501,40.301,52.001,0.500
'[00:00:01.512 01/01/2011]',-20.900,27.600,34.901,40.601,51.601,0.500
'[00:00:01.513 01/01/2011]',-20.900,28.600,35.601,41.001,50.901,0.500
'[00:00:01.514 01/01/2011]',-21.200,29.200,36.501,41.401,50.101,0.500
'[00:00:01.515 01/01/2011]',-21.300,29.600,37.401,41.801,49.301,0.500
'[00:00:01.516 01/01/2011]',-21.000,30.100,38.201,42.101,48.901,0.500
'[00:00:01.517 01/01/2011]',-20.300,30.700,38.601,42.401,48.901,0.500
'[00:00:01.518 01/01/2011]',-19.500,31.500,38.801,42.601,49.101,0.500
'[00:00:01.519 01/01/2011]',-18.800,32.200,38.801,42.901,49.301,0.500
'[00:00:01.520 01/01/2011]',-18.400,32.500,38.901,43.001,49.101,0.500
'[00:00:01.521 01/01/2011]',-18.100,32.400,39.001,43.001,48.601,0.500
'[00:00:01.522 01/01/2011]',-17.700,31.900,39.301,42.701,47.801,0.500
'[00:00:01.523 01/01/2011]',-17.100,31.400,39.701,42.201,47.001,0.500
'[00:00:01.524 01/01/2011]',-16.200,31.100,40.201,41.601,46.401,0.500
'[00:00:01.525 01/01/2011]',-15.300,31.100,40.701,41.101,46.101,0.500
'[00:00:01.526 01/01/2011]',-14.600,31.100,41.101,40.701,45.801,0.500
'[00:00:01.527 01/01/2011]',-14.300,31.000,41.501,40.501,45.401,0.500
'[00:00:01.528 01/01/2011]',-14.500,30.700,41.801,40.301,44.801,0.500
'[00:00:01.529 01/01/2011]',-14.900,30.400,42.101,40.101,43.801,0.500
'[00:00:01.530 01/01/2011]',-15.300,30.100,42.201,39.901,42.901,0.500
'[00:00:01.531 01/01/2011]',-15.300,30.100,42.201,39.701,42.101,0.500
'[00:00:01.532 01/01/2011]',-14.900,30.500,42.201,39.601,41.601,0.500
'[00:00:01.533 01/01/2011]',-14.600,31.400,42.101,39.701,41.201,0.500
'[00:00:01.534 01/01/2011]',-14.600,32.500,42.001,40.101,40.901,0.500
'[00:00:01.535 01/01/2011]',-15.200,33.901,41.801,40.501,40.501,0.500
'[00:00:01.536 01/01/2011]',-16.300,35.401,41.601,40.801,39.901,0.500
'[00:00:01.537 01/01/2011]',-17.300,36.701,41.401,40.801,39.301,0.500
'[00:00:01.538 01/01/2011]',-17.700,37.601,41.201,40.601,38.701,0.500
'[00:00:01.539 01/01/2011]',-17.300,38.001,41.001,40.101,38.401,0.500
'[00:00:01.540 01/01/2011]',-16.400,37.901,40.801,39.701,38.401,0.500
'[00:00:01.541 01/01/2011]',-15.700,37.501,40.701,39.501,38.501,0.500
'[00:00:01.542 01/01/2011]',-15.700,37.101,40.701,39.601,38.701,0.500
'[00:00:01.543 01/01/2011]',-16.400,36.701,40.701,39.801,38.701,0.500
'[00:00:01.544 01/01/2011]',-17.400,36.301,40.601,40.001,38.501,0.500
'[00:00:01.545 01/01/2011]',-18.200,35.701,40.501,39.901,37.901,0.500
'[00:00:01.546 01/01/2011]',-18.300,34.801,40.301,39.501,37.301,0.500
'[00:00:01.547 01/01/2011]',-18.000,33.601,40.201,38.901,36.801,0.500
'[00:00:01.548 01/01/2011]',-17.700,32.600,40.301,38.301,36.501,0.500
'[00:00:01.549 01/01/2011]',-17.500,32.100,40.401,37.801,36.501,0.500
'[00:00:01.550 01/01/2011]',-17.600,32.200,40.501,37.501,36.601,0.500
'[00:00:01.551 01/01/2011]',-17.500,32.901,40.401,37.401,36.401,0.500
'[00:00:01.552 01/01/2011]',-16.900,33.701,40.101,37.401,35.901,0.500
'[00:00:01.553 01/01/2011]',-15.800,34.201,39.501,37.601,35.101,0.500
'[00:00:01.554 01/01/2011]',-14.400,34.401,38.901,37.801,34.301,0.500
'[00:00:01.555 01/01/2011]',-13.100,34.601,38.401,38.101,33.601,0.500
'[00:00:01.556 01/01/2011]',-12.100,35.101,38.201,38.401,33.401,0.500
'[00:00:01.557 01/01/2011]',-11.500,36.101,38.401,38.901,33.501,0.500
'[00:00:01.558 01/01/2011]',-11.300,37.401,38.701,39.401,33.801,0.500
'[00:00:01.559 01/01/2011]',-11.200,38.501,39.101,39.801,34.101,0.500
'[00:00:01.560 01/01/2011]',-11.200,38.901,39.201,40.001,34.101,0.500
'[00:00:01.561 01/01/2011]',-11.100,38.401,39.001,39.901,33.801,0.500
'[00:00:01.562 01/01/2011]',-10.900,37.201,38.701,39.501,33.301,0.500
'[00:00:01.563 01/01/2011]',-10.700,36.001,38.201,38.901,32.801,0.500
'[00:00:01.564 01/01/2011]',-10.400,35.001,37.801,38.201,32.400,0.500
'[00:00:01.565 01/01/2011]',-10.200,34.301,37.401,37.301,32.000,0.500
'[00:00:01.566 01/01/2011]',-10.100,33.701,37.001,36.301,31.700,0.500
'[00:00:01.567 01/01/2011]',-10.000,33.001,36.701,35.301,31.300,0.500
'[00:00:01.568 01/01/2011]',-9.500,32.300,36.301,34.501,30.800,0.500
'[00:00:01.569 01/01/2011]',-8.600,31.800,36.101,34.001,30.400,0.500
'[00:00:01.570 01/01/2011]',-7.200,31.700,36.101,34.001,30.100,0.500
'[00:00:01.571 01/01/2011]',-5.800,32.200,36.201,34.601,30.000,0.500
'[00:00:01.572 01/01/2011]',-4.800,33.001,36.301,35.501,30.100,0.500
'[00:00:01.573 01/01/2011]',-4.500,33.701,36.301,36.401,30.200,0.500
'[00:00:01.574 01/01/2011]',-4.600,34.101,36.101,36.901,30.300,0.500
'[00:00:01.575 01/01/2011]',-4.600,34.301,35.801,37.001,30.300,0.500
'[00:00:01.576 01/01/2011]',-4.200,34.401,35.501,36.701,30.100,0.500
'[00:00:01.577 01/01/2011]',-3.100,34.801,35.201,36.301,29.700,0.500
'[00:00:01.578 01/01/2011]',-1.900,35.401,35.001,36.201,29.100,0.500
'[00:00:01.579 01/01/2011]',-0.900,36.001,34.701,36.301,28.400,0.500
'[00:00:01.580 01/01/2011]',-0.300,36.201,34.101,36.501,27.700,0.500
'[00:00:01.581 01/01/2011]',0.100,35.601,33.401,36.401,27.200,0.500
'[00:00:01.582 01/01/2011]',0.700,34.301,32.500,36.101,26.900,0.500
'[00:00:01.583 01/01/2011]',1.400,32.901,31.800,35.401,26.800,0.500
'[00:00:01.584 01/01/2011]',2.200,31.700,31.500,34.801,27.200,0.500
'[00:00:01.585 01/01/2011]',2.500,30.900,31.700,34.301,27.700,0.500
'[00:00:01.586 01/01/2011]',2.300,30.500,32.100,34.001,28.300,0.500
'[00:00:01.587 01/01/2011]',1.900,30.300,32.600,33.801,28.800,0.500
'[00:00:01.588 01/01/2011]',2.000,30.100,32.901,33.501,28.900,0.500
'[00:00:01.589 01/01/2011]',2.900,30.000,32.801,33.001,28.900,0.500
'[00:00:01.590 01/01/2011]',4.500,30.000,32.400,32.500,28.900,0.500
'[00:00:01.591 01/01/2011]',6.200,30.400,31.900,32.300,28.900,0.500
'[00:00:01.592 01/01/2011]',7.300,31.000,31.600,32.400,29.000,0.500
'[00:00:01.593 01/01/2011]',7.500,31.600,31.700,32.801,29.000,0.500
'[00:00:01.594 01/01/2011]',7.300,32.100,31.900,33.301,28.900,0.500
'[00:00:01.595 01/01/2011]',7.400,32.300,32.100,33.601,28.500,0.500
'[00:00:01.596 01/01/2011]',8.400,32.500,32.000,33.401,27.800,0.500
'[00:00:01.597 01/01/2011]',10.200,32.700,31.500,32.901,27.100,0.500
'[00:00:01.598 01/01/2011]',12.100,33.101,30.700,32.200,26.700,0.500
'[00:00:01.599 01/01/2011]',13.400,33.601,30.100,31.600,26.600,0.500
'[00:00:01.600 01/01/2011]',13.900,34.101,29.800,31.300,26.900,0.500
'[00:00:01.601 01/01/2011]',13.800,34.401,30.000,31.300,27.400,0.500
'[00:00:01.602 01/01/2011]',13.700,34.201,30.600,31.500,27.800,0.500
'[00:00:01.603 01/01/2011]',14.000,33.601,31.300,31.800,28.000,0.500
'[00:00:01.604 01/01/2011]',14.700,32.600,31.900,32.000,28.000,0.500
'[00:00:01.605 01/01/2011]',15.800,31.400,32.100,32.000,27.900,0.500
'[00:00:01.606 01/01/2011]',16.900,30.100,32.000,31.800,27.900,0.500
'[00:00:01.607 01/01/2011]',18.000,28.800,31.900,31.300,27.700,0.500
'[00:00:01.608 01/01/2011]',19.200,27.900,31.700,30.700,27.500,0.500
'[00:00:01.609 01/01/2011]',20.500,27.300,31.400,30.000,27.100,0.500
'[00:00:01.610 01/01/2011]',21.400,27.000,31.000,29.400,26.500,0.500
'[00:00:01.611 01/01/2011]',21.600,27.100,30.200,29.100,25.600,0.500
'[00:00:01.612 01/01/2011]',20.900,27.200,28.900,28.900,24.400,0.500
'[00:00:01.613 01/01/2011]',19.400,27.500,27.400,28.800,23.100,0.500
'[00:00:01.614 01/01/2011]',17.800,28.000,25.800,28.600,21.800,0.500
'[00:00:01.615 01/01/2011]',16.800,28.700,24.600,28.400,20.800,0.500
'[00:00:01.616 01/01/2011]',16.900,29.800,24.200,28.400,20.300,0.500
'[00:00:01.617 01/01/2011]',18.300,31.000,24.600,29.000,20.500,0.500
'[00:00:01.618 01/01/2011]',21.100,32.000,25.800,30.200,21.300,0.500
'[00:00:01.619 01/01/2011]',25.200,32.600,27.400,31.600,22.500,0.500
'[00:00:01.620 01/01/2011]',30.600,32.600,29.100,33.001,23.700,0.500
'[00:00:01.621 01/01/2011]',37.301,32.100,30.500,34.001,24.700,0.500
'[00:00:01.622 01/01/2011]',45.201,31.400,31.600,34.401,25.400,0.500
'[00:00:01.623 01/01/2011]',54.001,30.700,32.801,34.401,26.100,0.500
'[00:00:01.624 01/01/2011]',63.401,30.300,34.301,34.401,27.000,0.500
'[00:00:01.625 01/01/2011]',72.701,29.900,35.901,34.601,28.200,0.500
'[00:00:01.626 01/01/2011]',81.301,29.500,37.501,34.801,29.600,0.500
'[00:00:01.627 01/01/2011]',88.701,28.800,38.601,34.901,31.000,0.500
'[00:00:01.628 01/01/2011]',94.701,28.100,39.201,34.801,32.100,0.500
'[00:00:01.629 01/01/2011]',99.202,27.700,39.301,34.801,33.101,0.500
'[00:00:01.630 01/01/2011]',102.302,28.000,39.501,35.101,34.301,0.500
'[00:00:01.631 01/01/2011]',104.202,28.900,40.201,35.901,35.901,0.500
'[00:00:01.632 01/01/2011]',105.102,30.300,41.501,37.301,37.801,0.500
'[00:00:01.633 01/01/2011]',105.102,31.600,43.101,39.001,39.701,0.500
'[00:00:01.634 01/01/2011]',104.002,32.700,44.501,40.601,41.101,0.500
'[00:00:01.635 01/01/2011]',102.002,33.401,45.401,41.801,41.901,0.500
'[00:00:01.636 01/01/2011]',99.602,33.901,45.601,42.501,42.101,0.500
'[00:00:01.637 01/01/2011]',97.401,34.501,45.501,42.901,42.001,0.500
'[00:00:01.638 01/01/2011]',96.001,35.101,45.401,43.201,41.901,0.500
'[00:00:01.639 01/01/2011]',95.401,35.601,45.401,43.301,41.801,0.500
'[00:00:01.640 01/01/2011]',95.201,35.701,45.301,43.101,41.501,0.500
'[00:00:01.641 01/01/2011]',94.401,35.201,44.801,42.301,40.701,0.500
'[00:00:01.642 01/01/2011]',92.001,34.201,43.601,40.801,39.101,0.500
'[00:00:01.643 01/01/2011]',87.401,32.801,41.701,38.501,36.701,0.500
'[00:00:01.644 01/01/2011]',80.601,31.200,39.101,35.701,33.801,0.500
'[00:00:01.645 01/01/2011]',71.801,29.700,36.001,32.600,30.500,0.500
'[00:00:01.646 01/01/2011]',61.201,28.100,32.801,29.800,27.300,0.500
'[00:00:01.647 01/01/2011]',49.001,26.600,29.700,27.500,24.500,0.500
'[00:00:01.648 01/01/2011]',36.101,25.200,27.000,25.900,22.100,0.500
'[00:00:01.649 01/01/2011]',23.800,24.300,25.000,25.300,20.500,0.500
'[00:00:01.650 01/01/2011]',13.800,24.100,23.800,25.500,19.700,0.500
'[00:00:01.651 01/01/2011]',7.800,24.500,23.600,26.300,19.700,0.500
'[00:00:01.652 01/01/2011]',6.600,25.300,24.300,27.400,20.500,0.500
'[00:00:01.653 01/01/2011]',9.600,26.300,25.400,28.400,21.600,0.500
'[00:00:01.654 01/01/2011]',15.300,27.200,26.500,29.200,22.500,0.500
'[00:00:01.655 01/01/2011]',21.900,27.900,27.400,29.700,23.100,0.500
'[00:00:01.656 01/01/2011]',27.900,28.400,27.800,30.000,23.200,0.500
'[00:00:01.657 01/01/2011]',32.700,28.700,27.900,30.200,22.900,0.500
'[00:00:01.658 01/01/2011]',36.301,28.900,27.900,30.200,22.400,0.500
'[00:00:01.659 01/01/2011]',39.201,28.900,28.100,30.100,22.000,0.500
'[00:00:01.660 01/01/2011]',41.501,28.700,28.300,29.900,21.600,0.500
'[00:00:01.661 01/01/2011]',43.101,28.200,28.600,29.500,21.400,0.500
'[00:00:01.662 01/01/2011]',43.901,27.500,28.700,29.100,21.300,0.500
'[00:00:01.663 01/01/2011]',43.901,26.700,28.400,28.500,21.200,0.500
'[00:00:01.664 01/01/2011]',43.201,26.000,27.900,27.900,21.100,0.500
'[00:00:01.665 01/01/2011]',42.401,25.200,27.300,27.200,21.200,0.500
'[00:00:01.666 01/01/2011]',42.001,24.300,26.700,26.500,21.300,0.500
'[00:00:01.667 01/01/2011]',42.101,23.400,26.300,26.000,21.500,0.500
'[00:00:01.668 01/01/2011]',42.601,22.300,26.200,25.700,21.600,0.500
'[00:00:01.669 01/01/2011]',43.101,21.400,26.000,25.500,21.500,0.500
'[00:00:01.670 01/01/2011]',43.401,20.900,25.900,25.300,21.100,0.500
'[00:00:01.671 01/01/2011]',43.101,20.700,25.600,25.100,20.600,0.500
'[00:00:01.672 01/01/2011]',42.501,20.900,25.300,24.700,20.100,0.500
'[00:00:01.673 01/01/2011]',42.001,21.400,25.100,24.400,19.800,0.500
'[00:00:01.674 01/01/2011]',41.901,22.000,25.100,24.200,19.800,0.500
'[00:00:01.675 01/01/2011]',42.101,22.600,25.200,24.500,20.100,0.500
'[00:00:01.676 01/01/2011]',42.401,23.200,25.400,25.300,20.600,0.500
'[00:00:01.677 01/01/2011]',42.401,23.900,25.400,26.200,21.100,0.500
'[00:00:01.678 01/01/2011]',41.701,24.600,25.300,27.000,21.400,0.500
'[00:00:01.679 01/01/2011]',40.501,25.100,24.900,27.400,21.600,0.500
'[00:00:01.680 01/01/2011]',39.301,25.200,24.500,27.200,21.400,0.500
'[00:00:01.681 01/01/2011]',38.301,24.700,24.000,26.500,21.000,0.500
'[00:00:01.682 01/01/2011]',37.701,23.900,23.600,25.800,20.500,0.500
'[00:00:01.683 01/01/2011]',37.501,23.000,23.300,25.300,19.900,0.500
'[00:00:01.684 01/01/2011]',37.301,22.100,23.200,25.100,19.500,0.500
'[00:00:01.685 01/01/2011]',37.201,21.400,23.400,25.200,19.400,0.500
'[00:00:01.686 01/01/2011]',37.201,20.800,23.700,25.200,19.700,0.500
'[00:00:01.687 01/01/2011]',37.101,20.200,24.300,25.000,20.200,0.500
'[00:00:01.688 01/01/2011]',36.901,19.500,25.000,24.400,20.800,0.500
'[00:00:01.689 01/01/2011]',36.001,18.700,25.800,23.800,21.100,0.500
'[00:00:01.690 01/01/2011]',34.301,18.100,26.500,23.500,21.300,0.500
'[00:00:01.691 01/01/2011]',31.900,18.000,27.100,23.800,21.300,0.500
'[00:00:01.692 01/01/2011]',29.400,18.400,27.500,24.600,21.500,0.500
'[00:00:01.693 01/01/2011]',27.600,19.200,27.700,25.700,21.900,0.500
'[00:00:01.694 01/01/2011]',26.800,20.200,27.800,26.600,22.500,0.500
'[00:00:01.695 01/01/2011]',26.900,21.400,27.800,27.000,23.200,0.500
'[00:00:01.696 01/01/2011]',26.900,22.500,27.800,26.900,24.000,0.500
'[00:00:01.697 01/01/2011]',26.000,23.700,27.900,26.800,24.700,0.500
'[00:00:01.698 01/01/2011]',23.900,24.700,28.300,26.800,25.300,0.500
'[00:00:01.699 01/01/2011]',20.900,25.400,28.800,27.100,25.900,0.500
'[00:00:01.700 01/01/2011]',17.700,25.600,29.500,27.700,26.400,0.500
'[00:00:01.701 01/01/2011]',15.100,25.300,30.200,28.300,26.800,0.500
'[00:00:01.702 01/01/2011]',13.100,24.400,30.800,28.500,27.000,0.500
'[00:00:01.703 01/01/2011]',11.700,23.200,31.100,28.300,27.100,0.500
'[00:00:01.704 01/01/2011]',10.200,22.000,31.200,27.800,27.100,0.500
'[00:00:01.705 01/01/2011]',8.500,20.900,31.100,27.200,27.000,0.500
'[00:00:01.706 01/01/2011]',6.500,20.000,31.000,26.700,27.000,0.500
'[00:00:01.707 01/01/2011]',4.600,19.400,30.800,26.300,27.000,0.500
'[00:00:01.708 01/01/2011]',2.800,19.200,30.800,26.000,26.900,0.500
'[00:00:01.709 01/01/2011]',1.200,19.300,30.900,25.800,26.700,0.500
'[00:00:01.710 01/01/2011]',-0.300,19.800,31.100,25.600,26.400,0.500
'[00:00:01.711 01/01/2011]',-1.800,20.700,31.300,25.700,26.200,0.500
'[00:00:01.712 01/01/2011]',-3.100,21.700,31.500,26.100,26.200,0.500
'[00:00:01.713 01/01/2011]',-4.000,22.800,31.600,26.700,26.300,0.500
'[00:00:01.714 01/01/2011]',-4.700,23.800,31.800,27.500,26.600,0.500
'[00:00:01.715 01/01/2011]',-5.400,24.900,31.900,28.300,26.900,0.500
'[00:00:01.716 01/01/2011]',-6.800,26.200,32.100,29.100,27.200,0.500
'[00:00:01.717 01/01/2011]',-9.100,27.400,32.300,29.900,27.400,0.500
'[00:00:01.718 01/01/2011]',-12.200,28.500,32.400,30.500,27.600,0.500
'[00:00:01.719 01/01/2011]',-15.400,28.900,32.600,30.800,27.800,0.500
'[00:00:01.720 01/01/2011]',-17.900,28.600,32.600,30.800,28.000,0.500
'[00:00:01.721 01/01/2011]',-19.400,27.500,32.500,30.500,28.200,0.500
'[00:00:01.722 01/01/2011]',-20.000,26.200,32.200,29.900,28.200,0.500
'[00:00:01.723 01/01/2011]',-20.200,25.000,31.800,29.400,28.100,0.500
'[00:00:01.724 01/01/2011]',-20.600,24.200,31.400,28.900,27.900,0.500
'[00:00:01.725 01/01/2011]',-21.400,23.700,31.200,28.700,27.700,0.500
'[00:00:01.726 01/01/2011]',-22.400,23.100,31.000,28.500,27.600,0.500
'[00:00:01.727 01/01/2011]',-23.200,22.200,30.800,28.300,27.400,0.500
'[00:00:01.728 01/01/2011]',-23.600,21.200,30.600,28.000,27.100,0.500
'[00:00:01.729 01/01/2011]',-23.800,20.300,30.200,27.500,26.700,0.500
'[00:00:01.730 01/01/2011]',-24.300,20.100,29.800,27.100,26.100,0.500
'[00:00:01.731 01/01/2011]',-25.200,20.700,29.500,27.000,25.600,0.500
'[00:00:01.732 01/01/2011]',-26.200,21.900,29.600,27.200,25.300,0.500
'[00:00:01.733 01/01/2011]',-26.900,23.200,29.800,27.700,25.200,0.500
'[00:00:01.734 01/01/2011]',-26.800,24.300,30.200,28.200,25.300,0.500
'[00:00:01.735 01/01/2011]',-26.100,24.900,30.400,28.500,25.500,0.500
'[00:00:01.736 01/01/2011]',-25.400,25.200,30.400,28.600,25.600,0.500
'[00:00:01.737 01/01/2011]',-25.600,25.700,30.100,28.500,25.700,0.500
'[00:00:01.738 01/01/2011]',-27.000,26.500,29.800,28.500,25.800,0.500
'[00:00:01.739 01/01/2011]',-29.300,27.500,29.500,28.600,25.800,0.500
'[00:00:01.740 01/01/2011]',-31.600,28.200,29.300,28.800,25.800,0.500
'[00:00:01.741 01/01/2011]',-33.301,28.200,29.300,29.100,25.800,0.500
'[00:00:01.742 01/01/2011]',-33.901,27.400,29.400,29.100,25.800,0.500
'[00:00:01.743 01/01/2011]',-34.001,26.000,29.600,28.800,26.000,0.500
'[00:00:01.744 01/01/2011]',-34.001,24.500,29.800,28.300,26.300,0.500
'[00:00:01.745 01/01/2011]',-34.501,23.200,30.000,27.700,26.900,0.500
'[00:00:01.746 01/01/2011]',-35.401,22.400,30.200,27.300,27.700,0.500
'[00:00:01.747 01/01/2011]',-36.001,22.000,30.500,27.300,28.500,0.500
'[00:00:01.748 01/01/2011]',-36.001,21.900,30.700,27.600,29.200,0.500
'[00:00:01.749 01/01/2011]',-35.301,22.000,31.000,28.000,29.600,0.500
'[00:00:01.750 01/01/2011]',-34.401,22.300,31.400,28.300,29.800,0.500
'[00:00:01.751 01/01/2011]',-33.801,22.700,31.700,28.300,29.900,0.500
'[00:00:01.752 01/01/2011]',-33.901,23.300,32.000,28.300,30.000,0.500
'[00:00:01.753 01/01/2011]',-34.401,24.100,32.100,28.200,30.100,0.500
'[00:00:01.754 01/01/2011]',-35.001,25.100,32.000,28.200,30.100,0.500
'[00:00:01.755 01/01/2011]',-35.201,26.000,31.700,28.300,30.000,0.500
'[00:00:01.756 01/01/2011]',-35.001,27.000,31.400,28.500,29.700,0.500
'[00:00:01.757 01/01/2011]',-34.901,27.900,31.400,28.700,29.400,0.500
'[00:00:01.758 01/01/2011]',-35.101,28.700,31.600,28.900,29.200,0.500
'[00:00:01.759 01/01/2011]',-35.801,29.300,32.100,29.200,29.200,0.500
'[00:00:01.760 01/01/2011]',-36.801,29.600,32.500,29.400,29.400,0.500
'[00:00:01.761 01/01/2011]',-37.901,29.300,32.801,29.700,29.800,0.500
'[00:00:01.762 01/01/2011]',-38.701,28.500,32.700,29.800,30.000,0.500
'[00:00:01.763 01/01/2011]',-39.401,27.300,32.300,29.700,30.000,0.500
'[00:00:01.764 01/01/2011]',-39.901,26.000,31.900,29.300,29.900,0.500
'[00:00:01.765 01/01/2011]',-40.301,25.000,31.600,28.600,29.600,0.500
'[00:00:01.766 01/01/2011]',-40.401,24.200,31.600,27.900,29.600,0.500
'[00:00:01.767 01/01/2011]',-40.101,23.900,31.900,27.200,29.900,0.500
'[00:00:01.768 01/01/2011]',-39.401,23.800,32.200,26.900,30.500,0.500
'[00:00:01.769 01/01/2011]',-38.701,23.800,32.400,27.000,31.000,0.500
'[00:00:01.770 01/01/2011]',-38.601,23.900,32.500,27.500,31.400,0.500
'[00:00:01.771 01/01/2011]',-39.101,24.100,32.500,28.300,31.200,0.500
'[00:00:01.772 01/01/2011]',-40.001,24.700,32.700,29.200,30.800,0.500
'[00:00:01.773 01/01/2011]',-40.701,25.700,33.101,30.100,30.100,0.500
'[00:00:01.774 01/01/2011]',-41.001,27.000,33.601,30.900,29.700,0.500
'[00:00:01.775 01/01/2011]',-40.701,28.500,34.201,31.600,29.700,0.500
'[00:00:01.776 01/01/2011]',-40.301,29.700,34.701,32.300,30.000,0.500
'[00:00:01.777 01/01/2011]',-40.301,30.700,34.901,32.700,30.500,0.500
'[00:00:01.778 01/01/2011]',-40.701,31.100,34.901,33.001,30.900,0.500
'[00:00:01.779 01/01/2011]',-41.601,31.200,34.801,33.201,31.100,0.500
'[00:00:01.780 01/01/2011]',-42.301,30.900,34.801,33.301,31.200,0.500
'[00:00:01.781 01/01/2011]',-42.501,30.400,34.901,33.401,31.200,0.500
'[00:00:01.782 01/01/2011]',-42.201,29.700,35.101,33.401,31.300,0.500
'[00:00:01.783 01/01/2011]',-41.901,28.900,35.301,33.301,31.500,0.500
'[00:00:01.784 01/01/2011]',-42.001,27.900,35.601,32.901,31.800,0.500
'[00:00:01.785 01/01/2011]',-42.901,26.900,35.801,32.300,32.300,0.500
'[00:00:01.786 01/01/2011]',-44.401,26.000,36.001,31.600,32.700,0.500
'[00:00:01.787 01/01/2011]',-46.001,25.300,36.201,31.000,33.201,0.500
'[00:00:01.788 01/01/2011]',-47.101,25.000,36.401,30.700,33.601,0.500
'[00:00:01.789 01/01/2011]',-47.401,25.100,36.401,30.700,33.901,0.500
'[00:00:01.790 01/01/2011]',-46.601,25.400,36.301,30.800,33.801,0.500
'[00:00:01.791 01/01/2011]',-45.001,25.900,36.101,31.000,33.401,0.500
'[00:00:01.792 01/01/2011]',-43.501,26.500,35.801,31.100,32.700,0.500
'[00:00:01.793 01/01/2011]',-42.601,27.100,35.601,31.200,32.000,0.500
'[00:00:01.794 01/01/2011]',-42.801,27.800,35.501,31.400,31.600,0.500
'[00:00:01.795 01/01/2011]',-44.101,28.500,35.501,31.700,31.500,0.500
'[00:00:01.796 01/01/2011]',-45.701,29.400,35.501,32.000,31.500,0.500
'[00:00:01.797 01/01/2011]',-46.801,30.300,35.501,32.100,31.400,0.500
'[00:00:01.798 01/01/2011]',-46.901,31.100,35.301,31.900,31.100,0.500
'[00:00:01.799 01/01/2011]',-46.101,31.400,35.001,31.500,30.600,0.500
'[00:00:01.800 01/01/2011]',-45.101,31.200,34.701,31.000,30.000,0.500
'[00:00:01.801 01/01/2011]',-44.701,30.400,34.601,30.700,29.600,0.500
'[00:00:01.802 01/01/2011]',-45.101,29.300,34.601,30.600,29.700,0.500
'[00:00:01.803 01/01/2011]',-45.801,28.300,34.701,30.800,30.100,0.500
'[00:00:01.804 01/01/2011]',-46.001,27.600,34.701,31.200,30.600,0.500
'[00:00:01.805 01/01/2011]',-45.201,27.000,34.401,31.400,31.100,0.500
'[00:00:01.806 01/01/2011]',-43.401,26.400,33.901,31.200,31.200,0.500
'[00:00:01.807 01/01/2011]',-41.601,25.600,33.401,30.600,31.000,0.500
'[00:00:01.808 01/01/2011]',-40.801,24.700,32.901,29.800,30.600,0.500
'[00:00:01.809 01/01/2011]',-41.101,23.800,32.700,29.000,30.100,0.500
'[00:00:01.810 01/01/2011]',-42.201,23.500,32.801,28.600,29.700,0.500
'[00:00:01.811 01/01/2011]',-43.001,23.900,33.001,28.700,29.700,0.500
'[00:00:01.812 01/01/2011]',-43.101,25.100,33.101,29.400,29.900,0.500
'[00:00:01.813 01/01/2011]',-42.301,26.400,33.201,30.300,30.400,0.500
'[00:00:01.814 01/01/2011]',-41.701,27.600,33.101,31.200,30.900,0.500
'[00:00:01.815 01/01/2011]',-41.801,28.300,33.001,31.800,31.400,0.500
'[00:00:01.816 01/01/2011]',-43.201,28.700,32.901,32.000,31.700,0.500
'[00:00:01.817 01/01/2011]',-45.101,28.900,32.901,32.100,31.700,0.500
'[00:00:01.818 01/01/2011]',-46.501,29.300,33.001,32.200,31.700,0.500
'[00:00:01.819 01/01/2011]',-46.701,29.800,33.201,32.500,31.600,0.500
'[00:00:01.820 01/01/2011]',-45.401,30.200,33.401,32.801,31.700,0.500
'[00:00:01.821 01/01/2011]',-43.301,30.100,33.601,33.001,31.800,0.500
'[00:00:01.822 01/01/2011]',-41.501,29.400,33.801,32.901,32.100,0.500
'[00:00:01.823 01/01/2011]',-40.601,28.200,33.801,32.500,32.300,0.500
'[00:00:01.824 01/01/2011]',-40.801,26.900,33.701,31.700,32.400,0.500
'[00:00:01.825 01/01/2011]',-41.401,25.900,33.401,30.900,32.300,0.500
'[00:00:01.826 01/01/2011]',-42.101,25.100,32.901,30.000,32.100,0.500
'[00:00:01.827 01/01/2011]',-42.301,24.600,32.400,29.200,31.700,0.500
'[00:00:01.828 01/01/2011]',-42.101,24.100,31.900,28.600,31.100,0.500
'[00:00:01.829 01/01/2011]',-41.801,23.500,31.500,28.100,30.400,0.500
'[00:00:01.830 01/01/2011]',-41.601,23.200,31.000,27.900,29.500,0.500
'[00:00:01.831 01/01/2011]',-41.501,23.100,30.600,27.900,28.700,0.500
'[00:00:01.832 01/01/2011]',-41.201,23.500,30.100,28.000,28.000,0.500
'[00:00:01.833 01/01/2011]',-40.601,24.300,29.700,28.200,27.500,0.500
'[00:00:01.834 01/01/2011]',-39.501,25.300,29.500,28.400,27.400,0.500
'[00:00:01.835 01/01/2011]',-38.201,26.400,29.500,28.600,27.700,0.500
'[00:00:01.836 01/01/2011]',-37.201,27.400,29.600,28.800,28.100,0.500
'[00:00:01.837 01/01/2011]',-36.601,28.200,29.900,28.900,28.700,0.500
'[00:00:01.838 01/01/2011]',-36.501,28.800,30.000,29.100,29.300,0.500
'[00:00:01.839 01/01/2011]',-36.701,29.200,29.800,29.200,29.800,0.500
'[00:00:01.840 01/01/2011]',-37.001,29.300,29.500,29.300,30.000,0.500
'[00:00:01.841 01/01/2011]',-37.101,29.200,29.100,29.200,30.000,0.500
'[00:00:01.842 01/01/2011]',-36.901,28.700,28.800,29.100,29.800,0.500
'[00:00:01.843 01/01/2011]',-36.201,28.000,28.700,28.900,29.400,0.500
'[00:00:01.844 01/01/2011]',-35.201,27.200,28.800,28.800,29.200,0.500
'[00:00:01.845 01/01/2011]',-34.101,26.400,29.100,28.900,29.200,0.500
'[00:00:01.846 01/01/2011]',-32.801,25.600,29.300,29.000,29.400,0.500
'[00:00:01.847 01/01/2011]',-31.800,25.000,29.500,29.200,29.600,0.500
'[00:00:01.848 01/01/2011]',-30.900,24.400,29.500,29.300,29.700,0.500
'[00:00:01.849 01/01/2011]',-30.300,24.100,29.400,29.100,29.500,0.500
'[00:00:01.850 01/01/2011]',-29.600,24.000,29.100,28.700,29.100,0.500
'[00:00:01.851 01/01/2011]',-28.700,24.100,28.700,28.200,28.700,0.500
'[00:00:01.852 01/01/2011]',-27.600,24.300,28.200,27.800,28.400,0.500
'[00:00:01.853 01/01/2011]',-26.200,24.700,27.700,27.500,28.300,0.500
'[00:00:01.854 01/01/2011]',-25.100,25.300,27.300,27.600,28.500,0.500
'[00:00:01.855 01/01/2011]',-24.400,26.200,27.100,28.000,28.700,0.500
'[00:00:01.856 01/01/2011]',-24.500,27.200,27.100,28.600,28.700,0.500
'[00:00:01.857 01/01/2011]',-24.900,28.300,27.200,29.300,28.500,0.500
'[00:00:01.858 01/01/2011]',-25.500,29.300,27.100,29.800,28.100,0.500
'[00:00:01.859 01/01/2011]',-25.600,29.700,26.900,30.000,27.700,0.500
'[00:00:01.860 01/01/2011]',-25.100,29.600,26.300,29.900,27.400,0.500
'[00:00:01.861 01/01/2011]',-24.100,28.900,25.600,29.500,27.300,0.500
'[00:00:01.862 01/01/2011]',-22.900,27.900,24.900,29.000,27.500,0.500
'[00:00:01.863 01/01/2011]',-21.800,26.900,24.500,28.700,27.800,0.500
'[00:00:01.864 01/01/2011]',-20.900,26.000,24.500,28.500,28.100,0.500
'[00:00:01.865 01/01/2011]',-20.400,25.100,24.800,28.300,28.200,0.500
'[00:00:01.866 01/01/2011]',-20.300,24.200,25.100,28.100,28.100,0.500
'[00:00:01.867 01/01/2011]',-20.600,23.000,25.300,27.700,27.700,0.500
'[00:00:01.868 01/01/2011]',-21.300,21.800,25.000,27.100,27.100,0.500
'[00:00:01.869 01/01/2011]',-22.200,20.700,24.500,26.300,26.400,0.500
'[00:00:01.870 01/01/2011]',-23.000,20.200,23.700,25.700,25.700,0.500
'[00:00:01.871 01/01/2011]',-23.400,20.300,23.000,25.300,25.200,0.500
'[00:00:01.872 01/01/2011]',-23.300,21.200,22.600,25.100,25.000,0.500
'[00:00:01.873 01/01/2011]',-22.900,22.500,22.600,25.200,24.900,0.500
'[00:00:01.874 01/01/2011]',-22.400,23.900,22.700,25.300,25.000,0.500
'[00:00:01.875 01/01/2011]',-22.300,25.100,22.900,25.500,24.900,0.500
'[00:00:01.876 01/01/2011]',-22.800,25.900,22.700,25.600,24.600,0.500
'[00:00:01.877 01/01/2011]',-23.500,26.300,22.200,25.700,23.900,0.500
'[00:00:01.878 01/01/2011]',-24.100,26.300,21.500,25.600,23.000,0.500
'[00:00:01.879 01/01/2011]',-24.200,26.100,20.700,25.500,22.000,0.500
'[00:00:01.880 01/01/2011]',-23.900,25.800,20.000,25.300,21.200,0.500
'[00:00:01.881 01/01/2011]',-23.500,25.300,19.700,25.200,20.800,0.500
'[00:00:01.882 01/01/2011]',-23.200,24.800,19.700,25.100,20.700,0.500
'[00:00:01.883 01/01/2011]',-23.100,24.200,19.800,25.100,20.900,0.500
'[00:00:01.884 01/01/2011]',-23.000,23.400,19.900,25.000,21.100,0.500
'[00:00:01.885 01/01/2011]',-22.700,22.300,19.800,24.700,21.200,0.500
'[00:00:01.886 01/01/2011]',-22.000,21.100,19.600,24.000,21.200,0.500
'[00:00:01.887 01/01/2011]',-21.100,19.800,19.200,23.200,21.100,0.500
'[00:00:01.888 01/01/2011]',-20.300,18.700,18.900,22.500,21.200,0.500
'[00:00:01.889 01/01/2011]',-19.800,18.100,18.900,22.300,21.400,0.500
'[00:00:01.890 01/01/2011]',-19.600,18.200,19.200,22.600,21.600,0.500
'[00:00:01.891 01/01/2011]',-19.700,18.900,19.800,23.300,21.800,0.500
'[00:00:01.892 01/01/2011]',-19.600,19.900,20.500,24.000,21.700,0.500
'[00:00:01.893 01/01/2011]',-19.500,20.800,20.900,24.300,21.300,0.500
'[00:00:01.894 01/01/2011]',-19.300,21.500,21.100,24.200,20.900,0.500
'[00:00:01.895 01/01/2011]',-19.100,21.800,20.800,23.800,20.700,0.500
'[00:00:01.896 01/01/2011]',-19.100,21.900,20.500,23.600,20.900,0.500
'[00:00:01.897 01/01/2011]',-19.100,22.100,20.300,23.700,21.500,0.500
'[00:00:01.898 01/01/2011]',-18.800,22.300,20.600,24.100,22.400,0.500
'[00:00:01.899 01/01/2011]',-18.300,22.500,21.300,24.600,23.200,0.500
'[00:00:01.900 01/01/2011]',-17.600,22.600,22.000,24.900,23.700,0.500
'[00:00:01.901 01/01/2011]',-17.000,22.500,22.500,24.800,23.800,0.500
'[00:00:01.902 01/01/2011]',-16.700,22.000,22.500,24.300,23.600,0.500
'[00:00:01.903 01/01/2011]',-16.900,21.100,22.100,23.600,23.300,0.500
'[00:00:01.904 01/01/2011]',-17.200,20.000,21.500,22.800,23.000,0.500
'[00:00:01.905 01/01/2011]',-17.200,18.900,21.100,22.300,22.800,0.500
'[00:00:01.906 01/01/2011]',-16.800,17.900,21.000,22.000,22.700,0.500
'[00:00:01.907 01/01/2011]',-15.700,17.300,21.300,21.900,22.500,0.500
'[00:00:01.908 01/01/2011]',-14.300,17.000,21.700,21.900,22.200,0.500
'[00:00:01.909 01/01/2011]',-13.000,17.000,21.900,21.900,22.000,0.500
'[00:00:01.910 01/01/2011]',-12.100,17.100,21.900,21.800,21.900,0.500
'[00:00:01.911 01/01/2011]',-11.800,17.200,21.700,21.500,21.800,0.500
'[00:00:01.912 01/01/2011]',-11.900,17.100,21.400,21.100,21.800,0.500
'[00:00:01.913 01/01/2011]',-12.100,16.700,21.000,20.600,21.800,0.500
'[00:00:01.914 01/01/2011]',-12.000,16.100,20.500,20.300,21.500,0.500
'[00:00:01.915 01/01/2011]',-11.600,15.600,20.200,20.200,21.000,0.500
'[00:00:01.916 01/01/2011]',-10.800,15.500,19.800,20.400,20.400,0.500
'[00:00:01.917 01/01/2011]',-10.000,15.900,19.600,20.600,20.000,0.500
'[00:00:01.918 01/01/2011]',-9.300,16.700,19.400,20.800,19.900,0.500
'[00:00:01.919 01/01/2011]',-8.900,17.400,19.100,20.800,20.100,0.500
'[00:00:01.920 01/01/2011]',-8.700,17.600,18.700,20.600,20.400,0.500
'[00:00:01.921 01/01/2011]',-8.700,17.100,18.200,20.300,20.600,0.500
'[00:00:01.922 01/01/2011]',-8.800,15.900,17.500,19.900,20.400,0.500
'[00:00:01.923 01/01/2011]',-8.900,14.500,16.700,19.700,20.000,0.500
'[00:00:01.924 01/01/2011]',-8.800,13.200,16.200,19.300,19.500,0.500
'[00:00:01.925 01/01/2011]',-8.100,12.200,15.800,18.800,18.900,0.500
'[00:00:01.926 01/01/2011]',-6.800,11.500,15.700,18.200,18.600,0.500
'[00:00:01.927 01/01/2011]',-5.300,10.800,15.600,17.500,18.300,0.500
'[00:00:01.928 01/01/2011]',-4.100,10.000,15.600,16.700,18.200,0.500
'[00:00:01.929 01/01/2011]',-3.800,9.100,15.500,16.100,18.100,0.500
'[00:00:01.930 01/01/2011]',-4.400,8.200,15.500,15.600,17.800,0.500
'[00:00:01.931 01/01/2011]',-5.400,7.600,15.600,15.300,17.400,0.500
'[00:00:01.932 01/01/2011]',-6.000,7.300,15.900,15.100,17.100,0.500
'[00:00:01.933 01/01/2011]',-5.600,7.400,16.200,15.100,16.800,0.500
'[00:00:01.934 01/01/2011]',-4.000,7.500,16.300,15.200,16.600,0.500
'[00:00:01.935 01/01/2011]',-2.200,7.600,16.000,15.500,16.400,0.500
'[00:00:01.936 01/01/2011]',-0.900,7.500,15.500,15.800,16.200,0.500
'[00:00:01.937 01/01/2011]',-0.700,7.300,14.800,16.000,15.900,0.500
'[00:00:01.938 01/01/2011]',-1.400,7.100,14.100,16.100,15.500,0.500
'[00:00:01.939 01/01/2011]',-1.800,7.000,13.600,16.000,15.200,0.500
'[00:00:01.940 01/01/2011]',-1.100,6.900,13.400,15.900,14.900,0.500
'[00:00:01.941 01/01/2011]',0.900,6.700,13.400,15.700,14.900,0.500
'[00:00:01.942 01/01/2011]',3.300,6.400,13.500,15.400,15.000,0.500
'[00:00:01.943 01/01/2011]',5.100,5.800,13.500,15.100,15.300,0.500
'[00:00:01.944 01/01/2011]',5.400,5.000,13.500,14.700,15.800,0.500
'[00:00:01.945 01/01/2011]',4.400,4.000,13.500,14.300,16.300,0.500
'[00:00:01.946 01/01/2011]',3.100,3.000,13.700,13.900,16.700,0.500
'[00:00:01.947 01/01/2011]',2.700,2.300,14.100,13.600,17.000,0.500
'[00:00:01.948 01/01/2011]',3.900,1.900,14.600,13.300,17.100,0.500
'[00:00:01.949 01/01/2011]',6.200,1.900,15.100,12.900,17.000,0.500
'[00:00:01.950 01/01/2011]',8.700,2.100,15.500,12.400,16.700,0.500
'[00:00:01.951 01/01/2011]',10.300,2.600,15.700,11.900,16.400,0.500
'[00:00:01.952 01/01/2011]',10.700,3.100,15.700,11.700,16.100,0.500
'[00:00:01.953 01/01/2011]',10.100,3.500,15.500,11.700,15.900,0.500
'[00:00:01.954 01/01/2011]',9.200,4.000,15.100,11.900,15.700,0.500
'[00:00:01.955 01/01/2011]',8.700,4.500,14.600,12.200,15.500,0.500
'[00:00:01.956 01/01/2011]',8.800,4.900,14.100,12.300,15.300,0.500
'[00:00:01.957 01/01/2011]',9.200,5.300,13.500,12.300,15.100,0.500
'[00:00:01.958 01/01/2011]',9.600,5.600,13.100,12.300,15.100,0.500
'[00:00:01.959 01/01/2011]',10.100,5.600,12.900,12.400,15.200,0.500
'[00:00:01.960 01/01/2011]',10.500,5.400,12.800,12.600,15.300,0.500
'[00:00:01.961 01/01/2011]',11.100,5.100,12.800,13.000,15.400,0.500
'[00:00:01.962 01/01/2011]',11.800,4.700,12.800,13.200,15.300,0.500
'[00:00:01.963 01/01/2011]',12.700,4.300,12.500,13.100,14.900,0.500
'[00:00:01.964 01/01/2011]',13.600,3.900,12.100,12.700,14.500,0.500
'[00:00:01.965 01/01/2011]',14.500,3.500,11.600,12.200,14.300,0.500
'[00:00:01.966 01/01/2011]',15.200,3.000,11.200,11.900,14.500,0.500
'[00:00:01.967 01/01/2011]',15.700,2.600,11.000,11.900,14.900,0.500
'[00:00:01.968 01/01/2011]',15.900,2.200,10.900,12.200,15.300,0.500
'[00:00:01.969 01/01/2011]',15.600,2.000,11.000,12.400,15.500,0.500
'[00:00:01.970 01/01/2011]',15.300,2.100,11.200,12.600,15.500,0.500
'[00:00:01.971 01/01/2011]',15.400,2.500,11.500,12.600,15.400,0.500
'[00:00:01.972 01/01/2011]',16.500,3.100,12.000,12.500,15.300,0.500
'[00:00:01.973 01/01/2011]',18.700,3.600,12.400,12.400,15.500,0.500
'[00:00:01.974 01/01/2011]',21.500,4.000,12.600,12.200,15.900,0.500
'[00:00:01.975 01/01/2011]',24.000,4.100,12.400,12.000,16.500,0.500
'[00:00:01.976 01/01/2011]',25.500,4.100,11.900,11.500,16.800,0.500
'[00:00:01.977 01/01/2011]',26.000,4.000,11.000,11.000,16.800,0.500
'[00:00:01.978 01/01/2011]',25.900,4.000,9.900,10.400,16.400,0.500
'[00:00:01.979 01/01/2011]',26.400,4.100,8.800,10.100,15.600,0.500
'[00:00:01.980 01/01/2011]',27.800,4.300,7.900,10.100,14.600,0.500
'[00:00:01.981 01/01/2011]',30.000,4.600,7.200,10.600,13.700,0.500
'[00:00:01.982 01/01/2011]',32.000,5.100,6.700,11.500,13.100,0.500
'[00:00:01.983 01/01/2011]',33.101,5.800,6.400,12.500,12.900,0.500
'[00:00:01.984 01/01/2011]',33.201,6.700,6.400,13.700,13.300,0.500
'[00:00:01.985 01/01/2011]',32.801,7.800,6.600,14.700,14.100,0.500
'[00:00:01.986 01/01/2011]',32.600,9.000,7.000,15.600,15.000,0.500
'[00:00:01.987 01/01/2011]',33.301,10.200,7.500,16.300,15.800,0.500
'[00:00:01.988 01/01/2011]',34.701,11.200,7.900,16.700,16.100,0.500
'[00:00:01.989 01/01/2011]',36.101,11.900,8.100,16.900,16.100,0.500
'[00:00:01.990 01/01/2011]',37.001,12.500,8.200,17.100,15.800,0.500
'[00:00:01.991 01/01/2011]',37.401,13.100,8.200,17.300,15.500,0.500
'[00:00:01.992 01/01/2011]',37.801,13.600,8.000,17.500,15.400,0.500
'[00:00:01.993 01/01/2011]',38.701,14.100,8.000,17.800,15.600,0.500
'[00:00:01.994 01/01/2011]',40.201,14.700,8.100,18.300,16.000,0.500
'[00:00:01.995 01/01/2011]',42.001,15.400,8.500,18.900,16.400,0.500
'[00:00:01.996 01/01/2011]',43.501,16.100,9.100,19.500,16.600,0.500
'[00:00:01.997 01/01/2011]',44.301,16.900,9.800,20.100,16.700,0.500
'[00:00:01.998 01/01/2011]',44.501,17.700,10.300,20.600,16.600,0.500
'[00:00:01.999 01/01/2011]',44.401,18.400,10.400,20.900,16.500,0.500
'[00:00:02.000 01/01/2011]',44.501,19.000,10.200,21.100,16.400,0.500
'[00:00:02.001 01/01/2011]',44.801,19.400,9.700,21.100,16.300,0.500
'[00:00:02.002 01/01/2011]',45.201,19.600,9.200,21.200,16.300,0.500
'[00:00:02.003 01/01/2011]',45.501,19.700,8.900,21.500,16.400,0.500
'[00:00:02.004 01/01/2011]',45.801,19.900,9.000,22.000,16.500,0.500
'[00:00:02.005 01/01/2011]',46.101,20.400,9.200,22.600,16.500,0.500
'[00:00:02.006 01/01/2011]',46.401,21.000,9.400,23.100,16.200,0.500
'[00:00:02.007 01/01/2011]',46.701,21.700,9.400,23.200,15.800,0.500
'[00:00:02.008 01/01/2011]',46.601,22.100,9.100,22.900,15.200,0.500
'[00:00:02.009 01/01/2011]',46.301,22.300,8.600,22.500,14.800,0.500
'[00:00:02.010 01/01/2011]',46.001,21.900,8.200,22.200,14.600,0.500
'[00:00:02.011 01/01/2011]',46.001,21.200,8.100,22.100,14.800,0.500
'[00:00:02.012 01/01/2011]',46.501,20.200,8.400,22.000,15.300,0.500
'[00:00:02.013 01/01/2011]',47.401,19.400,8.800,22.000,15.700,0.500
'[00:00:02.014 01/01/2011]',48.201,18.900,9.300,21.600,15.800,0.500
'[00:00:02.015 01/01/2011]',48.401,18.800,9.600,21.100,15.400,0.500
'[00:00:02.016 01/01/2011]',47.901,19.200,9.500,20.600,14.600,0.500
'[00:00:02.017 01/01/2011]',47.001,19.800,9.200,20.300,13.700,0.500
'[00:00:02.018 01/01/2011]',46.301,20.500,8.900,20.500,13.000,0.500
'[00:00:02.019 01/01/2011]',46.101,21.100,8.800,21.000,13.000,0.500
'[00:00:02.020 01/01/2011]',46.101,21.600,9.000,21.800,13.400,0.500
'[00:00:02.021 01/01/2011]',46.001,21.900,9.400,22.400,14.300,0.500
'[00:00:02.022 01/01/2011]',45.201,22.000,9.900,22.600,15.200,0.500
'[00:00:02.023 01/01/2011]',44.101,22.000,10.400,22.500,15.900,0.500
'[00:00:02.024 01/01/2011]',43.201,21.700,11.000,22.200,16.300,0.500
'[00:00:02.025 01/01/2011]',43.501,21.000,11.600,21.900,16.300,0.500
'[00:00:02.026 01/01/2011]',45.201,20.000,12.300,21.900,16.300,0.500
'[00:00:02.027 01/01/2011]',47.801,18.800,12.800,22.000,16.400,0.500
'[00:00:02.028 01/01/2011]',50.201,17.900,13.100,22.000,16.600,0.500
'[00:00:02.029 01/01/2011]',51.301,17.500,13.200,22.000,17.100,0.500
'[00:00:02.030 01/01/2011]',50.901,17.600,13.000,21.800,17.700,0.500
'[00:00:02.031 01/01/2011]',49.701,18.000,12.800,21.500,18.100,0.500
'[00:00:02.032 01/01/2011]',48.601,18.500,12.500,21.500,18.100,0.500
'[00:00:02.033 01/01/2011]',48.701,19.000,12.400,21.600,17.700,0.500
'[00:00:02.034 01/01/2011]',49.901,19.400,12.200,22.000,17.000,0.500
'[00:00:02.035 01/01/2011]',51.701,19.900,12.000,22.200,16.000,0.500
'[00:00:02.036 01/01/2011]',53.101,20.500,11.700,22.200,15.100,0.500
'[00:00:02.037 01/01/2011]',53.501,21.000,11.300,21.900,14.400,0.500
'[00:00:02.038 01/01/2011]',53.001,21.500,10.900,21.500,13.900,0.500
'[00:00:02.039 01/01/2011]',52.201,21.600,10.700,21.100,13.500,0.500
'[00:00:02.040 01/01/2011]',51.901,21.500,10.700,20.800,13.200,0.500
'[00:00:02.041 01/01/2011]',52.601,21.400,11.000,20.700,12.800,0.500
'[00:00:02.042 01/01/2011]',54.001,21.200,11.700,20.500,12.100,0.500
'[00:00:02.043 01/01/2011]',55.501,21.300,12.800,20.200,11.100,0.500
'[00:00:02.044 01/01/2011]',56.601,21.600,14.200,20.000,9.900,0.500
'[00:00:02.045 01/01/2011]',56.801,22.100,16.200,19.800,8.500,0.500
'[00:00:02.046 01/01/2011]',56.701,22.900,18.700,20.100,7.300,0.500
'[00:00:02.047 01/01/2011]',56.801,23.800,21.500,20.700,6.300,0.500
'[00:00:02.048 01/01/2011]',57.401,25.100,24.400,21.400,5.600,0.500
'[00:00:02.049 01/01/2011]',58.501,26.600,27.300,22.200,5.000,0.500
'[00:00:02.050 01/01/2011]',59.601,28.100,30.000,22.800,4.600,0.500
'[00:00:02.051 01/01/2011]',60.201,29.500,32.400,23.200,4.300,0.500
'[00:00:02.052 01/01/2011]',59.901,30.400,34.401,23.600,4.200,0.500
'[00:00:02.053 01/01/2011]',58.801,30.800,36.101,24.300,4.600,0.500
'[00:00:02.054 01/01/2011]',57.301,30.800,37.501,25.400,5.700,0.500
'[00:00:02.055 01/01/2011]',56.101,30.700,38.901,26.900,7.500,0.500
'[00:00:02.056 01/01/2011]',55.401,30.700,40.201,28.400,10.000,0.500
'[00:00:02.057 01/01/2011]',55.101,31.000,41.701,30.000,12.900,0.500
'[00:00:02.058 01/01/2011]',54.901,31.400,43.401,31.600,16.300,0.500
'[00:00:02.059 01/01/2011]',54.501,31.700,45.201,33.401,20.100,0.500
'[00:00:02.060 01/01/2011]',53.801,31.700,46.801,35.501,24.500,0.500
'[00:00:02.061 01/01/2011]',53.101,31.000,48.001,37.901,29.600,0.500
'[00:00:02.062 01/01/2011]',52.501,29.700,48.401,40.201,35.401,0.500
'[00:00:02.063 01/01/2011]',52.301,28.000,47.901,42.201,41.601,0.500
'[00:00:02.064 01/01/2011]',52.201,25.900,46.401,43.601,48.001,0.500
'[00:00:02.065 01/01/2011]',51.701,23.800,44.301,44.401,54.201,0.500
'[00:00:02.066 01/01/2011]',50.601,21.600,41.901,44.901,60.301,0.500
'[00:00:02.067 01/01/2011]',49.001,19.400,39.501,45.601,66.201,0.500
'[00:00:02.068 01/01/2011]',47.301,17.000,37.101,46.601,72.101,0.500
'[00:00:02.069 01/01/2011]',46.001,14.300,34.201,48.001,78.201,0.500
'[00:00:02.070 01/01/2011]',45.601,11.300,30.500,49.301,84.601,0.500
'[00:00:02.071 01/01/2011]',46.101,8.000,25.800,50.301,91.301,0.500
'[00:00:02.072 01/01/2011]',47.201,4.500,20.300,50.801,98.301,0.500
'[00:00:02.073 01/01/2011]',48.101,1.200,14.800,51.001,105.302,0.500
'[00:00:02.074 01/01/2011]',48.601,-1.600,9.800,51.001,112.002,0.500
'[00:00:02.075 01/01/2011]',48.401,-3.800,5.800,51.101,117.802,0.500
'[00:00:02.076 01/01/2011]',47.801,-5.500,3.000,51.301,122.402,0.500
'[00:00:02.077 01/01/2011]',47.101,-7.100,0.800,51.301,125.502,0.500
'[00:00:02.078 01/01/2011]',46.601,-8.800,-0.900,50.901,127.102,0.500
'[00:00:02.079 01/01/2011]',46.301,-10.500,-2.500,50.101,127.302,0.500
'[00:00:02.080 01/01/2011]',46.101,-12.100,-4.100,48.801,126.202,0.500
'[00:00:02.081 01/01/2011]',45.901,-13.300,-5.400,47.301,123.802,0.500
'[00:00:02.082 01/01/2011]',46.001,-13.700,-6.600,45.501,120.202,0.500
'[00:00:02.083 01/01/2011]',46.501,-13.400,-7.800,43.201,115.202,0.500
'[00:00:02.084 01/01/2011]',47.601,-12.800,-9.500,40.301,108.902,0.500
'[00:00:02.085 01/01/2011]',49.501,-12.500,-12.100,36.501,101.502,0.500
'[00:00:02.086 01/01/2011]',51.601,-12.700,-15.800,32.000,93.601,0.500
'[00:00:02.087 01/01/2011]',53.401,-13.700,-20.300,27.200,85.601,0.500
'[00:00:02.088 01/01/2011]',54.501,-15.100,-25.300,22.500,78.201,0.500
'[00:00:02.089 01/01/2011]',54.901,-16.600,-30.400,18.300,71.301,0.500
'[00:00:02.090 01/01/2011]',54.801,-17.400,-35.101,14.600,64.801,0.500
'[00:00:02.091 01/01/2011]',55.001,-17.200,-39.101,11.400,58.301,0.500
'[00:00:02.092 01/01/2011]',55.901,-16.100,-42.201,8.600,51.501,0.500
'[00:00:02.093 01/01/2011]',57.801,-14.200,-44.001,6.200,44.301,0.500
'[00:00:02.094 01/01/2011]',61.001,-11.900,-44.301,4.400,37.201,0.500
'[00:00:02.095 01/01/2011]',65.601,-9.700,-43.401,3.300,30.700,0.500
'[00:00:02.096 01/01/2011]',71.901,-7.900,-41.401,2.800,25.200,0.500
'[00:00:02.097 01/01/2011]',80.101,-6.400,-38.901,2.700,20.800,0.500
'[00:00:02.098 01/01/2011]',89.701,-5.100,-36.201,2.800,17.300,0.500
'[00:00:02.099 01/01/2011]',100.202,-3.900,-33.401,3.100,14.500,0.500
'[00:00:02.100 01/01/2011]',110.602,-2.400,-30.300,3.500,12.200,0.500
'[00:00:02.101 01/01/2011]',120.102,-0.600,-26.900,4.300,10.500,0.500
'[00:00:02.102 01/01/2011]',127.902,1.300,-23.100,5.600,9.600,0.500
'[00:00:02.103 01/01/2011]',133.702,3.200,-19.200,7.200,9.400,0.500
'[00:00:02.104 01/01/2011]',137.502,4.800,-15.400,9.000,9.900,0.500
'[00:00:02.105 01/01/2011]',139.402,6.300,-11.800,10.800,11.000,0.500
'[00:00:02.106 01/01/2011]',139.602,7.700,-8.200,12.500,12.400,0.500
'[00:00:02.107 01/01/2011]',138.502,9.200,-4.300,14.200,14.000,0.500
'[00:00:02.108 01/01/2011]',136.502,10.700,-0.100,15.900,15.800,0.500
'[00:00:02.109 01/01/2011]',134.102,12.100,4.500,17.600,17.800,0.500
'[00:00:02.110 01/01/2011]',131.702,13.300,9.000,19.300,19.900,0.500
'[00:00:02.111 01/01/2011]',129.402,14.400,13.000,20.900,21.900,0.500
'[00:00:02.112 01/01/2011]',127.102,15.600,16.100,22.300,23.400,0.500
'[00:00:02.113 01/01/2011]',124.902,16.800,18.400,23.400,24.300,0.500
'[00:00:02.114 01/01/2011]',122.702,18.200,20.100,24.300,24.700,0.500
'[00:00:02.115 01/01/2011]',120.802,19.500,21.300,24.700,24.600,0.500
'[00:00:02.116 01/01/2011]',119.102,20.600,22.000,24.700,24.200,0.500
'[00:00:02.117 01/01/2011]',117.202,21.300,22.100,24.200,23.400,0.500
'[00:00:02.118 01/01/2011]',114.102,21.600,21.500,23.300,22.300,0.500
'[00:00:02.119 01/01/2011]',109.102,21.600,20.100,22.000,20.600,0.500
'[00:00:02.120 01/01/2011]',101.402,21.700,18.000,20.600,18.300,0.500
'[00:00:02.121 01/01/2011]',91.001,22.000,15.400,19.100,15.300,0.500
'[00:00:02.122 01/01/2011]',78.501,22.400,12.600,17.500,12.100,0.500
'[00:00:02.123 01/01/2011]',64.901,22.600,9.900,15.900,9.000,0.500
'[00:00:02.124 01/01/2011]',51.301,22.400,7.600,14.400,6.500,0.500
'[00:00:02.125 01/01/2011]',38.801,21.700,6.000,13.200,4.900,0.500
'[00:00:02.126 01/01/2011]',28.000,20.900,5.200,12.600,4.200,0.500
'[00:00:02.127 01/01/2011]',19.900,20.200,5.400,12.500,4.300,0.500
'[00:00:02.128 01/01/2011]',15.000,20.100,6.400,13.200,4.900,0.500
'[00:00:02.129 01/01/2011]',13.600,20.700,7.800,14.300,5.900,0.500
'[00:00:02.130 01/01/2011]',15.500,21.700,9.200,15.600,6.900,0.500
'[00:00:02.131 01/01/2011]',19.800,22.700,10.400,16.700,7.900,0.500
'[00:00:02.132 01/01/2011]',24.900,23.500,11.200,17.300,8.600,0.500
'[00:00:02.133 01/01/2011]',29.200,23.700,11.800,17.400,9.100,0.500
'[00:00:02.134 01/01/2011]',31.900,23.600,12.100,17.100,9.200,0.500
'[00:00:02.135 01/01/2011]',32.801,23.500,12.300,16.900,9.000,0.500
'[00:00:02.136 01/01/2011]',32.200,23.700,12.600,16.900,8.800,0.500
'[00:00:02.137 01/01/2011]',30.700,24.500,12.900,17.400,8.800,0.500
'[00:00:02.138 01/01/2011]',28.600,25.400,13.200,18.100,9.100,0.500
'[00:00:02.139 01/01/2011]',26.000,26.100,13.500,18.900,9.700,0.500
'[00:00:02.140 01/01/2011]',23.000,26.300,13.700,19.300,10.300,0.500
'[00:00:02.141 01/01/2011]',20.200,26.000,14.000,19.400,10.600,0.500
'[00:00:02.142 01/01/2011]',18.100,25.300,14.400,19.100,10.600,0.500
'[00:00:02.143 01/01/2011]',17.400,24.800,14.800,18.800,10.300,0.500
'[00:00:02.144 01/01/2011]',17.600,24.800,15.300,18.700,10.100,0.500
'[00:00:02.145 01/01/2011]',18.100,25.400,15.900,19.000,10.100,0.500
'[00:00:02.146 01/01/2011]',17.600,26.100,16.300,19.500,10.400,0.500
'[00:00:02.147 01/01/2011]',15.500,26.600,16.500,19.900,10.900,0.500
'[00:00:02.148 01/01/2011]',11.800,26.600,16.500,20.100,11.400,0.500
'[00:00:02.149 01/01/2011]',7.600,26.400,16.500,20.100,11.800,0.500
'[00:00:02.150 01/01/2011]',4.000,26.300,16.700,20.100,12.200,0.500
'[00:00:02.151 01/01/2011]',1.700,26.600,17.200,20.500,12.600,0.500
'[00:00:02.152 01/01/2011]',0.500,27.400,17.900,21.300,13.100,0.500
'[00:00:02.153 01/01/2011]',-0.100,28.500,18.600,22.400,13.500,0.500
'[00:00:02.154 01/01/2011]',-0.700,29.500,19.100,23.300,13.800,0.500
'[00:00:02.155 01/01/2011]',-1.600,30.100,19.300,23.600,13.900,0.500
'[00:00:02.156 01/01/2011]',-3.000,30.300,19.000,23.100,13.900,0.500
'[00:00:02.157 01/01/2011]',-4.500,30.300,18.700,22.100,13.800,0.500
'[00:00:02.158 01/01/2011]',-6.300,30.300,18.400,21.100,13.900,0.500
'[00:00:02.159 01/01/2011]',-8.100,30.500,18.400,20.500,14.000,0.500
'[00:00:02.160 01/01/2011]',-9.900,30.600,18.600,20.500,14.200,0.500
'[00:00:02.161 01/01/2011]',-11.400,30.500,18.900,20.900,14.200,0.500
'[00:00:02.162 01/01/2011]',-12.800,30.200,19.200,21.300,14.100,0.500
'[00:00:02.163 01/01/2011]',-13.900,29.800,19.400,21.500,13.900,0.500
'[00:00:02.164 01/01/2011]',-15.100,29.400,19.600,21.300,13.900,0.500
'[00:00:02.165 01/01/2011]',-16.500,29.300,19.900,20.900,14.100,0.500
'[00:00:02.166 01/01/2011]',-18.100,29.400,20.300,20.700,14.400,0.500
'[00:00:02.167 01/01/2011]',-19.500,29.400,20.600,20.700,14.600,0.500
'[00:00:02.168 01/01/2011]',-20.500,29.300,20.600,21.000,14.500,0.500
'[00:00:02.169 01/01/2011]',-21.000,28.900,20.200,21.400,14.100,0.500
'[00:00:02.170 01/01/2011]',-21.400,28.500,19.600,21.600,13.600,0.500
'[00:00:02.171 01/01/2011]',-22.100,28.300,19.100,21.500,13.300,0.500
'[00:00:02.172 01/01/2011]',-23.100,28.400,19.000,21.400,13.300,0.500
'[00:00:02.173 01/01/2011]',-24.300,28.700,19.100,21.100,13.600,0.500
'[00:00:02.174 01/01/2011]',-24.900,29.000,19.200,21.000,13.900,0.500
'[00:00:02.175 01/01/2011]',-24.900,29.000,19.000,20.900,14.100,0.500
'[00:00:02.176 01/01/2011]',-24.500,28.800,18.300,20.900,13.900,0.500
'[00:00:02.177 01/01/2011]',-24.400,28.600,17.400,21.000,13.600,0.500
'[00:00:02.178 01/01/2011]',-25.200,28.600,16.700,21.200,13.300,0.500
'[00:00:02.179 01/01/2011]',-27.100,29.000,16.600,21.500,13.200,0.500
'[00:00:02.180 01/01/2011]',-29.400,29.600,17.000,21.700,13.300,0.500
'[00:00:02.181 01/01/2011]',-31.400,30.200,17.700,21.900,13.500,0.500
'[00:00:02.182 01/01/2011]',-32.400,30.400,18.100,21.900,13.800,0.500
'[00:00:02.183 01/01/2011]',-32.400,30.200,18.200,21.900,14.000,0.500
'[00:00:02.184 01/01/2011]',-32.100,29.600,18.000,21.800,14.300,0.500
'[00:00:02.185 01/01/2011]',-32.000,29.000,17.700,22.000,14.500,0.500
'[00:00:02.186 01/01/2011]',-32.300,28.800,17.800,22.400,14.800,0.500
'[00:00:02.187 01/01/2011]',-32.700,28.800,18.200,22.900,15.100,0.500
'[00:00:02.188 01/01/2011]',-32.801,29.000,18.700,23.200,15.400,0.500
'[00:00:02.189 01/01/2011]',-32.100,29.200,19.000,23.300,15.600,0.500
'[00:00:02.190 01/01/2011]',-30.800,29.200,19.000,23.000,15.800,0.500
'[00:00:02.191 01/01/2011]',-29.400,29.000,18.900,22.600,16.000,0.500
'[00:00:02.192 01/01/2011]',-28.700,28.900,18.800,22.200,16.400,0.500
'[00:00:02.193 01/01/2011]',-29.100,28.700,19.000,22.200,16.700,0.500
'[00:00:02.194 01/01/2011]',-30.400,28.700,19.300,22.600,16.800,0.500
'[00:00:02.195 01/01/2011]',-31.800,28.600,19.500,23.000,16.600,0.500
'[00:00:02.196 01/01/2011]',-32.600,28.500,19.400,23.400,16.000,0.500
'[00:00:02.197 01/01/2011]',-32.600,28.500,18.800,23.500,15.300,0.500
'[00:00:02.198 01/01/2011]',-32.100,28.700,18.000,23.300,14.600,0.500
'[00:00:02.199 01/01/2011]',-31.800,28.900,17.300,23.100,14.300,0.500
'[00:00:02.200 01/01/2011]',-32.500,29.100,17.000,23.100,14.300,0.500
'[00:00:02.201 01/01/2011]',-34.101,29.100,17.100,23.200,14.400,0.500
'[00:00:02.202 01/01/2011]',-36.001,29.000,17.400,23.500,14.400,0.500
'[00:00:02.203 01/01/2011]',-37.401,28.700,17.700,23.700,14.100,0.500
'[00:00:02.204 01/01/2011]',-37.601,28.400,17.800,23.800,13.500,0.500
'[00:00:02.205 01/01/2011]',-37.101,28.200,17.500,23.600,12.900,0.500
'[00:00:02.206 01/01/2011]',-36.501,28.100,17.100,23.200,12.300,0.500
'[00:00:02.207 01/01/2011]',-36.501,27.900,16.800,22.600,12.100,0.500
'[00:00:02.208 01/01/2011]',-37.201,27.500,16.500,22.100,12.200,0.500
'[00:00:02.209 01/01/2011]',-37.801,27.000,16.500,21.700,12.300,0.500
'[00:00:02.210 01/01/2011]',-37.501,26.400,16.500,21.400,12.300,0.500
'[00:00:02.211 01/01/2011]',-35.801,26.100,16.300,21.200,12.200,0.500
'[00:00:02.212 01/01/2011]',-33.301,25.900,16.000,21.100,12.000,0.500
'[00:00:02.213 01/01/2011]',-31.000,25.800,15.500,20.900,11.900,0.500
'[00:00:02.214 01/01/2011]',-30.200,25.600,14.800,20.700,12.000,0.500
'[00:00:02.215 01/01/2011]',-31.000,25.300,14.100,20.500,12.200,0.500
'[00:00:02.216 01/01/2011]',-32.901,25.000,13.500,20.200,12.400,0.500
'[00:00:02.217 01/01/2011]',-34.801,24.800,13.000,20.100,12.500,0.500
'[00:00:02.218 01/01/2011]',-35.901,24.800,12.800,20.100,12.400,0.500
'[00:00:02.219 01/01/2011]',-35.901,25.000,12.600,20.100,12.100,0.500
'[00:00:02.220 01/01/2011]',-35.301,25.200,12.600,20.200,11.600,0.500
'[00:00:02.221 01/01/2011]',-34.601,25.200,12.700,20.100,11.100,0.500
'[00:00:02.222 01/01/2011]',-34.101,25.100,12.800,19.800,10.800,0.500
'[00:00:02.223 01/01/2011]',-33.501,24.800,12.900,19.400,10.700,0.500
'[00:00:02.224 01/01/2011]',-32.500,24.400,12.900,19.000,10.800,0.500
'[00:00:02.225 01/01/2011]',-31.200,24.100,12.800,18.800,10.900,0.500
'[00:00:02.226 01/01/2011]',-29.800,23.900,12.500,18.800,11.000,0.500
'[00:00:02.227 01/01/2011]',-28.700,23.700,12.300,19.100,11.100,0.500
'[00:00:02.228 01/01/2011]',-28.200,23.600,12.200,19.400,11.100,0.500
'[00:00:02.229 01/01/2011]',-28.300,23.400,12.400,19.600,11.300,0.500
'[00:00:02.230 01/01/2011]',-28.500,23.400,12.900,19.600,11.400,0.500
'[00:00:02.231 01/01/2011]',-28.500,23.400,13.500,19.600,11.700,0.500
'[00:00:02.232 01/01/2011]',-28.300,23.300,13.800,19.700,11.800,0.500
'[00:00:02.233 01/01/2011]',-28.100,23.200,13.800,19.800,11.900,0.500
'[00:00:02.234 01/01/2011]',-28.000,23.000,13.400,20.000,11.900,0.500
'[00:00:02.235 01/01/2011]',-28.000,22.900,12.800,20.000,11.600,0.500
'[00:00:02.236 01/01/2011]',-28.100,22.900,12.200,20.000,11.300,0.500
'[00:00:02.237 01/01/2011]',-28.100,23.200,11.700,20.000,11.000,0.500
'[00:00:02.238 01/01/2011]',-27.900,23.500,11.500,20.100,10.800,0.500
'[00:00:02.239 01/01/2011]',-27.600,23.800,11.400,20.500,10.800,0.500
'[00:00:02.240 01/01/2011]',-27.300,23.800,11.500,21.100,11.200,0.500
'[00:00:02.241 01/01/2011]',-27.100,23.400,11.600,21.600,11.600,0.500
'[00:00:02.242 01/01/2011]',-26.900,22.800,11.700,21.800,12.000,0.500
'[00:00:02.243 01/01/2011]',-26.500,22.300,11.900,21.500,12.200,0.500
'[00:00:02.244 01/01/2011]',-25.800,21.900,12.100,20.900,12.200,0.500
'[00:00:02.245 01/01/2011]',-25.200,21.700,12.300,20.100,12.300,0.500
'[00:00:02.246 01/01/2011]',-24.600,21.600,12.400,19.400,12.400,0.500
'[00:00:02.247 01/01/2011]',-24.200,21.400,12.500,19.000,12.900,0.500
'[00:00:02.248 01/01/2011]',-24.000,21.200,12.500,19.000,13.500,0.500
'[00:00:02.249 01/01/2011]',-23.600,21.000,12.400,19.200,14.100,0.500
'[00:00:02.250 01/01/2011]',-22.900,20.900,12.200,19.400,14.600,0.500
'[00:00:02.251 01/01/2011]',-21.600,21.000,11.900,19.400,14.800,0.500
'[00:00:02.252 01/01/2011]',-20.000,21.000,11.600,19.200,14.800,0.500
'[00:00:02.253 01/01/2011]',-18.500,20.900,11.200,18.800,14.700,0.500
'[00:00:02.254 01/01/2011]',-17.100,20.700,10.900,18.500,14.600,0.500
'[00:00:02.255 01/01/2011]',-16.200,20.300,10.700,18.300,14.600,0.500
'[00:00:02.256 01/01/2011]',-15.700,20.100,10.600,18.200,14.700,0.500
'[00:00:02.257 01/01/2011]',-15.700,20.000,10.500,18.100,14.700,0.500
'[00:00:02.258 01/01/2011]',-15.800,20.100,10.400,17.900,14.800,0.500
'[00:00:02.259 01/01/2011]',-16.000,20.100,10.400,17.600,14.900,0.500
'[00:00:02.260 01/01/2011]',-16.000,20.100,10.500,17.100,14.900,0.500
'[00:00:02.261 01/01/2011]',-15.800,19.900,10.500,16.700,14.900,0.500
'[00:00:02.262 01/01/2011]',-15.400,19.600,10.500,16.500,14.900,0.500
'[00:00:02.263 01/01/2011]',-15.000,19.300,10.200,16.600,14.900,0.500
'[00:00:02.264 01/01/2011]',-14.700,19.100,9.800,16.900,14.900,0.500
'[00:00:02.265 01/01/2011]',-14.600,18.800,9.300,17.200,14.900,0.500
'[00:00:02.266 01/01/2011]',-14.700,18.400,8.800,17.500,15.000,0.500
'[00:00:02.267 01/01/2011]',-14.500,17.700,8.600,17.600,15.200,0.500
'[00:00:02.268 01/01/2011]',-13.500,17.100,8.700,17.700,15.500,0.500
'[00:00:02.269 01/01/2011]',-11.800,16.600,9.000,17.800,15.800,0.500
'[00:00:02.270 01/01/2011]',-9.600,16.400,9.400,18.100,16.200,0.500
'[00:00:02.271 01/01/2011]',-7.600,16.500,9.600,18.400,16.600,0.500
'[00:00:02.272 01/01/2011]',-6.600,16.700,9.700,18.700,17.200,0.500
'[00:00:02.273 01/01/2011]',-6.700,16.800,9.600,19.000,17.800,0.500
'[00:00:02.274 01/01/2011]',-7.600,17.000,9.600,19.100,18.500,0.500
'[00:00:02.275 01/01/2011]',-8.500,17.300,9.800,19.300,19.200,0.500
'[00:00:02.276 01/01/2011]',-8.700,17.700,10.100,19.500,19.800,0.500
'[00:00:02.277 01/01/2011]',-7.900,18.000,10.400,19.700,20.400,0.500
'[00:00:02.278 01/01/2011]',-6.300,18.200,10.500,19.800,20.800,0.500
'[00:00:02.279 01/01/2011]',-4.700,18.000,10.200,19.800,21.100,0.500
'[00:00:02.280 01/01/2011]',-3.600,17.500,9.500,19.500,21.100,0.500
'[00:00:02.281 01/01/2011]',-3.100,16.900,8.600,19.100,21.000,0.500
'[00:00:02.282 01/01/2011]',-3.200,16.400,7.800,18.600,20.700,0.500
'[00:00:02.283 01/01/2011]',-3.300,16.100,7.200,18.100,20.400,0.500
'[00:00:02.284 01/01/2011]',-2.900,15.900,7.000,17.700,20.100,0.500
'[00:00:02.285 01/01/2011]',-1.800,15.400,7.000,17.400,19.900,0.500
'[00:00:02.286 01/01/2011]',0.100,14.600,7.000,17.100,19.900,0.500
'[00:00:02.287 01/01/2011]',2.300,13.300,6.800,16.700,20.200,0.500
'[00:00:02.288 01/01/2011]',4.200,12.000,6.500,16.200,20.700,0.500
'[00:00:02.289 01/01/2011]',5.300,11.100,6.100,15.900,21.400,0.500
'[00:00:02.290 01/01/2011]',5.200,11.000,5.600,15.700,22.100,0.500
'[00:00:02.291 01/01/2011]',4.500,11.400,5.300,15.800,22.400,0.500
'[00:00:02.292 01/01/2011]',3.700,12.000,5.000,16.100,22.400,0.500
'[00:00:02.293 01/01/2011]',3.500,12.300,4.500,16.500,22.000,0.500
'[00:00:02.294 01/01/2011]',4.500,12.000,3.800,16.800,21.400,0.500
'[00:00:02.295 01/01/2011]',6.300,11.400,2.700,16.900,20.600,0.500
'[00:00:02.296 01/01/2011]',8.100,10.700,1.600,16.800,20.000,0.500
'[00:00:02.297 01/01/2011]',9.200,10.400,0.600,16.500,19.600,0.500
'[00:00:02.298 01/01/2011]',9.200,10.400,-0.200,16.100,19.400,0.500
'[00:00:02.299 01/01/2011]',8.700,10.500,-0.700,15.600,19.300,0.500
'[00:00:02.300 01/01/2011]',8.300,10.400,-1.000,15.100,19.300,0.500
'[00:00:02.301 01/01/2011]',9.000,9.800,-1.200,14.500,19.600,0.500
'[00:00:02.302 01/01/2011]',10.700,8.800,-1.500,13.900,20.000,0.500
'[00:00:02.303 01/01/2011]',12.800,7.800,-1.900,13.500,20.600,0.500
'[00:00:02.304 01/01/2011]',14.600,7.000,-2.300,13.100,21.300,0.500
'[00:00:02.305 01/01/2011]',15.500,6.300,-2.700,12.900,21.800,0.500
'[00:00:02.306 01/01/2011]',15.600,5.800,-3.000,12.800,22.100,0.500
'[00:00:02.307 01/01/2011]',15.600,5.200,-3.300,12.700,22.100,0.500
'[00:00:02.308 01/01/2011]',16.100,4.400,-3.500,12.500,21.900,0.500
'[00:00:02.309 01/01/2011]',17.400,3.500,-3.900,12.300,21.700,0.500
'[00:00:02.310 01/01/2011]',19.000,2.800,-4.200,12.100,21.500,0.500
'[00:00:02.311 01/01/2011]',20.200,2.300,-4.700,12.000,21.600,0.500
'[00:00:02.312 01/01/2011]',20.300,2.200,-5.200,12.000,21.700,0.500
'[00:00:02.313 01/01/2011]',19.600,2.500,-5.600,12.200,21.800,0.500
'[00:00:02.314 01/01/2011]',18.900,2.800,-6.000,12.400,22.100,0.500
'[00:00:02.315 01/01/2011]',19.000,3.100,-6.300,12.800,22.500,0.500
'[00:00:02.316 01/01/2011]',20.400,3.300,-6.500,13.300,23.000,0.500
'[00:00:02.317 01/01/2011]',22.900,3.200,-6.500,13.800,23.700,0.500
'[00:00:02.318 01/01/2011]',25.400,3.000,-6.500,14.200,24.300,0.500
'[00:00:02.319 01/01/2011]',27.100,2.700,-6.400,14.600,24.700,0.500
'[00:00:02.320 01/01/2011]',27.300,2.300,-6.300,14.700,25.000,0.500
'[00:00:02.321 01/01/2011]',26.500,2.100,-6.300,14.700,25.200,0.500
'[00:00:02.322 01/01/2011]',25.600,1.900,-6.500,14.400,25.400,0.500
'[00:00:02.323 01/01/2011]',25.500,1.700,-6.800,13.900,25.700,0.500
'[00:00:02.324 01/01/2011]',26.400,1.300,-7.200,13.200,25.900,0.500
'[00:00:02.325 01/01/2011]',28.000,0.700,-7.400,12.300,26.000,0.500
'[00:00:02.326 01/01/2011]',29.100,-0.100,-7.400,11.500,25.900,0.500
'[00:00:02.327 01/01/2011]',29.200,-1.100,-7.300,10.900,25.600,0.500
'[00:00:02.328 01/01/2011]',28.300,-2.000,-7.200,10.600,25.300,0.500
'[00:00:02.329 01/01/2011]',27.100,-2.700,-7.300,10.300,25.200,0.500
'[00:00:02.330 01/01/2011]',26.600,-3.200,-7.600,10.100,25.300,0.500
'[00:00:02.331 01/01/2011]',27.100,-3.500,-8.100,9.800,25.500,0.500
'[00:00:02.332 01/01/2011]',28.200,-3.700,-8.500,9.400,25.700,0.500
'[00:00:02.333 01/01/2011]',29.200,-3.900,-8.700,9.200,25.700,0.500
'[00:00:02.334 01/01/2011]',29.200,-4.100,-8.700,9.200,25.600,0.500
'[00:00:02.335 01/01/2011]',28.200,-4.300,-8.400,9.600,25.500,0.500
'[00:00:02.336 01/01/2011]',26.700,-4.400,-8.300,10.000,25.600,0.500
'[00:00:02.337 01/01/2011]',25.600,-4.600,-8.200,10.400,25.800,0.500
'[00:00:02.338 01/01/2011]',25.300,-4.700,-8.400,10.400,26.200,0.500
'[00:00:02.339 01/01/2011]',25.600,-4.800,-8.800,10.300,26.400,0.500
'[00:00:02.340 01/01/2011]',26.300,-5.000,-9.000,10.100,26.500,0.500
'[00:00:02.341 01/01/2011]',26.900,-5.300,-9.100,10.100,26.600,0.500
'[00:00:02.342 01/01/2011]',27.300,-5.800,-9.000,10.200,26.700,0.500
'[00:00:02.343 01/01/2011]',27.600,-6.400,-8.800,10.400,26.800,0.500
'[00:00:02.344 01/01/2011]',27.900,-7.100,-8.600,10.300,27.100,0.500
'[00:00:02.345 01/01/2011]',27.900,-7.700,-8.600,9.700,27.400,0.500
'[00:00:02.346 01/01/2011]',27.400,-8.100,-8.800,9.000,27.600,0.500
'[00:00:02.347 01/01/2011]',26.600,-8.100,-9.100,8.400,27.700,0.500
'[00:00:02.348 01/01/2011]',25.800,-8.000,-9.400,8.200,27.700,0.500
'[00:00:02.349 01/01/2011]',25.800,-7.600,-9.400,8.700,27.800,0.500
'[00:00:02.350 01/01/2011]',26.700,-7.200,-9.200,9.500,27.800,0.500
'[00:00:02.351 01/01/2011]',28.200,-6.900,-8.800,10.100,27.700,0.500
'[00:00:02.352 01/01/2011]',29.500,-6.700,-8.400,10.200,27.500,0.500
'[00:00:02.353 01/01/2011]',29.600,-6.800,-8.100,9.700,27.200,0.500
'[00:00:02.354 01/01/2011]',28.300,-7.100,-8.100,8.800,26.800,0.500
'[00:00:02.355 01/01/2011]',26.400,-7.500,-8.300,8.000,26.500,0.500
'[00:00:02.356 01/01/2011]',24.700,-7.800,-8.600,7.600,26.200,0.500
'[00:00:02.357 01/01/2011]',24.000,-7.900,-8.800,7.600,26.000,0.500
'[00:00:02.358 01/01/2011]',24.200,-7.900,-8.900,7.700,25.800,0.500
'[00:00:02.359 01/01/2011]',25.000,-7.700,-8.800,7.600,25.400,0.500
'[00:00:02.360 01/01/2011]',25.800,-7.600,-8.700,7.100,25.000,0.500
'[00:00:02.361 01/01/2011]',26.400,-7.700,-8.500,6.200,24.500,0.500
'[00:00:02.362 01/01/2011]',27.100,-8.100,-8.200,5.400,24.000,0.500
'[00:00:02.363 01/01/2011]',28.100,-8.800,-8.000,4.900,23.500,0.500
'[00:00:02.364 01/01/2011]',29.400,-9.400,-7.800,4.900,22.900,0.500
'[00:00:02.365 01/01/2011]',30.500,-9.800,-7.700,5.100,22.100,0.500
'[00:00:02.366 01/01/2011]',30.800,-9.800,-7.700,5.200,21.100,0.500
'[00:00:02.367 01/01/2011]',30.000,-9.400,-7.800,5.000,20.000,0.500
'[00:00:02.368 01/01/2011]',28.400,-8.800,-7.800,4.400,19.000,0.500
'[00:00:02.369 01/01/2011]',27.000,-8.300,-7.700,3.900,18.400,0.500
'[00:00:02.370 01/01/2011]',26.500,-8.000,-7.300,3.600,18.300,0.500
'[00:00:02.371 01/01/2011]',27.500,-7.800,-6.700,3.700,18.600,0.500
'[00:00:02.372 01/01/2011]',29.300,-7.700,-6.200,4.100,19.100,0.500
'[00:00:02.373 01/01/2011]',31.200,-7.400,-5.900,4.300,19.500,0.500
'[00:00:02.374 01/01/2011]',32.100,-6.900,-5.900,4.300,19.500,0.500
'[00:00:02.375 01/01/2011]',32.000,-6.200,-6.100,4.000,19.000,0.500
'[00:00:02.376 01/01/2011]',31.100,-5.500,-6.200,3.700,18.100,0.500
'[00:00:02.377 01/01/2011]',30.500,-4.700,-6.000,3.700,17.200,0.500
'[00:00:02.378 01/01/2011]',30.800,-4.100,-5.300,4.000,16.600,0.500
'[00:00:02.379 01/01/2011]',32.300,-3.700,-4.400,4.500,16.400,0.500
'[00:00:02.380 01/01/2011]',34.401,-3.500,-3.500,5.000,16.500,0.500
'[00:00:02.381 01/01/2011]',36.501,-3.400,-2.700,5.300,16.700,0.500
'[00:00:02.382 01/01/2011]',37.901,-3.500,-2.300,5.300,16.500,0.500
'[00:00:02.383 01/01/2011]',38.501,-3.600,-2.200,5.000,15.800,0.500
'[00:00:02.384 01/01/2011]',38.801,-3.600,-2.300,4.800,14.700,0.500
'[00:00:02.385 01/01/2011]',39.501,-3.500,-2.200,4.600,13.300,0.500
'[00:00:02.386 01/01/2011]',40.801,-3.400,-2.000,4.600,12.000,0.500
'[00:00:02.387 01/01/2011]',42.501,-3.300,-1.700,4.500,11.100,0.500
'[00:00:02.388 01/01/2011]',44.201,-3.200,-1.400,4.300,10.700,0.500
'[00:00:02.389 01/01/2011]',45.401,-3.300,-1.000,4.000,10.700,0.500
'[00:00:02.390 01/01/2011]',45.801,-3.300,-0.500,3.900,10.900,0.500
'[00:00:02.391 01/01/2011]',45.701,-3.100,0.100,3.900,11.000,0.500
'[00:00:02.392 01/01/2011]',45.401,-2.700,0.800,4.400,11.000,0.500
'[00:00:02.393 01/01/2011]',45.201,-2.200,1.500,5.100,10.800,0.500
'[00:00:02.394 01/01/2011]',45.201,-1.500,2.000,5.800,10.600,0.500
'[00:00:02.395 01/01/2011]',45.201,-0.800,2.300,6.300,10.300,0.500
'[00:00:02.396 01/01/2011]',45.001,0.000,2.400,6.400,9.800,0.500
'[00:00:02.397 01/01/2011]',44.701,0.800,2.400,6.300,9.200,0.500
'[00:00:02.398 01/01/2011]',44.401,1.600,2.500,6.100,8.500,0.500
'[00:00:02.399 01/01/2011]',44.501,2.400,2.800,5.800,7.800,0.500
'[00:00:02.400 01/01/2011]',45.301,2.900,3.300,5.700,7.200,0.500
'[00:00:02.401 01/01/2011]',46.601,3.200,3.700,5.600,6.900,0.500
'[00:00:02.402 01/01/2011]',48.001,3.200,4.000,5.500,6.800,0.500
'[00:00:02.403 01/01/2011]',49.001,3.100,4.000,5.300,6.800,0.500
'[00:00:02.404 01/01/2011]',49.001,2.900,3.900,5.000,6.800,0.500
'[00:00:02.405 01/01/2011]',48.101,2.900,3.700,4.700,6.400,0.500
'[00:00:02.406 01/01/2011]',47.001,2.800,3.600,4.500,5.800,0.500
'[00:00:02.407 01/01/2011]',46.401,2.700,3.500,4.300,5.100,0.500
'[00:00:02.408 01/01/2011]',47.001,2.400,3.500,4.100,4.300,0.500
'[00:00:02.409 01/01/2011]',48.601,2.200,3.300,3.800,3.700,0.500
'[00:00:02.410 01/01/2011]',50.601,2.100,3.100,3.600,3.100,0.500
'[00:00:02.411 01/01/2011]',52.001,2.300,2.900,3.300,2.600,0.500
'[00:00:02.412 01/01/2011]',52.201,2.700,2.600,3.000,2.000,0.500
'[00:00:02.413 01/01/2011]',51.401,3.200,2.300,2.700,1.100,0.500
'[00:00:02.414 01/01/2011]',50.601,3.500,2.000,2.400,0.200,0.500
'[00:00:02.415 01/01/2011]',50.701,3.700,1.600,2.100,-0.900,0.500
'[00:00:02.416 01/01/2011]',52.101,3.800,1.300,1.800,-1.800,0.500
'[00:00:02.417 01/01/2011]',54.301,4.000,1.000,1.500,-2.600,0.500
'[00:00:02.418 01/01/2011]',56.201,4.300,0.800,1.200,-3.000,0.500
'[00:00:02.419 01/01/2011]',56.901,4.800,0.800,1.200,-3.100,0.500
'[00:00:02.420 01/01/2011]',56.301,5.300,1.000,1.300,-3.000,0.500
'[00:00:02.421 01/01/2011]',54.901,5.700,1.200,1.700,-2.600,0.500
'[00:00:02.422 01/01/2011]',53.701,5.900,1.300,2.300,-2.200,0.500
'[00:00:02.423 01/01/2011]',53.501,6.100,1.400,2.700,-1.900,0.500
'[00:00:02.424 01/01/2011]',54.301,6.100,1.400,3.000,-1.700,0.500
'[00:00:02.425 01/01/2011]',55.601,6.100,1.500,3.000,-1.700,0.500
'[00:00:02.426 01/01/2011]',56.601,6.100,1.600,2.800,-1.900,0.500
'[00:00:02.427 01/01/2011]',57.001,5.900,1.900,2.400,-2.000,0.500
'[00:00:02.428 01/01/2011]',56.701,5.500,2.200,2.100,-2.100,0.500
'[00:00:02.429 01/01/2011]',56.401,5.100,2.600,1.900,-2.200,0.500
'[00:00:02.430 01/01/2011]',56.301,4.700,2.900,1.800,-2.100,0.500
'[00:00:02.431 01/01/2011]',56.701,4.600,3.200,1.800,-2.000,0.500
'[00:00:02.432 01/01/2011]',57.501,4.800,3.500,1.800,-1.900,0.500
'[00:00:02.433 01/01/2011]',58.601,5.300,3.600,1.800,-2.000,0.500
'[00:00:02.434 01/01/2011]',59.701,6.000,3.500,1.700,-2.300,0.500
'[00:00:02.435 01/01/2011]',60.501,6.700,3.300,1.900,-2.700,0.500
'[00:00:02.436 01/01/2011]',60.901,7.300,3.100,2.300,-3.100,0.500
'[00:00:02.437 01/01/2011]',60.701,7.700,3.100,2.900,-3.400,0.500
'[00:00:02.438 01/01/2011]',60.001,7.900,3.300,3.600,-3.200,0.500
'[00:00:02.439 01/01/2011]',59.001,8.100,3.700,4.100,-2.700,0.500
'[00:00:02.440 01/01/2011]',58.201,8.300,4.100,4.400,-2.100,0.500
'[00:00:02.441 01/01/2011]',58.001,8.400,4.400,4.400,-1.600,0.500
'[00:00:02.442 01/01/2011]',58.701,8.600,4.500,4.200,-1.400,0.500
'[00:00:02.443 01/01/2011]',60.001,8.700,4.400,4.200,-1.600,0.500
'[00:00:02.444 01/01/2011]',61.601,8.900,4.400,4.500,-1.900,0.500
'[00:00:02.445 01/01/2011]',62.801,9.000,4.600,5.000,-2.100,0.500
'[00:00:02.446 01/01/2011]',63.301,9.000,5.100,5.400,-2.000,0.500
'[00:00:02.447 01/01/2011]',63.401,9.000,5.700,5.700,-1.700,0.500
'[00:00:02.448 01/01/2011]',63.501,8.900,6.300,5.600,-1.300,0.500
'[00:00:02.449 01/01/2011]',64.201,8.900,6.600,5.400,-1.100,0.500
'[00:00:02.450 01/01/2011]',65.701,9.000,6.600,5.200,-1.200,0.500
'[00:00:02.451 01/01/2011]',67.501,9.300,6.300,5.300,-1.500,0.500
'[00:00:02.452 01/01/2011]',68.801,9.500,5.900,5.600,-1.600,0.500
'[00:00:02.453 01/01/2011]',69.101,9.500,5.600,6.100,-1.400,0.500
'[00:00:02.454 01/01/2011]',68.501,9.100,5.300,6.300,-0.900,0.500
'[00:00:02.455 01/01/2011]',67.601,8.600,5.200,6.100,-0.200,0.500
'[00:00:02.456 01/01/2011]',67.201,8.200,5.200,5.500,0.400,0.500
'[00:00:02.457 01/01/2011]',68.001,8.200,5.200,4.800,0.700,0.500
'[00:00:02.458 01/01/2011]',69.901,8.800,5.300,4.200,0.600,0.500
'[00:00:02.459 01/01/2011]',72.101,9.600,5.400,3.900,0.400,0.500
'[00:00:02.460 01/01/2011]',73.701,10.300,5.400,4.000,0.100,0.500
'[00:00:02.461 01/01/2011]',74.101,10.500,5.400,4.300,-0.100,0.500
'[00:00:02.462 01/01/2011]',73.201,9.900,5.400,4.600,-0.200,0.500
'[00:00:02.463 01/01/2011]',71.601,9.000,5.300,4.700,-0.200,0.500
'[00:00:02.464 01/01/2011]',70.001,8.200,5.200,4.600,-0.400,0.500
'[00:00:02.465 01/01/2011]',69.001,7.800,4.900,4.400,-0.600,0.500
'[00:00:02.466 01/01/2011]',68.701,8.000,4.600,4.200,-1.100,0.500
'[00:00:02.467 01/01/2011]',68.901,8.400,4.200,4.100,-1.500,0.500
'[00:00:02.468 01/01/2011]',69.401,8.700,3.800,4.200,-2.000,0.500
'[00:00:02.469 01/01/2011]',69.801,8.700,3.700,4.300,-2.600,0.500
'[00:00:02.470 01/01/2011]',70.101,8.500,3.800,4.500,-3.100,0.500
'[00:00:02.471 01/01/2011]',70.301,8.200,4.200,4.900,-3.700,0.500
'[00:00:02.472 01/01/2011]',70.401,8.200,4.500,5.500,-4.200,0.500
'[00:00:02.473 01/01/2011]',70.301,8.300,4.700,6.000,-4.400,0.500
'[00:00:02.474 01/01/2011]',69.801,8.500,4.600,6.400,-4.500,0.500
'[00:00:02.475 01/01/2011]',69.001,8.500,4.300,6.500,-4.400,0.500
'[00:00:02.476 01/01/2011]',68.101,8.400,4.000,6.200,-4.400,0.500
'[00:00:02.477 01/01/2011]',67.201,8.100,3.600,5.800,-4.600,0.500
'[00:00:02.478 01/01/2011]',66.701,7.800,3.400,5.400,-5.000,0.500
'[00:00:02.479 01/01/2011]',66.501,7.600,3.000,5.100,-5.500,0.500
'[00:00:02.480 01/01/2011]',66.301,7.400,2.600,4.900,-6.000,0.500
'[00:00:02.481 01/01/2011]',65.801,7.300,1.900,4.800,-6.300,0.500
'[00:00:02.482 01/01/2011]',65.001,7.200,1.200,4.600,-6.500,0.500
'[00:00:02.483 01/01/2011]',64.001,7.100,0.700,4.300,-6.600,0.500
'[00:00:02.484 01/01/2011]',63.101,7.000,0.400,3.800,-6.700,0.500
'[00:00:02.485 01/01/2011]',62.501,7.000,0.400,3.400,-7.000,0.500
'[00:00:02.486 01/01/2011]',62.201,7.000,0.500,3.000,-7.200,0.500
'[00:00:02.487 01/01/2011]',62.001,6.800,0.600,2.600,-7.300,0.500
'[00:00:02.488 01/01/2011]',61.401,6.500,0.500,2.300,-7.400,0.500
'[00:00:02.489 01/01/2011]',60.201,6.000,0.200,1.800,-7.300,0.500
'[00:00:02.490 01/01/2011]',58.401,5.300,-0.300,1.300,-7.300,0.500
'[00:00:02.491 01/01/2011]',56.301,4.700,-0.900,0.700,-7.500,0.500
'[00:00:02.492 01/01/2011]',54.601,4.200,-1.500,0.100,-8.000,0.500
'[00:00:02.493 01/01/2011]',53.501,4.000,-2.000,-0.300,-8.500,0.500
'[00:00:02.494 01/01/2011]',53.301,3.900,-2.400,-0.400,-9.000,0.500
'[00:00:02.495 01/01/2011]',53.701,4.200,-2.500,-0.400,-9.300,0.500
'[00:00:02.496 01/01/2011]',54.201,4.700,-2.300,-0.200,-9.200,0.500
'[00:00:02.497 01/01/2011]',54.301,5.400,-2.100,0.000,-9.100,0.500
'[00:00:02.498 01/01/2011]',53.801,6.100,-1.800,0.000,-9.100,0.500
'[00:00:02.499 01/01/2011]',52.901,6.500,-1.700,-0.200,-9.400,0.500
'[00:00:02.500 01/01/2011]',51.901,6.500,-1.800,-0.600,-9.800,0.500
'[00:00:02.501 01/01/2011]',51.301,6.200,-1.900,-1.100,-10.400,0.500
'[00:00:02.502 01/01/2011]',51.401,5.700,-2.200,-1.400,-10.800,0.500
'[00:00:02.503 01/01/2011]',51.901,5.400,-2.300,-1.400,-10.900,0.500
'[00:00:02.504 01/01/2011]',52.501,5.400,-2.400,-1.100,-10.800,0.500
'[00:00:02.505 01/01/2011]',52.801,5.800,-2.500,-0.700,-10.600,0.500
'[00:00:02.506 01/01/2011]',52.601,6.100,-2.400,-0.400,-10.400,0.500
'[00:00:02.507 01/01/2011]',52.301,6.200,-2.200,-0.400,-10.500,0.500
'[00:00:02.508 01/01/2011]',52.401,5.800,-1.800,-0.700,-10.700,0.500
'[00:00:02.509 01/01/2011]',53.201,5.100,-1.400,-1.200,-10.900,0.500
'[00:00:02.510 01/01/2011]',54.601,4.300,-1.200,-1.500,-11.100,0.500
'[00:00:02.511 01/01/2011]',56.001,3.700,-1.200,-1.700,-11.200,0.500
'[00:00:02.512 01/01/2011]',56.901,3.500,-1.600,-1.600,-11.300,0.500
'[00:00:02.513 01/01/2011]',56.801,3.500,-2.200,-1.400,-11.400,0.500
'[00:00:02.514 01/01/2011]',55.901,3.600,-2.700,-1.200,-11.500,0.500
'[00:00:02.515 01/01/2011]',54.801,3.600,-3.000,-1.000,-11.400,0.500
'[00:00:02.516 01/01/2011]',54.001,3.400,-3.100,-0.700,-11.100,0.500
'[00:00:02.517 01/01/2011]',53.801,3.300,-2.900,-0.300,-10.700,0.500
'[00:00:02.518 01/01/2011]',54.301,3.300,-2.900,0.100,-10.300,0.500
'[00:00:02.519 01/01/2011]',55.001,3.400,-2.900,0.400,-10.200,0.500
'[00:00:02.520 01/01/2011]',55.601,3.800,-3.100,0.400,-10.500,0.500
'[00:00:02.521 01/01/2011]',55.901,4.200,-3.300,0.000,-11.200,0.500
'[00:00:02.522 01/01/2011]',55.901,4.600,-3.400,-0.500,-12.000,0.500
'[00:00:02.523 01/01/2011]',55.701,4.800,-3.400,-1.000,-12.600,0.500
'[00:00:02.524 01/01/2011]',55.601,4.800,-3.400,-1.400,-12.800,0.500
'[00:00:02.525 01/01/2011]',55.601,4.600,-3.500,-1.600,-12.600,0.500
'[00:00:02.526 01/01/2011]',55.801,4.300,-3.600,-1.600,-12.200,0.500
'[00:00:02.527 01/01/2011]',56.201,3.800,-3.600,-1.700,-11.800,0.500
'[00:00:02.528 01/01/2011]',56.701,3.300,-3.400,-1.900,-11.500,0.500
'[00:00:02.529 01/01/2011]',56.901,3.000,-2.800,-2.000,-11.300,0.500
'[00:00:02.530 01/01/2011]',56.701,2.800,-1.900,-2.000,-11.000,0.500
'[00:00:02.531 01/01/2011]',56.001,3.000,-1.000,-1.700,-10.500,0.500
'[00:00:02.532 01/01/2011]',54.901,3.300,-0.200,-1.200,-10.000,0.500
'[00:00:02.533 01/01/2011]',53.701,3.800,0.200,-0.500,-9.500,0.500
'[00:00:02.534 01/01/2011]',52.901,4.200,0.300,0.200,-9.000,0.500
'[00:00:02.535 01/01/2011]',52.601,4.500,0.200,0.700,-8.700,0.500
'[00:00:02.536 01/01/2011]',52.801,4.800,-0.100,1.000,-8.400,0.500
'[00:00:02.537 01/01/2011]',53.401,5.000,-0.300,1.000,-8.200,0.500
'[00:00:02.538 01/01/2011]',54.301,5.200,-0.500,0.700,-8.100,0.500
'[00:00:02.539 01/01/2011]',55.501,5.400,-0.800,0.300,-8.100,0.500
'[00:00:02.540 01/01/2011]',56.901,5.500,-1.100,0.000,-8.100,0.500
'[00:00:02.541 01/01/2011]',58.101,5.600,-1.300,0.200,-8.000,0.500
'[00:00:02.542 01/01/2011]',59.001,5.700,-1.400,0.700,-7.700,0.500
'[00:00:02.543 01/01/2011]',59.201,5.900,-1.100,1.600,-7.100,0.500
'[00:00:02.544 01/01/2011]',58.901,6.100,-0.500,2.400,-6.300,0.500
'[00:00:02.545 01/01/2011]',58.601,6.300,0.200,2.800,-5.600,0.500
'[00:00:02.546 01/01/2011]',58.801,6.300,1.000,2.800,-5.200,0.500
'[00:00:02.547 01/01/2011]',59.701,6.000,1.700,2.400,-5.300,0.500
'[00:00:02.548 01/01/2011]',61.101,5.600,2.200,2.000,-5.600,0.500
'[00:00:02.549 01/01/2011]',62.001,5.100,2.500,1.900,-6.000,0.500
'[00:00:02.550 01/01/2011]',61.801,4.900,2.700,2.300,-6.100,0.500
'[00:00:02.551 01/01/2011]',60.501,5.100,2.800,2.900,-5.800,0.500
'[00:00:02.552 01/01/2011]',58.701,5.700,2.900,3.500,-5.400,0.500
'[00:00:02.553 01/01/2011]',57.301,6.500,3.100,3.900,-5.000,0.500
'[00:00:02.554 01/01/2011]',57.301,7.300,3.200,3.900,-4.900,0.500
'[00:00:02.555 01/01/2011]',58.401,7.800,3.400,3.500,-5.200,0.500
'[00:00:02.556 01/01/2011]',60.101,7.900,3.500,2.900,-5.700,0.500
'[00:00:02.557 01/01/2011]',61.301,7.600,3.400,2.100,-6.300,0.500
'[00:00:02.558 01/01/2011]',61.501,7.200,2.900,1.300,-6.600,0.500
'[00:00:02.559 01/01/2011]',60.701,6.900,2.100,0.600,-6.700,0.500
'[00:00:02.560 01/01/2011]',59.601,6.900,1.000,-0.100,-6.700,0.500
'[00:00:02.561 01/01/2011]',58.801,7.000,-0.300,-0.600,-6.900,0.500
'[00:00:02.562 01/01/2011]',58.601,7.200,-1.500,-1.000,-7.500,0.500
'[00:00:02.563 01/01/2011]',58.601,7.100,-2.500,-1.300,-8.500,0.500
'[00:00:02.564 01/01/2011]',58.501,6.700,-3.200,-1.700,-9.600,0.500
'[00:00:02.565 01/01/2011]',57.801,6.200,-3.500,-2.200,-10.600,0.500
'[00:00:02.566 01/01/2011]',56.801,5.600,-3.600,-2.600,-11.100,0.500
'[00:00:02.567 01/01/2011]',56.201,5.200,-3.400,-2.800,-10.800,0.500
'[00:00:02.568 01/01/2011]',56.701,5.000,-2.900,-2.800,-10.100,0.500
'[00:00:02.569 01/01/2011]',59.201,5.000,-2.100,-2.500,-9.300,0.500
'[00:00:02.570 01/01/2011]',63.801,5.200,-1.300,-2.000,-8.800,0.500
'[00:00:02.571 01/01/2011]',70.301,5.500,-0.400,-1.300,-8.600,0.500
'[00:00:02.572 01/01/2011]',78.301,6.000,0.500,-0.700,-8.500,0.500
'[00:00:02.573 01/01/2011]',87.301,6.600,1.300,0.100,-8.100,0.500
'[00:00:02.574 01/01/2011]',96.701,7.400,2.200,0.900,-6.900,0.500
'[00:00:02.575 01/01/2011]',106.102,8.200,3.300,1.800,-4.900,0.500
'[00:00:02.576 01/01/2011]',114.902,8.900,4.300,2.700,-2.500,0.500
'[00:00:02.577 01/01/2011]',122.302,9.300,5.300,3.300,-0.500,0.500
'[00:00:02.578 01/01/2011]',127.702,9.400,6.000,3.600,0.800,0.500
'[00:00:02.579 01/01/2011]',130.802,9.400,6.400,3.600,1.400,0.500
'[00:00:02.580 01/01/2011]',131.902,9.300,6.700,3.700,2.000,0.500
'[00:00:02.581 01/01/2011]',131.602,9.500,7.100,4.200,3.200,0.500
'[00:00:02.582 01/01/2011]',130.602,9.900,7.800,5.200,5.500,0.500
'[00:00:02.583 01/01/2011]',129.402,10.400,8.900,6.700,8.400,0.500
'[00:00:02.584 01/01/2011]',128.402,10.900,10.200,8.000,11.200,0.500
'[00:00:02.585 01/01/2011]',127.202,11.100,11.400,9.100,13.100,0.500
'[00:00:02.586 01/01/2011]',126.102,11.000,12.400,9.600,13.900,0.500
'[00:00:02.587 01/01/2011]',125.102,10.900,13.200,9.900,13.900,0.500
'[00:00:02.588 01/01/2011]',124.802,10.700,13.800,10.000,13.500,0.500
'[00:00:02.589 01/01/2011]',125.202,10.500,14.200,10.200,13.300,0.500
'[00:00:02.590 01/01/2011]',126.002,10.300,14.200,10.200,13.100,0.500
'[00:00:02.591 01/01/2011]',126.102,9.800,13.600,9.700,12.300,0.500
'[00:00:02.592 01/01/2011]',124.102,9.000,12.200,8.500,10.600,0.500
'[00:00:02.593 01/01/2011]',119.302,8.100,9.900,6.500,7.500,0.500
'[00:00:02.594 01/01/2011]',111.402,7.200,6.800,3.700,3.500,0.500
'[00:00:02.595 01/01/2011]',101.402,6.400,3.200,0.600,-1.000,0.500
'[00:00:02.596 01/01/2011]',90.201,5.800,-0.600,-2.300,-5.200,0.500
'[00:00:02.597 01/01/2011]',78.601,5.400,-4.200,-4.600,-8.600,0.500
'[00:00:02.598 01/01/2011]',67.001,5.100,-7.100,-6.200,-11.100,0.500
'[00:00:02.599 01/01/2011]',55.701,5.100,-9.000,-6.900,-12.600,0.500
'[00:00:02.600 01/01/2011]',45.301,5.300,-9.700,-6.900,-13.300,0.500
'[00:00:02.601 01/01/2011]',36.901,5.700,-9.500,-6.400,-13.200,0.500
'[00:00:02.602 01/01/2011]',31.900,6.100,-8.400,-5.600,-12.500,0.500
'[00:00:02.603 01/01/2011]',31.400,6.400,-7.100,-4.900,-11.500,0.500
'[00:00:02.604 01/01/2011]',35.101,6.400,-5.700,-4.300,-10.400,0.500
'[00:00:02.605 01/01/2011]',41.801,6.000,-4.500,-3.900,-9.400,0.500
'[00:00:02.606 01/01/2011]',49.501,5.600,-3.500,-3.600,-8.600,0.500
'[00:00:02.607 01/01/2011]',56.201,5.200,-2.800,-3.100,-8.100,0.500
'[00:00:02.608 01/01/2011]',60.801,5.100,-2.400,-2.600,-7.800,0.500
'[00:00:02.609 01/01/2011]',63.101,5.000,-2.300,-2.100,-7.600,0.500
'[00:00:02.610 01/01/2011]',63.701,4.900,-2.500,-1.900,-7.500,0.500
'[00:00:02.611 01/01/2011]',63.501,4.500,-2.900,-1.800,-7.300,0.500
'[00:00:02.612 01/01/2011]',63.101,4.000,-3.200,-2.000,-7.000,0.500
'[00:00:02.613 01/01/2011]',62.801,3.500,-3.400,-2.100,-6.800,0.500
'[00:00:02.614 01/01/2011]',62.301,3.300,-3.100,-2.200,-6.500,0.500
'[00:00:02.615 01/01/2011]',61.701,3.500,-2.700,-2.000,-6.200,0.500
'[00:00:02.616 01/01/2011]',61.001,4.100,-2.200,-1.800,-6.100,0.500
'[00:00:02.617 01/01/2011]',60.201,4.900,-1.900,-1.600,-6.000,0.500
'[00:00:02.618 01/01/2011]',59.601,5.600,-1.900,-1.500,-5.800,0.500
'[00:00:02.619 01/01/2011]',59.201,6.200,-2.000,-1.300,-5.400,0.500
'[00:00:02.620 01/01/2011]',58.701,6.600,-2.100,-1.000,-4.800,0.500
'[00:00:02.621 01/01/2011]',57.901,6.800,-2.000,-0.600,-4.100,0.500
'[00:00:02.622 01/01/2011]',56.901,7.100,-1.700,0.000,-3.500,0.500
'[00:00:02.623 01/01/2011]',55.701,7.200,-1.300,0.400,-3.100,0.500
'[00:00:02.624 01/01/2011]',54.801,7.200,-0.900,0.700,-3.000,0.500
'[00:00:02.625 01/01/2011]',54.501,6.900,-0.600,0.700,-3.200,0.500
'[00:00:02.626 01/01/2011]',54.701,6.600,-0.300,0.700,-3.500,0.500
'[00:00:02.627 01/01/2011]',55.101,6.100,0.100,0.700,-3.700,0.500
'[00:00:02.628 01/01/2011]',55.001,5.700,0.500,0.800,-3.700,0.500
'[00:00:02.629 01/01/2011]',53.901,5.400,0.900,0.800,-3.700,0.500
'[00:00:02.630 01/01/2011]',52.101,5.200,1.100,0.800,-3.800,0.500
'[00:00:02.631 01/01/2011]',50.001,5.000,0.900,0.600,-4.000,0.500
'[00:00:02.632 01/01/2011]',48.401,4.800,0.600,0.400,-4.200,0.500
'[00:00:02.633 01/01/2011]',47.901,4.800,0.400,0.300,-4.300,0.500
'[00:00:02.634 01/01/2011]',48.201,5.000,0.600,0.600,-4.100,0.500
'[00:00:02.635 01/01/2011]',48.701,5.500,1.300,1.200,-3.600,0.500
'[00:00:02.636 01/01/2011]',48.701,6.200,2.400,2.100,-3.000,0.500
'[00:00:02.637 01/01/2011]',47.701,6.900,3.500,2.700,-2.700,0.500
'[00:00:02.638 01/01/2011]',46.001,7.400,4.100,3.000,-2.700,0.500
'[00:00:02.639 01/01/2011]',44.001,7.300,4.000,2.800,-3.000,0.500
'[00:00:02.640 01/01/2011]',42.501,6.900,3.500,2.400,-3.300,0.500
'[00:00:02.641 01/01/2011]',41.501,6.300,2.900,2.200,-3.300,0.500
'[00:00:02.642 01/01/2011]',40.801,5.900,2.700,2.300,-2.900,0.500
'[00:00:02.643 01/01/2011]',40.101,5.800,3.100,2.900,-2.100,0.500
'[00:00:02.644 01/01/2011]',39.101,5.800,3.900,3.600,-1.300,0.500
'[00:00:02.645 01/01/2011]',37.901,5.800,4.600,4.200,-0.700,0.500
'[00:00:02.646 01/01/2011]',36.601,5.600,5.200,4.400,-0.400,0.500
'[00:00:02.647 01/01/2011]',35.201,5.200,5.500,4.200,-0.200,0.500
'[00:00:02.648 01/01/2011]',33.701,4.800,5.900,3.900,0.100,0.500
'[00:00:02.649 01/01/2011]',31.800,4.600,6.400,3.700,0.700,0.500
'[00:00:02.650 01/01/2011]',29.400,4.600,7.200,3.700,1.600,0.500
'[00:00:02.651 01/01/2011]',26.900,4.800,8.100,3.900,2.700,0.500
'[00:00:02.652 01/01/2011]',24.600,5.000,8.800,4.200,3.600,0.500
'[00:00:02.653 01/01/2011]',22.900,5.100,9.200,4.300,4.300,0.500
'[00:00:02.654 01/01/2011]',22.000,5.100,9.100,4.300,4.700,0.500
'[00:00:02.655 01/01/2011]',21.500,5.100,8.900,4.200,4.900,0.500
'[00:00:02.656 01/01/2011]',20.800,5.400,8.700,4.300,5.100,0.500
'[00:00:02.657 01/01/2011]',19.200,6.000,8.700,4.500,5.300,0.500
'[00:00:02.658 01/01/2011]',16.500,6.800,8.900,4.800,5.600,0.500
'[00:00:02.659 01/01/2011]',12.900,7.600,9.200,5.100,5.900,0.500
'[00:00:02.660 01/01/2011]',9.300,7.900,9.500,5.400,6.300,0.500
'[00:00:02.661 01/01/2011]',6.400,7.700,9.600,5.600,6.600,0.500
'[00:00:02.662 01/01/2011]',4.700,7.000,9.800,5.800,6.800,0.500
'[00:00:02.663 01/01/2011]',4.300,6.100,10.000,6.000,7.000,0.500
'[00:00:02.664 01/01/2011]',4.400,5.300,10.200,6.100,7.000,0.500
'[00:00:02.665 01/01/2011]',4.400,4.700,10.300,6.100,6.800,0.500
'[00:00:02.666 01/01/2011]',3.300,4.500,10.400,6.000,6.500,0.500
'[00:00:02.667 01/01/2011]',1.200,4.300,10.400,5.700,6.100,0.500
'[00:00:02.668 01/01/2011]',-1.500,4.100,10.300,5.500,5.800,0.500
'[00:00:02.669 01/01/2011]',-4.300,3.800,10.200,5.500,5.800,0.500
'[00:00:02.670 01/01/2011]',-6.400,3.600,10.200,5.500,6.100,0.500
'[00:00:02.671 01/01/2011]',-7.700,3.400,10.200,5.600,6.600,0.500
'[00:00:02.672 01/01/2011]',-8.500,3.400,10.200,5.500,7.100,0.500
'[00:00:02.673 01/01/2011]',-9.400,3.600,10.300,5.400,7.600,0.500
'[00:00:02.674 01/01/2011]',-10.800,3.600,10.400,5.300,8.000,0.500
'[00:00:02.675 01/01/2011]',-12.400,3.500,10.600,5.400,8.100,0.500
'[00:00:02.676 01/01/2011]',-13.800,3.300,10.800,5.800,8.000,0.500
'[00:00:02.677 01/01/2011]',-14.800,3.100,10.900,6.300,7.900,0.500
'[00:00:02.678 01/01/2011]',-15.200,3.000,11.000,6.700,7.700,0.500
'[00:00:02.679 01/01/2011]',-15.500,3.200,11.000,6.900,7.500,0.500
'[00:00:02.680 01/01/2011]',-16.300,3.500,11.200,6.700,7.400,0.500
'[00:00:02.681 01/01/2011]',-17.800,3.800,11.500,6.200,7.400,0.500
'[00:00:02.682 01/01/2011]',-19.600,3.900,11.900,5.800,7.500,0.500
'[00:00:02.683 01/01/2011]',-21.200,3.800,12.300,5.600,7.600,0.500
'[00:00:02.684 01/01/2011]',-22.000,3.600,12.600,5.700,7.800,0.500
'[00:00:02.685 01/01/2011]',-21.900,3.500,12.700,6.000,7.900,0.500
'[00:00:02.686 01/01/2011]',-21.400,3.500,12.700,6.300,7.900,0.500
'[00:00:02.687 01/01/2011]',-21.000,3.600,12.600,6.300,7.900,0.500
'[00:00:02.688 01/01/2011]',-21.300,3.600,12.700,6.100,7.900,0.500
'[00:00:02.689 01/01/2011]',-21.900,3.400,13.000,5.700,8.000,0.500
'[00:00:02.690 01/01/2011]',-22.400,2.900,13.500,5.300,8.300,0.500
'[00:00:02.691 01/01/2011]',-22.500,2.300,14.000,5.100,8.700,0.500
'[00:00:02.692 01/01/2011]',-22.000,1.600,14.500,5.000,9.200,0.500
'[00:00:02.693 01/01/2011]',-21.300,1.100,14.700,5.000,9.600,0.500
'[00:00:02.694 01/01/2011]',-20.800,1.000,14.900,4.900,9.700,0.500
'[00:00:02.695 01/01/2011]',-20.500,1.300,14.900,4.800,9.500,0.500
'[00:00:02.696 01/01/2011]',-20.300,2.100,14.800,4.600,9.000,0.500
'[00:00:02.697 01/01/2011]',-20.200,2.900,14.700,4.700,8.600,0.500
'[00:00:02.698 01/01/2011]',-20.000,3.500,14.600,5.100,8.600,0.500
'[00:00:02.699 01/01/2011]',-20.000,3.800,14.600,5.700,9.100,0.500
'[00:00:02.700 01/01/2011]',-20.400,3.800,14.600,6.400,10.000,0.500
'[00:00:02.701 01/01/2011]',-21.200,3.700,14.800,7.000,11.000,0.500
'[00:00:02.702 01/01/2011]',-22.300,3.800,15.000,7.300,11.600,0.500
'[00:00:02.703 01/01/2011]',-23.100,4.000,15.300,7.200,11.800,0.500
'[00:00:02.704 01/01/2011]',-23.300,4.200,15.300,6.900,11.600,0.500
'[00:00:02.705 01/01/2011]',-22.800,4.200,15.200,6.400,11.100,0.500
'[00:00:02.706 01/01/2011]',-21.900,3.700,14.700,6.000,10.900,0.500
'[00:00:02.707 01/01/2011]',-20.900,2.900,14.100,5.800,10.900,0.500
'[00:00:02.708 01/01/2011]',-20.100,2.100,13.300,5.900,11.100,0.500
'[00:00:02.709 01/01/2011]',-19.300,1.600,12.600,6.100,11.400,0.500
'[00:00:02.710 01/01/2011]',-18.500,1.600,12.200,6.300,11.300,0.500
'[00:00:02.711 01/01/2011]',-17.700,2.100,12.000,6.400,11.100,0.500
'[00:00:02.712 01/01/2011]',-17.100,2.700,12.100,6.300,10.700,0.500
'[00:00:02.713 01/01/2011]',-16.800,3.300,12.300,6.200,10.400,0.500
'[00:00:02.714 01/01/2011]',-17.100,3.500,12.400,6.000,10.400,0.500
'[00:00:02.715 01/01/2011]',-17.500,3.600,12.500,5.900,10.600,0.500
'[00:00:02.716 01/01/2011]',-17.800,3.800,12.500,5.800,10.700,0.500
'[00:00:02.717 01/01/2011]',-17.700,4.100,12.400,5.800,10.500,0.500
'[00:00:02.718 01/01/2011]',-17.200,4.600,12.200,5.900,10.200,0.500
'[00:00:02.719 01/01/2011]',-16.700,5.000,11.900,5.900,9.800,0.500
'[00:00:02.720 01/01/2011]',-16.700,5.200,11.600,6.000,9.600,0.500
'[00:00:02.721 01/01/2011]',-17.200,5.200,11.300,6.100,9.700,0.500
'[00:00:02.722 01/01/2011]',-18.100,5.100,11.000,6.200,10.000,0.500
'[00:00:02.723 01/01/2011]',-19.000,5.100,11.000,6.400,10.300,0.500
'[00:00:02.724 01/01/2011]',-19.300,5.500,11.100,6.500,10.400,0.500
'[00:00:02.725 01/01/2011]',-19.100,6.000,11.400,6.700,10.300,0.500
'[00:00:02.726 01/01/2011]',-18.700,6.300,11.600,6.800,10.100,0.500
'[00:00:02.727 01/01/2011]',-18.600,6.300,11.800,7.000,10.000,0.500
'[00:00:02.728 01/01/2011]',-19.100,5.800,11.900,7.000,10.000,0.500
'[00:00:02.729 01/01/2011]',-19.900,5.200,11.800,6.900,10.200,0.500
'[00:00:02.730 01/01/2011]',-20.700,4.700,11.900,6.600,10.400,0.500
'[00:00:02.731 01/01/2011]',-20.900,4.700,12.200,6.300,10.600,0.500
'[00:00:02.732 01/01/2011]',-20.500,5.100,12.700,6.100,10.800,0.500
'[00:00:02.733 01/01/2011]',-19.800,5.800,13.300,6.200,11.000,0.500
'[00:00:02.734 01/01/2011]',-19.500,6.400,13.900,6.600,11.300,0.500
'[00:00:02.735 01/01/2011]',-20.200,6.800,14.300,7.300,11.600,0.500
'[00:00:02.736 01/01/2011]',-21.900,7.100,14.500,8.100,11.800,0.500
'[00:00:02.737 01/01/2011]',-24.000,7.400,14.500,8.600,11.800,0.500
'[00:00:02.738 01/01/2011]',-25.800,7.900,14.400,8.600,11.600,0.500
'[00:00:02.739 01/01/2011]',-26.900,8.500,14.200,8.400,11.200,0.500
'[00:00:02.740 01/01/2011]',-27.200,9.200,13.900,8.100,10.700,0.500
'[00:00:02.741 01/01/2011]',-27.100,9.600,13.400,7.900,10.300,0.500
'[00:00:02.742 01/01/2011]',-27.200,9.700,13.000,8.200,10.100,0.500
'[00:00:02.743 01/01/2011]',-27.800,9.700,12.500,8.800,10.100,0.500
'[00:00:02.744 01/01/2011]',-28.600,9.700,12.100,9.700,10.300,0.500
'[00:00:02.745 01/01/2011]',-29.500,10.000,11.800,10.500,10.600,0.500
'[00:00:02.746 01/01/2011]',-30.300,10.300,11.600,11.300,10.900,0.500
'[00:00:02.747 01/01/2011]',-30.900,10.400,11.500,11.700,11.100,0.500
'[00:00:02.748 01/01/2011]',-31.800,10.300,11.400,11.700,11.200,0.500
'[00:00:02.749 01/01/2011]',-33.001,9.900,11.200,11.400,11.200,0.500
'[00:00:02.750 01/01/2011]',-34.401,9.300,11.000,11.000,11.000,0.500
'[00:00:02.751 01/01/2011]',-35.701,8.800,10.700,10.500,10.800,0.500
'[00:00:02.752 01/01/2011]',-36.601,8.600,10.400,10.100,10.500,0.500
'[00:00:02.753 01/01/2011]',-36.901,8.700,10.300,9.900,10.200,0.500
'[00:00:02.754 01/01/2011]',-36.701,8.900,10.300,9.900,10.100,0.500
'[00:00:02.755 01/01/2011]',-36.501,9.200,10.300,10.000,10.100,0.500
'[00:00:02.756 01/01/2011]',-36.401,9.400,10.300,10.200,10.400,0.500
'[00:00:02.757 01/01/2011]',-36.401,9.500,10.300,10.200,10.700,0.500
'[00:00:02.758 01/01/2011]',-36.401,9.700,10.300,10.300,10.900,0.500
'[00:00:02.759 01/01/2011]',-36.101,10.000,10.300,10.500,10.800,0.500
'[00:00:02.760 01/01/2011]',-35.601,10.400,10.400,10.700,10.600,0.500
'[00:00:02.761 01/01/2011]',-34.901,10.800,10.500,11.100,10.300,0.500
'[00:00:02.762 01/01/2011]',-34.301,11.300,10.800,11.400,10.300,0.500
'[00:00:02.763 01/01/2011]',-34.001,11.600,11.100,11.300,10.500,0.500
'[00:00:02.764 01/01/2011]',-34.001,11.700,11.300,11.000,10.800,0.500
'[00:00:02.765 01/01/2011]',-34.101,11.700,11.400,10.400,11.000,0.500
'[00:00:02.766 01/01/2011]',-34.401,11.500,11.400,9.800,10.900,0.500
'[00:00:02.767 01/01/2011]',-34.501,11.400,11.200,9.400,10.400,0.500
'[00:00:02.768 01/01/2011]',-34.501,11.400,10.900,9.400,9.800,0.500
'[00:00:02.769 01/01/2011]',-34.301,11.600,10.600,9.500,9.300,0.500
'[00:00:02.770 01/01/2011]',-34.101,11.800,10.400,9.500,9.100,0.500
'[00:00:02.771 01/01/2011]',-34.101,11.900,10.300,9.400,9.000,0.500
'[00:00:02.772 01/01/2011]',-34.301,11.700,10.400,9.100,9.000,0.500
'[00:00:02.773 01/01/2011]',-34.901,11.400,10.300,8.800,8.900,0.500
'[00:00:02.774 01/01/2011]',-35.701,11.000,10.200,8.700,8.700,0.500
'[00:00:02.775 01/01/2011]',-36.301,10.800,9.800,8.800,8.500,0.500
'[00:00:02.776 01/01/2011]',-36.501,10.800,9.300,9.000,8.400,0.500
'[00:00:02.777 01/01/2011]',-36.501,11.000,9.000,9.200,8.300,0.500
'[00:00:02.778 01/01/2011]',-36.201,11.300,9.100,9.300,8.100,0.500
'[00:00:02.779 01/01/2011]',-36.001,11.600,9.600,9.300,7.900,0.500
'[00:00:02.780 01/01/2011]',-35.901,11.800,10.400,9.400,7.600,0.500
'[00:00:02.781 01/01/2011]',-35.901,12.100,10.900,9.600,7.400,0.500
'[00:00:02.782 01/01/2011]',-35.901,12.300,11.100,9.800,7.600,0.500
'[00:00:02.783 01/01/2011]',-35.701,12.400,10.800,10.100,7.900,0.500
'[00:00:02.784 01/01/2011]',-35.501,12.300,10.100,10.200,8.300,0.500
'[00:00:02.785 01/01/2011]',-35.301,12.100,9.400,10.200,8.500,0.500
'[00:00:02.786 01/01/2011]',-35.101,11.900,8.900,10.000,8.400,0.500
'[00:00:02.787 01/01/2011]',-35.101,11.900,8.700,9.900,8.100,0.500
'[00:00:02.788 01/01/2011]',-35.101,12.100,8.700,9.900,7.800,0.500
'[00:00:02.789 01/01/2011]',-35.001,12.400,8.600,9.900,7.800,0.500
'[00:00:02.790 01/01/2011]',-34.801,12.500,8.300,10.000,7.900,0.500
'[00:00:02.791 01/01/2011]',-34.301,12.200,8.000,10.200,8.100,0.500
'[00:00:02.792 01/01/2011]',-33.801,11.600,7.700,10.300,8.000,0.500
'[00:00:02.793 01/01/2011]',-33.201,10.900,7.600,10.300,7.400,0.500
'[00:00:02.794 01/01/2011]',-32.700,10.500,7.600,10.000,6.500,0.500
'[00:00:02.795 01/01/2011]',-32.400,10.400,7.600,9.500,5.500,0.500
'[00:00:02.796 01/01/2011]',-32.300,10.400,7.300,8.700,4.700,0.500
'[00:00:02.797 01/01/2011]',-32.400,10.400,6.800,7.900,4.300,0.500
'[00:00:02.798 01/01/2011]',-32.500,10.100,6.300,7.200,4.200,0.500
'[00:00:02.799 01/01/2011]',-32.500,9.700,5.900,6.800,4.300,0.500
'[00:00:02.800 01/01/2011]',-32.400,9.300,5.700,6.600,4.200,0.500
'[00:00:02.801 01/01/2011]',-32.300,9.200,5.600,6.500,3.900,0.500
'[00:00:02.802 01/01/2011]',-32.200,9.400,5.400,6.500,3.400,0.500
'[00:00:02.803 01/01/2011]',-32.300,9.900,5.000,6.300,3.000,0.500
'[00:00:02.804 01/01/2011]',-32.500,10.300,4.400,6.100,2.600,0.500
'[00:00:02.805 01/01/2011]',-32.700,10.300,3.800,5.900,2.400,0.500
'[00:00:02.806 01/01/2011]',-32.600,10.100,3.400,5.800,2.500,0.500
'[00:00:02.807 01/01/2011]',-32.200,9.800,3.300,5.800,2.700,0.500
'[00:00:02.808 01/01/2011]',-31.400,9.600,3.300,5.700,3.000,0.500
'[00:00:02.809 01/01/2011]',-30.500,9.500,3.300,5.700,3.200,0.500
'[00:00:02.810 01/01/2011]',-29.900,9.400,3.200,5.500,3.200,0.500
'[00:00:02.811 01/01/2011]',-29.700,9.200,2.900,5.300,2.800,0.500
'[00:00:02.812 01/01/2011]',-29.900,8.800,2.500,5.200,2.200,0.500
'[00:00:02.813 01/01/2011]',-30.200,8.300,2.200,5.200,1.500,0.500
'[00:00:02.814 01/01/2011]',-30.300,7.800,2.000,5.400,1.100,0.500
'[00:00:02.815 01/01/2011]',-29.900,7.700,2.000,5.700,1.000,0.500
'[00:00:02.816 01/01/2011]',-29.000,7.900,2.100,5.900,1.200,0.500
'[00:00:02.817 01/01/2011]',-27.800,8.400,2.300,6.000,1.700,0.500
'[00:00:02.818 01/01/2011]',-26.900,8.900,2.400,5.900,2.100,0.500
'[00:00:02.819 01/01/2011]',-26.600,9.200,2.400,5.500,2.000,0.500
'[00:00:02.820 01/01/2011]',-27.200,9.100,2.100,4.900,1.400,0.500
'[00:00:02.821 01/01/2011]',-28.400,8.700,1.600,4.300,0.500,0.500
'[00:00:02.822 01/01/2011]',-29.700,8.400,1.000,3.900,-0.600,0.500
'[00:00:02.823 01/01/2011]',-30.600,8.300,0.300,3.800,-1.400,0.500
'[00:00:02.824 01/01/2011]',-30.900,8.400,-0.100,4.000,-1.700,0.500
'[00:00:02.825 01/01/2011]',-30.500,8.800,-0.300,4.400,-1.600,0.500
'[00:00:02.826 01/01/2011]',-29.600,9.000,-0.400,4.900,-1.200,0.500
'[00:00:02.827 01/01/2011]',-28.600,8.800,-0.400,5.300,-1.000,0.500
'[00:00:02.828 01/01/2011]',-27.700,8.300,-0.500,5.400,-1.100,0.500
'[00:00:02.829 01/01/2011]',-26.900,7.600,-0.700,5.300,-1.400,0.500
'[00:00:02.830 01/01/2011]',-26.200,6.900,-0.800,4.900,-1.700,0.500
'[00:00:02.831 01/01/2011]',-25.500,6.600,-0.800,4.100,-1.800,0.500
'[00:00:02.832 01/01/2011]',-24.900,6.500,-0.700,3.300,-1.700,0.500
'[00:00:02.833 01/01/2011]',-24.200,6.500,-0.500,2.600,-1.400,0.500
'[00:00:02.834 01/01/2011]',-23.500,6.400,-0.400,2.100,-1.100,0.500
'[00:00:02.835 01/01/2011]',-22.900,6.100,-0.300,2.000,-1.200,0.500
'[00:00:02.836 01/01/2011]',-22.300,5.500,-0.400,2.100,-1.700,0.500
'[00:00:02.837 01/01/2011]',-21.800,5.100,-0.600,2.500,-2.300,0.500
'[00:00:02.838 01/01/2011]',-21.700,5.000,-0.700,2.900,-2.800,0.500
'[00:00:02.839 01/01/2011]',-22.200,5.300,-0.700,3.400,-3.000,0.500
'[00:00:02.840 01/01/2011]',-23.100,6.000,-0.700,3.900,-2.700,0.500
'[00:00:02.841 01/01/2011]',-24.200,6.800,-0.500,4.300,-2.100,0.500
'[00:00:02.842 01/01/2011]',-25.100,7.500,-0.200,4.700,-1.400,0.500
'[00:00:02.843 01/01/2011]',-25.500,7.900,0.300,4.900,-0.800,0.500
'[00:00:02.844 01/01/2011]',-25.200,8.000,0.700,4.800,-0.500,0.500
'[00:00:02.845 01/01/2011]',-24.400,7.800,1.000,4.500,-0.600,0.500
'[00:00:02.846 01/01/2011]',-23.300,7.500,1.000,4.000,-0.800,0.500
'[00:00:02.847 01/01/2011]',-22.400,7.100,0.900,3.700,-1.000,0.500
'[00:00:02.848 01/01/2011]',-22.000,6.900,0.600,3.500,-1.100,0.500
'[00:00:02.849 01/01/2011]',-22.000,6.700,0.500,3.600,-1.100,0.500
'[00:00:02.850 01/01/2011]',-22.200,6.600,0.500,3.700,-1.100,0.500
'[00:00:02.851 01/01/2011]',-22.600,6.400,0.600,3.800,-1.200,0.500
'[00:00:02.852 01/01/2011]',-22.800,6.200,0.500,3.800,-1.200,0.500
'[00:00:02.853 01/01/2011]',-22.600,5.800,0.300,3.600,-1.300,0.500
'[00:00:02.854 01/01/2011]',-21.900,5.300,-0.300,3.500,-1.300,0.500
'[00:00:02.855 01/01/2011]',-20.800,4.900,-0.800,3.400,-1.200,0.500
'[00:00:02.856 01/01/2011]',-19.600,4.800,-1.000,3.600,-1.200,0.500
'[00:00:02.857 01/01/2011]',-18.400,4.900,-1.000,3.800,-1.200,0.500
'[00:00:02.858 01/01/2011]',-17.700,5.200,-0.700,3.900,-1.500,0.500
'[00:00:02.859 01/01/2011]',-17.500,5.600,-0.400,3.900,-1.900,0.500
'[00:00:02.860 01/01/2011]',-17.600,5.800,-0.400,3.700,-2.400,0.500
'[00:00:02.861 01/01/2011]',-17.600,5.900,-0.700,3.200,-2.700,0.500
'[00:00:02.862 01/01/2011]',-17.200,5.900,-1.100,2.600,-2.700,0.500
'[00:00:02.863 01/01/2011]',-16.100,5.800,-1.400,2.200,-2.500,0.500
'[00:00:02.864 01/01/2011]',-14.600,5.800,-1.600,2.000,-1.900,0.500
'[00:00:02.865 01/01/2011]',-13.000,5.800,-1.600,2.100,-1.300,0.500
'[00:00:02.866 01/01/2011]',-12.000,5.800,-1.800,2.300,-0.900,0.500
'[00:00:02.867 01/01/2011]',-11.700,5.600,-2.100,2.600,-0.700,0.500
'[00:00:02.868 01/01/2011]',-11.900,5.400,-2.600,2.700,-0.800,0.500
'[00:00:02.869 01/01/2011]',-12.400,5.200,-3.200,2.600,-1.200,0.500
'[00:00:02.870 01/01/2011]',-12.400,4.800,-3.600,2.400,-1.900,0.500
'[00:00:02.871 01/01/2011]',-11.800,4.400,-3.900,2.100,-2.600,0.500
'[00:00:02.872 01/01/2011]',-10.600,3.800,-4.200,1.800,-3.100,0.500
'[00:00:02.873 01/01/2011]',-9.200,3.200,-4.700,1.600,-3.500,0.500
'[00:00:02.874 01/01/2011]',-8.000,2.600,-5.400,1.300,-3.500,0.500
'[00:00:02.875 01/01/2011]',-7.200,2.200,-6.400,1.000,-3.400,0.500
'[00:00:02.876 01/01/2011]',-6.900,2.100,-7.300,0.700,-3.300,0.500
'[00:00:02.877 01/01/2011]',-6.700,2.200,-7.800,0.500,-3.300,0.500
'[00:00:02.878 01/01/2011]',-6.400,2.500,-7.800,0.500,-3.300,0.500
'[00:00:02.879 01/01/2011]',-5.800,2.800,-7.200,0.700,-3.500,0.500
'[00:00:02.880 01/01/2011]',-5.000,3.000,-6.400,0.900,-3.600,0.500
'[00:00:02.881 01/01/2011]',-4.200,3.100,-5.600,0.800,-3.800,0.500
'[00:00:02.882 01/01/2011]',-3.800,3.200,-5.100,0.600,-4.000,0.500
'[00:00:02.883 01/01/2011]',-3.600,3.500,-5.100,0.400,-4.100,0.500
'[00:00:02.884 01/01/2011]',-3.700,3.900,-5.300,0.200,-4.100,0.500
'[00:00:02.885 01/01/2011]',-3.500,4.200,-5.500,0.200,-4.000,0.500
'[00:00:02.886 01/01/2011]',-2.700,4.100,-5.700,0.300,-3.800,0.500
'[00:00:02.887 01/01/2011]',-1.200,3.700,-5.600,0.400,-3.700,0.500
'[00:00:02.888 01/01/2011]',0.800,3.000,-5.500,0.200,-3.800,0.500
'[00:00:02.889 01/01/2011]',2.900,2.400,-5.500,-0.100,-4.100,0.500
'[00:00:02.890 01/01/2011]',4.500,2.100,-5.700,-0.300,-4.700,0.500
'[00:00:02.891 01/01/2011]',5.100,2.000,-6.000,-0.400,-5.200,0.500
'[00:00:02.892 01/01/2011]',4.900,2.000,-6.300,-0.200,-5.700,0.500
'[00:00:02.893 01/01/2011]',4.100,2.000,-6.500,0.000,-5.900,0.500
'[00:00:02.894 01/01/2011]',3.400,1.800,-6.500,0.100,-5.800,0.500
'[00:00:02.895 01/01/2011]',3.300,1.500,-6.200,0.000,-5.600,0.500
'[00:00:02.896 01/01/2011]',3.800,1.400,-6.000,-0.200,-5.300,0.500
'[00:00:02.897 01/01/2011]',4.600,1.700,-6.000,-0.400,-5.200,0.500
'[00:00:02.898 01/01/2011]',5.000,2.100,-6.500,-0.500,-5.200,0.500
'[00:00:02.899 01/01/2011]',4.800,2.600,-7.300,-0.700,-5.500,0.500
'[00:00:02.900 01/01/2011]',4.400,2.600,-8.200,-1.000,-6.100,0.500
'[00:00:02.901 01/01/2011]',4.200,2.300,-8.900,-1.600,-6.800,0.500
'[00:00:02.902 01/01/2011]',4.800,1.800,-9.200,-2.200,-7.500,0.500
'[00:00:02.903 01/01/2011]',6.200,1.400,-9.100,-2.700,-7.900,0.500
'[00:00:02.904 01/01/2011]',7.900,1.300,-8.700,-2.800,-8.000,0.500
'[00:00:02.905 01/01/2011]',8.900,1.500,-8.300,-2.600,-7.800,0.500
'[00:00:02.906 01/01/2011]',9.000,1.800,-8.000,-2.300,-7.400,0.500
'[00:00:02.907 01/01/2011]',8.400,2.100,-7.900,-2.100,-7.000,0.500
'[00:00:02.908 01/01/2011]',7.900,2.000,-8.100,-2.400,-6.900,0.500
'[00:00:02.909 01/01/2011]',8.300,1.800,-8.400,-3.000,-7.000,0.500
'[00:00:02.910 01/01/2011]',9.900,1.500,-8.800,-3.800,-7.300,0.500
'[00:00:02.911 01/01/2011]',11.900,1.400,-9.000,-4.500,-7.700,0.500
'[00:00:02.912 01/01/2011]',13.500,1.400,-9.100,-4.900,-7.900,0.500
'[00:00:02.913 01/01/2011]',13.900,1.600,-8.800,-4.900,-8.000,0.500
'[00:00:02.914 01/01/2011]',13.200,1.800,-8.400,-4.700,-8.000,0.500
'[00:00:02.915 01/01/2011]',12.000,1.900,-7.900,-4.500,-7.800,0.500
'[00:00:02.916 01/01/2011]',11.100,1.800,-7.500,-4.400,-7.700,0.500
'[00:00:02.917 01/01/2011]',11.100,1.500,-7.300,-4.400,-7.600,0.500
'[00:00:02.918 01/01/2011]',12.000,1.200,-7.400,-4.500,-7.600,0.500
'[00:00:02.919 01/01/2011]',13.200,1.000,-7.600,-4.500,-7.800,0.500
'[00:00:02.920 01/01/2011]',14.400,0.900,-7.800,-4.400,-8.000,0.500
'[00:00:02.921 01/01/2011]',15.300,1.100,-7.700,-4.000,-8.300,0.500
'[00:00:02.922 01/01/2011]',15.900,1.700,-7.400,-3.500,-8.300,0.500
'[00:00:02.923 01/01/2011]',16.700,2.600,-6.900,-3.100,-8.000,0.500
'[00:00:02.924 01/01/2011]',17.900,3.400,-6.400,-2.700,-7.400,0.500
'[00:00:02.925 01/01/2011]',19.600,4.000,-6.100,-2.500,-6.800,0.500
'[00:00:02.926 01/01/2011]',21.300,4.300,-5.800,-2.400,-6.400,0.500
'[00:00:02.927 01/01/2011]',22.900,4.100,-5.600,-2.400,-6.400,0.500
'[00:00:02.928 01/01/2011]',23.900,3.700,-5.400,-2.500,-6.800,0.500
'[00:00:02.929 01/01/2011]',24.200,3.400,-5.100,-2.600,-7.500,0.500
'[00:00:02.930 01/01/2011]',24.100,3.300,-4.700,-2.600,-8.200,0.500
'[00:00:02.931 01/01/2011]',23.900,3.400,-4.300,-2.600,-8.800,0.500
'[00:00:02.932 01/01/2011]',23.900,3.700,-4.000,-2.600,-9.300,0.500
'[00:00:02.933 01/01/2011]',24.500,4.100,-3.600,-2.600,-10.000,0.500
'[00:00:02.934 01/01/2011]',25.600,4.600,-3.000,-2.700,-10.900,0.500
'[00:00:02.935 01/01/2011]',26.800,5.300,-1.900,-2.900,-12.300,0.500
'[00:00:02.936 01/01/2011]',27.900,6.400,-0.200,-3.000,-13.900,0.500
'[00:00:02.937 01/01/2011]',28.600,7.800,2.100,-2.900,-15.400,0.500
'[00:00:02.938 01/01/2011]',29.000,9.200,5.000,-2.600,-16.800,0.500
'[00:00:02.939 01/01/2011]',29.500,10.500,8.200,-2.200,-17.900,0.500
'[00:00:02.940 01/01/2011]',30.500,11.500,11.300,-1.800,-18.800,0.500
'[00:00:02.941 01/01/2011]',32.000,12.100,13.700,-1.700,-19.500,0.500
'[00:00:02.942 01/01/2011]',33.801,12.300,15.400,-1.900,-20.000,0.500
'[00:00:02.943 01/01/2011]',35.401,12.500,16.400,-2.200,-20.100,0.500
'[00:00:02.944 01/01/2011]',36.201,12.600,17.100,-2.100,-19.200,0.500
'[00:00:02.945 01/01/2011]',36.101,12.700,18.000,-1.400,-17.400,0.500
'[00:00:02.946 01/01/2011]',35.201,12.700,19.300,0.200,-14.700,0.500
'[00:00:02.947 01/01/2011]',34.101,12.600,21.200,2.500,-11.300,0.500
'[00:00:02.948 01/01/2011]',33.301,12.400,23.400,4.900,-7.900,0.500
'[00:00:02.949 01/01/2011]',33.201,12.000,25.600,6.900,-4.600,0.500
'[00:00:02.950 01/01/2011]',33.501,11.500,27.200,8.400,-1.300,0.500
'[00:00:02.951 01/01/2011]',34.101,10.700,28.000,9.400,2.200,0.500
'[00:00:02.952 01/01/2011]',34.301,9.600,28.000,10.300,6.400,0.500
'[00:00:02.953 01/01/2011]',34.001,8.300,27.300,11.400,11.500,0.500
'[00:00:02.954 01/01/2011]',33.101,6.700,26.100,12.900,17.500,0.500
'[00:00:02.955 01/01/2011]',31.600,5.100,24.700,14.700,24.100,0.500
'[00:00:02.956 01/01/2011]',29.800,3.500,23.100,16.700,30.700,0.500
'[00:00:02.957 01/01/2011]',28.000,1.900,21.300,18.400,37.001,0.500
'[00:00:02.958 01/01/2011]',26.400,0.000,19.200,19.800,42.901,0.500
'[00:00:02.959 01/01/2011]',25.000,-2.400,16.500,20.600,48.501,0.500
'[00:00:02.960 01/01/2011]',24.000,-5.300,13.100,21.000,54.001,0.500
'[00:00:02.961 01/01/2011]',23.100,-8.700,8.800,21.100,59.901,0.500
'[00:00:02.962 01/01/2011]',22.200,-12.200,4.100,21.100,66.101,0.500
'[00:00:02.963 01/01/2011]',20.800,-15.700,-0.700,21.100,72.701,0.500
'[00:00:02.964 01/01/2011]',19.000,-18.800,-5.300,21.200,79.301,0.500
'[00:00:02.965 01/01/2011]',16.800,-21.600,-9.400,21.200,85.601,0.500
'[00:00:02.966 01/01/2011]',14.800,-24.300,-13.100,21.000,91.001,0.500
'[00:00:02.967 01/01/2011]',13.600,-27.000,-16.500,20.500,95.401,0.500
'[00:00:02.968 01/01/2011]',13.300,-29.600,-19.800,19.700,98.702,0.500
'[00:00:02.969 01/01/2011]',14.000,-31.900,-22.700,18.700,100.602,0.500
'[00:00:02.970 01/01/2011]',15.100,-33.701,-25.200,17.500,101.302,0.500
'[00:00:02.971 01/01/2011]',16.000,-34.801,-27.300,16.200,100.602,0.500
'[00:00:02.972 01/01/2011]',16.500,-35.501,-29.000,14.700,98.402,0.500
'[00:00:02.973 01/01/2011]',16.700,-36.001,-31.000,12.500,94.701,0.500
'[00:00:02.974 01/01/2011]',17.100,-36.501,-33.601,9.600,89.701,0.500
'[00:00:02.975 01/01/2011]',18.000,-37.101,-37.101,6.000,83.601,0.500
'[00:00:02.976 01/01/2011]',19.500,-37.601,-41.401,2.100,77.001,0.500
'[00:00:02.977 01/01/2011]',21.200,-37.801,-45.901,-1.800,70.401,0.500
'[00:00:02.978 01/01/2011]',22.700,-37.701,-50.101,-5.000,64.301,0.500
'[00:00:02.979 01/01/2011]',23.900,-37.601,-53.601,-7.700,58.701,0.500
'[00:00:02.980 01/01/2011]',24.900,-37.501,-56.501,-10.000,53.501,0.500
'[00:00:02.981 01/01/2011]',26.100,-37.701,-59.101,-12.500,48.001,0.500
'[00:00:02.982 01/01/2011]',27.700,-38.001,-61.701,-15.400,41.801,0.500
'[00:00:02.983 01/01/2011]',30.000,-38.101,-64.301,-18.800,34.501,0.500
'[00:00:02.984 01/01/2011]',32.700,-37.601,-66.801,-22.300,26.300,0.500
'[00:00:02.985 01/01/2011]',35.301,-36.501,-68.601,-25.300,17.900,0.500
'[00:00:02.986 01/01/2011]',37.401,-35.001,-69.301,-27.500,9.900,0.500
'[00:00:02.987 01/01/2011]',38.801,-33.201,-68.801,-28.800,3.100,0.500
'[00:00:02.988 01/01/2011]',39.301,-31.600,-67.101,-29.300,-2.200,0.500
'[00:00:02.989 01/01/2011]',39.301,-29.900,-64.501,-29.400,-6.200,0.500
'[00:00:02.990 01/01/2011]',39.401,-28.300,-61.401,-29.200,-9.300,0.500
'[00:00:02.991 01/01/2011]',40.001,-26.600,-57.701,-28.900,-11.700,0.500
'[00:00:02.992 01/01/2011]',41.301,-24.800,-53.801,-28.200,-13.700,0.500
'[00:00:02.993 01/01/2011]',42.801,-23.300,-49.501,-27.000,-15.200,0.500
'[00:00:02.994 01/01/2011]',44.001,-22.000,-45.101,-25.500,-16.100,0.500
'[00:00:02.995 01/01/2011]',44.301,-20.900,-40.801,-23.800,-16.500,0.500
'[00:00:02.996 01/01/2011]',43.501,-19.900,-36.701,-22.100,-16.600,0.500
'[00:00:02.997 01/01/2011]',42.301,-18.500,-33.101,-20.600,-16.700,0.500
'[00:00:02.998 01/01/2011]',41.401,-16.900,-29.800,-19.300,-16.900,0.500
'[00:00:02.999 01/01/2011]',41.501,-15.200,-26.800,-18.300,-17.300,0.500
'[00:00:03.000 01/01/2011]',42.501,-13.500,-24.100,-17.500,-17.800,0.500
'[00:00:03.001 01/01/2011]',43.901,-12.200,-21.600,-16.900,-17.800,0.500
'[00:00:03.002 01/01/2011]',44.701,-11.400,-19.300,-16.100,-17.400,0.500
'[00:00:03.003 01/01/2011]',44.601,-10.800,-17.300,-15.300,-16.500,0.500
'[00:00:03.004 01/01/2011]',43.701,-10.200,-15.500,-14.400,-15.500,0.500
'[00:00:03.005 01/01/2011]',42.701,-9.700,-13.900,-13.500,-14.600,0.500
'[00:00:03.006 01/01/2011]',42.301,-9.000,-12.500,-12.600,-14.100,0.500
'[00:00:03.007 01/01/2011]',42.501,-8.200,-11.300,-11.900,-13.900,0.500
'[00:00:03.008 01/01/2011]',42.901,-7.500,-10.200,-11.200,-13.700,0.500
'[00:00:03.009 01/01/2011]',43.201,-6.900,-9.300,-10.700,-13.300,0.500
'[00:00:03.010 01/01/2011]',43.001,-6.200,-8.500,-10.000,-12.600,0.500
'[00:00:03.011 01/01/2011]',42.501,-5.500,-7.900,-9.300,-11.700,0.500
'[00:00:03.012 01/01/2011]',42.201,-4.700,-7.300,-8.700,-10.900,0.500
'[00:00:03.013 01/01/2011]',42.601,-3.900,-6.700,-8.100,-10.200,0.500
'[00:00:03.014 01/01/2011]',43.401,-3.300,-6.100,-7.600,-9.900,0.500
'[00:00:03.015 01/01/2011]',44.301,-2.900,-5.400,-7.300,-9.700,0.500
'[00:00:03.016 01/01/2011]',44.801,-2.700,-4.900,-7.100,-9.800,0.500
'[00:00:03.017 01/01/2011]',44.701,-2.600,-4.600,-6.900,-10.000,0.500
'[00:00:03.018 01/01/2011]',44.201,-2.400,-4.500,-6.600,-10.500,0.500
'[00:00:03.019 01/01/2011]',43.601,-2.000,-4.800,-6.200,-11.100,0.500
'[00:00:03.020 01/01/2011]',43.401,-1.300,-5.000,-5.700,-11.700,0.500
'[00:00:03.021 01/01/2011]',43.501,-0.200,-5.000,-5.300,-12.100,0.500
'[00:00:03.022 01/01/2011]',43.701,0.900,-4.500,-4.900,-12.100,0.500
'[00:00:03.023 01/01/2011]',43.601,1.900,-3.700,-4.500,-11.700,0.500
'[00:00:03.024 01/01/2011]',43.001,2.500,-2.600,-4.200,-11.100,0.500
'[00:00:03.025 01/01/2011]',42.201,2.800,-1.700,-4.000,-10.500,0.500
'[00:00:03.026 01/01/2011]',41.301,2.700,-1.200,-3.900,-10.200,0.500
'[00:00:03.027 01/01/2011]',40.801,2.500,-1.100,-3.900,-10.100,0.500
'[00:00:03.028 01/01/2011]',40.801,2.400,-1.200,-3.800,-10.000,0.500
'[00:00:03.029 01/01/2011]',41.101,2.600,-1.200,-3.600,-9.800,0.500
'[00:00:03.030 01/01/2011]',41.701,2.800,-1.100,-3.500,-9.400,0.500
'[00:00:03.031 01/01/2011]',42.001,3.000,-0.800,-3.400,-9.100,0.500
'[00:00:03.032 01/01/2011]',41.801,3.000,-0.700,-3.400,-9.100,0.500
'[00:00:03.033 01/01/2011]',41.101,2.700,-1.000,-3.600,-9.700,0.500
'[00:00:03.034 01/01/2011]',39.701,2.300,-1.800,-4.100,-10.900,0.500
'[00:00:03.035 01/01/2011]',37.801,2.200,-3.100,-4.600,-12.400,0.500
'[00:00:03.036 01/01/2011]',35.601,2.300,-4.200,-5.200,-13.800,0.500
'[00:00:03.037 01/01/2011]',33.601,2.800,-5.000,-5.800,-14.700,0.500
'[00:00:03.038 01/01/2011]',31.900,3.400,-5.200,-6.300,-15.100,0.500
'[00:00:03.039 01/01/2011]',30.700,3.800,-4.700,-6.600,-14.800,0.500
'[00:00:03.040 01/01/2011]',30.400,4.100,-3.700,-6.500,-14.200,0.500
'[00:00:03.041 01/01/2011]',30.800,4.400,-2.500,-5.900,-13.400,0.500
'[00:00:03.042 01/01/2011]',32.300,4.700,-1.300,-5.100,-12.600,0.500
'[00:00:03.043 01/01/2011]',34.701,5.200,0.000,-4.000,-11.900,0.500
'[00:00:03.044 01/01/2011]',38.401,5.600,1.200,-2.900,-11.300,0.500
'[00:00:03.045 01/01/2011]',43.501,5.900,2.700,-2.000,-10.500,0.500
'[00:00:03.046 01/01/2011]',50.001,6.000,4.400,-1.100,-9.400,0.500
'[00:00:03.047 01/01/2011]',57.701,6.000,6.400,-0.100,-8.000,0.500
'[00:00:03.048 01/01/2011]',65.901,6.100,8.400,0.900,-6.200,0.500
'[00:00:03.049 01/01/2011]',73.601,6.400,10.100,1.900,-4.500,0.500
'[00:00:03.050 01/01/2011]',79.701,6.900,11.200,2.600,-3.000,0.500
'[00:00:03.051 01/01/2011]',83.401,7.500,11.500,3.000,-2.100,0.500
'[00:00:03.052 01/01/2011]',84.201,7.800,11.300,3.100,-1.300,0.500
'[00:00:03.053 01/01/2011]',82.701,7.900,10.900,3.300,-0.400,0.500
'[00:00:03.054 01/01/2011]',79.501,7.800,11.000,3.900,1.000,0.500
'[00:00:03.055 01/01/2011]',75.601,7.800,11.800,5.100,3.200,0.500
'[00:00:03.056 01/01/2011]',71.501,8.300,13.300,6.900,6.000,0.500
'[00:00:03.057 01/01/2011]',67.701,9.200,15.300,8.800,8.600,0.500
'[00:00:03.058 01/01/2011]',64.101,10.500,17.200,10.400,10.800,0.500
'[00:00:03.059 01/01/2011]',60.801,11.600,18.600,11.500,12.000,0.500
'[00:00:03.060 01/01/2011]',57.801,12.200,19.500,12.000,12.500,0.500
'[00:00:03.061 01/01/2011]',55.401,12.300,19.900,12.000,12.400,0.500
'[00:00:03.062 01/01/2011]',53.601,12.000,19.900,11.800,12.000,0.500
'[00:00:03.063 01/01/2011]',52.401,11.700,19.700,11.400,11.400,0.500
'[00:00:03.064 01/01/2011]',51.501,11.600,19.300,10.900,10.500,0.500
'[00:00:03.065 01/01/2011]',49.901,11.700,18.600,10.000,9.100,0.500
'[00:00:03.066 01/01/2011]',46.801,11.800,17.400,8.800,7.200,0.500
'[00:00:03.067 01/01/2011]',41.101,11.600,15.400,7.100,4.600,0.500
'[00:00:03.068 01/01/2011]',32.100,11.000,12.800,5.000,1.700,0.500
'[00:00:03.069 01/01/2011]',19.600,10.000,9.600,2.700,-1.400,0.500
'[00:00:03.070 01/01/2011]',4.300,9.100,6.300,0.300,-4.300,0.500
'[00:00:03.071 01/01/2011]',-12.400,8.500,3.400,-1.600,-6.800,0.500
'[00:00:03.072 01/01/2011]',-28.700,8.300,1.300,-3.000,-8.500,0.500
'[00:00:03.073 01/01/2011]',-42.501,8.400,0.200,-3.600,-9.300,0.500
'[00:00:03.074 01/01/2011]',-52.401,8.600,0.200,-3.400,-9.300,0.500
'[00:00:03.075 01/01/2011]',-57.401,8.600,0.900,-2.600,-8.700,0.500
'[00:00:03.076 01/01/2011]',-57.701,8.500,2.000,-1.600,-7.800,0.500
'[00:00:03.077 01/01/2011]',-54.501,8.300,3.200,-0.600,-6.900,0.500
'[00:00:03.078 01/01/2011]',-49.201,8.100,4.100,0.100,-6.100,0.500
'[00:00:03.079 01/01/2011]',-43.501,8.200,4.600,0.400,-5.400,0.500
'[00:00:03.080 01/01/2011]',-38.701,8.400,4.800,0.400,-4.800,0.500
'[00:00:03.081 01/01/2011]',-35.401,8.700,4.900,0.400,-4.100,0.500
'[00:00:03.082 01/01/2011]',-33.601,8.900,4.800,0.400,-3.600,0.500
'[00:00:03.083 01/01/2011]',-32.901,9.100,4.900,0.700,-3.200,0.500
'[00:00:03.084 01/01/2011]',-33.001,9.300,5.000,0.900,-3.200,0.500
'[00:00:03.085 01/01/2011]',-33.501,9.400,5.200,1.100,-3.300,0.500
'[00:00:03.086 01/01/2011]',-34.501,9.500,5.500,1.100,-3.500,0.500
'[00:00:03.087 01/01/2011]',-35.701,9.500,5.900,0.800,-3.500,0.500
'[00:00:03.088 01/01/2011]',-37.001,9.500,6.200,0.300,-3.400,0.500
'[00:00:03.089 01/01/2011]',-38.201,9.300,6.400,-0.100,-3.200,0.500
'[00:00:03.090 01/01/2011]',-39.201,9.200,6.400,-0.400,-3.000,0.500
'[00:00:03.091 01/01/2011]',-40.001,9.200,6.100,-0.600,-3.000,0.500
'[00:00:03.092 01/01/2011]',-41.001,9.100,5.600,-0.800,-3.300,0.500
'[00:00:03.093 01/01/2011]',-42.601,9.000,5.100,-0.900,-3.600,0.500
'[00:00:03.094 01/01/2011]',-44.501,8.700,4.700,-0.900,-3.800,0.500
'[00:00:03.095 01/01/2011]',-46.401,8.500,4.500,-0.900,-3.800,0.500
'[00:00:03.096 01/01/2011]',-47.801,8.200,4.500,-0.700,-3.600,0.500
'[00:00:03.097 01/01/2011]',-48.101,8.100,4.500,-0.600,-3.300,0.500
'[00:00:03.098 01/01/2011]',-47.601,8.000,4.400,-0.500,-3.300,0.500
'[00:00:03.099 01/01/2011]',-46.901,8.000,4.300,-0.700,-3.500,0.500
'[00:00:03.100 01/01/2011]',-46.501,8.100,4.000,-1.100,-3.800,0.500
'[00:00:03.101 01/01/2011]',-47.201,8.200,3.800,-1.400,-4.000,0.500
'[00:00:03.102 01/01/2011]',-49.001,8.400,3.800,-1.500,-3.900,0.500
'[00:00:03.103 01/01/2011]',-51.701,8.600,4.000,-1.300,-3.400,0.500
'[00:00:03.104 01/01/2011]',-54.601,8.800,4.300,-0.800,-2.700,0.500
'[00:00:03.105 01/01/2011]',-57.001,8.800,4.700,-0.400,-2.100,0.500
'[00:00:03.106 01/01/2011]',-58.501,8.600,5.000,-0.100,-1.800,0.500
'[00:00:03.107 01/01/2011]',-58.801,8.400,5.200,0.000,-1.900,0.500
'[00:00:03.108 01/01/2011]',-58.001,8.200,5.200,0.000,-1.900,0.500
'[00:00:03.109 01/01/2011]',-56.601,8.100,5.200,0.200,-1.800,0.500
'[00:00:03.110 01/01/2011]',-55.601,8.200,5.300,0.600,-1.300,0.500
'[00:00:03.111 01/01/2011]',-55.601,8.300,5.500,1.100,-0.800,0.500
'[00:00:03.112 01/01/2011]',-56.701,8.400,5.900,1.600,-0.300,0.500
'[00:00:03.113 01/01/2011]',-58.701,8.400,6.300,1.700,-0.300,0.500
'[00:00:03.114 01/01/2011]',-60.701,8.200,6.700,1.700,-0.500,0.500
'[00:00:03.115 01/01/2011]',-62.201,8.000,6.800,1.400,-0.800,0.500
'[00:00:03.116 01/01/2011]',-62.601,7.800,6.700,1.300,-0.900,0.500
'[00:00:03.117 01/01/2011]',-62.301,7.500,6.300,1.400,-0.900,0.500
'[00:00:03.118 01/01/2011]',-61.801,7.300,5.900,1.700,-0.700,0.500
'[00:00:03.119 01/01/2011]',-61.601,7.000,5.500,2.200,-0.600,0.500
'[00:00:03.120 01/01/2011]',-61.901,6.800,5.300,2.600,-0.600,0.500
'[00:00:03.121 01/01/2011]',-62.501,6.800,5.300,2.800,-0.800,0.500
'[00:00:03.122 01/01/2011]',-63.001,7.000,5.500,2.800,-0.900,0.500
'[00:00:03.123 01/01/2011]',-63.001,7.300,5.800,2.700,-0.800,0.500
'[00:00:03.124 01/01/2011]',-62.601,7.700,5.900,2.500,-0.500,0.500
'[00:00:03.125 01/01/2011]',-62.201,7.700,5.800,2.200,-0.100,0.500
'[00:00:03.126 01/01/2011]',-62.101,7.400,5.500,1.900,0.100,0.500
'[00:00:03.127 01/01/2011]',-62.701,6.900,5.100,1.600,0.000,0.500
'[00:00:03.128 01/01/2011]',-63.901,6.300,4.600,1.400,-0.300,0.500
'[00:00:03.129 01/01/2011]',-65.201,6.100,4.300,1.100,-0.700,0.500
'[00:00:03.130 01/01/2011]',-66.301,6.100,4.200,0.900,-0.900,0.500
'[00:00:03.131 01/01/2011]',-66.701,6.300,4.100,0.600,-0.900,0.500
'[00:00:03.132 01/01/2011]',-66.401,6.600,4.100,0.200,-0.700,0.500
'[00:00:03.133 01/01/2011]',-65.701,6.500,4.100,-0.100,-0.500,0.500
'[00:00:03.134 01/01/2011]',-65.001,6.200,4.000,-0.300,-0.300,0.500
'[00:00:03.135 01/01/2011]',-64.701,5.700,4.000,-0.400,-0.300,0.500
'[00:00:03.136 01/01/2011]',-65.101,5.300,4.000,-0.400,-0.200,0.500
'[00:00:03.137 01/01/2011]',-65.901,5.000,4.100,-0.300,-0.100,0.500
'[00:00:03.138 01/01/2011]',-66.801,5.000,4.100,-0.300,0.100,0.500
'[00:00:03.139 01/01/2011]',-67.301,5.200,4.000,-0.400,0.300,0.500
'[00:00:03.140 01/01/2011]',-66.901,5.300,3.800,-0.300,0.600,0.500
'[00:00:03.141 01/01/2011]',-65.901,5.400,3.600,-0.100,0.600,0.500
'[00:00:03.142 01/01/2011]',-64.601,5.400,3.500,0.200,0.500,0.500
'[00:00:03.143 01/01/2011]',-63.801,5.200,3.600,0.500,0.400,0.500
'[00:00:03.144 01/01/2011]',-63.901,4.900,3.900,0.600,0.200,0.500
'[00:00:03.145 01/01/2011]',-64.801,4.300,4.100,0.500,0.200,0.500
'[00:00:03.146 01/01/2011]',-66.001,3.700,4.200,0.200,0.300,0.500
'[00:00:03.147 01/01/2011]',-66.901,3.100,4.000,-0.200,0.400,0.500
'[00:00:03.148 01/01/2011]',-67.101,2.600,3.400,-0.600,0.300,0.500
'[00:00:03.149 01/01/2011]',-66.901,2.300,2.600,-0.800,-0.100,0.500
'[00:00:03.150 01/01/2011]',-66.801,2.300,1.900,-0.900,-0.700,0.500
'[00:00:03.151 01/01/2011]',-67.101,2.300,1.400,-1.000,-1.400,0.500
'[00:00:03.152 01/01/2011]',-67.901,2.200,1.000,-1.200,-2.000,0.500
'[00:00:03.153 01/01/2011]',-68.701,1.900,0.600,-1.600,-2.600,0.500
'[00:00:03.154 01/01/2011]',-68.901,1.400,0.100,-2.100,-3.000,0.500
'[00:00:03.155 01/01/2011]',-67.901,0.900,-0.600,-2.700,-3.200,0.500
'[00:00:03.156 01/01/2011]',-66.101,0.600,-1.100,-3.100,-3.300,0.500
'[00:00:03.157 01/01/2011]',-64.101,0.500,-1.400,-3.200,-3.300,0.500
'[00:00:03.158 01/01/2011]',-62.501,0.500,-1.400,-3.100,-3.300,0.500
'[00:00:03.159 01/01/2011]',-61.701,0.400,-1.100,-3.000,-3.200,0.500
'[00:00:03.160 01/01/2011]',-61.601,0.000,-0.700,-2.900,-3.100,0.500
'[00:00:03.161 01/01/2011]',-61.901,-0.400,-0.500,-3.000,-2.900,0.500
'[00:00:03.162 01/01/2011]',-62.301,-0.800,-0.500,-3.200,-2.700,0.500
'[00:00:03.163 01/01/2011]',-62.801,-0.900,-0.700,-3.300,-2.500,0.500
'[00:00:03.164 01/01/2011]',-63.301,-0.800,-0.900,-3.200,-2.200,0.500
'[00:00:03.165 01/01/2011]',-64.001,-0.500,-1.100,-2.900,-1.800,0.500
'[00:00:03.166 01/01/2011]',-64.601,-0.300,-1.300,-2.400,-1.300,0.500
'[00:00:03.167 01/01/2011]',-64.601,-0.200,-1.300,-1.800,-0.800,0.500
'[00:00:03.168 01/01/2011]',-64.001,-0.200,-1.100,-1.300,-0.200,0.500
'[00:00:03.169 01/01/2011]',-62.701,-0.400,-0.800,-0.900,0.400,0.500
'[00:00:03.170 01/01/2011]',-61.201,-0.600,-0.500,-0.800,0.900,0.500
'[00:00:03.171 01/01/2011]',-60.101,-0.800,-0.200,-0.800,1.300,0.500
'[00:00:03.172 01/01/2011]',-59.801,-1.000,-0.300,-0.800,1.600,0.500
'[00:00:03.173 01/01/2011]',-60.201,-1.400,-0.900,-0.900,1.700,0.500
'[00:00:03.174 01/01/2011]',-60.901,-2.000,-1.700,-1.000,1.800,0.500
'[00:00:03.175 01/01/2011]',-61.301,-2.500,-2.800,-1.100,2.000,0.500
'[00:00:03.176 01/01/2011]',-61.101,-2.900,-3.700,-1.300,2.300,0.500
'[00:00:03.177 01/01/2011]',-60.301,-3.000,-4.400,-1.600,2.700,0.500
'[00:00:03.178 01/01/2011]',-59.101,-2.900,-4.600,-1.800,3.200,0.500
'[00:00:03.179 01/01/2011]',-58.001,-2.800,-4.500,-1.900,3.800,0.500
'[00:00:03.180 01/01/2011]',-57.101,-2.900,-4.100,-1.900,4.200,0.500
'[00:00:03.181 01/01/2011]',-56.601,-3.200,-3.800,-1.600,4.500,0.500
'[00:00:03.182 01/01/2011]',-56.001,-3.700,-3.700,-1.200,4.700,0.500
'[00:00:03.183 01/01/2011]',-55.301,-4.400,-3.900,-0.900,4.900,0.500
'[00:00:03.184 01/01/2011]',-54.501,-5.100,-4.200,-0.700,5.100,0.500
'[00:00:03.185 01/01/2011]',-53.701,-5.700,-4.600,-0.800,5.300,0.500
'[00:00:03.186 01/01/2011]',-53.301,-6.000,-5.100,-1.100,5.700,0.500
'[00:00:03.187 01/01/2011]',-53.301,-6.200,-5.600,-1.700,5.900,0.500
'[00:00:03.188 01/01/2011]',-53.601,-6.300,-6.200,-2.200,6.100,0.500
'[00:00:03.189 01/01/2011]',-53.901,-6.500,-6.900,-2.700,6.100,0.500
'[00:00:03.190 01/01/2011]',-53.801,-6.700,-7.700,-2.900,6.000,0.500
'[00:00:03.191 01/01/2011]',-53.001,-7.000,-8.300,-3.000,6.000,0.500
'[00:00:03.192 01/01/2011]',-51.801,-7.400,-8.800,-3.000,6.100,0.500
'[00:00:03.193 01/01/2011]',-50.401,-7.700,-8.900,-2.900,6.500,0.500
'[00:00:03.194 01/01/2011]',-49.101,-7.900,-8.700,-2.700,7.200,0.500
'[00:00:03.195 01/01/2011]',-48.101,-8.100,-8.500,-2.400,8.000,0.500
'[00:00:03.196 01/01/2011]',-47.501,-8.300,-8.400,-2.100,8.700,0.500
'[00:00:03.197 01/01/2011]',-46.901,-8.500,-8.500,-1.900,9.300,0.500
'[00:00:03.198 01/01/2011]',-46.301,-8.800,-8.900,-1.900,9.600,0.500
'[00:00:03.199 01/01/2011]',-45.501,-9.000,-9.400,-2.200,9.700,0.500
'[00:00:03.200 01/01/2011]',-44.801,-9.200,-10.000,-2.800,9.600,0.500
'[00:00:03.201 01/01/2011]',-44.201,-9.100,-10.500,-3.500,9.400,0.500
'[00:00:03.202 01/01/2011]',-43.801,-9.000,-10.900,-4.200,9.000,0.500
'[00:00:03.203 01/01/2011]',-43.701,-9.000,-11.100,-4.800,8.700,0.500
'[00:00:03.204 01/01/2011]',-43.601,-9.100,-11.200,-5.200,8.500,0.500
'[00:00:03.205 01/01/2011]',-43.401,-9.500,-11.300,-5.400,8.700,0.500
'[00:00:03.206 01/01/2011]',-43.101,-10.200,-11.300,-5.600,9.200,0.500
'[00:00:03.207 01/01/2011]',-42.501,-10.900,-11.300,-5.700,9.900,0.500
'[00:00:03.208 01/01/2011]',-41.901,-11.500,-11.300,-5.700,10.500,0.500
'[00:00:03.209 01/01/2011]',-41.501,-11.800,-11.400,-5.500,10.800,0.500
'[00:00:03.210 01/01/2011]',-41.301,-11.800,-11.600,-5.100,10.800,0.500
'[00:00:03.211 01/01/2011]',-41.301,-11.700,-11.900,-4.600,10.500,0.500
'[00:00:03.212 01/01/2011]',-41.301,-11.700,-12.200,-4.200,10.200,0.500
'[00:00:03.213 01/01/2011]',-41.201,-12.000,-12.600,-3.900,10.200,0.500
'[00:00:03.214 01/01/2011]',-40.901,-12.600,-12.900,-4.000,10.600,0.500
'[00:00:03.215 01/01/2011]',-40.501,-13.200,-13.000,-4.100,11.300,0.500
'[00:00:03.216 01/01/2011]',-40.301,-13.500,-13.000,-4.300,12.000,0.500
'[00:00:03.217 01/01/2011]',-40.301,-13.500,-12.900,-4.300,12.700,0.500
'[00:00:03.218 01/01/2011]',-40.701,-13.200,-12.800,-4.200,13.100,0.500
'[00:00:03.219 01/01/2011]',-41.101,-12.900,-12.600,-3.800,13.500,0.500
'[00:00:03.220 01/01/2011]',-41.201,-12.600,-12.600,-3.400,13.900,0.500
'[00:00:03.221 01/01/2011]',-40.801,-12.600,-12.500,-3.000,14.200,0.500
'[00:00:03.222 01/01/2011]',-39.901,-12.800,-12.500,-2.800,14.400,0.500
'[00:00:03.223 01/01/2011]',-39.001,-13.000,-12.400,-2.900,14.500,0.500
'[00:00:03.224 01/01/2011]',-38.301,-13.300,-12.200,-3.200,14.700,0.500
'[00:00:03.225 01/01/2011]',-38.101,-13.500,-12.000,-3.500,15.000,0.500
'[00:00:03.226 01/01/2011]',-38.301,-13.800,-11.800,-3.700,15.600,0.500
'[00:00:03.227 01/01/2011]',-38.501,-14.000,-11.700,-3.500,16.500,0.500
'[00:00:03.228 01/01/2011]',-38.601,-14.200,-11.600,-3.100,17.500,0.500
'[00:00:03.229 01/01/2011]',-38.501,-14.200,-11.600,-2.600,18.200,0.500
'[00:00:03.230 01/01/2011]',-38.201,-14.000,-11.600,-2.300,18.500,0.500
'[00:00:03.231 01/01/2011]',-37.901,-13.900,-11.700,-2.400,18.200,0.500
'[00:00:03.232 01/01/2011]',-37.501,-14.000,-12.000,-2.900,17.500,0.500
'[00:00:03.233 01/01/2011]',-36.901,-14.400,-12.400,-3.600,16.800,0.500
'[00:00:03.234 01/01/2011]',-36.201,-15.100,-12.700,-4.300,16.400,0.500
'[00:00:03.235 01/01/2011]',-35.601,-15.800,-13.000,-4.800,16.300,0.500
'[00:00:03.236 01/01/2011]',-35.301,-16.300,-13.100,-5.000,16.700,0.500
'[00:00:03.237 01/01/2011]',-35.401,-16.300,-13.000,-4.900,17.200,0.500
'[00:00:03.238 01/01/2011]',-35.801,-15.900,-12.700,-4.700,17.700,0.500
'[00:00:03.239 01/01/2011]',-36.201,-15.500,-12.400,-4.300,18.100,0.500
'[00:00:03.240 01/01/2011]',-36.101,-15.200,-11.900,-3.800,18.400,0.500
'[00:00:03.241 01/01/2011]',-35.401,-15.200,-11.400,-3.400,18.700,0.500
'[00:00:03.242 01/01/2011]',-34.501,-15.300,-10.800,-3.100,19.100,0.500
'[00:00:03.243 01/01/2011]',-34.101,-15.500,-10.300,-2.900,19.500,0.500
'[00:00:03.244 01/01/2011]',-34.401,-15.800,-9.800,-2.900,19.900,0.500
'[00:00:03.245 01/01/2011]',-35.301,-15.900,-9.400,-2.800,20.300,0.500
'[00:00:03.246 01/01/2011]',-36.201,-16.000,-9.300,-2.700,20.400,0.500
'[00:00:03.247 01/01/2011]',-36.401,-16.100,-9.300,-2.500,20.400,0.500
'[00:00:03.248 01/01/2011]',-35.701,-16.100,-9.300,-2.200,20.200,0.500
'[00:00:03.249 01/01/2011]',-34.501,-16.100,-9.200,-1.900,20.100,0.500
'[00:00:03.250 01/01/2011]',-33.401,-16.000,-8.900,-1.600,20.000,0.500
'[00:00:03.251 01/01/2011]',-33.101,-15.800,-8.600,-1.500,20.100,0.500
'[00:00:03.252 01/01/2011]',-33.301,-15.600,-8.300,-1.700,20.200,0.500
'[00:00:03.253 01/01/2011]',-33.501,-15.400,-8.200,-2.000,20.100,0.500
'[00:00:03.254 01/01/2011]',-32.801,-15.200,-8.200,-2.300,19.800,0.500
'[00:00:03.255 01/01/2011]',-31.100,-15.100,-8.100,-2.700,19.100,0.500
'[00:00:03.256 01/01/2011]',-28.800,-14.900,-7.800,-2.900,18.300,0.500
'[00:00:03.257 01/01/2011]',-27.000,-14.600,-7.100,-2.900,17.700,0.500
'[00:00:03.258 01/01/2011]',-26.600,-14.100,-6.100,-2.700,17.300,0.500
'[00:00:03.259 01/01/2011]',-27.700,-13.600,-5.200,-2.600,17.200,0.500
'[00:00:03.260 01/01/2011]',-29.400,-13.100,-4.500,-2.600,17.100,0.500
'[00:00:03.261 01/01/2011]',-30.700,-12.800,-4.100,-2.700,16.900,0.500
'[00:00:03.262 01/01/2011]',-30.900,-12.800,-4.100,-3.100,16.300,0.500
'[00:00:03.263 01/01/2011]',-29.900,-12.800,-4.200,-3.500,15.500,0.500
'[00:00:03.264 01/01/2011]',-28.500,-12.700,-4.100,-3.800,14.600,0.500
'[00:00:03.265 01/01/2011]',-27.600,-12.400,-3.900,-3.800,13.800,0.500
'[00:00:03.266 01/01/2011]',-27.400,-12.000,-3.600,-3.500,13.200,0.500
'[00:00:03.267 01/01/2011]',-27.800,-11.500,-3.300,-3.000,12.800,0.500
'[00:00:03.268 01/01/2011]',-28.000,-11.100,-3.200,-2.400,12.500,0.500
'[00:00:03.269 01/01/2011]',-27.400,-10.900,-3.100,-1.900,12.200,0.500
'[00:00:03.270 01/01/2011]',-25.800,-10.700,-3.000,-1.500,11.800,0.500
'[00:00:03.271 01/01/2011]',-23.800,-10.300,-2.800,-1.500,11.400,0.500
'[00:00:03.272 01/01/2011]',-22.200,-9.700,-2.400,-1.700,10.900,0.500
'[00:00:03.273 01/01/2011]',-21.600,-8.900,-1.900,-2.000,10.400,0.500
'[00:00:03.274 01/01/2011]',-22.000,-8.100,-1.500,-2.300,9.700,0.500
'[00:00:03.275 01/01/2011]',-22.900,-7.600,-1.300,-2.600,9.000,0.500
'[00:00:03.276 01/01/2011]',-23.500,-7.400,-1.100,-2.600,8.400,0.500
'[00:00:03.277 01/01/2011]',-23.500,-7.700,-0.900,-2.600,7.900,0.500
'[00:00:03.278 01/01/2011]',-22.700,-8.000,-0.700,-2.500,7.600,0.500
'[00:00:03.279 01/01/2011]',-21.700,-8.300,-0.300,-2.400,7.400,0.500
'[00:00:03.280 01/01/2011]',-21.200,-8.200,0.000,-2.400,7.300,0.500
'[00:00:03.281 01/01/2011]',-21.300,-7.700,0.300,-2.500,7.000,0.500
'[00:00:03.282 01/01/2011]',-22.000,-6.800,0.500,-2.500,6.500,0.500
'[00:00:03.283 01/01/2011]',-22.500,-5.700,0.700,-2.400,5.800,0.500
'[00:00:03.284 01/01/2011]',-22.600,-4.700,0.900,-2.100,5.100,0.500
'[00:00:03.285 01/01/2011]',-22.000,-3.900,1.000,-1.900,4.500,0.500
'[00:00:03.286 01/01/2011]',-21.200,-3.600,1.300,-1.800,3.900,0.500
'[00:00:03.287 01/01/2011]',-20.800,-3.600,1.500,-1.900,3.200,0.500
'[00:00:03.288 01/01/2011]',-21.300,-3.700,1.700,-2.100,2.500,0.500
'[00:00:03.289 01/01/2011]',-22.400,-3.700,2.000,-2.400,1.800,0.500
'[00:00:03.290 01/01/2011]',-23.400,-3.400,2.400,-2.500,1.200,0.500
'[00:00:03.291 01/01/2011]',-23.700,-2.800,2.800,-2.300,0.800,0.500
'[00:00:03.292 01/01/2011]',-22.800,-2.100,3.200,-1.800,0.600,0.500
'[00:00:03.293 01/01/2011]',-21.200,-1.600,3.400,-1.200,0.400,0.500
'[00:00:03.294 01/01/2011]',-19.800,-1.500,3.500,-0.700,0.000,0.500
'[00:00:03.295 01/01/2011]',-19.400,-1.800,3.500,-0.600,-0.600,0.500
'[00:00:03.296 01/01/2011]',-20.200,-2.200,3.400,-0.700,-1.400,0.500
'[00:00:03.297 01/01/2011]',-21.700,-2.500,3.500,-1.100,-2.200,0.500
'[00:00:03.298 01/01/2011]',-23.200,-2.600,3.700,-1.600,-2.800,0.500
'[00:00:03.299 01/01/2011]',-24.000,-2.400,3.900,-2.000,-3.400,0.500
'[00:00:03.300 01/01/2011]',-23.900,-2.100,3.900,-2.200,-3.800,0.500
'[00:00:03.301 01/01/2011]',-23.100,-1.900,3.600,-2.300,-4.200,0.500
'[00:00:03.302 01/01/2011]',-22.200,-1.700,3.000,-2.300,-4.600,0.500
'[00:00:03.303 01/01/2011]',-21.500,-1.500,2.300,-2.300,-5.100,0.500
'[00:00:03.304 01/01/2011]',-21.200,-1.200,1.900,-2.300,-5.500,0.500
'[00:00:03.305 01/01/2011]',-21.100,-0.900,1.800,-2.600,-5.800,0.500
'[00:00:03.306 01/01/2011]',-21.200,-0.700,2.000,-3.000,-6.200,0.500
'[00:00:03.307 01/01/2011]',-21.500,-0.700,2.300,-3.500,-6.700,0.500
'[00:00:03.308 01/01/2011]',-22.000,-1.100,2.500,-3.900,-7.300,0.500
'[00:00:03.309 01/01/2011]',-22.300,-1.500,2.500,-4.000,-8.000,0.500
'[00:00:03.310 01/01/2011]',-22.300,-1.600,2.200,-3.700,-8.500,0.500
'[00:00:03.311 01/01/2011]',-21.900,-1.200,2.000,-3.100,-8.900,0.500
'[00:00:03.312 01/01/2011]',-21.200,-0.500,1.900,-2.600,-9.100,0.500
'[00:00:03.313 01/01/2011]',-20.600,0.400,2.000,-2.300,-9.200,0.500
'[00:00:03.314 01/01/2011]',-20.400,0.900,2.100,-2.400,-9.400,0.500
'[00:00:03.315 01/01/2011]',-20.700,1.100,2.200,-2.800,-9.500,0.500
'[00:00:03.316 01/01/2011]',-21.000,1.000,2.100,-3.300,-9.800,0.500
'[00:00:03.317 01/01/2011]',-21.100,1.000,2.000,-3.600,-9.900,0.500
'[00:00:03.318 01/01/2011]',-21.000,1.100,2.000,-3.600,-9.900,0.500
'[00:00:03.319 01/01/2011]',-20.800,1.500,2.200,-3.500,-9.900,0.500
'[00:00:03.320 01/01/2011]',-20.900,1.800,2.500,-3.200,-9.900,0.500
'[00:00:03.321 01/01/2011]',-21.400,1.700,3.000,-2.900,-10.000,0.500
'[00:00:03.322 01/01/2011]',-21.900,1.200,3.300,-2.600,-10.200,0.500
'[00:00:03.323 01/01/2011]',-21.900,0.500,3.400,-2.400,-10.600,0.500
'[00:00:03.324 01/01/2011]',-21.200,0.000,3.200,-2.400,-10.800,0.500
'[00:00:03.325 01/01/2011]',-20.100,-0.100,2.800,-2.500,-11.000,0.500
'[00:00:03.326 01/01/2011]',-19.100,0.300,2.300,-2.700,-11.200,0.500
'[00:00:03.327 01/01/2011]',-18.800,1.000,1.800,-3.100,-11.400,0.500
'[00:00:03.328 01/01/2011]',-19.200,1.500,1.500,-3.400,-11.800,0.500
'[00:00:03.329 01/01/2011]',-19.900,1.800,1.200,-3.600,-12.200,0.500
'[00:00:03.330 01/01/2011]',-20.100,1.800,1.100,-3.500,-12.600,0.500
'[00:00:03.331 01/01/2011]',-19.600,1.700,1.100,-3.200,-12.600,0.500
'[00:00:03.332 01/01/2011]',-18.500,1.600,1.000,-2.700,-12.300,0.500
'[00:00:03.333 01/01/2011]',-17.400,1.700,0.900,-2.200,-11.800,0.500
'[00:00:03.334 01/01/2011]',-17.000,1.600,0.700,-1.900,-11.300,0.500
'[00:00:03.335 01/01/2011]',-17.500,1.300,0.300,-1.800,-11.100,0.500
'[00:00:03.336 01/01/2011]',-18.400,0.900,-0.400,-2.100,-11.200,0.500
'[00:00:03.337 01/01/2011]',-19.100,0.300,-1.100,-2.700,-11.700,0.500
'[00:00:03.338 01/01/2011]',-19.200,-0.200,-1.900,-3.400,-12.100,0.500
'[00:00:03.339 01/01/2011]',-18.600,-0.500,-2.400,-3.900,-12.400,0.500
'[00:00:03.340 01/01/2011]',-17.600,-0.500,-2.700,-4.100,-12.400,0.500
'[00:00:03.341 01/01/2011]',-16.800,-0.300,-2.800,-4.100,-12.300,0.500
'[00:00:03.342 01/01/2011]',-16.100,-0.300,-2.700,-4.000,-12.400,0.500
'[00:00:03.343 01/01/2011]',-15.400,-0.400,-2.600,-4.100,-12.600,0.500
'[00:00:03.344 01/01/2011]',-14.600,-0.600,-2.600,-4.400,-13.200,0.500
'[00:00:03.345 01/01/2011]',-13.400,-0.900,-2.800,-5.000,-13.900,0.500
'[00:00:03.346 01/01/2011]',-12.100,-1.100,-3.200,-5.600,-14.500,0.500
'[00:00:03.347 01/01/2011]',-11.000,-1.300,-3.500,-6.300,-15.100,0.500
'[00:00:03.348 01/01/2011]',-10.100,-1.300,-3.900,-6.700,-15.600,0.500
'[00:00:03.349 01/01/2011]',-9.600,-1.100,-4.100,-7.000,-16.000,0.500
'[00:00:03.350 01/01/2011]',-9.100,-1.000,-4.300,-7.200,-16.600,0.500
'[00:00:03.351 01/01/2011]',-8.600,-0.900,-4.400,-7.300,-17.200,0.500
'[00:00:03.352 01/01/2011]',-7.800,-0.900,-4.600,-7.400,-18.000,0.500
'[00:00:03.353 01/01/2011]',-6.800,-1.000,-4.700,-7.300,-18.600,0.500
'[00:00:03.354 01/01/2011]',-5.800,-1.100,-4.700,-7.200,-19.000,0.500
'[00:00:03.355 01/01/2011]',-5.100,-1.100,-4.700,-7.000,-19.200,0.500
'[00:00:03.356 01/01/2011]',-4.600,-1.000,-4.600,-7.000,-19.200,0.500
'[00:00:03.357 01/01/2011]',-4.200,-0.800,-4.700,-7.100,-19.000,0.500
'[00:00:03.358 01/01/2011]',-3.700,-0.600,-4.900,-7.300,-18.800,0.500
'[00:00:03.359 01/01/2011]',-2.900,-0.600,-5.300,-7.500,-18.600,0.500
'[00:00:03.360 01/01/2011]',-2.000,-0.900,-5.700,-7.800,-18.200,0.500
'[00:00:03.361 01/01/2011]',-1.000,-1.200,-5.900,-8.100,-17.800,0.500
'[00:00:03.362 01/01/2011]',0.000,-1.500,-5.800,-8.300,-17.200,0.500
'[00:00:03.363 01/01/2011]',1.000,-1.600,-5.400,-8.200,-16.600,0.500
'[00:00:03.364 01/01/2011]',2.000,-1.400,-4.900,-8.000,-15.900,0.500
'[00:00:03.365 01/01/2011]',3.200,-1.000,-4.700,-7.600,-15.500,0.500
'[00:00:03.366 01/01/2011]',4.500,-0.500,-4.700,-7.000,-15.300,0.500
'[00:00:03.367 01/01/2011]',5.700,-0.200,-5.200,-6.500,-15.400,0.500
'[00:00:03.368 01/01/2011]',6.800,-0.100,-5.800,-6.300,-15.600,0.500
'[00:00:03.369 01/01/2011]',7.600,-0.300,-6.400,-6.300,-16.100,0.500
'[00:00:03.370 01/01/2011]',8.200,-0.600,-6.900,-6.600,-16.500,0.500
'[00:00:03.371 01/01/2011]',9.000,-0.800,-7.200,-7.100,-16.800,0.500
'[00:00:03.372 01/01/2011]',10.200,-0.800,-7.200,-7.500,-17.100,0.500
'[00:00:03.373 01/01/2011]',11.900,-0.900,-7.100,-7.700,-17.300,0.500
'[00:00:03.374 01/01/2011]',13.700,-0.900,-6.900,-7.600,-17.400,0.500
'[00:00:03.375 01/01/2011]',15.300,-1.000,-6.700,-7.400,-17.500,0.500
'[00:00:03.376 01/01/2011]',16.300,-1.200,-6.500,-7.000,-17.500,0.500
'[00:00:03.377 01/01/2011]',16.600,-1.300,-6.500,-6.600,-17.400,0.500
'[00:00:03.378 01/01/2011]',16.400,-1.400,-6.500,-6.400,-17.200,0.500
'[00:00:03.379 01/01/2011]',16.200,-1.400,-6.600,-6.400,-16.900,0.500
'[00:00:03.380 01/01/2011]',16.500,-1.200,-6.500,-6.600,-16.600,0.500
'[00:00:03.381 01/01/2011]',17.500,-1.000,-6.300,-6.800,-16.400,0.500
'[00:00:03.382 01/01/2011]',19.200,-1.000,-6.100,-7.000,-16.400,0.500
'[00:00:03.383 01/01/2011]',21.300,-1.200,-5.900,-7.100,-16.800,0.500
'[00:00:03.384 01/01/2011]',23.400,-1.700,-5.900,-7.100,-17.400,0.500
'[00:00:03.385 01/01/2011]',25.100,-2.100,-6.100,-7.100,-18.000,0.500
'[00:00:03.386 01/01/2011]',25.900,-2.400,-6.400,-7.100,-18.600,0.500
'[00:00:03.387 01/01/2011]',25.700,-2.400,-6.700,-7.000,-19.000,0.500
'[00:00:03.388 01/01/2011]',24.600,-2.100,-6.700,-6.900,-19.100,0.500
'[00:00:03.389 01/01/2011]',23.300,-1.600,-6.400,-6.700,-19.200,0.500
'[00:00:03.390 01/01/2011]',22.400,-1.300,-6.000,-6.500,-19.200,0.500
'[00:00:03.391 01/01/2011]',22.600,-1.200,-5.700,-6.500,-19.600,0.500
'[00:00:03.392 01/01/2011]',24.100,-1.600,-5.700,-6.800,-20.100,0.500
'[00:00:03.393 01/01/2011]',26.200,-2.100,-6.000,-7.200,-20.700,0.500
'[00:00:03.394 01/01/2011]',28.300,-2.500,-6.300,-7.400,-21.200,0.500
'[00:00:03.395 01/01/2011]',29.800,-2.500,-6.500,-7.100,-21.200,0.500
'[00:00:03.396 01/01/2011]',30.600,-2.100,-6.300,-6.300,-20.800,0.500
'[00:00:03.397 01/01/2011]',31.200,-1.500,-5.900,-5.200,-20.200,0.500
'[00:00:03.398 01/01/2011]',32.000,-1.000,-5.400,-4.000,-19.500,0.500
'[00:00:03.399 01/01/2011]',33.401,-0.700,-5.100,-3.200,-19.100,0.500
'[00:00:03.400 01/01/2011]',35.101,-0.900,-5.000,-3.000,-18.900,0.500
'[00:00:03.401 01/01/2011]',36.501,-1.400,-5.100,-3.200,-18.900,0.500
'[00:00:03.402 01/01/2011]',37.301,-1.900,-5.300,-3.500,-18.900,0.500
'[00:00:03.403 01/01/2011]',37.501,-2.400,-5.400,-3.700,-18.700,0.500
'[00:00:03.404 01/01/2011]',37.501,-2.600,-5.500,-3.700,-18.300,0.500
'[00:00:03.405 01/01/2011]',37.901,-2.700,-5.400,-3.700,-17.800,0.500
'[00:00:03.406 01/01/2011]',38.901,-2.600,-5.200,-4.000,-17.300,0.500
'[00:00:03.407 01/01/2011]',40.301,-2.500,-4.900,-4.400,-16.900,0.500
'[00:00:03.408 01/01/2011]',41.601,-2.300,-4.500,-4.800,-16.600,0.500
'[00:00:03.409 01/01/2011]',42.501,-2.000,-4.200,-5.000,-16.300,0.500
'[00:00:03.410 01/01/2011]',42.801,-1.600,-3.900,-4.700,-16.100,0.500
'[00:00:03.411 01/01/2011]',42.801,-1.100,-3.700,-4.200,-15.900,0.500
'[00:00:03.412 01/01/2011]',42.901,-0.600,-3.800,-3.700,-15.900,0.500
'[00:00:03.413 01/01/2011]',43.501,-0.400,-4.100,-3.400,-16.000,0.500
'[00:00:03.414 01/01/2011]',44.401,-0.400,-4.400,-3.400,-16.200,0.500
'[00:00:03.415 01/01/2011]',45.401,-0.700,-4.600,-3.700,-16.400,0.500
'[00:00:03.416 01/01/2011]',46.301,-1.100,-4.600,-4.100,-16.400,0.500
'[00:00:03.417 01/01/2011]',46.801,-1.300,-4.500,-4.200,-16.300,0.500
'[00:00:03.418 01/01/2011]',46.901,-1.100,-4.200,-4.000,-16.000,0.500
'[00:00:03.419 01/01/2011]',46.801,-0.900,-4.000,-3.600,-15.700,0.500
'[00:00:03.420 01/01/2011]',46.501,-0.700,-3.700,-3.300,-15.500,0.500
'[00:00:03.421 01/01/2011]',46.201,-1.000,-3.600,-3.100,-15.300,0.500
'[00:00:03.422 01/01/2011]',45.801,-1.700,-3.700,-3.200,-15.300,0.500
'[00:00:03.423 01/01/2011]',45.201,-2.600,-3.900,-3.500,-15.300,0.500
'[00:00:03.424 01/01/2011]',44.301,-3.200,-4.200,-3.800,-15.400,0.500
'[00:00:03.425 01/01/2011]',43.301,-3.200,-4.500,-4.100,-15.500,0.500
'[00:00:03.426 01/01/2011]',42.501,-2.600,-4.600,-4.100,-15.700,0.500
'[00:00:03.427 01/01/2011]',42.001,-1.800,-4.500,-3.900,-15.800,0.500
'[00:00:03.428 01/01/2011]',42.101,-1.100,-4.400,-3.600,-16.000,0.500
'[00:00:03.429 01/01/2011]',42.701,-1.100,-4.400,-3.500,-16.200,0.500
'[00:00:03.430 01/01/2011]',43.401,-1.500,-4.800,-3.500,-16.500,0.500
'[00:00:03.431 01/01/2011]',43.701,-2.100,-5.500,-3.800,-16.800,0.500
'[00:00:03.432 01/01/2011]',43.501,-2.300,-6.200,-4.100,-17.200,0.500
'[00:00:03.433 01/01/2011]',42.801,-2.000,-6.700,-4.400,-17.600,0.500
'[00:00:03.434 01/01/2011]',41.801,-1.200,-7.000,-4.500,-18.000,0.500
'[00:00:03.435 01/01/2011]',40.801,-0.500,-7.000,-4.500,-18.500,0.500
'[00:00:03.436 01/01/2011]',40.101,-0.100,-6.900,-4.400,-18.900,0.500
'[00:00:03.437 01/01/2011]',39.501,-0.400,-6.800,-4.300,-19.200,0.500
'[00:00:03.438 01/01/2011]',39.001,-1.200,-6.700,-4.500,-19.300,0.500
'[00:00:03.439 01/01/2011]',38.601,-2.100,-6.800,-4.800,-19.300,0.500
'[00:00:03.440 01/01/2011]',38.401,-2.700,-6.800,-5.200,-19.200,0.500
'[00:00:03.441 01/01/2011]',38.401,-3.000,-6.800,-5.700,-19.100,0.500
'[00:00:03.442 01/01/2011]',38.601,-2.900,-6.900,-5.900,-18.900,0.500
'[00:00:03.443 01/01/2011]',38.901,-2.700,-6.800,-5.900,-18.800,0.500
'[00:00:03.444 01/01/2011]',39.001,-2.600,-6.700,-5.700,-18.600,0.500
'[00:00:03.445 01/01/2011]',38.701,-2.700,-6.500,-5.300,-18.400,0.500
'[00:00:03.446 01/01/2011]',38.001,-2.800,-6.100,-5.000,-18.200,0.500
'[00:00:03.447 01/01/2011]',37.301,-2.900,-5.700,-4.800,-18.000,0.500
'[00:00:03.448 01/01/2011]',36.701,-3.000,-5.600,-4.800,-17.900,0.500
'[00:00:03.449 01/01/2011]',36.501,-3.000,-5.900,-5.000,-17.700,0.500
'[00:00:03.450 01/01/2011]',36.701,-3.000,-6.400,-5.100,-17.400,0.500
'[00:00:03.451 01/01/2011]',37.101,-2.900,-7.100,-5.200,-17.200,0.500
'[00:00:03.452 01/01/2011]',37.501,-2.800,-7.600,-5.200,-17.000,0.500
'[00:00:03.453 01/01/2011]',38.001,-2.600,-7.800,-5.100,-17.000,0.500
'[00:00:03.454 01/01/2011]',38.301,-2.200,-7.500,-5.000,-17.100,0.500
'[00:00:03.455 01/01/2011]',38.501,-1.800,-7.200,-4.700,-17.300,0.500
'[00:00:03.456 01/01/2011]',38.501,-1.400,-6.900,-4.400,-17.400,0.500
'[00:00:03.457 01/01/2011]',38.501,-1.200,-7.000,-4.000,-17.300,0.500
'[00:00:03.458 01/01/2011]',38.401,-1.300,-7.400,-3.500,-16.900,0.500
'[00:00:03.459 01/01/2011]',38.601,-1.800,-7.800,-3.200,-16.400,0.500
'[00:00:03.460 01/01/2011]',38.801,-2.600,-8.100,-3.000,-15.800,0.500
'[00:00:03.461 01/01/2011]',39.201,-3.400,-8.200,-3.200,-15.600,0.500
'[00:00:03.462 01/01/2011]',39.401,-4.000,-8.000,-3.500,-15.700,0.500
'[00:00:03.463 01/01/2011]',39.501,-4.300,-7.700,-3.800,-16.100,0.500
'[00:00:03.464 01/01/2011]',39.501,-4.200,-7.300,-4.000,-16.700,0.500
'[00:00:03.465 01/01/2011]',39.401,-4.000,-7.200,-4.200,-17.300,0.500
'[00:00:03.466 01/01/2011]',39.501,-3.900,-7.300,-4.300,-17.700,0.500
'[00:00:03.467 01/01/2011]',39.501,-4.000,-7.500,-4.400,-17.700,0.500
'[00:00:03.468 01/01/2011]',39.601,-4.400,-7.900,-4.800,-17.600,0.500
'[00:00:03.469 01/01/2011]',39.501,-4.800,-8.100,-5.100,-17.300,0.500
'[00:00:03.470 01/01/2011]',39.301,-4.800,-8.200,-5.400,-17.100,0.500
'[00:00:03.471 01/01/2011]',39.201,-4.500,-8.100,-5.400,-17.100,0.500
'[00:00:03.472 01/01/2011]',39.201,-3.700,-7.800,-5.300,-17.400,0.500
'[00:00:03.473 01/01/2011]',39.301,-2.900,-7.400,-5.100,-17.900,0.500
'[00:00:03.474 01/01/2011]',39.401,-2.400,-7.100,-5.000,-18.500,0.500
'[00:00:03.475 01/01/2011]',39.401,-2.100,-7.000,-5.200,-18.800,0.500
'[00:00:03.476 01/01/2011]',39.501,-2.200,-6.900,-5.400,-18.900,0.500
'[00:00:03.477 01/01/2011]',39.701,-2.600,-7.000,-5.800,-18.700,0.500
'[00:00:03.478 01/01/2011]',39.901,-3.000,-7.200,-6.100,-18.400,0.500
'[00:00:03.479 01/01/2011]',40.001,-3.500,-7.400,-6.300,-18.200,0.500
'[00:00:03.480 01/01/2011]',39.901,-4.000,-7.800,-6.600,-18.200,0.500
'[00:00:03.481 01/01/2011]',39.401,-4.400,-8.200,-6.900,-18.300,0.500
'[00:00:03.482 01/01/2011]',38.601,-4.800,-8.500,-7.200,-18.400,0.500
'[00:00:03.483 01/01/2011]',37.701,-4.800,-8.800,-7.600,-18.400,0.500
'[00:00:03.484 01/01/2011]',37.001,-4.300,-8.900,-7.700,-18.100,0.500
'[00:00:03.485 01/01/2011]',36.701,-3.600,-8.800,-7.400,-17.600,0.500
'[00:00:03.486 01/01/2011]',36.401,-2.800,-8.500,-6.900,-17.200,0.500
'[00:00:03.487 01/01/2011]',36.201,-2.300,-8.300,-6.300,-17.200,0.500
'[00:00:03.488 01/01/2011]',35.701,-2.400,-8.300,-5.900,-17.400,0.500
'[00:00:03.489 01/01/2011]',35.201,-2.800,-8.500,-5.900,-17.900,0.500
'[00:00:03.490 01/01/2011]',34.701,-3.400,-8.800,-6.400,-18.400,0.500
'[00:00:03.491 01/01/2011]',34.601,-3.700,-9.000,-6.800,-18.500,0.500
'[00:00:03.492 01/01/2011]',34.601,-3.500,-9.000,-7.000,-18.000,0.500
'[00:00:03.493 01/01/2011]',34.601,-2.700,-8.600,-6.600,-17.100,0.500
'[00:00:03.494 01/01/2011]',34.401,-1.700,-8.200,-5.900,-16.100,0.500
'[00:00:03.495 01/01/2011]',33.801,-1.000,-7.900,-5.200,-15.500,0.500
'[00:00:03.496 01/01/2011]',33.101,-0.700,-8.200,-5.100,-15.700,0.500
'[00:00:03.497 01/01/2011]',32.400,-1.100,-9.000,-5.800,-16.400,0.500
'[00:00:03.498 01/01/2011]',31.900,-1.800,-10.200,-6.900,-17.400,0.500
'[00:00:03.499 01/01/2011]',31.200,-2.400,-11.100,-8.000,-18.200,0.500
'[00:00:03.500 01/01/2011]',30.200,-2.600,-11.500,-8.400,-18.400,0.500
'[00:00:03.501 01/01/2011]',29.000,-2.600,-11.000,-8.000,-18.000,0.500
'[00:00:03.502 01/01/2011]',27.600,-2.500,-10.000,-7.200,-17.500,0.500
'[00:00:03.503 01/01/2011]',26.600,-2.500,-8.900,-6.400,-17.100,0.500
'[00:00:03.504 01/01/2011]',26.200,-2.900,-8.300,-6.200,-17.500,0.500
'[00:00:03.505 01/01/2011]',26.200,-3.400,-8.600,-6.900,-18.500,0.500
'[00:00:03.506 01/01/2011]',26.300,-3.800,-9.500,-8.100,-20.100,0.500
'[00:00:03.507 01/01/2011]',25.800,-3.900,-10.700,-9.400,-21.900,0.500
'[00:00:03.508 01/01/2011]',24.200,-3.600,-11.800,-10.300,-23.400,0.500
'[00:00:03.509 01/01/2011]',21.600,-3.300,-12.600,-10.800,-24.400,0.500
'[00:00:03.510 01/01/2011]',18.700,-3.100,-12.900,-10.800,-24.700,0.500
'[00:00:03.511 01/01/2011]',16.400,-3.200,-12.700,-10.500,-24.400,0.500
'[00:00:03.512 01/01/2011]',15.800,-3.200,-12.200,-9.900,-23.500,0.500
'[00:00:03.513 01/01/2011]',17.200,-3.100,-11.200,-9.100,-22.200,0.500
'[00:00:03.514 01/01/2011]',20.700,-2.700,-9.800,-7.900,-20.600,0.500
'[00:00:03.515 01/01/2011]',25.700,-2.000,-8.200,-6.400,-19.000,0.500
'[00:00:03.516 01/01/2011]',31.400,-1.200,-6.500,-4.600,-17.500,0.500
'[00:00:03.517 01/01/2011]',37.501,-0.600,-4.800,-2.800,-16.000,0.500
'[00:00:03.518 01/01/2011]',43.901,-0.200,-3.000,-1.200,-14.400,0.500
'[00:00:03.519 01/01/2011]',50.401,0.000,-1.300,0.100,-12.600,0.500
'[00:00:03.520 01/01/2011]',57.101,0.200,0.400,1.000,-10.700,0.500
'[00:00:03.521 01/01/2011]',63.401,0.400,1.800,1.500,-9.000,0.500
'[00:00:03.522 01/01/2011]',68.501,0.500,2.900,1.700,-7.600,0.500
'[00:00:03.523 01/01/2011]',71.501,0.500,3.600,1.800,-6.700,0.500
'[00:00:03.524 01/01/2011]',72.001,0.500,4.000,2.000,-5.800,0.500
'[00:00:03.525 01/01/2011]',70.301,0.600,4.400,2.400,-4.600,0.500
'[00:00:03.526 01/01/2011]',67.101,1.000,5.200,3.300,-2.900,0.500
'[00:00:03.527 01/01/2011]',63.501,1.800,6.600,4.600,-0.700,0.500
'[00:00:03.528 01/01/2011]',60.201,2.800,8.100,6.100,1.500,0.500
'[00:00:03.529 01/01/2011]',57.201,3.800,9.500,7.600,3.400,0.500
'[00:00:03.530 01/01/2011]',54.601,4.500,10.500,8.900,4.800,0.500
'[00:00:03.531 01/01/2011]',52.001,4.900,11.000,10.000,5.800,0.500
'[00:00:03.532 01/01/2011]',49.701,5.200,11.300,10.800,6.500,0.500
'[00:00:03.533 01/01/2011]',47.701,5.400,11.800,11.200,7.200,0.500
'[00:00:03.534 01/01/2011]',46.301,5.600,12.300,11.200,7.700,0.500
'[00:00:03.535 01/01/2011]',45.001,5.500,12.600,10.600,7.600,0.500
'[00:00:03.536 01/01/2011]',43.001,5.200,12.300,9.400,6.600,0.500
'[00:00:03.537 01/01/2011]',39.501,4.400,10.900,7.700,4.400,0.500
'[00:00:03.538 01/01/2011]',33.601,3.300,8.500,5.500,1.400,0.500
'[00:00:03.539 01/01/2011]',25.100,2.100,5.300,3.200,-2.100,0.500
'[00:00:03.540 01/01/2011]',14.400,1.000,1.700,0.900,-5.600,0.500
'[00:00:03.541 01/01/2011]',1.800,0.000,-1.800,-1.200,-8.700,0.500
'[00:00:03.542 01/01/2011]',-11.900,-0.800,-4.800,-2.900,-11.300,0.500
'[00:00:03.543 01/01/2011]',-25.900,-1.400,-7.100,-4.100,-13.300,0.500
'[00:00:03.544 01/01/2011]',-39.301,-1.600,-8.500,-4.800,-14.600,0.500
'[00:00:03.545 01/01/2011]',-50.801,-1.400,-9.100,-5.000,-15.100,0.500
'[00:00:03.546 01/01/2011]',-59.001,-0.600,-8.900,-4.800,-14.800,0.500
'[00:00:03.547 01/01/2011]',-63.001,0.600,-8.100,-4.200,-13.900,0.500
'[00:00:03.548 01/01/2011]',-62.601,1.700,-6.900,-3.500,-12.700,0.500
'[00:00:03.549 01/01/2011]',-58.601,2.600,-5.700,-2.900,-11.600,0.500
'[00:00:03.550 01/01/2011]',-52.401,2.900,-4.700,-2.500,-10.900,0.500
'[00:00:03.551 01/01/2011]',-46.001,2.900,-4.000,-2.300,-10.800,0.500
'[00:00:03.552 01/01/2011]',-40.601,2.700,-3.500,-2.300,-11.000,0.500
'[00:00:03.553 01/01/2011]',-37.101,2.700,-3.100,-2.400,-11.200,0.500
'[00:00:03.554 01/01/2011]',-35.601,2.800,-2.700,-2.400,-11.300,0.500
'[00:00:03.555 01/01/2011]',-35.501,3.100,-2.200,-2.400,-11.000,0.500
'[00:00:03.556 01/01/2011]',-36.201,3.200,-1.700,-2.200,-10.600,0.500
'[00:00:03.557 01/01/2011]',-36.901,3.000,-1.400,-2.000,-10.200,0.500
'[00:00:03.558 01/01/2011]',-37.101,2.500,-1.300,-1.800,-10.000,0.500
'[00:00:03.559 01/01/2011]',-36.901,1.900,-1.600,-1.800,-10.000,0.500
'[00:00:03.560 01/01/2011]',-36.401,1.300,-2.100,-2.000,-10.200,0.500
'[00:00:03.561 01/01/2011]',-36.201,0.900,-2.600,-2.300,-10.500,0.500
'[00:00:03.562 01/01/2011]',-36.701,0.600,-2.800,-2.800,-10.800,0.500
'[00:00:03.563 01/01/2011]',-37.801,0.500,-2.700,-3.200,-11.000,0.500
'[00:00:03.564 01/01/2011]',-39.101,0.300,-2.300,-3.400,-11.200,0.500
'[00:00:03.565 01/01/2011]',-40.001,0.400,-1.900,-3.600,-11.300,0.500
'[00:00:03.566 01/01/2011]',-40.101,0.600,-1.800,-3.500,-11.300,0.500
'[00:00:03.567 01/01/2011]',-39.601,1.100,-2.000,-3.300,-11.300,0.500
'[00:00:03.568 01/01/2011]',-38.901,1.800,-2.400,-3.000,-11.100,0.500
'[00:00:03.569 01/01/2011]',-38.601,2.500,-2.800,-2.500,-10.800,0.500
'[00:00:03.570 01/01/2011]',-38.901,2.900,-3.100,-2.000,-10.500,0.500
'[00:00:03.571 01/01/2011]',-39.601,3.100,-3.000,-1.500,-10.000,0.500
'[00:00:03.572 01/01/2011]',-40.101,2.900,-2.800,-1.200,-9.700,0.500
'[00:00:03.573 01/01/2011]',-40.101,2.600,-2.700,-1.200,-9.400,0.500
'[00:00:03.574 01/01/2011]',-39.601,2.400,-2.600,-1.500,-9.300,0.500
'[00:00:03.575 01/01/2011]',-39.201,2.300,-2.700,-1.900,-9.500,0.500
'[00:00:03.576 01/01/2011]',-39.301,2.300,-2.900,-2.300,-9.800,0.500
'[00:00:03.577 01/01/2011]',-39.901,2.500,-3.100,-2.500,-10.200,0.500
'[00:00:03.578 01/01/2011]',-40.801,2.500,-3.300,-2.500,-10.600,0.500
'[00:00:03.579 01/01/2011]',-41.501,2.400,-3.500,-2.400,-10.800,0.500
'[00:00:03.580 01/01/2011]',-41.401,2.000,-3.700,-2.300,-10.900,0.500
'[00:00:03.581 01/01/2011]',-40.801,1.300,-3.900,-2.600,-11.000,0.500
'[00:00:03.582 01/01/2011]',-40.001,0.500,-4.200,-3.200,-11.100,0.500
'[00:00:03.583 01/01/2011]',-39.501,-0.400,-4.500,-3.900,-11.200,0.500
'[00:00:03.584 01/01/2011]',-39.501,-1.000,-4.800,-4.500,-11.300,0.500
'[00:00:03.585 01/01/2011]',-39.901,-1.300,-5.000,-4.700,-11.300,0.500
'[00:00:03.586 01/01/2011]',-40.201,-1.200,-4.900,-4.400,-11.100,0.500
'[00:00:03.587 01/01/2011]',-40.301,-0.800,-4.700,-3.700,-10.700,0.500
'[00:00:03.588 01/01/2011]',-40.001,-0.300,-4.400,-3.000,-10.300,0.500
'[00:00:03.589 01/01/2011]',-39.701,0.100,-4.200,-2.500,-10.000,0.500
'[00:00:03.590 01/01/2011]',-39.701,0.400,-4.100,-2.300,-10.000,0.500
'[00:00:03.591 01/01/2011]',-40.201,0.600,-4.100,-2.400,-10.400,0.500
'[00:00:03.592 01/01/2011]',-41.201,0.900,-4.100,-2.700,-10.800,0.500
'[00:00:03.593 01/01/2011]',-42.501,1.300,-4.100,-2.900,-11.100,0.500
'[00:00:03.594 01/01/2011]',-43.601,1.800,-4.000,-3.000,-11.000,0.500
'[00:00:03.595 01/01/2011]',-44.101,2.200,-4.000,-3.000,-10.600,0.500
'[00:00:03.596 01/01/2011]',-44.101,2.200,-4.100,-2.900,-10.100,0.500
'[00:00:03.597 01/01/2011]',-43.801,1.800,-4.200,-3.000,-9.700,0.500
'[00:00:03.598 01/01/2011]',-43.801,1.100,-4.600,-3.200,-9.600,0.500
'[00:00:03.599 01/01/2011]',-44.201,0.500,-5.000,-3.600,-9.900,0.500
'[00:00:03.600 01/01/2011]',-45.001,0.000,-5.300,-4.100,-10.400,0.500
'[00:00:03.601 01/01/2011]',-45.901,-0.300,-5.600,-4.700,-10.800,0.500
'[00:00:03.602 01/01/2011]',-46.301,-0.700,-5.800,-5.300,-10.900,0.500
'[00:00:03.603 01/01/2011]',-46.101,-1.100,-5.900,-5.900,-10.800,0.500
'[00:00:03.604 01/01/2011]',-45.501,-1.600,-5.700,-6.200,-10.600,0.500
'[00:00:03.605 01/01/2011]',-45.201,-2.000,-5.400,-6.300,-10.400,0.500
'[00:00:03.606 01/01/2011]',-45.601,-2.100,-5.000,-6.200,-10.300,0.500
'[00:00:03.607 01/01/2011]',-46.901,-1.900,-4.700,-5.900,-10.400,0.500
'[00:00:03.608 01/01/2011]',-48.501,-1.200,-4.400,-5.400,-10.500,0.500
'[00:00:03.609 01/01/2011]',-49.901,-0.300,-4.300,-4.900,-10.300,0.500
'[00:00:03.610 01/01/2011]',-50.601,0.700,-4.300,-4.300,-9.800,0.500
'[00:00:03.611 01/01/2011]',-50.701,1.600,-4.100,-3.800,-9.200,0.500
'[00:00:03.612 01/01/2011]',-50.801,2.200,-3.800,-3.500,-8.900,0.500
'[00:00:03.613 01/01/2011]',-51.201,2.500,-3.500,-3.400,-8.900,0.500
'[00:00:03.614 01/01/2011]',-52.001,2.600,-3.200,-3.500,-9.400,0.500
'[00:00:03.615 01/01/2011]',-53.101,2.600,-3.000,-3.600,-9.900,0.500
'[00:00:03.616 01/01/2011]',-54.101,2.700,-2.800,-3.600,-10.300,0.500
'[00:00:03.617 01/01/2011]',-54.601,3.000,-2.600,-3.200,-10.200,0.500
'[00:00:03.618 01/01/2011]',-54.801,3.300,-2.300,-2.600,-9.800,0.500
'[00:00:03.619 01/01/2011]',-54.901,3.500,-2.100,-1.900,-9.200,0.500
'[00:00:03.620 01/01/2011]',-55.001,3.200,-1.900,-1.600,-8.800,0.500
'[00:00:03.621 01/01/2011]',-55.401,2.400,-1.800,-1.800,-8.900,0.500
'[00:00:03.622 01/01/2011]',-55.801,1.500,-1.900,-2.300,-9.300,0.500
'[00:00:03.623 01/01/2011]',-56.201,0.800,-2.200,-2.900,-10.000,0.500
'[00:00:03.624 01/01/2011]',-56.301,0.500,-2.400,-3.300,-10.600,0.500
'[00:00:03.625 01/01/2011]',-56.401,0.700,-2.800,-3.200,-11.000,0.500
'[00:00:03.626 01/01/2011]',-56.301,1.100,-3.200,-2.900,-11.300,0.500
'[00:00:03.627 01/01/2011]',-55.901,1.400,-3.700,-2.500,-11.500,0.500
'[00:00:03.628 01/01/2011]',-55.201,1.400,-4.200,-2.200,-11.500,0.500
'[00:00:03.629 01/01/2011]',-54.201,1.300,-4.600,-2.100,-11.400,0.500
'[00:00:03.630 01/01/2011]',-53.301,1.400,-4.700,-1.900,-11.200,0.500
'[00:00:03.631 01/01/2011]',-52.901,1.800,-4.400,-1.500,-10.900,0.500
'[00:00:03.632 01/01/2011]',-53.201,2.600,-3.900,-1.100,-10.700,0.500
'[00:00:03.633 01/01/2011]',-54.201,3.400,-3.400,-0.700,-10.700,0.500
'[00:00:03.634 01/01/2011]',-55.301,3.700,-3.000,-0.700,-10.700,0.500
'[00:00:03.635 01/01/2011]',-56.001,3.500,-3.000,-1.200,-10.800,0.500
'[00:00:03.636 01/01/2011]',-56.101,2.800,-3.100,-2.100,-10.800,0.500
'[00:00:03.637 01/01/2011]',-55.801,1.900,-3.400,-3.000,-10.600,0.500
'[00:00:03.638 01/01/2011]',-55.501,1.100,-3.600,-3.600,-10.400,0.500
'[00:00:03.639 01/01/2011]',-55.701,0.600,-3.700,-3.800,-10.100,0.500
'[00:00:03.640 01/01/2011]',-56.401,0.300,-3.700,-3.600,-9.900,0.500
'[00:00:03.641 01/01/2011]',-57.301,0.200,-3.600,-3.200,-9.800,0.500
'[00:00:03.642 01/01/2011]',-57.801,0.100,-3.400,-2.800,-9.700,0.500
'[00:00:03.643 01/01/2011]',-57.801,0.000,-3.300,-2.500,-9.700,0.500
'[00:00:03.644 01/01/2011]',-57.001,-0.100,-3.100,-2.400,-9.800,0.500
'[00:00:03.645 01/01/2011]',-55.901,-0.200,-3.100,-2.500,-10.100,0.500
'[00:00:03.646 01/01/2011]',-54.701,-0.200,-3.100,-2.700,-10.400,0.500
'[00:00:03.647 01/01/2011]',-53.501,-0.300,-3.200,-3.000,-10.800,0.500
'[00:00:03.648 01/01/2011]',-52.401,-0.500,-3.300,-3.300,-11.200,0.500
'[00:00:03.649 01/01/2011]',-51.501,-0.600,-3.300,-3.400,-11.300,0.500
'[00:00:03.650 01/01/2011]',-50.801,-0.400,-3.300,-3.500,-11.300,0.500
'[00:00:03.651 01/01/2011]',-50.701,0.100,-3.200,-3.400,-11.100,0.500
'[00:00:03.652 01/01/2011]',-51.401,0.900,-3.100,-3.200,-10.900,0.500
'[00:00:03.653 01/01/2011]',-52.801,1.700,-3.200,-3.100,-10.700,0.500
'[00:00:03.654 01/01/2011]',-54.301,2.300,-3.400,-3.000,-10.600,0.500
'[00:00:03.655 01/01/2011]',-55.201,2.300,-3.700,-3.000,-10.500,0.500
'[00:00:03.656 01/01/2011]',-55.001,1.700,-4.200,-3.000,-10.600,0.500
'[00:00:03.657 01/01/2011]',-53.501,0.700,-4.600,-3.000,-10.800,0.500
'[00:00:03.658 01/01/2011]',-51.101,-0.200,-4.900,-3.100,-11.000,0.500
'[00:00:03.659 01/01/2011]',-48.601,-0.900,-5.000,-3.200,-11.100,0.500
'[00:00:03.660 01/01/2011]',-46.801,-1.200,-4.900,-3.400,-11.000,0.500
'[00:00:03.661 01/01/2011]',-46.401,-1.200,-4.900,-3.700,-10.800,0.500
'[00:00:03.662 01/01/2011]',-47.201,-1.200,-4.900,-4.100,-10.600,0.500
'[00:00:03.663 01/01/2011]',-48.701,-1.200,-5.100,-4.400,-10.600,0.500
'[00:00:03.664 01/01/2011]',-49.801,-1.200,-5.300,-4.600,-10.800,0.500
'[00:00:03.665 01/01/2011]',-50.001,-1.200,-5.500,-4.800,-11.500,0.500
'[00:00:03.666 01/01/2011]',-48.901,-1.100,-5.600,-4.700,-12.300,0.500
'[00:00:03.667 01/01/2011]',-47.001,-0.900,-5.700,-4.400,-13.100,0.500
'[00:00:03.668 01/01/2011]',-45.001,-0.600,-5.800,-3.800,-13.700,0.500
'[00:00:03.669 01/01/2011]',-43.901,-0.300,-5.900,-3.000,-13.800,0.500
'[00:00:03.670 01/01/2011]',-43.901,0.100,-6.100,-2.200,-13.500,0.500
'[00:00:03.671 01/01/2011]',-44.601,0.600,-6.300,-1.400,-12.900,0.500
'[00:00:03.672 01/01/2011]',-45.201,1.000,-6.300,-1.000,-12.300,0.500
'[00:00:03.673 01/01/2011]',-44.901,1.400,-6.100,-0.900,-11.800,0.500
'[00:00:03.674 01/01/2011]',-43.201,1.700,-5.800,-1.200,-11.500,0.500
'[00:00:03.675 01/01/2011]',-40.601,1.600,-5.400,-1.600,-11.500,0.500
'[00:00:03.676 01/01/2011]',-38.001,1.200,-5.200,-2.000,-11.600,0.500
'[00:00:03.677 01/01/2011]',-36.601,0.600,-5.300,-2.400,-11.700,0.500
'[00:00:03.678 01/01/2011]',-36.701,-0.100,-5.600,-2.700,-11.800,0.500
'[00:00:03.679 01/01/2011]',-37.901,-0.700,-6.100,-3.200,-11.800,0.500
'[00:00:03.680 01/01/2011]',-39.301,-1.400,-6.700,-3.900,-11.700,0.500
'[00:00:03.681 01/01/2011]',-39.901,-2.100,-7.400,-4.900,-11.800,0.500
'[00:00:03.682 01/01/2011]',-39.301,-2.900,-8.100,-6.000,-11.900,0.500
'[00:00:03.683 01/01/2011]',-37.701,-3.700,-8.700,-7.100,-12.200,0.500
'[00:00:03.684 01/01/2011]',-35.901,-4.400,-9.200,-7.900,-12.500,0.500
'[00:00:03.685 01/01/2011]',-34.501,-4.600,-9.600,-8.400,-12.600,0.500
'[00:00:03.686 01/01/2011]',-33.701,-4.400,-9.600,-8.800,-12.500,0.500
'[00:00:03.687 01/01/2011]',-33.101,-3.800,-9.400,-8.900,-12.500,0.500
'[00:00:03.688 01/01/2011]',-32.300,-3.100,-9.200,-9.100,-12.700,0.500
'[00:00:03.689 01/01/2011]',-31.200,-2.500,-9.000,-9.200,-13.200,0.500
'[00:00:03.690 01/01/2011]',-30.000,-2.200,-9.000,-9.100,-14.000,0.500
'[00:00:03.691 01/01/2011]',-29.200,-2.000,-9.000,-8.700,-14.700,0.500
'[00:00:03.692 01/01/2011]',-28.800,-1.900,-9.100,-8.000,-15.000,0.500
'[00:00:03.693 01/01/2011]',-28.600,-1.700,-9.000,-7.100,-14.800,0.500
'[00:00:03.694 01/01/2011]',-28.100,-1.400,-8.700,-6.200,-14.300,0.500
'[00:00:03.695 01/01/2011]',-27.100,-1.300,-8.500,-5.600,-13.700,0.500
'[00:00:03.696 01/01/2011]',-25.700,-1.400,-8.300,-5.400,-13.300,0.500
'[00:00:03.697 01/01/2011]',-24.400,-1.900,-8.200,-5.400,-13.200,0.500
'[00:00:03.698 01/01/2011]',-23.900,-2.600,-8.100,-5.700,-13.400,0.500
'[00:00:03.699 01/01/2011]',-24.300,-3.200,-8.000,-5.900,-13.500,0.500
'[00:00:03.700 01/01/2011]',-25.100,-3.600,-7.900,-5.900,-13.400,0.500
'[00:00:03.701 01/01/2011]',-25.900,-3.700,-7.700,-5.800,-13.200,0.500
'[00:00:03.702 01/01/2011]',-25.900,-3.600,-7.500,-5.700,-12.900,0.500
'[00:00:03.703 01/01/2011]',-25.200,-3.300,-7.400,-5.700,-12.700,0.500
'[00:00:03.704 01/01/2011]',-24.000,-3.000,-7.500,-5.700,-12.700,0.500
'[00:00:03.705 01/01/2011]',-22.800,-2.900,-7.600,-5.800,-12.700,0.500
'[00:00:03.706 01/01/2011]',-21.800,-2.700,-7.700,-6.000,-12.700,0.500
'[00:00:03.707 01/01/2011]',-21.200,-2.500,-7.600,-6.000,-12.500,0.500
'[00:00:03.708 01/01/2011]',-20.700,-2.100,-7.600,-5.900,-12.200,0.500
'[00:00:03.709 01/01/2011]',-20.300,-1.700,-7.500,-5.800,-12.000,0.500
'[00:00:03.710 01/01/2011]',-20.100,-1.300,-7.500,-5.700,-12.000,0.500
'[00:00:03.711 01/01/2011]',-20.100,-1.100,-7.800,-5.700,-12.200,0.500
'[00:00:03.712 01/01/2011]',-20.600,-1.200,-8.200,-5.800,-12.600,0.500
'[00:00:03.713 01/01/2011]',-21.300,-1.300,-8.600,-5.900,-13.100,0.500
'[00:00:03.714 01/01/2011]',-21.900,-1.400,-8.900,-6.000,-13.400,0.500
'[00:00:03.715 01/01/2011]',-21.800,-1.300,-9.100,-5.900,-13.500,0.500
'[00:00:03.716 01/01/2011]',-21.000,-1.200,-9.100,-5.400,-13.400,0.500
'[00:00:03.717 01/01/2011]',-19.600,-1.200,-9.000,-4.900,-13.200,0.500
'[00:00:03.718 01/01/2011]',-18.000,-1.700,-9.000,-4.400,-13.000,0.500
'[00:00:03.719 01/01/2011]',-16.900,-2.800,-9.200,-4.300,-13.100,0.500
'[00:00:03.720 01/01/2011]',-16.300,-4.000,-9.400,-4.500,-13.300,0.500
'[00:00:03.721 01/01/2011]',-16.400,-4.900,-9.700,-5.000,-13.600,0.500
'[00:00:03.722 01/01/2011]',-16.700,-5.300,-9.900,-5.500,-13.700,0.500
'[00:00:03.723 01/01/2011]',-17.000,-5.000,-9.900,-5.700,-13.500,0.500
'[00:00:03.724 01/01/2011]',-17.100,-4.200,-9.700,-5.800,-13.000,0.500
'[00:00:03.725 01/01/2011]',-17.300,-3.600,-9.500,-5.800,-12.200,0.500
'[00:00:03.726 01/01/2011]',-17.600,-3.400,-9.500,-6.100,-11.600,0.500
'[00:00:03.727 01/01/2011]',-18.300,-3.700,-9.600,-6.600,-11.300,0.500
'[00:00:03.728 01/01/2011]',-18.800,-4.100,-10.000,-7.200,-11.400,0.500
'[00:00:03.729 01/01/2011]',-18.800,-4.400,-10.400,-7.600,-11.900,0.500
'[00:00:03.730 01/01/2011]',-17.800,-4.200,-10.700,-7.400,-12.300,0.500
'[00:00:03.731 01/01/2011]',-15.800,-3.700,-10.700,-6.900,-12.700,0.500
'[00:00:03.732 01/01/2011]',-13.400,-3.400,-10.600,-6.400,-12.800,0.500
'[00:00:03.733 01/01/2011]',-11.300,-3.400,-10.500,-6.200,-12.900,0.500
'[00:00:03.734 01/01/2011]',-10.300,-3.900,-10.600,-6.400,-13.100,0.500
'[00:00:03.735 01/01/2011]',-10.500,-4.500,-10.700,-7.000,-13.500,0.500
'[00:00:03.736 01/01/2011]',-11.700,-4.800,-10.800,-7.400,-13.800,0.500
'[00:00:03.737 01/01/2011]',-12.800,-4.800,-10.800,-7.300,-13.900,0.500
'[00:00:03.738 01/01/2011]',-13.200,-4.500,-10.800,-6.800,-13.800,0.500
'[00:00:03.739 01/01/2011]',-12.400,-4.400,-10.900,-6.200,-13.500,0.500
'[00:00:03.740 01/01/2011]',-10.800,-4.700,-11.300,-5.900,-13.400,0.500
'[00:00:03.741 01/01/2011]',-9.000,-5.400,-12.000,-6.100,-13.500,0.500
'[00:00:03.742 01/01/2011]',-8.100,-6.200,-12.700,-6.700,-13.800,0.500
'[00:00:03.743 01/01/2011]',-8.200,-6.700,-13.100,-7.200,-13.900,0.500
'[00:00:03.744 01/01/2011]',-9.000,-6.600,-12.800,-7.300,-13.600,0.500
'[00:00:03.745 01/01/2011]',-9.900,-6.100,-11.900,-7.000,-12.800,0.500
'[00:00:03.746 01/01/2011]',-10.200,-5.400,-10.800,-6.500,-11.800,0.500
'[00:00:03.747 01/01/2011]',-9.700,-4.800,-9.900,-6.100,-11.200,0.500
'[00:00:03.748 01/01/2011]',-8.700,-4.500,-9.700,-5.900,-11.100,0.500
'[00:00:03.749 01/01/2011]',-8.000,-4.500,-10.100,-6.000,-11.500,0.500
'[00:00:03.750 01/01/2011]',-7.600,-4.600,-10.900,-6.300,-12.200,0.500
'[00:00:03.751 01/01/2011]',-7.500,-4.600,-11.600,-6.300,-12.600,0.500
'[00:00:03.752 01/01/2011]',-7.200,-4.500,-11.900,-6.200,-12.500,0.500
'[00:00:03.753 01/01/2011]',-6.500,-4.200,-11.600,-5.900,-12.200,0.500
'[00:00:03.754 01/01/2011]',-5.500,-4.100,-11.100,-5.600,-11.900,0.500
'[00:00:03.755 01/01/2011]',-4.700,-4.100,-10.800,-5.500,-11.800,0.500
'[00:00:03.756 01/01/2011]',-4.500,-4.500,-10.800,-5.700,-12.100,0.500
'[00:00:03.757 01/01/2011]',-5.000,-5.100,-11.200,-5.900,-12.400,0.500
'[00:00:03.758 01/01/2011]',-5.700,-5.700,-11.800,-6.200,-12.600,0.500
'[00:00:03.759 01/01/2011]',-6.100,-6.300,-12.400,-6.500,-12.300,0.500
'[00:00:03.760 01/01/2011]',-5.900,-6.800,-12.900,-6.600,-11.800,0.500
'[00:00:03.761 01/01/2011]',-5.400,-7.100,-13.000,-6.700,-11.100,0.500
'[00:00:03.762 01/01/2011]',-4.800,-7.300,-12.700,-6.600,-10.500,0.500
'[00:00:03.763 01/01/2011]',-4.600,-7.600,-12.300,-6.400,-10.200,0.500
'[00:00:03.764 01/01/2011]',-4.700,-7.900,-11.700,-6.000,-9.900,0.500
'[00:00:03.765 01/01/2011]',-4.700,-8.100,-11.300,-5.800,-9.800,0.500
'[00:00:03.766 01/01/2011]',-4.700,-8.100,-11.100,-5.600,-9.700,0.500
'[00:00:03.767 01/01/2011]',-4.500,-7.700,-11.200,-5.700,-9.700,0.500
'[00:00:03.768 01/01/2011]',-4.700,-7.000,-11.500,-5.900,-9.900,0.500
'[00:00:03.769 01/01/2011]',-5.500,-6.400,-11.800,-6.300,-10.300,0.500
'[00:00:03.770 01/01/2011]',-6.500,-6.000,-12.000,-6.600,-10.800,0.500
'[00:00:03.771 01/01/2011]',-7.400,-6.000,-11.900,-6.900,-11.100,0.500
'[00:00:03.772 01/01/2011]',-7.500,-6.100,-11.600,-7.100,-11.300,0.500
'[00:00:03.773 01/01/2011]',-6.600,-6.300,-11.400,-7.300,-11.400,0.500
'[00:00:03.774 01/01/2011]',-5.100,-6.300,-11.400,-7.600,-11.600,0.500
'[00:00:03.775 01/01/2011]',-3.800,-6.200,-11.800,-8.000,-12.100,0.500
'[00:00:03.776 01/01/2011]',-3.300,-6.100,-12.600,-8.500,-12.800,0.500
'[00:00:03.777 01/01/2011]',-3.700,-6.400,-13.600,-9.000,-13.500,0.500
'[00:00:03.778 01/01/2011]',-4.700,-6.900,-14.500,-9.500,-14.000,0.500
'[00:00:03.779 01/01/2011]',-5.700,-7.600,-14.900,-10.000,-14.000,0.500
'[00:00:03.780 01/01/2011]',-6.100,-8.200,-14.700,-10.300,-13.600,0.500
'[00:00:03.781 01/01/2011]',-5.900,-8.600,-14.200,-10.400,-12.900,0.500
'[00:00:03.782 01/01/2011]',-5.300,-8.800,-13.500,-10.300,-12.400,0.500
'[00:00:03.783 01/01/2011]',-4.700,-8.800,-13.100,-9.800,-12.300,0.500
'[00:00:03.784 01/01/2011]',-4.200,-8.900,-13.000,-9.200,-12.600,0.500
'[00:00:03.785 01/01/2011]',-3.800,-9.000,-13.300,-8.600,-13.000,0.500
'[00:00:03.786 01/01/2011]',-3.300,-9.000,-13.700,-8.100,-13.400,0.500
'[00:00:03.787 01/01/2011]',-2.800,-8.600,-13.900,-7.900,-13.600,0.500
'[00:00:03.788 01/01/2011]',-2.400,-7.800,-13.700,-8.000,-13.600,0.500
'[00:00:03.789 01/01/2011]',-2.100,-7.000,-13.200,-8.200,-13.600,0.500
'[00:00:03.790 01/01/2011]',-2.000,-6.400,-12.600,-8.300,-13.700,0.500
'[00:00:03.791 01/01/2011]',-1.800,-6.300,-12.300,-8.400,-14.000,0.500
'[00:00:03.792 01/01/2011]',-1.400,-6.900,-12.500,-8.300,-14.400,0.500
'[00:00:03.793 01/01/2011]',-0.600,-7.600,-12.900,-8.200,-14.800,0.500
'[00:00:03.794 01/01/2011]',0.300,-8.100,-13.400,-8.100,-14.800,0.500
'[00:00:03.795 01/01/2011]',0.800,-8.000,-13.700,-8.100,-14.700,0.500
'[00:00:03.796 01/01/2011]',0.700,-7.300,-13.500,-8.200,-14.400,0.500
'[00:00:03.797 01/01/2011]',0.100,-6.200,-12.900,-8.300,-14.200,0.500
'[00:00:03.798 01/01/2011]',-0.600,-5.400,-12.300,-8.500,-14.200,0.500
'[00:00:03.799 01/01/2011]',-0.800,-5.300,-11.700,-8.800,-14.300,0.500
'[00:00:03.800 01/01/2011]',-0.100,-5.700,-11.500,-9.100,-14.400,0.500
'[00:00:03.801 01/01/2011]',1.400,-6.600,-11.500,-9.300,-14.300,0.500
'[00:00:03.802 01/01/2011]',3.000,-7.300,-11.500,-9.200,-14.000,0.500
'[00:00:03.803 01/01/2011]',4.100,-7.700,-11.400,-8.800,-13.500,0.500
'[00:00:03.804 01/01/2011]',4.300,-7.700,-11.000,-8.300,-12.900,0.500
'[00:00:03.805 01/01/2011]',3.800,-7.500,-10.600,-7.800,-12.400,0.500
'[00:00:03.806 01/01/2011]',3.200,-7.300,-10.200,-7.500,-12.100,0.500
'[00:00:03.807 01/01/2011]',2.900,-7.100,-10.000,-7.200,-12.100,0.500
'[00:00:03.808 01/01/2011]',3.500,-7.000,-10.000,-6.800,-12.300,0.500
'[00:00:03.809 01/01/2011]',4.600,-6.700,-10.100,-6.300,-12.600,0.500
'[00:00:03.810 01/01/2011]',6.100,-6.200,-10.200,-5.700,-12.900,0.500
'[00:00:03.811 01/01/2011]',7.300,-5.500,-10.300,-5.200,-13.100,0.500
'[00:00:03.812 01/01/2011]',8.200,-4.800,-10.300,-4.900,-13.200,0.500
'[00:00:03.813 01/01/2011]',8.500,-4.200,-10.200,-5.000,-13.200,0.500
'[00:00:03.814 01/01/2011]',8.500,-3.700,-9.800,-5.200,-13.100,0.500
'[00:00:03.815 01/01/2011]',8.400,-3.400,-9.400,-5.500,-12.900,0.500
'[00:00:03.816 01/01/2011]',8.400,-3.100,-8.700,-5.600,-12.800,0.500
'[00:00:03.817 01/01/2011]',8.500,-2.800,-7.900,-5.300,-12.800,0.500
'[00:00:03.818 01/01/2011]',9.000,-2.600,-6.900,-4.900,-13.200,0.500
'[00:00:03.819 01/01/2011]',9.800,-2.500,-5.600,-4.600,-14.000,0.500
'[00:00:03.820 01/01/2011]',11.000,-2.400,-3.800,-4.500,-15.200,0.500
'[00:00:03.821 01/01/2011]',12.300,-2.200,-1.700,-4.500,-16.600,0.500
'[00:00:03.822 01/01/2011]',13.500,-1.700,0.900,-4.600,-18.100,0.500
'[00:00:03.823 01/01/2011]',14.600,-0.700,3.800,-4.400,-19.300,0.500
'[00:00:03.824 01/01/2011]',15.600,0.700,6.800,-3.900,-20.200,0.500
'[00:00:03.825 01/01/2011]',16.600,2.300,9.700,-3.100,-20.500,0.500
'[00:00:03.826 01/01/2011]',17.800,3.900,12.400,-2.200,-20.500,0.500
'[00:00:03.827 01/01/2011]',19.200,5.300,14.900,-1.300,-20.000,0.500
'[00:00:03.828 01/01/2011]',20.700,6.400,17.200,-0.300,-19.200,0.500
'[00:00:03.829 01/01/2011]',21.900,7.300,19.400,0.800,-17.800,0.500
'[00:00:03.830 01/01/2011]',22.700,8.100,21.600,2.200,-16.000,0.500
'[00:00:03.831 01/01/2011]',23.000,8.800,23.600,4.000,-13.500,0.500
'[00:00:03.832 01/01/2011]',23.000,9.300,25.400,6.200,-10.600,0.500
'[00:00:03.833 01/01/2011]',23.000,9.600,27.100,8.400,-7.100,0.500
'[00:00:03.834 01/01/2011]',23.100,9.500,28.700,10.500,-3.200,0.500
'[00:00:03.835 01/01/2011]',23.500,8.900,30.100,12.400,1.300,0.500
'[00:00:03.836 01/01/2011]',23.900,7.800,31.300,13.900,6.200,0.500
'[00:00:03.837 01/01/2011]',24.200,6.300,32.000,15.000,11.700,0.500
'[00:00:03.838 01/01/2011]',24.300,4.400,31.900,15.900,17.500,0.500
'[00:00:03.839 01/01/2011]',24.400,2.200,30.800,16.800,23.600,0.500
'[00:00:03.840 01/01/2011]',24.500,0.000,28.700,17.700,29.700,0.500
'[00:00:03.841 01/01/2011]',24.900,-2.400,26.000,18.600,35.801,0.500
'[00:00:03.842 01/01/2011]',25.300,-4.600,23.100,19.500,41.601,0.500
'[00:00:03.843 01/01/2011]',25.900,-6.900,20.000,20.200,47.401,0.500
'[00:00:03.844 01/01/2011]',26.300,-9.300,16.800,20.700,53.101,0.500
'[00:00:03.845 01/01/2011]',26.500,-12.000,13.000,21.000,59.201,0.500
'[00:00:03.846 01/01/2011]',26.500,-15.200,8.400,21.200,65.701,0.500
'[00:00:03.847 01/01/2011]',26.400,-18.700,3.100,21.500,72.601,0.500
'[00:00:03.848 01/01/2011]',26.400,-22.300,-2.500,21.900,79.701,0.500
'[00:00:03.849 01/01/2011]',26.500,-25.700,-7.600,22.500,86.401,0.500
'[00:00:03.850 01/01/2011]',26.900,-28.400,-11.700,23.100,92.301,0.500
'[00:00:03.851 01/01/2011]',27.400,-30.500,-14.800,23.300,96.901,0.500
'[00:00:03.852 01/01/2011]',27.800,-31.900,-17.100,23.100,100.302,0.500
'[00:00:03.853 01/01/2011]',28.000,-33.001,-19.100,22.400,102.402,0.500
'[00:00:03.854 01/01/2011]',28.100,-34.001,-21.300,21.200,103.402,0.500
'[00:00:03.855 01/01/2011]',28.200,-35.101,-23.500,19.700,103.402,0.500
'[00:00:03.856 01/01/2011]',28.500,-36.301,-25.600,17.900,102.002,0.500
'[00:00:03.857 01/01/2011]',28.900,-37.401,-27.300,15.700,99.102,0.500
'[00:00:03.858 01/01/2011]',29.600,-38.301,-28.500,13.200,94.401,0.500
'[00:00:03.859 01/01/2011]',30.500,-38.801,-29.500,10.300,88.001,0.500
'[00:00:03.860 01/01/2011]',32.000,-38.901,-31.000,7.300,80.601,0.500
'[00:00:03.861 01/01/2011]',34.201,-38.801,-33.301,4.300,73.001,0.500
'[00:00:03.862 01/01/2011]',37.301,-38.901,-36.501,1.500,66.001,0.500
'[00:00:03.863 01/01/2011]',41.201,-39.201,-40.301,-0.900,59.701,0.500
'[00:00:03.864 01/01/2011]',45.101,-40.001,-44.401,-3.300,53.901,0.500
'[00:00:03.865 01/01/2011]',48.401,-40.901,-48.501,-5.800,47.801,0.500
'[00:00:03.866 01/01/2011]',50.601,-41.401,-52.401,-8.700,41.001,0.500
'[00:00:03.867 01/01/2011]',51.901,-41.101,-56.001,-12.000,33.201,0.500
'[00:00:03.868 01/01/2011]',53.201,-39.701,-58.901,-15.500,24.800,0.500
'[00:00:03.869 01/01/2011]',55.601,-37.701,-61.001,-18.800,16.500,0.500
'[00:00:03.870 01/01/2011]',59.601,-35.401,-62.001,-21.500,9.100,0.500
'[00:00:03.871 01/01/2011]',64.601,-33.501,-61.701,-23.400,3.100,0.500
'[00:00:03.872 01/01/2011]',69.501,-32.200,-60.401,-24.300,-1.400,0.500
'[00:00:03.873 01/01/2011]',72.901,-31.300,-58.601,-24.600,-5.000,0.500
'[00:00:03.874 01/01/2011]',74.301,-30.600,-56.501,-24.600,-8.100,0.500
'[00:00:03.875 01/01/2011]',74.101,-29.600,-54.401,-24.600,-11.100,0.500
'[00:00:03.876 01/01/2011]',73.601,-28.500,-52.201,-24.700,-14.100,0.500
'[00:00:03.877 01/01/2011]',74.101,-27.200,-49.801,-24.700,-16.500,0.500
'[00:00:03.878 01/01/2011]',76.101,-26.200,-47.001,-24.400,-18.300,0.500
'[00:00:03.879 01/01/2011]',78.901,-25.400,-43.701,-23.500,-19.000,0.500
'[00:00:03.880 01/01/2011]',81.501,-24.700,-40.101,-22.100,-18.900,0.500
'[00:00:03.881 01/01/2011]',82.601,-23.800,-36.401,-20.300,-18.200,0.500
'[00:00:03.882 01/01/2011]',82.001,-22.600,-32.801,-18.500,-17.200,0.500
'[00:00:03.883 01/01/2011]',80.201,-21.000,-29.300,-17.000,-16.300,0.500
'[00:00:03.884 01/01/2011]',78.401,-19.400,-26.000,-15.700,-15.500,0.500
'[00:00:03.885 01/01/2011]',77.401,-17.800,-22.800,-14.500,-14.800,0.500
'[00:00:03.886 01/01/2011]',77.501,-16.500,-19.800,-13.200,-14.200,0.500
'[00:00:03.887 01/01/2011]',78.201,-15.400,-16.800,-11.600,-13.700,0.500
'[00:00:03.888 01/01/2011]',79.001,-14.200,-14.100,-10.100,-13.300,0.500
'[00:00:03.889 01/01/2011]',79.101,-13.100,-11.900,-8.700,-13.000,0.500
'[00:00:03.890 01/01/2011]',78.401,-12.000,-10.200,-7.900,-12.900,0.500
'[00:00:03.891 01/01/2011]',77.101,-11.200,-9.200,-7.400,-13.000,0.500
'[00:00:03.892 01/01/2011]',75.701,-10.600,-8.600,-7.300,-13.200,0.500
'[00:00:03.893 01/01/2011]',74.601,-10.200,-8.400,-7.300,-13.300,0.500
'[00:00:03.894 01/01/2011]',74.201,-9.900,-8.200,-7.000,-13.300,0.500
'[00:00:03.895 01/01/2011]',74.101,-9.500,-7.800,-6.500,-13.000,0.500
'[00:00:03.896 01/01/2011]',74.201,-8.800,-7.300,-5.800,-12.500,0.500
'[00:00:03.897 01/01/2011]',73.801,-8.100,-6.600,-5.100,-12.000,0.500
'[00:00:03.898 01/01/2011]',72.801,-7.500,-6.000,-4.500,-11.900,0.500
'[00:00:03.899 01/01/2011]',71.201,-7.300,-5.500,-4.200,-12.200,0.500
'[00:00:03.900 01/01/2011]',69.201,-7.500,-5.300,-4.200,-12.900,0.500
'[00:00:03.901 01/01/2011]',67.301,-8.100,-5.300,-4.600,-13.800,0.500
'[00:00:03.902 01/01/2011]',65.701,-8.500,-5.400,-5.300,-14.500,0.500
'[00:00:03.903 01/01/2011]',64.601,-8.600,-5.400,-6.100,-14.700,0.500
'[00:00:03.904 01/01/2011]',63.901,-8.100,-5.400,-6.700,-14.600,0.500
'[00:00:03.905 01/01/2011]',63.301,-7.100,-5.200,-6.900,-14.400,0.500
'[00:00:03.906 01/01/2011]',62.601,-5.800,-5.000,-6.800,-14.300,0.500
'[00:00:03.907 01/01/2011]',61.401,-4.500,-4.800,-6.400,-14.300,0.500
'[00:00:03.908 01/01/2011]',60.001,-3.500,-4.400,-5.800,-14.200,0.500
'[00:00:03.909 01/01/2011]',58.401,-2.800,-3.700,-5.300,-13.900,0.500
'[00:00:03.910 01/01/2011]',57.001,-2.300,-2.900,-4.800,-13.100,0.500
'[00:00:03.911 01/01/2011]',56.001,-2.000,-2.100,-4.300,-11.900,0.500
'[00:00:03.912 01/01/2011]',55.601,-1.600,-1.500,-3.800,-10.800,0.500
'[00:00:03.913 01/01/2011]',55.601,-1.300,-1.400,-3.500,-10.100,0.500
'[00:00:03.914 01/01/2011]',55.701,-1.100,-1.800,-3.300,-10.100,0.500
'[00:00:03.915 01/01/2011]',55.401,-0.900,-2.400,-3.300,-10.600,0.500
'[00:00:03.916 01/01/2011]',54.401,-0.800,-2.900,-3.400,-11.100,0.500
'[00:00:03.917 01/01/2011]',52.701,-0.800,-3.000,-3.200,-11.500,0.500
'[00:00:03.918 01/01/2011]',50.601,-0.700,-2.500,-2.800,-11.500,0.500
'[00:00:03.919 01/01/2011]',48.801,-0.700,-1.800,-2.200,-11.200,0.500
'[00:00:03.920 01/01/2011]',47.601,-0.800,-1.100,-1.600,-10.900,0.500
'[00:00:03.921 01/01/2011]',47.201,-1.000,-0.900,-1.300,-10.900,0.500
'[00:00:03.922 01/01/2011]',47.401,-1.300,-1.100,-1.400,-11.000,0.500
'[00:00:03.923 01/01/2011]',47.701,-1.700,-1.700,-2.000,-11.400,0.500
'[00:00:03.924 01/01/2011]',47.801,-2.000,-2.400,-2.600,-11.600,0.500
'[00:00:03.925 01/01/2011]',47.401,-2.000,-2.900,-3.000,-11.600,0.500
'[00:00:03.926 01/01/2011]',46.401,-1.700,-3.000,-3.000,-11.300,0.500
'[00:00:03.927 01/01/2011]',44.901,-1.300,-2.800,-2.500,-10.900,0.500
'[00:00:03.928 01/01/2011]',43.201,-0.900,-2.500,-1.900,-10.600,0.500
'[00:00:03.929 01/01/2011]',41.501,-0.800,-2.200,-1.500,-10.300,0.500
'[00:00:03.930 01/01/2011]',40.201,-0.900,-2.300,-1.400,-10.200,0.500
'[00:00:03.931 01/01/2011]',39.401,-1.100,-2.700,-1.700,-10.000,0.500
'[00:00:03.932 01/01/2011]',39.101,-1.000,-3.200,-2.000,-9.800,0.500
'[00:00:03.933 01/01/2011]',39.201,-0.600,-3.800,-2.200,-9.600,0.500
'[00:00:03.934 01/01/2011]',39.101,0.200,-4.100,-2.200,-9.400,0.500
'[00:00:03.935 01/01/2011]',38.501,1.000,-4.100,-1.900,-9.600,0.500
'[00:00:03.936 01/01/2011]',37.201,1.400,-3.800,-1.700,-10.000,0.500
'[00:00:03.937 01/01/2011]',35.301,1.400,-3.400,-1.800,-10.500,0.500
'[00:00:03.938 01/01/2011]',33.201,1.000,-2.900,-2.200,-11.000,0.500
'[00:00:03.939 01/01/2011]',31.300,0.500,-2.500,-2.700,-11.000,0.500
'[00:00:03.940 01/01/2011]',30.000,0.100,-2.200,-3.200,-10.500,0.500
'[00:00:03.941 01/01/2011]',29.200,0.100,-2.000,-3.500,-9.600,0.500
'[00:00:03.942 01/01/2011]',28.500,0.200,-1.900,-3.500,-8.600,0.500
'[00:00:03.943 01/01/2011]',27.400,0.200,-1.700,-3.300,-7.800,0.500
'[00:00:03.944 01/01/2011]',25.500,0.000,-1.600,-3.100,-7.600,0.500
'[00:00:03.945 01/01/2011]',22.800,-0.300,-1.300,-2.900,-7.700,0.500
'[00:00:03.946 01/01/2011]',19.700,-0.500,-1.200,-2.800,-8.000,0.500
'[00:00:03.947 01/01/2011]',17.000,-0.300,-1.200,-2.700,-8.300,0.500
'[00:00:03.948 01/01/2011]',15.000,0.300,-1.400,-2.600,-8.400,0.500
'[00:00:03.949 01/01/2011]',14.100,1.200,-1.800,-2.800,-8.300,0.500
'[00:00:03.950 01/01/2011]',13.700,2.000,-2.300,-3.000,-8.300,0.500
'[00:00:03.951 01/01/2011]',13.100,2.500,-2.600,-3.400,-8.500,0.500
'[00:00:03.952 01/01/2011]',11.800,2.700,-2.700,-3.700,-8.800,0.500
'[00:00:03.953 01/01/2011]',9.400,2.500,-2.600,-3.900,-9.100,0.500
'[00:00:03.954 01/01/2011]',6.400,2.300,-2.400,-4.000,-9.300,0.500
'[00:00:03.955 01/01/2011]',3.600,2.300,-2.200,-4.000,-9.300,0.500
'[00:00:03.956 01/01/2011]',1.500,2.400,-2.300,-3.900,-9.200,0.500
'[00:00:03.957 01/01/2011]',0.200,2.600,-2.400,-3.900,-9.000,0.500
'[00:00:03.958 01/01/2011]',-0.400,2.800,-2.500,-4.000,-9.100,0.500
'[00:00:03.959 01/01/2011]',-0.900,2.800,-2.400,-4.100,-9.400,0.500
'[00:00:03.960 01/01/2011]',-1.900,2.500,-2.300,-4.300,-9.900,0.500
'[00:00:03.961 01/01/2011]',-3.600,2.000,-2.100,-4.500,-10.300,0.500
'[00:00:03.962 01/01/2011]',-6.100,1.400,-2.100,-4.800,-10.500,0.500
'[00:00:03.963 01/01/2011]',-9.000,1.000,-2.300,-5.000,-10.500,0.500
'[00:00:03.964 01/01/2011]',-12.000,0.800,-2.500,-5.200,-10.500,0.500
'[00:00:03.965 01/01/2011]',-14.600,0.800,-2.600,-5.200,-10.500,0.500
'[00:00:03.966 01/01/2011]',-16.400,1.000,-2.400,-5.000,-10.700,0.500
'[00:00:03.967 01/01/2011]',-17.400,1.300,-2.000,-4.500,-10.800,0.500
'[00:00:03.968 01/01/2011]',-18.100,1.600,-1.600,-3.900,-10.800,0.500
'[00:00:03.969 01/01/2011]',-19.100,1.900,-1.200,-3.200,-10.400,0.500
'[00:00:03.970 01/01/2011]',-21.100,2.400,-1.000,-2.400,-9.700,0.500
'[00:00:03.971 01/01/2011]',-24.200,3.000,-0.800,-1.500,-8.700,0.500
'[00:00:03.972 01/01/2011]',-27.600,3.700,-0.600,-0.700,-7.700,0.500
'[00:00:03.973 01/01/2011]',-30.700,4.400,-0.200,-0.200,-7.100,0.500
'[00:00:03.974 01/01/2011]',-32.901,5.000,0.400,-0.100,-6.900,0.500
'[00:00:03.975 01/01/2011]',-34.101,5.300,0.800,-0.500,-7.300,0.500
'[00:00:03.976 01/01/2011]',-35.101,5.100,0.800,-1.500,-8.100,0.500
'[00:00:03.977 01/01/2011]',-36.801,4.500,0.300,-2.700,-9.000,0.500
'[00:00:03.978 01/01/2011]',-39.701,3.600,-0.800,-3.700,-10.000,0.500
'[00:00:03.979 01/01/2011]',-43.601,2.700,-2.100,-4.400,-10.700,0.500
'[00:00:03.980 01/01/2011]',-47.501,2.000,-3.200,-4.500,-11.200,0.500
'[00:00:03.981 01/01/2011]',-50.501,1.600,-3.500,-4.100,-11.200,0.500
'[00:00:03.982 01/01/2011]',-51.901,1.400,-3.000,-3.400,-10.700,0.500
'[00:00:03.983 01/01/2011]',-51.501,1.300,-1.600,-2.700,-9.800,0.500
'[00:00:03.984 01/01/2011]',-49.101,1.300,0.300,-2.100,-8.600,0.500
'[00:00:03.985 01/01/2011]',-45.201,1.300,2.200,-1.600,-7.400,0.500
'[00:00:03.986 01/01/2011]',-39.801,1.500,3.800,-1.000,-6.200,0.500
'[00:00:03.987 01/01/2011]',-33.401,2.000,4.800,-0.100,-5.200,0.500
'[00:00:03.988 01/01/2011]',-26.500,3.000,5.600,1.000,-4.100,0.500
'[00:00:03.989 01/01/2011]',-19.500,4.400,6.200,2.400,-2.800,0.500
'[00:00:03.990 01/01/2011]',-12.700,6.000,7.100,3.800,-1.100,0.500
'[00:00:03.991 01/01/2011]',-6.200,7.300,8.300,5.000,0.600,0.500
'[00:00:03.992 01/01/2011]',-0.200,8.100,9.600,5.800,2.100,0.500
'[00:00:03.993 01/01/2011]',5.200,8.500,10.700,6.100,3.200,0.500
'[00:00:03.994 01/01/2011]',9.100,8.500,11.300,6.000,3.800,0.500
'[00:00:03.995 01/01/2011]',11.100,8.300,11.600,6.000,4.300,0.500
'[00:00:03.996 01/01/2011]',10.800,8.200,11.800,6.200,5.100,0.500
'[00:00:03.997 01/01/2011]',8.500,8.100,12.200,6.900,6.500,0.500
'[00:00:03.998 01/01/2011]',5.000,8.200,13.000,8.100,8.600,0.500
'[00:00:03.999 01/01/2011]',1.100,8.300,14.300,9.600,11.000,0.500
'[00:00:04.000 01/01/2011]',-2.300,8.400,15.800,11.100,13.200,0.500
'[00:00:04.001 01/01/2011]',-4.800,8.600,17.100,12.400,14.800,0.500
'[00:00:04.002 01/01/2011]',-6.100,8.800,18.000,13.300,15.700,0.500
'[00:00:04.003 01/01/2011]',-6.200,9.000,18.500,13.600,15.900,0.500
'[00:00:04.004 01/01/2011]',-5.300,9.000,18.500,13.400,15.700,0.500
'[00:00:04.005 01/01/2011]',-3.900,8.800,18.100,12.800,15.300,0.500
'[00:00:04.006 01/01/2011]',-3.000,8.500,17.300,11.800,14.700,0.500
'[00:00:04.007 01/01/2011]',-3.500,8.200,16.200,10.700,13.600,0.500
'[00:00:04.008 01/01/2011]',-6.600,8.000,14.700,9.400,11.900,0.500
'[00:00:04.009 01/01/2011]',-12.700,7.900,12.600,7.900,9.500,0.500
'[00:00:04.010 01/01/2011]',-21.600,7.800,9.800,6.100,6.300,0.500
'[00:00:04.011 01/01/2011]',-32.700,7.500,6.500,4.000,2.800,0.500
'[00:00:04.012 01/01/2011]',-45.101,7.100,2.900,1.600,-0.900,0.500
'[00:00:04.013 01/01/2011]',-57.701,6.500,-0.600,-0.500,-4.300,0.500
'[00:00:04.014 01/01/2011]',-69.901,5.800,-3.600,-2.100,-7.000,0.500
'[00:00:04.015 01/01/2011]',-80.601,5.200,-5.500,-2.800,-8.800,0.500
'[00:00:04.016 01/01/2011]',-89.001,4.700,-6.200,-2.800,-9.600,0.500
'[00:00:04.017 01/01/2011]',-94.101,4.200,-5.800,-2.300,-9.300,0.500
'[00:00:04.018 01/01/2011]',-95.401,3.800,-4.700,-1.900,-8.400,0.500
'[00:00:04.019 01/01/2011]',-93.001,3.300,-3.400,-1.800,-7.200,0.500
'[00:00:04.020 01/01/2011]',-87.801,2.900,-2.200,-2.000,-6.100,0.500
'[00:00:04.021 01/01/2011]',-81.401,2.500,-1.500,-2.300,-5.300,0.500
'[00:00:04.022 01/01/2011]',-75.601,2.300,-1.300,-2.500,-5.000,0.500
'[00:00:04.023 01/01/2011]',-71.301,2.100,-1.400,-2.300,-4.900,0.500
'[00:00:04.024 01/01/2011]',-68.701,2.100,-1.800,-1.900,-4.900,0.500
'[00:00:04.025 01/01/2011]',-67.101,2.100,-2.200,-1.400,-4.900,0.500
'[00:00:04.026 01/01/2011]',-65.501,2.200,-2.800,-1.000,-4.800,0.500
'[00:00:04.027 01/01/2011]',-63.401,2.400,-3.300,-0.800,-4.800,0.500
'[00:00:04.028 01/01/2011]',-61.101,2.800,-3.900,-0.600,-4.800,0.500
'[00:00:04.029 01/01/2011]',-59.501,3.300,-4.400,-0.300,-4.900,0.500
'[00:00:04.030 01/01/2011]',-59.401,3.600,-4.800,0.200,-4.900,0.500
'[00:00:04.031 01/01/2011]',-60.801,3.600,-5.000,0.500,-4.800,0.500
'[00:00:04.032 01/01/2011]',-63.001,3.400,-5.000,0.400,-4.600,0.500
'[00:00:04.033 01/01/2011]',-64.901,2.900,-4.800,-0.100,-4.500,0.500
'[00:00:04.034 01/01/2011]',-65.501,2.400,-4.500,-1.000,-4.500,0.500
'[00:00:04.035 01/01/2011]',-64.601,1.900,-4.100,-2.000,-4.700,0.500
'[00:00:04.036 01/01/2011]',-62.701,1.500,-3.700,-2.600,-5.100,0.500
'[00:00:04.037 01/01/2011]',-60.601,1.200,-3.400,-2.900,-5.400,0.500
'[00:00:04.038 01/01/2011]',-59.301,0.900,-3.300,-2.800,-5.400,0.500
'[00:00:04.039 01/01/2011]',-59.001,0.600,-3.500,-2.600,-5.200,0.500
'[00:00:04.040 01/01/2011]',-59.501,0.300,-4.100,-2.500,-4.800,0.500
'[00:00:04.041 01/01/2011]',-60.001,0.100,-4.800,-2.700,-4.200,0.500
'[00:00:04.042 01/01/2011]',-60.101,-0.100,-5.600,-2.900,-3.600,0.500
'[00:00:04.043 01/01/2011]',-59.601,-0.400,-6.200,-3.100,-3.200,0.500
'[00:00:04.044 01/01/2011]',-58.501,-1.000,-6.600,-3.100,-2.900,0.500
'[00:00:04.045 01/01/2011]',-57.501,-1.500,-6.800,-2.900,-2.700,0.500
'[00:00:04.046 01/01/2011]',-57.201,-1.900,-6.800,-2.400,-2.600,0.500
'[00:00:04.047 01/01/2011]',-57.801,-1.800,-6.900,-2.000,-2.600,0.500
'[00:00:04.048 01/01/2011]',-59.101,-1.400,-7.000,-1.700,-2.800,0.500
'[00:00:04.049 01/01/2011]',-60.301,-0.700,-7.100,-1.800,-3.200,0.500
'[00:00:04.050 01/01/2011]',-60.701,-0.200,-7.300,-2.200,-3.700,0.500
'[00:00:04.051 01/01/2011]',-59.801,-0.300,-7.500,-2.900,-4.100,0.500
'[00:00:04.052 01/01/2011]',-58.001,-0.800,-7.700,-3.500,-4.200,0.500
'[00:00:04.053 01/01/2011]',-55.901,-1.400,-7.900,-3.800,-3.800,0.500
'[00:00:04.054 01/01/2011]',-54.601,-2.000,-8.100,-3.600,-3.100,0.500
'[00:00:04.055 01/01/2011]',-54.501,-2.200,-8.300,-3.100,-2.200,0.500
'[00:00:04.056 01/01/2011]',-55.301,-2.200,-8.400,-2.500,-1.300,0.500
'[00:00:04.057 01/01/2011]',-56.401,-2.500,-8.500,-2.200,-0.800,0.500
'[00:00:04.058 01/01/2011]',-57.101,-3.000,-8.700,-2.400,-0.500,0.500
'[00:00:04.059 01/01/2011]',-57.001,-3.900,-8.900,-3.100,-0.500,0.500
'[00:00:04.060 01/01/2011]',-56.301,-4.900,-9.300,-3.800,-0.400,0.500
'[00:00:04.061 01/01/2011]',-55.701,-5.600,-9.800,-4.200,0.000,0.500
'[00:00:04.062 01/01/2011]',-55.501,-5.800,-10.400,-4.200,0.600,0.500
'[00:00:04.063 01/01/2011]',-55.601,-5.800,-11.000,-3.800,1.200,0.500
'[00:00:04.064 01/01/2011]',-55.701,-5.800,-11.600,-3.400,1.700,0.500
'[00:00:04.065 01/01/2011]',-55.401,-6.100,-12.100,-3.200,1.900,0.500
'[00:00:04.066 01/01/2011]',-54.601,-6.500,-12.500,-3.300,1.800,0.500
'[00:00:04.067 01/01/2011]',-53.401,-6.800,-12.800,-3.600,1.700,0.500
'[00:00:04.068 01/01/2011]',-52.301,-6.900,-12.800,-3.900,1.600,0.500
'[00:00:04.069 01/01/2011]',-51.801,-6.700,-12.600,-3.900,1.800,0.500
'[00:00:04.070 01/01/2011]',-52.001,-6.300,-12.300,-3.600,2.100,0.500
'[00:00:04.071 01/01/2011]',-52.501,-5.800,-11.900,-3.200,2.500,0.500
'[00:00:04.072 01/01/2011]',-53.001,-5.500,-11.500,-2.800,2.900,0.500
'[00:00:04.073 01/01/2011]',-52.801,-5.600,-11.200,-2.400,3.200,0.500
'[00:00:04.074 01/01/2011]',-52.001,-5.800,-11.100,-2.100,3.400,0.500
'[00:00:04.075 01/01/2011]',-50.901,-6.200,-11.000,-1.900,3.600,0.500
'[00:00:04.076 01/01/2011]',-50.001,-6.700,-11.100,-1.800,3.800,0.500
'[00:00:04.077 01/01/2011]',-49.801,-7.300,-11.300,-1.800,3.800,0.500
'[00:00:04.078 01/01/2011]',-50.101,-7.900,-11.700,-1.900,3.700,0.500
'[00:00:04.079 01/01/2011]',-50.701,-8.400,-12.300,-2.300,3.400,0.500
'[00:00:04.080 01/01/2011]',-51.001,-8.800,-13.000,-2.700,3.300,0.500
'[00:00:04.081 01/01/2011]',-50.801,-9.200,-13.600,-3.200,3.400,0.500
'[00:00:04.082 01/01/2011]',-50.301,-9.600,-14.000,-3.500,3.800,0.500
'[00:00:04.083 01/01/2011]',-49.901,-10.100,-14.200,-3.700,4.400,0.500
'[00:00:04.084 01/01/2011]',-50.001,-10.600,-14.200,-3.800,5.100,0.500
'[00:00:04.085 01/01/2011]',-50.601,-11.100,-14.300,-3.900,5.700,0.500
'[00:00:04.086 01/01/2011]',-51.501,-11.200,-14.600,-3.900,6.200,0.500
'[00:00:04.087 01/01/2011]',-52.201,-11.000,-14.900,-4.000,6.500,0.500
'[00:00:04.088 01/01/2011]',-52.501,-10.400,-15.400,-4.000,6.900,0.500
'[00:00:04.089 01/01/2011]',-52.401,-9.900,-15.600,-3.800,7.400,0.500
'[00:00:04.090 01/01/2011]',-52.301,-9.500,-15.700,-3.700,8.000,0.500
'[00:00:04.091 01/01/2011]',-52.301,-9.500,-15.600,-3.500,8.500,0.500
'[00:00:04.092 01/01/2011]',-52.401,-9.800,-15.400,-3.400,8.900,0.500
'[00:00:04.093 01/01/2011]',-52.701,-10.300,-15.200,-3.400,9.200,0.500
'[00:00:04.094 01/01/2011]',-52.901,-10.700,-15.200,-3.400,9.500,0.500
'[00:00:04.095 01/01/2011]',-53.101,-11.000,-15.300,-3.600,9.800,0.500
'[00:00:04.096 01/01/2011]',-53.601,-11.200,-15.500,-3.700,10.100,0.500
'[00:00:04.097 01/01/2011]',-54.301,-11.600,-15.800,-3.800,10.400,0.500
'[00:00:04.098 01/01/2011]',-55.101,-12.100,-15.900,-3.800,10.800,0.500
'[00:00:04.099 01/01/2011]',-55.501,-12.600,-15.800,-3.700,11.300,0.500
'[00:00:04.100 01/01/2011]',-55.301,-13.100,-15.600,-3.200,11.900,0.500
'[00:00:04.101 01/01/2011]',-54.501,-13.300,-15.300,-2.600,12.700,0.500
'[00:00:04.102 01/01/2011]',-53.601,-13.300,-15.000,-1.900,13.600,0.500
'[00:00:04.103 01/01/2011]',-53.101,-13.200,-14.600,-1.200,14.500,0.500
'[00:00:04.104 01/01/2011]',-53.201,-13.200,-14.300,-0.800,15.100,0.500
'[00:00:04.105 01/01/2011]',-53.901,-13.200,-14.100,-0.600,15.600,0.500
'[00:00:04.106 01/01/2011]',-54.601,-13.500,-14.000,-0.600,16.000,0.500
'[00:00:04.107 01/01/2011]',-55.001,-13.700,-13.900,-0.500,16.400,0.500
'[00:00:04.108 01/01/2011]',-54.901,-13.800,-13.800,-0.300,16.900,0.500
'[00:00:04.109 01/01/2011]',-54.301,-13.600,-13.700,0.000,17.400,0.500
'[00:00:04.110 01/01/2011]',-53.601,-13.200,-13.600,0.400,17.800,0.500
'[00:00:04.111 01/01/2011]',-53.001,-12.800,-13.600,0.600,18.200,0.500
'[00:00:04.112 01/01/2011]',-52.601,-12.400,-13.600,0.700,18.400,0.500
'[00:00:04.113 01/01/2011]',-52.101,-12.200,-13.800,0.700,18.500,0.500
'[00:00:04.114 01/01/2011]',-51.601,-12.100,-13.900,0.800,18.700,0.500
'[00:00:04.115 01/01/2011]',-50.901,-12.100,-13.900,1.000,19.000,0.500
'[00:00:04.116 01/01/2011]',-50.301,-12.300,-13.900,1.200,19.300,0.500
'[00:00:04.117 01/01/2011]',-50.001,-12.600,-13.900,1.300,19.600,0.500
'[00:00:04.118 01/01/2011]',-49.801,-13.000,-14.100,1.100,19.800,0.500
'[00:00:04.119 01/01/2011]',-49.801,-13.500,-14.200,0.600,20.000,0.500
'[00:00:04.120 01/01/2011]',-49.601,-13.800,-14.400,-0.100,20.100,0.500
'[00:00:04.121 01/01/2011]',-49.101,-14.000,-14.400,-0.700,20.300,0.500
'[00:00:04.122 01/01/2011]',-48.401,-14.100,-14.300,-1.100,20.500,0.500
'[00:00:04.123 01/01/2011]',-47.701,-14.300,-14.000,-1.300,20.600,0.500
'[00:00:04.124 01/01/2011]',-47.201,-14.600,-13.800,-1.200,20.600,0.500
'[00:00:04.125 01/01/2011]',-47.101,-15.000,-13.700,-0.900,20.300,0.500
'[00:00:04.126 01/01/2011]',-47.001,-15.100,-13.700,-0.500,19.900,0.500
'[00:00:04.127 01/01/2011]',-46.501,-14.900,-13.700,-0.100,19.600,0.500
'[00:00:04.128 01/01/2011]',-45.301,-14.100,-13.500,0.400,19.600,0.500
'[00:00:04.129 01/01/2011]',-43.601,-13.000,-13.000,1.000,19.900,0.500
'[00:00:04.130 01/01/2011]',-41.901,-12.100,-12.400,1.600,20.400,0.500
'[00:00:04.131 01/01/2011]',-40.601,-11.600,-11.900,2.100,20.900,0.500
'[00:00:04.132 01/01/2011]',-40.101,-11.800,-11.600,2.300,21.100,0.500
'[00:00:04.133 01/01/2011]',-40.001,-12.300,-11.600,2.200,20.800,0.500
'[00:00:04.134 01/01/2011]',-39.801,-12.700,-11.600,1.800,20.100,0.500
'[00:00:04.135 01/01/2011]',-39.201,-12.800,-11.600,1.300,19.300,0.500
'[00:00:04.136 01/01/2011]',-38.301,-12.600,-11.400,0.800,18.700,0.500
'[00:00:04.137 01/01/2011]',-37.301,-12.500,-10.900,0.400,18.400,0.500
'[00:00:04.138 01/01/2011]',-36.501,-12.500,-10.400,0.200,18.400,0.500
'[00:00:04.139 01/01/2011]',-35.901,-12.800,-9.700,0.100,18.400,0.500
'[00:00:04.140 01/01/2011]',-35.201,-13.100,-9.100,0.000,18.500,0.500
'[00:00:04.141 01/01/2011]',-34.201,-13.100,-8.500,0.000,18.400,0.500
'[00:00:04.142 01/01/2011]',-33.001,-12.800,-7.900,0.000,18.400,0.500
'[00:00:04.143 01/01/2011]',-32.000,-12.200,-7.300,0.200,18.300,0.500
'[00:00:04.144 01/01/2011]',-31.900,-11.600,-6.800,0.600,18.300,0.500
'[00:00:04.145 01/01/2011]',-32.500,-11.200,-6.400,1.100,18.100,0.500
'[00:00:04.146 01/01/2011]',-33.301,-10.900,-6.100,1.800,17.900,0.500
'[00:00:04.147 01/01/2011]',-33.501,-10.600,-5.800,2.500,17.700,0.500
'[00:00:04.148 01/01/2011]',-32.700,-10.100,-5.400,3.100,17.700,0.500
'[00:00:04.149 01/01/2011]',-31.000,-9.200,-4.800,3.500,17.900,0.500
'[00:00:04.150 01/01/2011]',-29.300,-8.200,-4.000,3.800,18.300,0.500
'[00:00:04.151 01/01/2011]',-28.200,-7.200,-3.000,4.100,18.500,0.500
'[00:00:04.152 01/01/2011]',-27.900,-6.500,-2.100,4.200,18.300,0.500
'[00:00:04.153 01/01/2011]',-28.000,-6.200,-1.300,4.300,17.700,0.500
'[00:00:04.154 01/01/2011]',-27.900,-6.100,-0.800,4.200,16.600,0.500
'[00:00:04.155 01/01/2011]',-27.200,-6.300,-0.600,3.800,15.600,0.500
'[00:00:04.156 01/01/2011]',-26.200,-6.600,-0.500,3.100,14.800,0.500
'[00:00:04.157 01/01/2011]',-25.500,-6.800,-0.400,2.200,14.500,0.500
'[00:00:04.158 01/01/2011]',-25.300,-7.000,-0.200,1.400,14.500,0.500
'[00:00:04.159 01/01/2011]',-25.800,-7.100,0.100,1.100,14.500,0.500
'[00:00:04.160 01/01/2011]',-26.400,-7.000,0.600,1.300,14.300,0.500
'[00:00:04.161 01/01/2011]',-27.000,-6.600,1.200,1.700,13.700,0.500
'[00:00:04.162 01/01/2011]',-27.300,-6.100,1.500,2.100,12.800,0.500
'[00:00:04.163 01/01/2011]',-27.300,-5.600,1.800,2.200,11.900,0.500
'[00:00:04.164 01/01/2011]',-27.200,-5.000,2.100,1.900,11.200,0.500
'[00:00:04.165 01/01/2011]',-26.800,-4.500,2.600,1.600,10.800,0.500
'[00:00:04.166 01/01/2011]',-26.100,-4.100,3.200,1.500,10.400,0.500
'[00:00:04.167 01/01/2011]',-25.300,-3.600,4.000,2.000,9.900,0.500
'[00:00:04.168 01/01/2011]',-24.500,-3.200,4.700,2.800,9.200,0.500
'[00:00:04.169 01/01/2011]',-24.200,-2.800,5.200,3.600,8.300,0.500
'[00:00:04.170 01/01/2011]',-24.700,-2.300,5.300,4.100,7.200,0.500
'[00:00:04.171 01/01/2011]',-25.600,-1.800,5.100,4.100,6.100,0.500
'[00:00:04.172 01/01/2011]',-26.300,-1.300,4.800,3.800,5.200,0.500
'[00:00:04.173 01/01/2011]',-26.200,-0.700,4.800,3.500,4.500,0.500
'[00:00:04.174 01/01/2011]',-25.100,-0.300,4.900,3.400,4.100,0.500
'[00:00:04.175 01/01/2011]',-23.500,0.000,5.300,3.700,3.800,0.500
'[00:00:04.176 01/01/2011]',-22.200,0.100,5.500,4.100,3.600,0.500
'[00:00:04.177 01/01/2011]',-21.600,-0.100,5.600,4.400,3.200,0.500
'[00:00:04.178 01/01/2011]',-21.800,-0.300,5.500,4.300,2.800,0.500
'[00:00:04.179 01/01/2011]',-22.400,-0.500,5.200,3.900,2.300,0.500
'[00:00:04.180 01/01/2011]',-22.800,-0.400,5.000,3.500,1.800,0.500
'[00:00:04.181 01/01/2011]',-22.600,-0.100,4.900,3.200,1.400,0.500
'[00:00:04.182 01/01/2011]',-21.800,0.500,5.100,3.300,1.200,0.500
'[00:00:04.183 01/01/2011]',-20.900,1.100,5.500,3.500,1.100,0.500
'[00:00:04.184 01/01/2011]',-20.100,1.700,6.000,3.900,1.000,0.500
'[00:00:04.185 01/01/2011]',-19.600,2.300,6.700,4.400,0.800,0.500
'[00:00:04.186 01/01/2011]',-19.100,2.800,7.300,4.900,0.500,0.500
'[00:00:04.187 01/01/2011]',-18.600,3.300,7.900,5.300,0.200,0.500
'[00:00:04.188 01/01/2011]',-18.100,3.600,8.400,5.600,-0.300,0.500
'[00:00:04.189 01/01/2011]',-17.600,3.900,8.600,5.700,-0.800,0.500
'[00:00:04.190 01/01/2011]',-17.400,4.100,8.500,5.500,-1.300,0.500
'[00:00:04.191 01/01/2011]',-17.500,4.300,8.300,5.000,-1.800,0.500
'[00:00:04.192 01/01/2011]',-17.700,4.500,8.000,4.600,-2.300,0.500
'[00:00:04.193 01/01/2011]',-17.800,4.800,7.900,4.300,-2.600,0.500
'[00:00:04.194 01/01/2011]',-17.400,5.100,7.900,4.300,-2.800,0.500
'[00:00:04.195 01/01/2011]',-16.900,5.300,8.100,4.400,-2.700,0.500
'[00:00:04.196 01/01/2011]',-16.400,5.400,8.300,4.400,-2.600,0.500
'[00:00:04.197 01/01/2011]',-16.300,5.300,8.200,4.300,-2.400,0.500
'[00:00:04.198 01/01/2011]',-16.600,5.100,7.800,3.900,-2.300,0.500
'[00:00:04.199 01/01/2011]',-17.100,4.700,7.400,3.400,-2.400,0.500
'[00:00:04.200 01/01/2011]',-17.500,4.400,7.200,3.000,-2.500,0.500
'[00:00:04.201 01/01/2011]',-17.300,4.200,7.300,2.700,-2.800,0.500
'[00:00:04.202 01/01/2011]',-16.400,4.100,7.600,2.400,-3.200,0.500
'[00:00:04.203 01/01/2011]',-14.900,4.100,8.000,2.200,-3.700,0.500
'[00:00:04.204 01/01/2011]',-13.000,4.100,8.000,1.900,-4.300,0.500
'[00:00:04.205 01/01/2011]',-11.100,4.300,7.600,1.800,-4.900,0.500
'[00:00:04.206 01/01/2011]',-9.700,4.600,6.900,2.000,-5.200,0.500
'[00:00:04.207 01/01/2011]',-9.300,5.100,6.300,2.600,-5.200,0.500
'[00:00:04.208 01/01/2011]',-9.900,5.800,6.000,3.600,-4.900,0.500
'[00:00:04.209 01/01/2011]',-11.100,6.600,6.300,4.500,-4.500,0.500
'[00:00:04.210 01/01/2011]',-12.500,7.200,7.000,5.300,-4.200,0.500
'[00:00:04.211 01/01/2011]',-13.200,7.400,7.600,5.600,-4.200,0.500
'[00:00:04.212 01/01/2011]',-12.900,7.100,7.900,5.600,-4.400,0.500
'[00:00:04.213 01/01/2011]',-11.900,6.600,7.700,5.500,-4.700,0.500
'[00:00:04.214 01/01/2011]',-10.800,6.300,7.200,5.500,-4.900,0.500
'[00:00:04.215 01/01/2011]',-10.300,6.400,6.700,5.600,-4.900,0.500
'[00:00:04.216 01/01/2011]',-10.700,7.000,6.500,5.900,-4.800,0.500
'[00:00:04.217 01/01/2011]',-11.600,7.800,6.800,6.000,-4.700,0.500
'[00:00:04.218 01/01/2011]',-12.300,8.200,7.300,6.000,-4.700,0.500
'[00:00:04.219 01/01/2011]',-12.000,8.000,7.700,5.800,-4.800,0.500
'[00:00:04.220 01/01/2011]',-10.800,7.200,7.700,5.600,-5.000,0.500
'[00:00:04.221 01/01/2011]',-9.400,6.200,7.400,5.600,-5.100,0.500
'[00:00:04.222 01/01/2011]',-8.700,5.600,6.800,5.900,-4.900,0.500
'[00:00:04.223 01/01/2011]',-9.000,5.600,6.200,6.300,-4.400,0.500
'[00:00:04.224 01/01/2011]',-9.900,6.100,5.700,6.700,-4.000,0.500
'[00:00:04.225 01/01/2011]',-10.800,6.800,5.500,6.800,-3.700,0.500
'[00:00:04.226 01/01/2011]',-10.800,7.300,5.300,6.500,-3.700,0.500
'[00:00:04.227 01/01/2011]',-9.800,7.400,5.100,6.000,-3.900,0.500
'[00:00:04.228 01/01/2011]',-8.500,7.300,4.800,5.600,-4.200,0.500
'[00:00:04.229 01/01/2011]',-7.700,7.400,4.500,5.300,-4.600,0.500
'[00:00:04.230 01/01/2011]',-7.900,7.900,4.300,5.200,-5.100,0.500
'[00:00:04.231 01/01/2011]',-8.800,8.700,4.300,5.200,-5.600,0.500
'[00:00:04.232 01/01/2011]',-9.700,9.400,4.200,4.800,-6.300,0.500
'[00:00:04.233 01/01/2011]',-10.000,9.600,4.100,4.100,-7.200,0.500
'[00:00:04.234 01/01/2011]',-9.500,9.100,3.700,2.900,-7.900,0.500
'[00:00:04.235 01/01/2011]',-8.600,8.200,3.100,1.700,-8.500,0.500
'[00:00:04.236 01/01/2011]',-7.800,7.100,2.300,0.900,-8.900,0.500
'[00:00:04.237 01/01/2011]',-7.700,6.300,1.500,0.500,-9.100,0.500
'[00:00:04.238 01/01/2011]',-8.100,5.900,0.800,0.500,-9.300,0.500
'[00:00:04.239 01/01/2011]',-8.400,5.700,0.300,0.600,-9.500,0.500
'[00:00:04.240 01/01/2011]',-8.400,5.400,-0.100,0.500,-9.900,0.500
'[00:00:04.241 01/01/2011]',-8.000,4.800,-0.300,0.100,-10.300,0.500
'[00:00:04.242 01/01/2011]',-7.400,4.100,-0.400,-0.400,-10.600,0.500
'[00:00:04.243 01/01/2011]',-7.300,3.500,-0.400,-0.800,-10.600,0.500
'[00:00:04.244 01/01/2011]',-7.800,3.300,-0.300,-0.800,-10.500,0.500
'[00:00:04.245 01/01/2011]',-9.000,3.600,-0.100,-0.500,-10.100,0.500
'[00:00:04.246 01/01/2011]',-10.300,4.300,0.000,0.100,-9.900,0.500
'[00:00:04.247 01/01/2011]',-11.100,5.200,0.000,0.600,-9.800,0.500
'[00:00:04.248 01/01/2011]',-11.300,5.900,-0.100,0.900,-9.900,0.500
'[00:00:04.249 01/01/2011]',-10.900,6.400,-0.300,1.100,-10.100,0.500
'[00:00:04.250 01/01/2011]',-10.400,6.400,-0.600,1.200,-10.200,0.500
'[00:00:04.251 01/01/2011]',-10.100,6.300,-0.800,1.300,-10.100,0.500
'[00:00:04.252 01/01/2011]',-10.400,6.000,-0.900,1.400,-9.900,0.500
'[00:00:04.253 01/01/2011]',-11.100,5.700,-1.000,1.400,-9.600,0.500
'[00:00:04.254 01/01/2011]',-12.100,5.300,-1.100,1.100,-9.500,0.500
'[00:00:04.255 01/01/2011]',-12.700,5.000,-1.200,0.700,-9.600,0.500
'[00:00:04.256 01/01/2011]',-12.800,4.600,-1.300,0.200,-9.800,0.500
'[00:00:04.257 01/01/2011]',-12.200,4.200,-1.300,-0.300,-9.900,0.500
'[00:00:04.258 01/01/2011]',-11.400,3.800,-1.400,-0.700,-9.800,0.500
'[00:00:04.259 01/01/2011]',-10.600,3.300,-1.500,-0.800,-9.500,0.500
'[00:00:04.260 01/01/2011]',-10.500,3.100,-1.700,-0.800,-9.200,0.500
'[00:00:04.261 01/01/2011]',-10.900,3.100,-2.000,-0.600,-9.200,0.500
'[00:00:04.262 01/01/2011]',-11.600,3.300,-2.300,-0.200,-9.500,0.500
'[00:00:04.263 01/01/2011]',-12.100,3.800,-2.500,0.300,-9.900,0.500
'[00:00:04.264 01/01/2011]',-11.900,4.500,-2.300,0.900,-10.300,0.500
'[00:00:04.265 01/01/2011]',-11.200,5.200,-1.700,1.500,-10.400,0.500
'[00:00:04.266 01/01/2011]',-10.400,5.900,-0.800,2.000,-9.900,0.500
'[00:00:04.267 01/01/2011]',-10.300,6.500,0.000,2.300,-9.000,0.500
'[00:00:04.268 01/01/2011]',-11.300,7.100,0.800,2.500,-8.100,0.500
'[00:00:04.269 01/01/2011]',-13.100,7.600,1.100,2.600,-7.500,0.500
'[00:00:04.270 01/01/2011]',-15.100,7.900,1.200,2.700,-7.400,0.500
'[00:00:04.271 01/01/2011]',-16.200,8.000,1.000,2.800,-7.800,0.500
'[00:00:04.272 01/01/2011]',-16.200,7.700,0.700,2.800,-8.300,0.500
'[00:00:04.273 01/01/2011]',-15.200,7.200,0.600,2.700,-8.700,0.500
'[00:00:04.274 01/01/2011]',-14.000,6.700,0.500,2.500,-8.900,0.500
'[00:00:04.275 01/01/2011]',-13.200,6.300,0.500,2.200,-8.800,0.500
'[00:00:04.276 01/01/2011]',-13.200,5.900,0.500,1.900,-8.600,0.500
'[00:00:04.277 01/01/2011]',-13.600,5.600,0.200,1.500,-8.700,0.500
'[00:00:04.278 01/01/2011]',-13.700,5.000,-0.300,1.200,-8.900,0.500
'[00:00:04.279 01/01/2011]',-13.200,4.300,-0.900,0.900,-9.300,0.500
'[00:00:04.280 01/01/2011]',-12.300,3.700,-1.500,0.700,-9.600,0.500
'[00:00:04.281 01/01/2011]',-11.300,3.200,-2.000,0.500,-9.700,0.500
'[00:00:04.282 01/01/2011]',-10.900,3.300,-2.200,0.400,-9.600,0.500
'[00:00:04.283 01/01/2011]',-11.100,3.700,-2.300,0.200,-9.500,0.500
'[00:00:04.284 01/01/2011]',-11.700,4.300,-2.400,0.100,-9.600,0.500
'[00:00:04.285 01/01/2011]',-12.300,4.700,-2.500,-0.100,-10.000,0.500
'[00:00:04.286 01/01/2011]',-12.700,4.800,-2.900,-0.200,-10.400,0.500
'[00:00:04.287 01/01/2011]',-13.000,4.700,-3.300,-0.200,-10.800,0.500
'[00:00:04.288 01/01/2011]',-13.600,4.400,-3.700,-0.200,-11.000,0.500
'[00:00:04.289 01/01/2011]',-14.500,4.300,-3.800,-0.200,-10.900,0.500
'[00:00:04.290 01/01/2011]',-15.600,4.400,-3.800,-0.200,-10.800,0.500
'[00:00:04.291 01/01/2011]',-16.300,4.600,-3.500,-0.200,-10.800,0.500
'[00:00:04.292 01/01/2011]',-16.500,4.700,-3.400,-0.400,-11.000,0.500
'[00:00:04.293 01/01/2011]',-16.100,4.500,-3.300,-0.700,-11.400,0.500
'[00:00:04.294 01/01/2011]',-15.100,4.200,-3.500,-1.100,-11.700,0.500
'[00:00:04.295 01/01/2011]',-14.000,3.700,-3.700,-1.400,-11.900,0.500
'[00:00:04.296 01/01/2011]',-12.900,3.100,-3.900,-1.700,-11.900,0.500
'[00:00:04.297 01/01/2011]',-11.900,2.600,-4.200,-1.900,-11.900,0.500
'[00:00:04.298 01/01/2011]',-11.100,2.100,-4.400,-2.100,-11.900,0.500
'[00:00:04.299 01/01/2011]',-10.700,1.700,-4.600,-2.200,-12.000,0.500
'[00:00:04.300 01/01/2011]',-10.900,1.300,-4.700,-2.200,-12.200,0.500
'[00:00:04.301 01/01/2011]',-11.700,1.100,-4.700,-2.100,-12.300,0.500
'[00:00:04.302 01/01/2011]',-13.000,1.100,-4.600,-2.000,-12.400,0.500
'[00:00:04.303 01/01/2011]',-14.200,1.300,-4.400,-2.000,-12.400,0.500
'[00:00:04.304 01/01/2011]',-14.700,1.600,-4.300,-2.100,-12.500,0.500
'[00:00:04.305 01/01/2011]',-14.500,1.900,-4.300,-2.300,-12.400,0.500
'[00:00:04.306 01/01/2011]',-13.700,2.000,-4.500,-2.400,-12.300,0.500
'[00:00:04.307 01/01/2011]',-12.900,2.100,-4.700,-2.400,-12.100,0.500
'[00:00:04.308 01/01/2011]',-12.700,2.200,-4.800,-2.200,-11.900,0.500
'[00:00:04.309 01/01/2011]',-13.100,2.500,-4.800,-1.800,-11.700,0.500
'[00:00:04.310 01/01/2011]',-13.800,3.000,-4.900,-1.300,-11.700,0.500
'[00:00:04.311 01/01/2011]',-14.500,3.500,-5.100,-1.000,-11.900,0.500
'[00:00:04.312 01/01/2011]',-14.600,4.000,-5.300,-0.700,-12.100,0.500
'[00:00:04.313 01/01/2011]',-14.200,4.200,-5.400,-0.700,-12.100,0.500
'[00:00:04.314 01/01/2011]',-13.500,4.100,-5.300,-0.700,-12.100,0.500
'[00:00:04.315 01/01/2011]',-12.600,3.800,-4.900,-0.900,-12.000,0.500
'[00:00:04.316 01/01/2011]',-11.800,3.300,-4.500,-1.000,-12.000,0.500
'[00:00:04.317 01/01/2011]',-11.100,2.700,-4.100,-1.300,-12.200,0.500
'[00:00:04.318 01/01/2011]',-10.400,1.900,-4.000,-1.600,-12.500,0.500
'[00:00:04.319 01/01/2011]',-10.000,1.000,-4.100,-2.000,-12.800,0.500
'[00:00:04.320 01/01/2011]',-9.800,0.100,-4.300,-2.400,-13.000,0.500
'[00:00:04.321 01/01/2011]',-10.100,-0.600,-4.500,-2.600,-13.200,0.500
'[00:00:04.322 01/01/2011]',-10.500,-1.000,-4.600,-2.700,-13.200,0.500
'[00:00:04.323 01/01/2011]',-11.000,-0.900,-4.600,-2.700,-13.200,0.500
'[00:00:04.324 01/01/2011]',-11.100,-0.400,-4.500,-2.400,-13.200,0.500
'[00:00:04.325 01/01/2011]',-10.800,0.200,-4.600,-2.100,-13.100,0.500
'[00:00:04.326 01/01/2011]',-10.500,0.800,-4.700,-1.700,-13.100,0.500
'[00:00:04.327 01/01/2011]',-10.400,1.100,-5.000,-1.300,-13.100,0.500
'[00:00:04.328 01/01/2011]',-10.700,1.300,-5.200,-0.900,-13.100,0.500
'[00:00:04.329 01/01/2011]',-11.300,1.400,-5.400,-0.700,-13.300,0.500
'[00:00:04.330 01/01/2011]',-11.500,1.400,-5.500,-0.600,-13.400,0.500
'[00:00:04.331 01/01/2011]',-11.000,1.600,-5.500,-0.700,-13.400,0.500
'[00:00:04.332 01/01/2011]',-9.500,2.000,-5.400,-0.900,-13.200,0.500
'[00:00:04.333 01/01/2011]',-7.200,2.400,-5.100,-1.100,-12.700,0.500
'[00:00:04.334 01/01/2011]',-4.900,2.700,-4.800,-1.200,-12.000,0.500
'[00:00:04.335 01/01/2011]',-3.000,2.700,-4.300,-1.200,-11.300,0.500
'[00:00:04.336 01/01/2011]',-1.900,2.400,-3.900,-1.100,-10.500,0.500
'[00:00:04.337 01/01/2011]',-1.600,1.900,-3.800,-1.000,-9.900,0.500
'[00:00:04.338 01/01/2011]',-1.600,1.300,-4.000,-1.100,-9.500,0.500
'[00:00:04.339 01/01/2011]',-1.700,0.800,-4.300,-1.200,-9.400,0.500
'[00:00:04.340 01/01/2011]',-1.700,0.400,-4.600,-1.400,-9.500,0.500
'[00:00:04.341 01/01/2011]',-1.600,0.300,-4.600,-1.400,-9.800,0.500
'[00:00:04.342 01/01/2011]',-1.500,0.300,-4.200,-1.300,-10.100,0.500
'[00:00:04.343 01/01/2011]',-1.200,0.400,-3.400,-1.000,-10.100,0.500
'[00:00:04.344 01/01/2011]',-0.700,0.600,-2.500,-0.600,-9.800,0.500
'[00:00:04.345 01/01/2011]',0.200,0.800,-1.900,-0.300,-9.200,0.500
'[00:00:04.346 01/01/2011]',1.200,1.200,-1.600,-0.100,-8.700,0.500
'[00:00:04.347 01/01/2011]',2.200,1.600,-1.800,0.000,-8.200,0.500
'[00:00:04.348 01/01/2011]',2.600,2.100,-2.100,0.100,-8.000,0.500
'[00:00:04.349 01/01/2011]',2.400,2.600,-2.300,0.200,-7.900,0.500
'[00:00:04.350 01/01/2011]',1.800,3.000,-2.300,0.500,-7.900,0.500
'[00:00:04.351 01/01/2011]',1.600,3.200,-2.100,0.700,-8.000,0.500
'[00:00:04.352 01/01/2011]',2.000,3.100,-1.900,0.800,-8.300,0.500
'[00:00:04.353 01/01/2011]',3.200,2.900,-1.900,0.700,-8.700,0.500
'[00:00:04.354 01/01/2011]',4.400,2.600,-2.200,0.500,-9.100,0.500
'[00:00:04.355 01/01/2011]',5.000,2.500,-2.400,0.400,-9.300,0.500
'[00:00:04.356 01/01/2011]',4.600,2.700,-2.400,0.700,-9.000,0.500
'[00:00:04.357 01/01/2011]',3.400,2.900,-2.100,1.400,-8.300,0.500
'[00:00:04.358 01/01/2011]',2.200,3.200,-1.500,2.200,-7.300,0.500
'[00:00:04.359 01/01/2011]',1.700,3.200,-0.900,3.100,-6.400,0.500
'[00:00:04.360 01/01/2011]',2.200,3.100,-0.500,3.500,-6.000,0.500
'[00:00:04.361 01/01/2011]',3.200,2.800,-0.500,3.400,-6.200,0.500
'[00:00:04.362 01/01/2011]',3.900,2.500,-0.700,2.900,-6.900,0.500
'[00:00:04.363 01/01/2011]',3.600,2.300,-0.900,2.300,-7.700,0.500
'[00:00:04.364 01/01/2011]',2.200,2.400,-1.000,1.800,-8.300,0.500
'[00:00:04.365 01/01/2011]',0.200,2.500,-0.900,1.800,-8.400,0.500
'[00:00:04.366 01/01/2011]',-1.400,2.700,-0.700,2.100,-8.100,0.500
'[00:00:04.367 01/01/2011]',-2.200,3.000,-0.700,2.500,-7.700,0.500
'[00:00:04.368 01/01/2011]',-2.200,3.500,-0.800,2.900,-7.500,0.500
'[00:00:04.369 01/01/2011]',-1.800,4.200,-1.200,3.000,-7.600,0.500
'[00:00:04.370 01/01/2011]',-1.500,5.000,-1.500,2.800,-8.000,0.500
'[00:00:04.371 01/01/2011]',-1.800,5.800,-1.800,2.300,-8.500,0.500
'[00:00:04.372 01/01/2011]',-2.700,6.200,-1.900,1.900,-8.800,0.500
'[00:00:04.373 01/01/2011]',-4.100,6.000,-1.800,1.600,-8.900,0.500
'[00:00:04.374 01/01/2011]',-5.500,5.300,-1.700,1.600,-8.600,0.500
'[00:00:04.375 01/01/2011]',-6.700,4.500,-1.600,1.700,-8.300,0.500
'[00:00:04.376 01/01/2011]',-7.600,3.700,-1.500,2.000,-8.100,0.500
'[00:00:04.377 01/01/2011]',-8.200,3.300,-1.600,2.200,-8.000,0.500
'[00:00:04.378 01/01/2011]',-8.500,3.200,-1.800,2.300,-8.100,0.500
'[00:00:04.379 01/01/2011]',-8.700,3.400,-2.100,2.400,-8.300,0.500
'[00:00:04.380 01/01/2011]',-8.900,3.600,-2.400,2.300,-8.500,0.500
'[00:00:04.381 01/01/2011]',-9.400,3.700,-2.800,2.300,-8.500,0.500
'[00:00:04.382 01/01/2011]',-10.000,3.800,-3.000,2.100,-8.400,0.500
'[00:00:04.383 01/01/2011]',-10.900,3.800,-3.000,1.900,-8.400,0.500
'[00:00:04.384 01/01/2011]',-11.700,3.900,-2.900,1.700,-8.400,0.500
'[00:00:04.385 01/01/2011]',-12.600,4.100,-2.600,1.500,-8.400,0.500
'[00:00:04.386 01/01/2011]',-13.200,4.200,-2.200,1.600,-8.300,0.500
'[00:00:04.387 01/01/2011]',-13.700,4.200,-1.800,1.900,-8.000,0.500
'[00:00:04.388 01/01/2011]',-14.100,4.400,-1.500,2.300,-7.500,0.500
'[00:00:04.389 01/01/2011]',-14.500,4.700,-1.200,2.700,-6.800,0.500
'[00:00:04.390 01/01/2011]',-15.000,5.300,-0.900,3.000,-6.200,0.500
'[00:00:04.391 01/01/2011]',-15.500,6.100,-0.600,3.200,-5.900,0.500
'[00:00:04.392 01/01/2011]',-16.100,6.800,-0.400,3.300,-5.900,0.500
'[00:00:04.393 01/01/2011]',-16.700,7.200,-0.200,3.300,-6.200,0.500
'[00:00:04.394 01/01/2011]',-16.900,7.100,-0.200,3.300,-6.600,0.500
'[00:00:04.395 01/01/2011]',-16.700,6.600,-0.300,3.300,-7.000,0.500
'[00:00:04.396 01/01/2011]',-16.000,5.800,-0.300,3.200,-7.200,0.500
'[00:00:04.397 01/01/2011]',-15.100,5.000,-0.300,3.100,-7.100,0.500
'[00:00:04.398 01/01/2011]',-14.300,4.400,-0.100,3.000,-6.800,0.500
'[00:00:04.399 01/01/2011]',-14.000,3.900,0.000,2.800,-6.300,0.500
'[00:00:04.400 01/01/2011]',-14.300,3.600,0.100,2.600,-5.900,0.500
'[00:00:04.401 01/01/2011]',-15.000,3.300,-0.100,2.600,-5.400,0.500
'[00:00:04.402 01/01/2011]',-15.700,3.100,-0.400,2.600,-5.100,0.500
'[00:00:04.403 01/01/2011]',-15.800,3.200,-0.900,2.700,-4.900,0.500
'[00:00:04.404 01/01/2011]',-15.300,3.500,-1.400,2.900,-4.600,0.500
'[00:00:04.405 01/01/2011]',-14.200,4.200,-1.700,3.100,-4.200,0.500
'[00:00:04.406 01/01/2011]',-12.900,5.100,-1.600,3.300,-3.600,0.500
'[00:00:04.407 01/01/2011]',-12.000,6.000,-1.100,3.400,-3.100,0.500
'[00:00:04.408 01/01/2011]',-11.600,6.600,-0.500,3.600,-2.600,0.500
'[00:00:04.409 01/01/2011]',-11.900,6.800,0.200,3.600,-2.300,0.500
'[00:00:04.410 01/01/2011]',-12.700,6.800,0.800,3.700,-2.000,0.500
'[00:00:04.411 01/01/2011]',-13.700,6.600,1.100,3.800,-1.800,0.500
'[00:00:04.412 01/01/2011]',-14.700,6.600,1.300,3.900,-1.600,0.500
'[00:00:04.413 01/01/2011]',-15.300,6.800,1.200,4.000,-1.200,0.500
'[00:00:04.414 01/01/2011]',-15.400,6.900,1.100,4.100,-0.800,0.500
'[00:00:04.415 01/01/2011]',-14.900,7.000,1.000,4.000,-0.700,0.500
'[00:00:04.416 01/01/2011]',-14.200,6.700,1.000,3.700,-0.900,0.500
'[00:00:04.417 01/01/2011]',-13.400,6.100,1.000,3.500,-1.400,0.500
'[00:00:04.418 01/01/2011]',-12.800,5.600,1.000,3.300,-2.000,0.500
'[00:00:04.419 01/01/2011]',-12.600,5.200,1.100,3.300,-2.400,0.500
'[00:00:04.420 01/01/2011]',-12.700,5.100,1.200,3.600,-2.500,0.500
'[00:00:04.421 01/01/2011]',-13.000,5.200,1.300,4.000,-2.300,0.500
'[00:00:04.422 01/01/2011]',-13.200,5.500,1.500,4.500,-1.800,0.500
'[00:00:04.423 01/01/2011]',-13.400,5.800,1.600,4.900,-1.400,0.500
'[00:00:04.424 01/01/2011]',-13.500,6.000,1.600,5.200,-1.100,0.500
'[00:00:04.425 01/01/2011]',-13.500,6.100,1.600,5.500,-1.000,0.500
'[00:00:04.426 01/01/2011]',-13.300,6.400,1.400,5.600,-1.100,0.500
'[00:00:04.427 01/01/2011]',-12.900,6.700,1.200,5.500,-1.400,0.500
'[00:00:04.428 01/01/2011]',-12.400,7.100,1.000,5.200,-2.000,0.500
'[00:00:04.429 01/01/2011]',-12.100,7.300,0.800,4.800,-2.800,0.500
'[00:00:04.430 01/01/2011]',-12.200,7.300,0.700,4.400,-3.500,0.500
'[00:00:04.431 01/01/2011]',-12.700,7.200,0.500,4.100,-3.900,0.500
'[00:00:04.432 01/01/2011]',-13.600,7.100,0.300,4.000,-3.800,0.500
'[00:00:04.433 01/01/2011]',-14.600,7.000,0.200,4.200,-3.100,0.500
'[00:00:04.434 01/01/2011]',-15.200,6.700,0.200,4.300,-2.400,0.500
'[00:00:04.435 01/01/2011]',-15.400,6.400,0.100,4.400,-2.100,0.500
'[00:00:04.436 01/01/2011]',-15.300,5.800,0.100,4.200,-2.400,0.500
'[00:00:04.437 01/01/2011]',-15.100,5.100,-0.100,3.900,-3.200,0.500
'[00:00:04.438 01/01/2011]',-14.900,4.500,-0.300,3.500,-4.200,0.500
'[00:00:04.439 01/01/2011]',-14.600,4.100,-0.600,3.300,-4.600,0.500
'[00:00:04.440 01/01/2011]',-14.100,4.000,-0.700,3.300,-4.500,0.500
'[00:00:04.441 01/01/2011]',-13.200,4.100,-0.500,3.500,-3.800,0.500
'[00:00:04.442 01/01/2011]',-12.300,4.400,-0.200,3.900,-3.100,0.500
'[00:00:04.443 01/01/2011]',-11.700,4.600,0.300,4.300,-2.900,0.500
'[00:00:04.444 01/01/2011]',-11.700,4.700,0.400,4.600,-3.500,0.500
'[00:00:04.445 01/01/2011]',-12.400,4.700,0.100,4.700,-4.600,0.500
'[00:00:04.446 01/01/2011]',-13.600,4.600,-0.800,4.500,-5.900,0.500
'[00:00:04.447 01/01/2011]',-14.700,4.600,-2.200,4.000,-6.900,0.500
'[00:00:04.448 01/01/2011]',-15.400,4.500,-3.700,3.300,-7.700,0.500
'[00:00:04.449 01/01/2011]',-15.400,4.400,-5.000,2.600,-8.100,0.500
'[00:00:04.450 01/01/2011]',-14.900,4.500,-5.600,2.300,-8.400,0.500
'[00:00:04.451 01/01/2011]',-14.200,4.700,-5.300,2.600,-8.500,0.500
'[00:00:04.452 01/01/2011]',-13.400,5.300,-4.300,3.300,-8.300,0.500
'[00:00:04.453 01/01/2011]',-12.300,6.000,-2.800,4.100,-7.700,0.500
'[00:00:04.454 01/01/2011]',-10.300,6.600,-1.300,4.700,-6.800,0.500
'[00:00:04.455 01/01/2011]',-6.600,7.000,0.000,5.000,-5.800,0.500
'[00:00:04.456 01/01/2011]',-0.600,6.900,0.900,5.000,-4.900,0.500
'[00:00:04.457 01/01/2011]',7.400,6.400,1.800,4.900,-4.100,0.500
'[00:00:04.458 01/01/2011]',16.900,5.700,2.800,5.100,-3.400,0.500
'[00:00:04.459 01/01/2011]',26.800,5.100,4.200,5.800,-2.500,0.500
'[00:00:04.460 01/01/2011]',36.101,4.700,5.800,6.900,-1.500,0.500
'[00:00:04.461 01/01/2011]',44.201,4.800,7.300,8.300,-0.300,0.500
'[00:00:04.462 01/01/2011]',50.601,5.300,8.600,9.500,0.700,0.500
'[00:00:04.463 01/01/2011]',55.401,6.000,9.300,10.300,1.400,0.500
'[00:00:04.464 01/01/2011]',58.401,6.800,9.500,10.800,1.900,0.500
'[00:00:04.465 01/01/2011]',59.501,7.500,9.600,11.000,2.300,0.500
'[00:00:04.466 01/01/2011]',58.901,8.000,9.700,11.200,3.200,0.500
'[00:00:04.467 01/01/2011]',56.901,8.400,10.200,11.500,4.800,0.500
'[00:00:04.468 01/01/2011]',54.501,8.800,11.000,11.900,7.100,0.500
'[00:00:04.469 01/01/2011]',52.601,9.400,12.000,12.400,9.700,0.500
'[00:00:04.470 01/01/2011]',51.801,10.100,13.200,13.000,11.900,0.500
'[00:00:04.471 01/01/2011]',52.401,10.900,14.400,13.700,13.600,0.500
'[00:00:04.472 01/01/2011]',53.901,11.600,15.500,14.300,14.500,0.500
'[00:00:04.473 01/01/2011]',55.201,12.100,16.400,15.000,14.900,0.500
'[00:00:04.474 01/01/2011]',55.701,12.200,17.000,15.500,15.100,0.500
'[00:00:04.475 01/01/2011]',54.901,12.100,17.300,15.900,15.000,0.500
'[00:00:04.476 01/01/2011]',52.801,11.800,17.100,15.900,14.600,0.500
'[00:00:04.477 01/01/2011]',49.601,11.400,16.500,15.300,13.600,0.500
'[00:00:04.478 01/01/2011]',45.501,10.800,15.400,14.200,11.700,0.500
'[00:00:04.479 01/01/2011]',40.301,10.000,13.700,12.300,9.000,0.500
'[00:00:04.480 01/01/2011]',33.201,9.000,11.300,10.000,5.600,0.500
'[00:00:04.481 01/01/2011]',23.800,8.100,8.200,7.500,2.100,0.500
'[00:00:04.482 01/01/2011]',11.900,7.400,4.600,5.000,-1.400,0.500
'[00:00:04.483 01/01/2011]',-1.500,7.000,1.000,3.100,-4.400,0.500
'[00:00:04.484 01/01/2011]',-14.800,6.800,-2.000,1.800,-6.800,0.500
'[00:00:04.485 01/01/2011]',-26.000,6.800,-3.900,1.300,-8.300,0.500
'[00:00:04.486 01/01/2011]',-33.401,6.900,-4.300,1.500,-8.800,0.500
'[00:00:04.487 01/01/2011]',-36.401,7.300,-3.500,2.200,-8.500,0.500
'[00:00:04.488 01/01/2011]',-35.001,7.900,-2.100,3.300,-7.600,0.500
'[00:00:04.489 01/01/2011]',-30.500,8.700,-0.800,4.400,-6.400,0.500
'[00:00:04.490 01/01/2011]',-24.100,9.400,-0.100,5.400,-5.500,0.500
'[00:00:04.491 01/01/2011]',-17.300,9.800,-0.100,6.000,-4.900,0.500
'[00:00:04.492 01/01/2011]',-11.200,9.600,-0.400,6.100,-4.900,0.500
'[00:00:04.493 01/01/2011]',-6.400,8.800,-0.700,5.700,-5.100,0.500
'[00:00:04.494 01/01/2011]',-2.900,7.700,-0.600,5.200,-5.500,0.500
'[00:00:04.495 01/01/2011]',-0.600,6.700,-0.100,4.900,-5.900,0.500
'[00:00:04.496 01/01/2011]',1.000,6.000,0.500,4.800,-6.100,0.500
'[00:00:04.497 01/01/2011]',2.000,5.600,0.800,5.000,-6.300,0.500
'[00:00:04.498 01/01/2011]',2.600,5.300,0.600,5.300,-6.500,0.500
'[00:00:04.499 01/01/2011]',2.700,5.000,0.100,5.400,-6.500,0.500
'[00:00:04.500 01/01/2011]',2.100,4.300,-0.600,5.200,-6.500,0.500
'[00:00:04.501 01/01/2011]',1.100,3.600,-0.900,4.900,-6.300,0.500
'[00:00:04.502 01/01/2011]',0.200,3.100,-0.700,4.400,-6.000,0.500
'[00:00:04.503 01/01/2011]',0.000,3.000,-0.300,4.200,-5.700,0.500
'[00:00:04.504 01/01/2011]',0.800,3.500,0.000,4.200,-5.500,0.500
'[00:00:04.505 01/01/2011]',2.300,4.400,0.200,4.300,-5.400,0.500
'[00:00:04.506 01/01/2011]',4.100,5.400,0.000,4.400,-5.300,0.500
'[00:00:04.507 01/01/2011]',5.400,6.100,-0.300,4.300,-5.300,0.500
'[00:00:04.508 01/01/2011]',5.900,6.400,-0.500,4.000,-5.300,0.500
'[00:00:04.509 01/01/2011]',5.700,6.300,-0.500,3.600,-5.300,0.500
'[00:00:04.510 01/01/2011]',5.300,6.200,-0.200,3.500,-5.500,0.500
'[00:00:04.511 01/01/2011]',5.200,6.100,0.200,3.500,-5.700,0.500
'[00:00:04.512 01/01/2011]',5.300,6.300,0.700,3.800,-5.900,0.500
'[00:00:04.513 01/01/2011]',5.600,6.800,1.000,4.100,-6.000,0.500
'[00:00:04.514 01/01/2011]',5.700,7.300,1.100,4.400,-5.600,0.500
'[00:00:04.515 01/01/2011]',5.700,7.500,1.200,4.700,-5.000,0.500
'[00:00:04.516 01/01/2011]',5.600,7.400,1.100,4.900,-4.300,0.500
'[00:00:04.517 01/01/2011]',5.600,6.900,1.000,4.900,-3.700,0.500
'[00:00:04.518 01/01/2011]',5.800,6.300,0.900,4.800,-3.400,0.500
'[00:00:04.519 01/01/2011]',6.200,5.900,0.900,4.600,-3.500,0.500
'[00:00:04.520 01/01/2011]',6.500,5.800,1.100,4.200,-3.900,0.500
'[00:00:04.521 01/01/2011]',6.600,6.100,1.500,4.000,-4.200,0.500
'[00:00:04.522 01/01/2011]',6.400,6.500,2.200,3.900,-4.300,0.500
'[00:00:04.523 01/01/2011]',6.100,6.900,2.800,4.300,-4.000,0.500
'[00:00:04.524 01/01/2011]',6.100,7.200,3.200,4.800,-3.400,0.500
'[00:00:04.525 01/01/2011]',6.500,7.300,3.400,5.400,-2.600,0.500
'[00:00:04.526 01/01/2011]',7.200,7.300,3.400,5.800,-1.900,0.500
'[00:00:04.527 01/01/2011]',8.000,7.300,3.200,5.800,-1.500,0.500
'[00:00:04.528 01/01/2011]',8.700,7.300,3.000,5.600,-1.500,0.500
'[00:00:04.529 01/01/2011]',8.800,7.300,2.800,5.300,-1.900,0.500
'[00:00:04.530 01/01/2011]',8.400,7.300,2.700,5.000,-2.400,0.500
'[00:00:04.531 01/01/2011]',7.600,7.200,2.500,4.900,-2.800,0.500
'[00:00:04.532 01/01/2011]',7.000,7.200,2.200,4.800,-2.800,0.500
'[00:00:04.533 01/01/2011]',7.000,7.400,2.000,4.900,-2.500,0.500
'[00:00:04.534 01/01/2011]',7.600,7.900,2.100,5.000,-1.900,0.500
'[00:00:04.535 01/01/2011]',8.700,8.500,2.400,5.300,-1.400,0.500
'[00:00:04.536 01/01/2011]',9.800,8.800,3.000,5.600,-1.200,0.500
'[00:00:04.537 01/01/2011]',10.400,8.700,3.700,6.000,-1.300,0.500
'[00:00:04.538 01/01/2011]',10.300,8.100,4.300,6.200,-1.700,0.500
'[00:00:04.539 01/01/2011]',9.900,7.100,4.500,6.300,-2.100,0.500
'[00:00:04.540 01/01/2011]',9.700,6.200,4.500,6.400,-2.500,0.500
'[00:00:04.541 01/01/2011]',9.900,5.500,4.400,6.500,-2.700,0.500
'[00:00:04.542 01/01/2011]',10.700,5.300,4.300,6.700,-2.700,0.500
'[00:00:04.543 01/01/2011]',11.600,5.400,4.100,7.100,-2.700,0.500
'[00:00:04.544 01/01/2011]',12.200,5.800,4.100,7.500,-2.600,0.500
'[00:00:04.545 01/01/2011]',12.200,6.200,4.100,8.000,-2.500,0.500
'[00:00:04.546 01/01/2011]',11.800,6.600,4.200,8.300,-2.400,0.500
'[00:00:04.547 01/01/2011]',11.200,7.100,4.400,8.500,-2.200,0.500
'[00:00:04.548 01/01/2011]',10.800,7.600,4.700,8.400,-2.000,0.500
'[00:00:04.549 01/01/2011]',10.700,8.100,5.000,8.200,-1.700,0.500
'[00:00:04.550 01/01/2011]',10.900,8.500,5.000,7.900,-1.500,0.500
'[00:00:04.551 01/01/2011]',11.100,8.700,4.700,7.600,-1.300,0.500
'[00:00:04.552 01/01/2011]',11.300,8.600,4.200,7.400,-1.100,0.500
'[00:00:04.553 01/01/2011]',11.300,8.300,3.800,7.500,-1.000,0.500
'[00:00:04.554 01/01/2011]',11.200,8.100,3.700,7.700,-0.900,0.500
'[00:00:04.555 01/01/2011]',10.800,7.800,3.900,7.900,-1.000,0.500
'[00:00:04.556 01/01/2011]',10.100,7.600,4.300,7.800,-1.200,0.500
'[00:00:04.557 01/01/2011]',9.400,7.200,4.600,7.400,-1.400,0.500
'[00:00:04.558 01/01/2011]',9.100,6.600,4.500,6.700,-1.600,0.500
'[00:00:04.559 01/01/2011]',9.700,5.800,4.100,6.000,-1.800,0.500
'[00:00:04.560 01/01/2011]',11.200,5.200,3.500,5.600,-1.800,0.500
'[00:00:04.561 01/01/2011]',13.000,5.100,3.300,5.800,-1.900,0.500
'[00:00:04.562 01/01/2011]',14.400,5.500,3.500,6.300,-2.000,0.500
'[00:00:04.563 01/01/2011]',14.500,6.300,4.100,6.700,-2.100,0.500
'[00:00:04.564 01/01/2011]',13.400,7.100,4.700,6.900,-2.300,0.500
'[00:00:04.565 01/01/2011]',11.700,7.600,5.000,6.600,-2.600,0.500
'[00:00:04.566 01/01/2011]',10.600,7.700,4.800,6.200,-2.700,0.500
'[00:00:04.567 01/01/2011]',11.000,7.700,4.500,6.000,-2.700,0.500
'[00:00:04.568 01/01/2011]',12.700,7.800,4.100,6.200,-2.500,0.500
'[00:00:04.569 01/01/2011]',14.700,8.100,4.100,6.700,-2.200,0.500
'[00:00:04.570 01/01/2011]',15.900,8.600,4.300,7.400,-1.700,0.500
'[00:00:04.571 01/01/2011]',15.400,9.100,4.800,7.700,-1.200,0.500
'[00:00:04.572 01/01/2011]',13.700,9.300,5.200,7.600,-0.700,0.500
'[00:00:04.573 01/01/2011]',11.700,9.100,5.400,7.200,-0.100,0.500
'[00:00:04.574 01/01/2011]',10.700,8.700,5.500,6.800,0.400,0.500
'[00:00:04.575 01/01/2011]',11.300,8.100,5.500,6.900,0.800,0.500
'[00:00:04.576 01/01/2011]',13.100,7.600,5.700,7.300,1.000,0.500
'[00:00:04.577 01/01/2011]',15.000,7.100,5.900,8.000,1.000,0.500
'[00:00:04.578 01/01/2011]',16.100,6.800,6.200,8.500,0.900,0.500
'[00:00:04.579 01/01/2011]',15.800,6.700,6.300,8.800,0.600,0.500
'[00:00:04.580 01/01/2011]',14.700,6.900,6.200,8.800,0.400,0.500
'[00:00:04.581 01/01/2011]',13.500,7.300,5.900,8.700,0.200,0.500
'[00:00:04.582 01/01/2011]',13.200,7.900,5.500,8.700,0.100,0.500
'[00:00:04.583 01/01/2011]',13.900,8.500,5.300,8.800,0.100,0.500
'[00:00:04.584 01/01/2011]',15.400,8.900,5.300,9.000,0.200,0.500
'[00:00:04.585 01/01/2011]',16.800,9.100,5.500,9.200,0.400,0.500
'[00:00:04.586 01/01/2011]',17.600,9.200,6.000,9.200,0.700,0.500
'[00:00:04.587 01/01/2011]',17.600,9.500,6.600,9.100,1.100,0.500
'[00:00:04.588 01/01/2011]',17.100,9.800,7.200,9.000,1.600,0.500
'[00:00:04.589 01/01/2011]',16.800,10.100,7.600,8.900,2.100,0.500
'[00:00:04.590 01/01/2011]',16.900,10.400,7.700,9.000,2.300,0.500
'[00:00:04.591 01/01/2011]',17.600,10.300,7.600,9.200,2.300,0.500
'[00:00:04.592 01/01/2011]',18.500,10.100,7.400,9.600,1.900,0.500
'[00:00:04.593 01/01/2011]',19.300,9.900,7.100,10.100,1.400,0.500
'[00:00:04.594 01/01/2011]',19.600,9.800,7.000,10.600,0.900,0.500
'[00:00:04.595 01/01/2011]',19.600,9.800,7.000,10.900,0.800,0.500
'[00:00:04.596 01/01/2011]',19.700,9.900,7.100,10.900,1.000,0.500
'[00:00:04.597 01/01/2011]',20.200,9.800,7.200,10.600,1.500,0.500
'[00:00:04.598 01/01/2011]',21.100,9.500,7.400,10.100,2.100,0.500
'[00:00:04.599 01/01/2011]',22.200,9.100,7.500,9.700,2.400,0.500
'[00:00:04.600 01/01/2011]',22.800,8.800,7.700,9.500,2.600,0.500
'[00:00:04.601 01/01/2011]',22.600,8.700,7.800,9.700,2.600,0.500
'[00:00:04.602 01/01/2011]',21.500,8.700,7.800,10.100,2.600,0.500
'[00:00:04.603 01/01/2011]',20.100,8.700,7.600,10.600,2.700,0.500
'[00:00:04.604 01/01/2011]',19.300,8.600,7.300,11.000,2.800,0.500
'[00:00:04.605 01/01/2011]',19.300,8.400,7.100,11.200,2.900,0.500
'[00:00:04.606 01/01/2011]',20.100,8.500,6.900,11.200,2.800,0.500
'[00:00:04.607 01/01/2011]',21.000,8.800,7.100,11.200,2.700,0.500
'[00:00:04.608 01/01/2011]',21.500,9.600,7.600,11.500,2.700,0.500
'[00:00:04.609 01/01/2011]',21.400,10.500,8.200,11.900,3.000,0.500
'[00:00:04.610 01/01/2011]',20.700,11.100,8.700,12.600,3.500,0.500
'[00:00:04.611 01/01/2011]',20.100,11.200,9.000,13.100,4.100,0.500
'[00:00:04.612 01/01/2011]',19.900,10.700,8.800,13.400,4.500,0.500
'[00:00:04.613 01/01/2011]',20.100,10.000,8.300,13.200,4.500,0.500
'[00:00:04.614 01/01/2011]',20.700,9.500,7.600,12.700,4.200,0.500
'[00:00:04.615 01/01/2011]',21.200,9.300,7.200,12.000,3.900,0.500
'[00:00:04.616 01/01/2011]',21.700,9.400,7.000,11.400,3.900,0.500
'[00:00:04.617 01/01/2011]',22.100,9.700,7.100,11.300,4.300,0.500
'[00:00:04.618 01/01/2011]',22.300,9.700,7.200,11.600,5.000,0.500
'[00:00:04.619 01/01/2011]',22.200,9.500,7.100,12.000,5.700,0.500
'[00:00:04.620 01/01/2011]',21.700,9.100,6.800,12.300,6.100,0.500
'[00:00:04.621 01/01/2011]',20.800,8.700,6.200,12.400,6.200,0.500
'[00:00:04.622 01/01/2011]',19.900,8.500,5.700,12.200,6.100,0.500
'[00:00:04.623 01/01/2011]',19.300,8.500,5.400,12.100,6.100,0.500
'[00:00:04.624 01/01/2011]',19.400,8.800,5.200,12.000,6.200,0.500
'[00:00:04.625 01/01/2011]',20.100,9.000,5.100,12.000,6.500,0.500
'[00:00:04.626 01/01/2011]',21.100,9.000,5.000,12.100,6.800,0.500
'[00:00:04.627 01/01/2011]',21.800,8.900,4.900,12.000,7.100,0.500
'[00:00:04.628 01/01/2011]',22.000,8.800,4.900,11.800,7.300,0.500
'[00:00:04.629 01/01/2011]',21.800,8.900,5.000,11.600,7.600,0.500
'[00:00:04.630 01/01/2011]',21.500,9.400,5.300,11.600,8.100,0.500
'[00:00:04.631 01/01/2011]',21.500,10.100,5.800,12.000,8.500,0.500
'[00:00:04.632 01/01/2011]',22.000,10.900,6.200,12.500,8.900,0.500
'[00:00:04.633 01/01/2011]',22.500,11.300,6.500,12.800,9.000,0.500
'[00:00:04.634 01/01/2011]',22.900,11.300,6.700,12.900,8.800,0.500
'[00:00:04.635 01/01/2011]',22.800,10.700,6.900,12.700,8.400,0.500
'[00:00:04.636 01/01/2011]',22.400,9.900,7.100,12.400,8.200,0.500
'[00:00:04.637 01/01/2011]',21.800,9.400,7.400,12.100,8.300,0.500
'[00:00:04.638 01/01/2011]',21.600,9.400,7.600,12.000,8.600,0.500
'[00:00:04.639 01/01/2011]',21.600,9.700,7.700,12.000,9.000,0.500
'[00:00:04.640 01/01/2011]',21.900,10.200,7.600,12.000,9.100,0.500
'[00:00:04.641 01/01/2011]',22.100,10.500,7.200,11.700,8.700,0.500
'[00:00:04.642 01/01/2011]',22.200,10.300,6.700,11.300,7.900,0.500
'[00:00:04.643 01/01/2011]',22.100,9.900,6.300,10.900,7.100,0.500
'[00:00:04.644 01/01/2011]',22.100,9.400,5.900,10.700,6.600,0.500
'[00:00:04.645 01/01/2011]',22.300,9.100,5.600,10.800,6.400,0.500
'[00:00:04.646 01/01/2011]',22.800,9.300,5.500,11.100,6.600,0.500
'[00:00:04.647 01/01/2011]',23.200,9.700,5.600,11.400,6.900,0.500
'[00:00:04.648 01/01/2011]',23.500,10.000,5.900,11.600,7.000,0.500
'[00:00:04.649 01/01/2011]',23.300,10.300,6.300,11.600,6.900,0.500
'[00:00:04.650 01/01/2011]',22.800,10.500,6.600,11.600,6.600,0.500
'[00:00:04.651 01/01/2011]',22.200,10.600,6.700,11.400,6.200,0.500
'[00:00:04.652 01/01/2011]',22.000,10.700,6.500,11.200,5.800,0.500
'[00:00:04.653 01/01/2011]',21.900,10.800,6.000,10.900,5.400,0.500
'[00:00:04.654 01/01/2011]',21.900,10.800,5.300,10.500,5.000,0.500
'[00:00:04.655 01/01/2011]',21.500,10.600,4.700,10.100,4.700,0.500
'[00:00:04.656 01/01/2011]',20.800,10.200,4.300,9.600,4.400,0.500
'[00:00:04.657 01/01/2011]',19.900,10.000,4.400,9.300,4.200,0.500
'[00:00:04.658 01/01/2011]',19.600,9.900,4.700,9.100,4.000,0.500
'[00:00:04.659 01/01/2011]',19.900,10.200,5.300,9.000,3.700,0.500
'[00:00:04.660 01/01/2011]',21.000,10.500,5.800,9.100,3.400,0.500
'[00:00:04.661 01/01/2011]',22.300,10.700,6.300,9.400,3.000,0.500
'[00:00:04.662 01/01/2011]',23.200,10.600,6.600,9.700,2.700,0.500
'[00:00:04.663 01/01/2011]',23.500,10.400,6.800,10.100,2.700,0.500
'[00:00:04.664 01/01/2011]',23.100,10.200,7.000,10.400,3.000,0.500
'[00:00:04.665 01/01/2011]',22.600,10.400,7.100,10.700,3.600,0.500
'[00:00:04.666 01/01/2011]',22.500,11.000,7.200,10.900,4.100,0.500
'[00:00:04.667 01/01/2011]',23.000,11.900,7.200,10.900,4.500,0.500
'[00:00:04.668 01/01/2011]',23.800,12.500,7.100,10.900,4.600,0.500
'[00:00:04.669 01/01/2011]',24.500,12.600,7.000,10.800,4.500,0.500
'[00:00:04.670 01/01/2011]',24.500,12.100,7.000,10.800,4.400,0.500
'[00:00:04.671 01/01/2011]',23.800,11.400,7.000,10.700,4.400,0.500
'[00:00:04.672 01/01/2011]',22.800,10.700,7.000,10.600,4.500,0.500
'[00:00:04.673 01/01/2011]',22.000,10.400,7.200,10.400,4.600,0.500
'[00:00:04.674 01/01/2011]',22.100,10.600,7.400,10.300,4.700,0.500
'[00:00:04.675 01/01/2011]',23.200,10.900,7.500,10.100,4.500,0.500
'[00:00:04.676 01/01/2011]',24.700,11.200,7.500,10.000,4.300,0.500
'[00:00:04.677 01/01/2011]',26.000,11.200,7.500,10.100,4.100,0.500
'[00:00:04.678 01/01/2011]',26.100,11.100,7.600,10.300,4.100,0.500
'[00:00:04.679 01/01/2011]',24.900,11.100,7.800,10.600,4.100,0.500
'[00:00:04.680 01/01/2011]',22.900,11.400,8.500,11.000,4.000,0.500
'[00:00:04.681 01/01/2011]',20.800,12.100,9.400,11.400,3.600,0.500
'[00:00:04.682 01/01/2011]',19.600,13.000,10.600,11.600,2.700,0.500
'[00:00:04.683 01/01/2011]',19.500,13.900,11.900,11.800,1.400,0.500
'[00:00:04.684 01/01/2011]',20.200,14.800,13.400,11.900,-0.100,0.500
'[00:00:04.685 01/01/2011]',20.900,15.700,15.300,12.100,-1.600,0.500
'[00:00:04.686 01/01/2011]',20.900,16.800,17.600,12.300,-3.000,0.500
'[00:00:04.687 01/01/2011]',20.000,18.200,20.400,12.500,-4.200,0.500
'[00:00:04.688 01/01/2011]',18.700,19.800,23.500,12.800,-5.300,0.500
'[00:00:04.689 01/01/2011]',17.500,21.300,26.400,13.000,-6.300,0.500
'[00:00:04.690 01/01/2011]',16.900,22.400,28.900,13.100,-6.900,0.500
'[00:00:04.691 01/01/2011]',16.900,22.900,30.900,13.400,-7.000,0.500
'[00:00:04.692 01/01/2011]',17.300,22.900,32.400,14.000,-6.300,0.500
'[00:00:04.693 01/01/2011]',17.500,22.800,33.801,15.100,-4.700,0.500
'[00:00:04.694 01/01/2011]',17.300,22.800,35.301,16.700,-2.300,0.500
'[00:00:04.695 01/01/2011]',16.800,23.000,37.101,18.700,0.500,0.500
'[00:00:04.696 01/01/2011]',16.100,23.500,39.101,20.600,3.700,0.500
'[00:00:04.697 01/01/2011]',15.400,23.900,40.801,22.200,7.100,0.500
'[00:00:04.698 01/01/2011]',14.700,23.900,42.301,23.400,10.900,0.500
'[00:00:04.699 01/01/2011]',13.600,23.400,43.401,24.400,15.100,0.500
'[00:00:04.700 01/01/2011]',12.100,22.400,43.901,25.400,19.700,0.500
'[00:00:04.701 01/01/2011]',10.200,20.900,43.901,26.700,24.900,0.500
'[00:00:04.702 01/01/2011]',8.300,19.100,43.301,28.300,30.400,0.500
'[00:00:04.703 01/01/2011]',6.500,17.200,42.101,30.100,36.201,0.500
'[00:00:04.704 01/01/2011]',5.400,15.200,40.401,31.700,42.001,0.500
'[00:00:04.705 01/01/2011]',4.800,13.300,38.401,32.901,47.701,0.500
'[00:00:04.706 01/01/2011]',4.400,11.500,36.301,33.501,53.301,0.500
'[00:00:04.707 01/01/2011]',3.700,9.500,33.901,33.901,58.801,0.500
'[00:00:04.708 01/01/2011]',2.200,7.300,31.100,34.101,64.301,0.500
'[00:00:04.709 01/01/2011]',-0.300,4.600,27.700,34.501,70.201,0.500
'[00:00:04.710 01/01/2011]',-3.300,1.300,23.600,35.001,76.601,0.500
'[00:00:04.711 01/01/2011]',-6.000,-2.300,19.300,35.601,83.601,0.500
'[00:00:04.712 01/01/2011]',-7.700,-5.900,15.000,36.101,90.801,0.500
'[00:00:04.713 01/01/2011]',-7.800,-9.000,11.200,36.301,97.701,0.500
'[00:00:04.714 01/01/2011]',-6.800,-11.500,7.700,36.301,103.802,0.500
'[00:00:04.715 01/01/2011]',-5.600,-13.600,4.500,36.001,108.702,0.500
'[00:00:04.716 01/01/2011]',-5.400,-15.500,1.400,35.701,112.402,0.500
'[00:00:04.717 01/01/2011]',-7.000,-17.500,-1.600,35.501,114.802,0.500
'[00:00:04.718 01/01/2011]',-9.900,-19.800,-4.200,35.101,116.102,0.500
'[00:00:04.719 01/01/2011]',-13.000,-22.000,-6.300,34.301,116.102,0.500
'[00:00:04.720 01/01/2011]',-14.700,-23.900,-8.100,32.901,114.402,0.500
'[00:00:04.721 01/01/2011]',-14.400,-24.900,-10.000,30.700,110.802,0.500
'[00:00:04.722 01/01/2011]',-12.500,-25.200,-12.600,27.700,105.402,0.500
'[00:00:04.723 01/01/2011]',-10.200,-25.000,-16.300,24.000,98.602,0.500
'[00:00:04.724 01/01/2011]',-8.800,-24.800,-20.900,20.100,91.001,0.500
'[00:00:04.725 01/01/2011]',-8.700,-24.800,-25.700,16.100,83.501,0.500
'[00:00:04.726 01/01/2011]',-9.500,-25.300,-30.200,12.500,76.801,0.500
'[00:00:04.727 01/01/2011]',-9.800,-26.100,-33.801,9.400,70.801,0.500
'[00:00:04.728 01/01/2011]',-8.800,-26.800,-36.801,6.700,65.501,0.500
'[00:00:04.729 01/01/2011]',-6.100,-27.100,-39.501,4.100,60.001,0.500
'[00:00:04.730 01/01/2011]',-2.800,-26.900,-42.501,1.400,53.901,0.500
'[00:00:04.731 01/01/2011]',0.100,-26.200,-45.601,-1.500,46.701,0.500
'[00:00:04.732 01/01/2011]',1.900,-25.300,-48.601,-4.800,38.801,0.500
'[00:00:04.733 01/01/2011]',2.600,-24.300,-50.801,-8.100,30.500,0.500
'[00:00:04.734 01/01/2011]',2.900,-23.300,-51.701,-11.000,22.800,0.500
'[00:00:04.735 01/01/2011]',3.500,-22.300,-51.201,-13.300,16.100,0.500
'[00:00:04.736 01/01/2011]',4.600,-21.300,-49.601,-14.600,10.900,0.500
'[00:00:04.737 01/01/2011]',6.100,-19.900,-47.301,-15.100,7.000,0.500
'[00:00:04.738 01/01/2011]',7.500,-18.300,-44.701,-15.000,4.100,0.500
'[00:00:04.739 01/01/2011]',8.200,-16.500,-41.801,-14.500,1.900,0.500
'[00:00:04.740 01/01/2011]',8.400,-14.700,-38.601,-13.900,0.100,0.500
'[00:00:04.741 01/01/2011]',8.400,-13.100,-35.201,-13.200,-1.400,0.500
'[00:00:04.742 01/01/2011]',8.200,-11.900,-31.600,-12.400,-2.600,0.500
'[00:00:04.743 01/01/2011]',8.000,-11.200,-27.900,-11.600,-3.400,0.500
'[00:00:04.744 01/01/2011]',7.500,-10.700,-24.300,-10.700,-4.000,0.500
'[00:00:04.745 01/01/2011]',6.600,-10.200,-20.900,-9.600,-4.300,0.500
'[00:00:04.746 01/01/2011]',5.300,-9.200,-17.700,-8.500,-4.700,0.500
'[00:00:04.747 01/01/2011]',4.000,-7.800,-14.600,-7.400,-5.100,0.500
'[00:00:04.748 01/01/2011]',3.100,-5.900,-11.600,-6.500,-5.500,0.500
'[00:00:04.749 01/01/2011]',2.800,-4.100,-8.700,-5.700,-5.900,0.500
'[00:00:04.750 01/01/2011]',2.900,-2.700,-6.200,-5.200,-6.200,0.500
'[00:00:04.751 01/01/2011]',2.900,-1.700,-4.000,-4.700,-6.100,0.500
'[00:00:04.752 01/01/2011]',2.500,-1.200,-2.300,-4.100,-5.600,0.500
'[00:00:04.753 01/01/2011]',1.600,-0.800,-0.900,-3.400,-5.000,0.500
'[00:00:04.754 01/01/2011]',0.800,-0.300,0.300,-2.500,-4.400,0.500
'[00:00:04.755 01/01/2011]',0.300,0.300,1.400,-1.800,-4.100,0.500
'[00:00:04.756 01/01/2011]',0.500,0.900,2.300,-1.400,-4.100,0.500
'[00:00:04.757 01/01/2011]',1.300,1.400,3.000,-1.300,-4.300,0.500
'[00:00:04.758 01/01/2011]',2.000,1.600,3.500,-1.400,-4.500,0.500
'[00:00:04.759 01/01/2011]',2.300,1.700,3.600,-1.400,-4.500,0.500
'[00:00:04.760 01/01/2011]',1.900,2.000,3.700,-1.300,-4.200,0.500
'[00:00:04.761 01/01/2011]',0.900,2.600,3.900,-1.100,-3.800,0.500
'[00:00:04.762 01/01/2011]',-0.300,3.500,4.200,-0.800,-3.700,0.500
'[00:00:04.763 01/01/2011]',-1.300,4.600,4.800,-0.500,-3.700,0.500
'[00:00:04.764 01/01/2011]',-1.900,5.700,5.400,-0.100,-3.800,0.500
'[00:00:04.765 01/01/2011]',-1.900,6.500,6.000,0.400,-3.900,0.500
'[00:00:04.766 01/01/2011]',-1.500,7.200,6.500,1.000,-3.800,0.500
'[00:00:04.767 01/01/2011]',-0.700,7.700,6.900,1.600,-3.600,0.500
'[00:00:04.768 01/01/2011]',0.300,8.100,7.300,2.100,-3.600,0.500
'[00:00:04.769 01/01/2011]',1.400,8.300,7.500,2.300,-3.900,0.500
'[00:00:04.770 01/01/2011]',2.400,8.300,7.800,2.200,-4.500,0.500
'[00:00:04.771 01/01/2011]',3.000,8.400,8.000,2.100,-5.300,0.500
'[00:00:04.772 01/01/2011]',3.100,8.700,8.200,2.100,-6.000,0.500
'[00:00:04.773 01/01/2011]',2.700,9.300,8.500,2.700,-6.000,0.500
'[00:00:04.774 01/01/2011]',1.900,10.100,8.800,3.600,-5.500,0.500
'[00:00:04.775 01/01/2011]',1.000,10.900,9.200,4.500,-4.700,0.500
'[00:00:04.776 01/01/2011]',0.300,11.500,9.600,5.200,-3.800,0.500
'[00:00:04.777 01/01/2011]',-0.200,11.700,10.000,5.400,-3.100,0.500
'[00:00:04.778 01/01/2011]',-0.400,11.400,10.400,5.000,-2.800,0.500
'[00:00:04.779 01/01/2011]',-0.400,11.000,10.700,4.400,-2.900,0.500
'[00:00:04.780 01/01/2011]',-0.400,10.700,10.800,3.900,-3.100,0.500
'[00:00:04.781 01/01/2011]',-0.400,10.700,10.800,3.700,-3.300,0.500
'[00:00:04.782 01/01/2011]',-0.100,11.100,10.600,3.800,-3.500,0.500
'[00:00:04.783 01/01/2011]',0.200,11.700,10.300,4.200,-3.600,0.500
'[00:00:04.784 01/01/2011]',0.700,12.300,10.100,4.700,-3.700,0.500
'[00:00:04.785 01/01/2011]',1.000,12.700,10.100,5.200,-3.700,0.500
'[00:00:04.786 01/01/2011]',1.000,12.900,10.400,5.500,-3.600,0.500
'[00:00:04.787 01/01/2011]',0.600,12.900,10.800,5.700,-3.300,0.500
'[00:00:04.788 01/01/2011]',-0.200,12.800,11.100,5.800,-3.000,0.500
'[00:00:04.789 01/01/2011]',-1.100,12.700,11.200,5.900,-2.500,0.500
'[00:00:04.790 01/01/2011]',-2.100,12.700,11.100,6.000,-2.100,0.500
'[00:00:04.791 01/01/2011]',-3.000,12.900,10.800,6.100,-1.600,0.500
'[00:00:04.792 01/01/2011]',-3.600,13.200,10.600,6.300,-1.100,0.500
'[00:00:04.793 01/01/2011]',-3.800,13.500,10.700,6.300,-0.600,0.500
'[00:00:04.794 01/01/2011]',-3.600,13.600,11.100,6.300,-0.400,0.500
'[00:00:04.795 01/01/2011]',-2.900,13.500,11.500,6.300,-0.400,0.500
'[00:00:04.796 01/01/2011]',-2.100,13.200,11.700,6.300,-0.700,0.500
'[00:00:04.797 01/01/2011]',-1.500,12.900,11.800,6.500,-1.000,0.500
'[00:00:04.798 01/01/2011]',-1.500,12.900,12.000,6.700,-1.100,0.500
'[00:00:04.799 01/01/2011]',-2.000,13.300,12.300,7.000,-0.800,0.500
'[00:00:04.800 01/01/2011]',-2.500,14.000,12.900,7.400,0.100,0.500
'[00:00:04.801 01/01/2011]',-2.400,14.800,13.600,7.900,1.300,0.500
'[00:00:04.802 01/01/2011]',-1.300,15.400,14.400,8.400,2.200,0.500
'[00:00:04.803 01/01/2011]',0.500,15.600,14.800,9.000,2.700,0.500
'[00:00:04.804 01/01/2011]',2.400,15.500,14.800,9.400,2.500,0.500
'[00:00:04.805 01/01/2011]',3.500,15.300,14.500,9.700,1.900,0.500
'[00:00:04.806 01/01/2011]',3.500,15.200,14.200,9.900,1.300,0.500
'[00:00:04.807 01/01/2011]',2.800,15.600,14.000,9.900,1.200,0.500
'[00:00:04.808 01/01/2011]',2.100,16.200,14.200,9.800,1.600,0.500
'[00:00:04.809 01/01/2011]',2.200,16.900,14.600,9.800,2.400,0.500
'[00:00:04.810 01/01/2011]',3.100,17.400,15.100,9.800,3.100,0.500
'[00:00:04.811 01/01/2011]',4.500,17.500,15.600,9.800,3.500,0.500
'[00:00:04.812 01/01/2011]',5.400,17.100,15.900,9.700,3.400,0.500
'[00:00:04.813 01/01/2011]',5.500,16.300,15.900,9.500,3.000,0.500
'[00:00:04.814 01/01/2011]',5.000,15.500,15.600,9.200,2.400,0.500
'[00:00:04.815 01/01/2011]',4.400,14.900,15.100,9.100,2.000,0.500
'[00:00:04.816 01/01/2011]',4.500,14.600,14.500,9.200,1.700,0.500
'[00:00:04.817 01/01/2011]',5.400,14.600,14.100,9.500,1.500,0.500
'[00:00:04.818 01/01/2011]',6.700,14.800,14.000,9.700,1.200,0.500
'[00:00:04.819 01/01/2011]',7.800,14.900,14.200,9.800,0.800,0.500
'[00:00:04.820 01/01/2011]',8.200,14.900,14.600,9.600,0.500,0.500
'[00:00:04.821 01/01/2011]',7.900,14.700,14.900,9.100,0.300,0.500
'[00:00:04.822 01/01/2011]',7.400,14.500,14.900,8.600,0.300,0.500
'[00:00:04.823 01/01/2011]',7.200,14.400,14.700,8.200,0.600,0.500
'[00:00:04.824 01/01/2011]',7.400,14.600,14.400,8.300,1.000,0.500
'[00:00:04.825 01/01/2011]',7.900,15.000,14.500,8.800,1.400,0.500
'[00:00:04.826 01/01/2011]',8.200,15.500,14.700,9.600,1.600,0.500
'[00:00:04.827 01/01/2011]',8.300,15.900,15.100,10.300,1.600,0.500
'[00:00:04.828 01/01/2011]',8.300,16.000,15.300,10.900,1.600,0.500
'[00:00:04.829 01/01/2011]',8.500,16.000,15.200,11.300,1.600,0.500
'[00:00:04.830 01/01/2011]',9.000,16.100,14.800,11.400,1.800,0.500
'[00:00:04.831 01/01/2011]',9.400,16.500,14.400,11.500,2.200,0.500
'[00:00:04.832 01/01/2011]',9.500,17.000,14.200,11.600,2.500,0.500
'[00:00:04.833 01/01/2011]',8.800,17.400,14.300,11.700,2.800,0.500
'[00:00:04.834 01/01/2011]',7.400,17.300,14.500,11.700,2.900,0.500
'[00:00:04.835 01/01/2011]',5.700,16.600,14.700,11.600,2.700,0.500
'[00:00:04.836 01/01/2011]',4.100,15.500,14.400,11.400,2.300,0.500
'[00:00:04.837 01/01/2011]',2.900,14.600,13.700,11.000,1.900,0.500
'[00:00:04.838 01/01/2011]',2.000,14.100,12.800,10.500,1.600,0.500
'[00:00:04.839 01/01/2011]',1.100,14.300,11.900,10.100,1.600,0.500
'[00:00:04.840 01/01/2011]',-0.100,14.800,11.500,9.700,1.800,0.500
'[00:00:04.841 01/01/2011]',-1.500,15.000,11.500,9.500,2.200,0.500
'[00:00:04.842 01/01/2011]',-2.900,14.700,11.900,9.300,2.500,0.500
'[00:00:04.843 01/01/2011]',-3.900,14.000,12.200,9.200,2.700,0.500
'[00:00:04.844 01/01/2011]',-4.600,13.300,12.100,9.100,2.700,0.500
'[00:00:04.845 01/01/2011]',-4.900,13.100,11.700,9.100,2.400,0.500
'[00:00:04.846 01/01/2011]',-5.100,13.600,10.800,8.900,2.100,0.500
'[00:00:04.847 01/01/2011]',-5.300,14.500,9.900,8.800,1.700,0.500
'[00:00:04.848 01/01/2011]',-5.700,15.500,9.200,8.600,1.300,0.500
'[00:00:04.849 01/01/2011]',-6.200,15.900,8.800,8.400,0.700,0.500
'[00:00:04.850 01/01/2011]',-7.100,15.800,8.700,8.200,0.200,0.500
'[00:00:04.851 01/01/2011]',-8.100,15.300,8.700,7.900,-0.300,0.500
'[00:00:04.852 01/01/2011]',-9.300,14.700,8.600,7.700,-0.600,0.500
'[00:00:04.853 01/01/2011]',-10.500,14.300,8.500,7.300,-0.600,0.500
'[00:00:04.854 01/01/2011]',-11.100,14.100,8.300,6.900,-0.300,0.500
'[00:00:04.855 01/01/2011]',-11.100,14.000,8.200,6.400,0.100,0.500
'[00:00:04.856 01/01/2011]',-10.500,13.600,8.200,5.800,0.400,0.500
'[00:00:04.857 01/01/2011]',-9.600,13.200,8.200,5.400,0.400,0.500
'[00:00:04.858 01/01/2011]',-9.200,12.800,8.100,5.200,0.100,0.500
'[00:00:04.859 01/01/2011]',-9.500,12.600,7.800,5.300,-0.400,0.500
'[00:00:04.860 01/01/2011]',-10.500,12.700,7.300,5.700,-0.900,0.500
'[00:00:04.861 01/01/2011]',-11.700,12.900,6.800,6.100,-1.300,0.500
'[00:00:04.862 01/01/2011]',-12.400,13.100,6.400,6.400,-1.500,0.500
'[00:00:04.863 01/01/2011]',-12.500,13.100,6.300,6.600,-1.600,0.500
'[00:00:04.864 01/01/2011]',-12.000,13.000,6.500,6.700,-1.500,0.500
'[00:00:04.865 01/01/2011]',-11.600,12.900,6.900,6.600,-1.400,0.500
'[00:00:04.866 01/01/2011]',-11.700,13.100,7.200,6.500,-1.400,0.500
'[00:00:04.867 01/01/2011]',-12.200,13.600,7.400,6.200,-1.400,0.500
'[00:00:04.868 01/01/2011]',-12.900,14.100,7.300,5.800,-1.500,0.500
'[00:00:04.869 01/01/2011]',-13.200,14.400,7.100,5.400,-1.600,0.500
'[00:00:04.870 01/01/2011]',-12.700,14.200,6.900,4.900,-1.600,0.500
'[00:00:04.871 01/01/2011]',-11.800,13.600,6.700,4.500,-1.600,0.500
'[00:00:04.872 01/01/2011]',-10.900,12.700,6.600,4.400,-1.600,0.500
'[00:00:04.873 01/01/2011]',-10.700,12.000,6.600,4.400,-1.600,0.500
'[00:00:04.874 01/01/2011]',-11.300,11.600,6.600,4.400,-1.600,0.500
'[00:00:04.875 01/01/2011]',-12.400,11.600,6.600,4.400,-1.800,0.500
'[00:00:04.876 01/01/2011]',-13.500,11.700,6.500,4.400,-2.100,0.500
'[00:00:04.877 01/01/2011]',-13.800,11.800,6.400,4.400,-2.300,0.500
'[00:00:04.878 01/01/2011]',-13.300,11.500,6.300,4.500,-2.300,0.500
'[00:00:04.879 01/01/2011]',-12.300,11.000,6.200,4.900,-2.000,0.500
'[00:00:04.880 01/01/2011]',-11.300,10.600,6.200,5.400,-1.300,0.500
'[00:00:04.881 01/01/2011]',-10.700,10.300,6.200,5.900,-0.600,0.500
'[00:00:04.882 01/01/2011]',-10.500,10.500,6.300,6.100,0.100,0.500
'[00:00:04.883 01/01/2011]',-10.500,10.900,6.400,5.800,0.500,0.500
'[00:00:04.884 01/01/2011]',-10.200,11.200,6.500,5.300,0.600,0.500
'[00:00:04.885 01/01/2011]',-9.600,11.200,6.400,4.700,0.500,0.500
'[00:00:04.886 01/01/2011]',-9.100,10.900,6.100,4.100,0.200,0.500
'[00:00:04.887 01/01/2011]',-9.100,10.500,5.700,3.700,-0.100,0.500
'[00:00:04.888 01/01/2011]',-10.000,10.300,5.300,3.500,-0.400,0.500
'[00:00:04.889 01/01/2011]',-11.400,10.600,5.200,3.500,-0.700,0.500
'[00:00:04.890 01/01/2011]',-12.800,11.200,5.400,3.700,-0.700,0.500
'[00:00:04.891 01/01/2011]',-13.400,11.900,6.000,4.000,-0.500,0.500
'[00:00:04.892 01/01/2011]',-13.100,12.300,6.900,4.500,0.200,0.500
'[00:00:04.893 01/01/2011]',-11.900,12.300,7.800,5.000,1.200,0.500
'[00:00:04.894 01/01/2011]',-10.700,11.900,8.500,5.400,2.300,0.500
'[00:00:04.895 01/01/2011]',-9.900,11.200,8.700,5.500,3.200,0.500
'[00:00:04.896 01/01/2011]',-9.600,10.600,8.700,5.400,3.600,0.500
'[00:00:04.897 01/01/2011]',-9.600,10.100,8.400,5.000,3.500,0.500
'[00:00:04.898 01/01/2011]',-9.500,9.900,8.100,4.700,3.000,0.500
'[00:00:04.899 01/01/2011]',-9.000,9.800,7.700,4.600,2.400,0.500
'[00:00:04.900 01/01/2011]',-8.400,9.700,7.500,4.700,2.100,0.500
'[00:00:04.901 01/01/2011]',-8.100,9.700,7.400,5.100,2.300,0.500
'[00:00:04.902 01/01/2011]',-8.400,9.800,7.500,5.700,3.200,0.500
'[00:00:04.903 01/01/2011]',-9.000,10.000,7.700,6.200,4.600,0.500
'[00:00:04.904 01/01/2011]',-9.600,10.400,8.100,6.500,5.900,0.500
'[00:00:04.905 01/01/2011]',-9.600,11.000,8.600,6.800,6.800,0.500
'[00:00:04.906 01/01/2011]',-8.900,11.500,9.000,7.000,7.400,0.500
'[00:00:04.907 01/01/2011]',-7.800,11.800,9.500,7.500,7.600,0.500
'[00:00:04.908 01/01/2011]',-7.000,12.000,9.900,8.200,7.800,0.500
'[00:00:04.909 01/01/2011]',-6.900,11.900,10.300,9.300,8.300,0.500
'[00:00:04.910 01/01/2011]',-7.400,11.800,10.400,10.400,9.000,0.500
'[00:00:04.911 01/01/2011]',-7.900,11.600,10.200,11.100,9.600,0.500
'[00:00:04.912 01/01/2011]',-8.100,11.600,9.600,11.300,9.800,0.500
'[00:00:04.913 01/01/2011]',-7.900,11.600,8.700,10.800,9.500,0.500
'[00:00:04.914 01/01/2011]',-7.800,11.500,7.600,9.800,8.700,0.500
'[00:00:04.915 01/01/2011]',-8.400,11.200,6.700,8.900,7.900,0.500
'[00:00:04.916 01/01/2011]',-10.000,10.600,6.100,8.300,7.400,0.500
'[00:00:04.917 01/01/2011]',-12.500,9.700,5.800,8.100,7.300,0.500
'[00:00:04.918 01/01/2011]',-15.000,8.900,5.700,8.300,7.600,0.500
'[00:00:04.919 01/01/2011]',-16.400,8.400,5.700,8.600,8.200,0.500
'[00:00:04.920 01/01/2011]',-16.200,8.500,6.100,9.000,8.900,0.500
'[00:00:04.921 01/01/2011]',-13.900,9.300,6.800,9.200,9.600,0.500
'[00:00:04.922 01/01/2011]',-10.000,10.400,8.100,9.300,10.400,0.500
'[00:00:04.923 01/01/2011]',-4.800,11.500,9.600,9.400,11.200,0.500
'[00:00:04.924 01/01/2011]',1.500,12.100,11.000,9.500,12.200,0.500
'[00:00:04.925 01/01/2011]',8.700,12.200,12.200,9.900,13.200,0.500
'[00:00:04.926 01/01/2011]',17.000,11.900,12.900,10.700,14.400,0.500
'[00:00:04.927 01/01/2011]',26.000,11.500,13.400,11.700,15.800,0.500
'[00:00:04.928 01/01/2011]',35.301,11.500,14.000,13.100,17.300,0.500
'[00:00:04.929 01/01/2011]',44.101,11.800,14.800,14.700,18.900,0.500
'[00:00:04.930 01/01/2011]',51.601,12.400,15.800,16.000,20.500,0.500
'[00:00:04.931 01/01/2011]',57.001,13.000,16.700,17.100,21.900,0.500
'[00:00:04.932 01/01/2011]',60.101,13.500,17.300,17.700,23.100,0.500
'[00:00:04.933 01/01/2011]',60.601,13.800,17.500,18.000,24.300,0.500
'[00:00:04.934 01/01/2011]',59.201,13.900,17.500,18.300,25.400,0.500
'[00:00:04.935 01/01/2011]',56.501,13.800,17.500,18.800,26.800,0.500
'[00:00:04.936 01/01/2011]',53.501,13.400,17.900,19.600,28.500,0.500
'[00:00:04.937 01/01/2011]',51.001,12.800,18.600,20.600,30.500,0.500
'[00:00:04.938 01/01/2011]',49.301,12.000,19.600,21.600,32.600,0.500
'[00:00:04.939 01/01/2011]',48.301,11.300,20.600,22.400,34.501,0.500
'[00:00:04.940 01/01/2011]',47.701,11.000,21.400,23.000,36.101,0.500
'[00:00:04.941 01/01/2011]',47.501,11.100,22.000,23.300,37.001,0.500
'[00:00:04.942 01/01/2011]',47.501,11.500,22.300,23.300,37.301,0.500
'[00:00:04.943 01/01/2011]',47.801,11.700,22.100,22.800,36.901,0.500
'[00:00:04.944 01/01/2011]',48.001,11.700,21.400,21.800,35.901,0.500
'[00:00:04.945 01/01/2011]',47.301,11.300,20.000,20.400,34.601,0.500
'[00:00:04.946 01/01/2011]',44.601,10.700,18.000,18.700,32.801,0.500
'[00:00:04.947 01/01/2011]',38.901,10.200,15.400,17.100,30.600,0.500
'[00:00:04.948 01/01/2011]',30.000,9.900,12.500,15.600,27.900,0.500
'[00:00:04.949 01/01/2011]',18.300,9.500,9.300,14.200,24.900,0.500
'[00:00:04.950 01/01/2011]',5.000,8.900,6.100,12.800,21.900,0.500
'[00:00:04.951 01/01/2011]',-8.400,7.800,3.300,11.400,19.400,0.500
'[00:00:04.952 01/01/2011]',-20.700,6.700,1.000,10.000,17.600,0.500
'[00:00:04.953 01/01/2011]',-30.800,5.900,-0.500,8.800,17.000,0.500
'[00:00:04.954 01/01/2011]',-38.001,5.700,-1.000,8.300,17.300,0.500
'[00:00:04.955 01/01/2011]',-41.701,6.100,-0.700,8.500,18.200,0.500
'[00:00:04.956 01/01/2011]',-41.601,6.800,0.200,9.400,19.400,0.500
'[00:00:04.957 01/01/2011]',-38.101,7.100,1.400,10.600,20.600,0.500
'[00:00:04.958 01/01/2011]',-32.300,6.600,2.600,11.700,21.800,0.500
'[00:00:04.959 01/01/2011]',-25.700,5.500,3.600,12.400,22.700,0.500
'[00:00:04.960 01/01/2011]',-19.800,4.200,4.100,12.600,23.400,0.500
'[00:00:04.961 01/01/2011]',-15.300,3.200,4.100,12.300,23.800,0.500
'[00:00:04.962 01/01/2011]',-12.500,2.700,3.600,11.900,23.900,0.500
'[00:00:04.963 01/01/2011]',-10.900,2.700,2.900,11.600,23.900,0.500
'[00:00:04.964 01/01/2011]',-10.200,2.700,2.200,11.400,23.900,0.500
'[00:00:04.965 01/01/2011]',-9.700,2.500,1.800,11.600,24.300,0.500
'[00:00:04.966 01/01/2011]',-9.600,2.000,2.000,11.800,25.100,0.500
'[00:00:04.967 01/01/2011]',-9.600,1.600,2.600,12.000,26.300,0.500
'[00:00:04.968 01/01/2011]',-9.700,1.600,3.400,12.100,27.700,0.500
'[00:00:04.969 01/01/2011]',-9.700,2.000,4.000,12.200,28.900,0.500
'[00:00:04.970 01/01/2011]',-9.600,2.600,4.100,12.300,29.500,0.500
'[00:00:04.971 01/01/2011]',-9.400,2.900,3.800,12.300,29.600,0.500
'[00:00:04.972 01/01/2011]',-9.400,2.800,3.100,12.400,29.200,0.500
'[00:00:04.973 01/01/2011]',-9.800,2.100,2.300,12.300,28.700,0.500
'[00:00:04.974 01/01/2011]',-10.700,1.500,1.800,12.200,28.400,0.500
'[00:00:04.975 01/01/2011]',-12.000,1.100,1.500,12.000,28.500,0.500
'[00:00:04.976 01/01/2011]',-13.300,1.300,1.500,11.900,29.100,0.500
'[00:00:04.977 01/01/2011]',-14.400,1.800,1.500,11.800,29.800,0.500
'[00:00:04.978 01/01/2011]',-15.000,2.100,1.400,11.800,30.400,0.500
'[00:00:04.979 01/01/2011]',-14.900,1.900,1.200,11.700,30.700,0.500
'[00:00:04.980 01/01/2011]',-14.300,1.200,1.100,11.600,30.800,0.500
'[00:00:04.981 01/01/2011]',-13.400,0.400,1.000,11.400,30.700,0.500
'[00:00:04.982 01/01/2011]',-12.400,-0.100,1.200,11.200,30.800,0.500
'[00:00:04.983 01/01/2011]',-11.600,0.000,1.500,11.300,31.000,0.500
'[00:00:04.984 01/01/2011]',-11.100,0.700,2.000,11.700,31.300,0.500
'[00:00:04.985 01/01/2011]',-11.200,1.400,2.400,12.100,31.500,0.500
'[00:00:04.986 01/01/2011]',-11.700,1.800,2.800,12.400,31.500,0.500
'[00:00:04.987 01/01/2011]',-12.300,1.800,3.000,12.600,31.300,0.500
'[00:00:04.988 01/01/2011]',-12.600,1.400,3.100,12.700,31.000,0.500
'[00:00:04.989 01/01/2011]',-12.400,1.000,3.000,12.800,30.900,0.500
'[00:00:04.990 01/01/2011]',-11.800,1.000,3.100,13.100,31.300,0.500
'[00:00:04.991 01/01/2011]',-11.000,1.200,3.300,13.700,31.900,0.500
'[00:00:04.992 01/01/2011]',-10.600,1.700,3.900,14.300,32.700,0.500
'[00:00:04.993 01/01/2011]',-10.600,2.200,4.700,14.700,33.301,0.500
'[00:00:04.994 01/01/2011]',-11.100,2.500,5.500,14.800,33.401,0.500
'[00:00:04.995 01/01/2011]',-11.700,2.600,6.100,14.400,33.101,0.500
'[00:00:04.996 01/01/2011]',-12.000,2.600,6.400,13.800,32.500,0.500
'[00:00:04.997 01/01/2011]',-11.700,2.400,6.300,13.300,32.000,0.500
'[00:00:04.998 01/01/2011]',-11.100,2.200,6.000,12.900,31.800,0.500
'[00:00:04.999 01/01/2011]',-10.700,2.100,5.900,12.900,31.900,0.500
'[00:00:05.000 01/01/2011]',-10.900,2.100,6.200,13.200,32.300,0.708
'[00:00:05.001 01/01/2011]',-11.500,2.400,6.800,13.600,32.801,0.708
'[00:00:05.002 01/01/2011]',-12.300,2.800,7.700,13.900,32.901,0.708
'[00:00:05.003 01/01/2011]',-12.600,3.200,8.400,14.100,32.600,0.708
'[00:00:05.004 01/01/2011]',-12.000,3.700,8.700,14.100,31.900,0.708
'[00:00:05.005 01/01/2011]',-10.600,4.000,8.700,13.900,30.900,0.708
'[00:00:05.006 01/01/2011]',-8.800,4.200,8.300,13.500,29.800,0.708
'[00:00:05.007 01/01/2011]',-7.400,4.300,8.000,13.200,28.800,0.708
'[00:00:05.008 01/01/2011]',-6.800,4.600,7.900,13.000,28.100,0.708
'[00:00:05.009 01/01/2011]',-7.100,5.000,8.200,13.100,27.800,0.708
'[00:00:05.010 01/01/2011]',-7.900,5.500,8.700,13.300,27.700,0.578
'[00:00:05.011 01/01/2011]',-8.800,5.900,9.300,13.700,27.800,0.578
'[00:00:05.012 01/01/2011]',-9.300,6.200,9.800,14.000,27.900,0.578
'[00:00:05.013 01/01/2011]',-9.500,6.300,9.900,14.200,27.900,0.578
'[00:00:05.014 01/01/2011]',-9.500,6.400,9.700,14.200,27.600,0.578
'[00:00:05.015 01/01/2011]',-9.600,6.600,9.600,14.200,27.000,0.578
'[00:00:05.016 01/01/2011]',-9.800,6.900,9.700,14.100,26.200,0.578
'[00:00:05.017 01/01/2011]',-10.000,7.100,10.200,14.000,25.300,0.578
'[00:00:05.018 01/01/2011]',-9.800,7.100,10.900,13.800,24.400,0.578
'[00:00:05.019 01/01/2011]',-9.100,6.700,11.700,13.500,23.700,0.578
'[00:00:05.020 01/01/2011]',-8.000,5.900,12.300,13.100,23.200,0.668
'[00:00:05.021 01/01/2011]',-6.900,5.300,12.500,12.600,22.700,0.668
'[00:00:05.022 01/01/2011]',-6.100,4.900,12.500,12.300,22.200,0.668
'[00:00:05.023 01/01/2011]',-6.000,5.100,12.500,12.300,21.600,0.668
'[00:00:05.024 01/01/2011]',-6.300,5.800,12.800,12.400,21.100,0.668
'[00:00:05.025 01/01/2011]',-6.800,6.700,13.300,12.700,20.700,0.668
'[00:00:05.026 01/01/2011]',-6.900,7.600,14.000,12.900,20.500,0.668
'[00:00:05.027 01/01/2011]',-6.500,8.400,14.700,13.100,20.400,0.668
'[00:00:05.028 01/01/2011]',-5.700,8.900,15.200,13.000,20.300,0.668
'[00:00:05.029 01/01/2011]',-4.800,9.400,15.500,12.800,19.900,0.668
'[00:00:05.030 01/01/2011]',-4.100,9.800,15.600,12.500,19.100,0.680
'[00:00:05.031 01/01/2011]',-3.700,10.100,15.800,12.200,18.200,0.680
'[00:00:05.032 01/01/2011]',-3.400,10.200,16.000,12.000,17.100,0.680
'[00:00:05.033 01/01/2011]',-3.100,10.300,16.100,11.800,16.300,0.680
'[00:00:05.034 01/01/2011]',-2.700,10.400,16.200,11.800,15.800,0.680
'[00:00:05.035 01/01/2011]',-2.300,10.600,16.200,12.000,15.500,0.680
'[00:00:05.036 01/01/2011]',-2.100,10.900,16.100,12.400,15.100,0.680
'[00:00:05.037 01/01/2011]',-2.400,11.200,16.000,12.700,14.600,0.680
'[00:00:05.038 01/01/2011]',-3.100,11.200,16.100,12.900,13.800,0.680
'[00:00:05.039 01/01/2011]',-3.800,10.900,16.300,12.700,12.800,0.680
'[00:00:05.040 01/01/2011]',-4.200,10.400,16.300,12.300,11.700,0.688
'[00:00:05.041 01/01/2011]',-3.900,10.100,16.200,11.800,10.800,0.688
'[00:00:05.042 01/01/2011]',-3.000,10.200,16.000,11.500,10.400,0.688
'[00:00:05.043 01/01/2011]',-2.000,11.000,15.900,11.800,10.200,0.688
'[00:00:05.044 01/01/2011]',-1.400,12.300,16.000,12.500,10.400,0.688
'[00:00:05.045 01/01/2011]',-1.500,13.700,16.500,13.400,10.500,0.688
'[00:00:05.046 01/01/2011]',-2.100,14.900,17.200,14.100,10.400,0.688
'[00:00:05.047 01/01/2011]',-2.700,15.500,17.700,14.500,10.000,0.688
'[00:00:05.048 01/01/2011]',-2.800,15.500,17.900,14.500,9.500,0.688
'[00:00:05.049 01/01/2011]',-2.000,15.300,17.900,14.200,8.900,0.688
'[00:00:05.050 01/01/2011]',-0.600,15.000,17.800,13.900,8.600,0.579
'[00:00:05.051 01/01/2011]',0.900,14.900,17.800,13.800,8.500,0.579
'[00:00:05.052 01/01/2011]',1.900,15.000,18.200,13.800,8.600,0.579
'[00:00:05.053 01/01/2011]',1.800,15.200,18.800,13.900,8.900,0.579
'[00:00:05.054 01/01/2011]',1.100,15.500,19.400,14.100,9.000,0.579
'[00:00:05.055 01/01/2011]',0.100,15.600,19.800,14.200,9.000,0.579
'[00:00:05.056 01/01/2011]',-0.400,15.700,19.900,14.300,8.900,0.579
'[00:00:05.057 01/01/2011]',0.100,15.700,19.700,14.300,8.600,0.579
'[00:00:05.058 01/01/2011]',1.300,15.600,19.600,14.300,8.400,0.579
'[00:00:05.059 01/01/2011]',3.000,15.500,19.700,14.100,8.300,0.579
'[00:00:05.060 01/01/2011]',4.500,15.400,19.900,13.800,8.300,0.822
'[00:00:05.061 01/01/2011]',5.500,15.400,20.100,13.300,8.200,0.822
'[00:00:05.062 01/01/2011]',5.900,15.400,20.200,12.900,8.200,0.822
'[00:00:05.063 01/01/2011]',5.800,15.500,20.200,12.700,8.000,0.822
'[00:00:05.064 01/01/2011]',5.500,15.800,20.000,12.900,7.900,0.822
'[00:00:05.065 01/01/2011]',5.400,16.100,19.800,13.200,7.800,0.822
'[00:00:05.066 01/01/2011]',5.500,16.600,19.700,13.600,7.700,0.822
'[00:00:05.067 01/01/2011]',6.000,17.200,19.800,13.800,7.600,0.822
'[00:00:05.068 01/01/2011]',6.700,17.700,19.900,13.600,7.500,0.822
'[00:00:05.069 01/01/2011]',7.400,18.100,20.000,13.200,7.400,0.822
'[00:00:05.070 01/01/2011]',7.700,18.300,20.000,12.700,7.400,0.579
'[00:00:05.071 01/01/2011]',7.600,18.300,19.800,12.500,7.600,0.579
'[00:00:05.072 01/01/2011]',7.300,18.200,19.500,12.500,8.000,0.579
'[00:00:05.073 01/01/2011]',6.900,18.100,19.200,12.600,8.300,0.579
'[00:00:05.074 01/01/2011]',7.000,18.100,18.900,12.500,8.200,0.579
'[00:00:05.075 01/01/2011]',7.600,18.100,18.600,12.200,7.800,0.579
'[00:00:05.076 01/01/2011]',8.600,18.000,18.400,11.400,7.000,0.579
'[00:00:05.077 01/01/2011]',9.500,17.600,18.200,10.500,6.200,0.579
'[00:00:05.078 01/01/2011]',9.900,17.100,18.100,9.700,5.700,0.579
'[00:00:05.079 01/01/2011]',9.900,16.500,17.900,9.300,5.700,0.579
'[00:00:05.080 01/01/2011]',9.600,16.000,17.700,9.300,6.100,0.668
'[00:00:05.081 01/01/2011]',9.400,16.000,17.500,9.700,6.600,0.668
'[00:00:05.082 01/01/2011]',9.700,16.300,17.400,10.300,6.900,0.668
'[00:00:05.083 01/01/2011]',10.100,16.800,17.400,10.800,6.800,0.668
'[00:00:05.084 01/01/2011]',10.500,17.600,17.500,11.100,6.300,0.668
'[00:00:05.085 01/01/2011]',10.300,18.400,17.800,11.200,5.800,0.668
'[00:00:05.086 01/01/2011]',9.700,19.200,18.200,11.300,5.600,0.668
'[00:00:05.087 01/01/2011]',8.800,20.000,18.600,11.300,5.800,0.668
'[00:00:05.088 01/01/2011]',8.100,20.600,18.900,11.300,6.400,0.668
'[00:00:05.089 01/01/2011]',7.900,20.900,19.000,11.300,7.200,0.668
'[00:00:05.090 01/01/2011]',8.000,20.900,18.900,11.300,7.700,0.680
'[00:00:05.091 01/01/2011]',8.300,20.400,18.800,11.300,8.000,0.680
'[00:00:05.092 01/01/2011]',8.400,19.800,18.800,11.300,8.000,0.680
'[00:00:05.093 01/01/2011]',8.400,19.400,19.000,11.500,7.900,0.680
'[00:00:05.094 01/01/2011]',8.300,19.400,19.500,11.700,7.900,0.680
'[00:00:05.095 01/01/2011]',8.500,19.900,20.200,12.100,8.000,0.680
'[00:00:05.096 01/01/2011]',8.800,20.600,21.000,12.400,8.100,0.680
'[00:00:05.097 01/01/2011]',9.400,21.100,21.600,12.600,8.300,0.680
'[00:00:05.098 01/01/2011]',9.900,21.300,21.800,12.600,8.400,0.680
'[00:00:05.099 01/01/2011]',10.200,20.900,21.600,12.500,8.300,0.680
'[00:00:05.100 01/01/2011]',10.300,20.500,21.100,12.400,8.200,0.716
'[00:00:05.101 01/01/2011]',10.400,20.200,20.500,12.400,8.100,0.716
'[00:00:05.102 01/01/2011]',10.400,20.300,20.100,12.600,8.200,0.716
'[00:00:05.103 01/01/2011]',10.600,20.900,20.000,12.900,8.400,0.716
'[00:00:05.104 01/01/2011]',11.000,21.500,20.200,13.300,8.800,0.716
'[00:00:05.105 01/01/2011]',11.500,22.100,20.400,13.700,9.100,0.716
'[00:00:05.106 01/01/2011]',11.900,22.500,20.600,14.000,9.200,0.716
'[00:00:05.107 01/01/2011]',12.000,22.600,20.500,14.200,9.100,0.716
'[00:00:05.108 01/01/2011]',11.800,22.700,20.400,14.200,8.900,0.716
'[00:00:05.109 01/01/2011]',11.200,22.700,20.200,14.200,8.800,0.716
'[00:00:05.110 01/01/2011]',10.600,22.700,20.100,14.300,8.700,0.579
'[00:00:05.111 01/01/2011]',10.400,22.500,20.200,14.400,8.900,0.579
'[00:00:05.112 01/01/2011]',10.900,22.200,20.400,14.800,9.300,0.579
'[00:00:05.113 01/01/2011]',11.800,21.700,20.600,15.100,9.700,0.579
'[00:00:05.114 01/01/2011]',12.800,21.500,20.900,15.400,10.200,0.579
'[00:00:05.115 01/01/2011]',13.400,21.500,21.300,15.500,10.600,0.579
'[00:00:05.116 01/01/2011]',13.200,21.800,21.700,15.400,10.900,0.579
'[00:00:05.117 01/01/2011]',12.300,22.100,22.100,15.200,11.200,0.579
'[00:00:05.118 01/01/2011]',11.200,22.100,22.300,15.100,11.500,0.579
'[00:00:05.119 01/01/2011]',10.200,21.800,22.400,15.200,11.700,0.579
'[00:00:05.120 01/01/2011]',9.900,21.100,22.200,15.200,11.800,0.822
'[00:00:05.121 01/01/2011]',10.100,20.500,22.000,15.200,11.700,0.822
'[00:00:05.122 01/01/2011]',10.700,20.100,21.700,15.100,11.400,0.822
'[00:00:05.123 01/01/2011]',11.200,20.300,21.600,14.900,11.300,0.822
'[00:00:05.124 01/01/2011]',11.300,20.900,21.700,14.700,11.200,0.822
'[00:00:05.125 01/01/2011]',10.900,21.700,22.100,14.900,11.400,0.822
'[00:00:05.126 01/01/2011]',10.500,22.700,22.600,15.500,11.600,0.822
'[00:00:05.127 01/01/2011]',10.300,23.400,23.100,16.200,11.800,0.822
'[00:00:05.128 01/01/2011]',10.700,23.900,23.700,17.000,11.900,0.822
'[00:00:05.129 01/01/2011]',11.600,24.100,24.000,17.400,11.900,0.822
'[00:00:05.130 01/01/2011]',12.700,23.900,24.200,17.500,11.900,0.579
'[00:00:05.131 01/01/2011]',13.500,23.500,24.100,17.200,11.900,0.579
'[00:00:05.132 01/01/2011]',13.600,23.100,23.800,16.800,12.000,0.579
'[00:00:05.133 01/01/2011]',12.900,22.800,23.600,16.400,11.900,0.579
'[00:00:05.134 01/01/2011]',11.800,22.700,23.500,16.000,11.800,0.579
'[00:00:05.135 01/01/2011]',10.900,22.500,23.600,15.700,11.500,0.579
'[00:00:05.136 01/01/2011]',10.500,22.200,23.900,15.600,11.200,0.579
'[00:00:05.137 01/01/2011]',10.500,21.800,24.200,15.700,11.200,0.579
'[00:00:05.138 01/01/2011]',10.500,21.300,24.500,16.100,11.600,0.579
'[00:00:05.139 01/01/2011]',10.100,21.100,24.900,16.700,12.300,0.579
'[00:00:05.140 01/01/2011]',9.300,21.400,25.300,17.200,13.200,0.668
'[00:00:05.141 01/01/2011]',8.600,22.200,25.800,17.500,14.000,0.668
'[00:00:05.142 01/01/2011]',8.400,23.200,26.500,17.300,14.600,0.668
'[00:00:05.143 01/01/2011]',8.700,24.000,27.100,16.800,14.900,0.668
'[00:00:05.144 01/01/2011]',9.200,24.200,27.500,16.500,15.100,0.668
'[00:00:05.145 01/01/2011]',9.300,24.000,27.600,16.600,15.200,0.668
'[00:00:05.146 01/01/2011]',8.800,23.600,27.400,17.300,15.500,0.668
'[00:00:05.147 01/01/2011]',7.900,23.500,27.200,18.200,15.800,0.668
'[00:00:05.148 01/01/2011]',7.200,24.000,27.000,19.000,16.200,0.668
'[00:00:05.149 01/01/2011]',7.300,24.800,27.000,19.300,16.600,0.668
'[00:00:05.150 01/01/2011]',8.000,25.600,27.300,19.200,16.800,0.681
'[00:00:05.151 01/01/2011]',8.800,26.100,27.600,18.700,16.900,0.681
'[00:00:05.152 01/01/2011]',9.100,26.000,27.900,18.200,16.700,0.681
'[00:00:05.153 01/01/2011]',8.500,25.600,28.100,18.100,16.300,0.681
'[00:00:05.154 01/01/2011]',7.300,25.200,28.100,18.300,15.900,0.681
'[00:00:05.155 01/01/2011]',6.300,25.200,28.100,18.900,15.600,0.681
'[00:00:05.156 01/01/2011]',5.900,25.400,28.000,19.500,15.500,0.681
'[00:00:05.157 01/01/2011]',6.000,25.700,27.900,20.000,15.700,0.681
'[00:00:05.158 01/01/2011]',6.200,25.700,27.800,20.100,16.100,0.681
'[00:00:05.159 01/01/2011]',5.900,25.300,27.600,20.000,16.400,0.681
'[00:00:05.160 01/01/2011]',4.900,24.600,27.400,19.600,16.500,0.704
'[00:00:05.161 01/01/2011]',3.700,23.900,27.100,19.400,16.200,0.704
'[00:00:05.162 01/01/2011]',3.000,23.600,26.800,19.300,15.700,0.704
'[00:00:05.163 01/01/2011]',3.200,23.800,26.800,19.500,15.200,0.704
'[00:00:05.164 01/01/2011]',4.300,24.500,26.900,19.700,14.800,0.704
'[00:00:05.165 01/01/2011]',5.800,25.300,27.200,19.800,14.600,0.704
'[00:00:05.166 01/01/2011]',6.900,26.100,27.500,19.500,14.700,0.704
'[00:00:05.167 01/01/2011]',7.100,26.700,27.600,18.900,14.900,0.704
'[00:00:05.168 01/01/2011]',6.300,27.000,27.400,18.100,15.000,0.704
'[00:00:05.169 01/01/2011]',4.700,27.100,27.000,17.600,15.000,0.704
'[00:00:05.170 01/01/2011]',2.800,27.000,26.600,17.400,15.000,0.579
'[00:00:05.171 01/01/2011]',0.900,26.800,26.300,17.800,14.900,0.579
'[00:00:05.172 01/01/2011]',-0.600,26.400,26.300,18.300,14.900,0.579
'[00:00:05.173 01/01/2011]',-1.400,26.000,26.400,18.700,14.800,0.579
'[00:00:05.174 01/01/2011]',-1.400,25.600,26.400,18.700,14.600,0.579
'[00:00:05.175 01/01/2011]',-0.800,25.300,26.200,18.200,14.300,0.579
'[00:00:05.176 01/01/2011]',0.000,25.100,25.900,17.500,13.900,0.579
'[00:00:05.177 01/01/2011]',0.400,25.000,25.500,16.800,13.700,0.579
'[00:00:05.178 01/01/2011]',0.200,25.100,25.300,16.400,13.600,0.579
'[00:00:05.179 01/01/2011]',-0.400,25.400,25.500,16.300,13.600,0.579
'[00:00:05.180 01/01/2011]',-1.000,25.700,25.800,16.500,13.500,0.822
'[00:00:05.181 01/01/2011]',-1.300,25.900,26.100,16.600,13.400,0.822
'[00:00:05.182 01/01/2011]',-1.200,26.000,26.200,16.600,13.100,0.822
'[00:00:05.183 01/01/2011]',-0.900,25.800,26.100,16.500,12.800,0.822
'[00:00:05.184 01/01/2011]',-1.100,25.600,25.900,16.300,12.700,0.822
'[00:00:05.185 01/01/2011]',-1.900,25.300,25.700,16.300,12.800,0.822
'[00:00:05.186 01/01/2011]',-3.200,25.200,25.700,16.300,13.100,0.822
'[00:00:05.187 01/01/2011]',-4.400,25.500,26.000,16.600,13.500,0.822
'[00:00:05.188 01/01/2011]',-5.100,25.900,26.300,17.100,13.800,0.822
'[00:00:05.189 01/01/2011]',-4.900,26.400,26.500,17.800,13.900,0.822
'[00:00:05.190 01/01/2011]',-4.200,26.600,26.600,18.400,13.800,0.579
'[00:00:05.191 01/01/2011]',-3.400,26.500,26.500,18.900,13.600,0.579
'[00:00:05.192 01/01/2011]',-2.900,26.000,26.300,19.100,13.600,0.579
'[00:00:05.193 01/01/2011]',-3.100,25.300,25.900,18.900,13.700,0.579
'[00:00:05.194 01/01/2011]',-3.900,24.600,25.500,18.400,13.800,0.579
'[00:00:05.195 01/01/2011]',-4.900,24.100,25.100,17.900,13.900,0.579
'[00:00:05.196 01/01/2011]',-5.600,23.700,25.000,17.400,13.900,0.579
'[00:00:05.197 01/01/2011]',-5.700,23.500,25.300,17.300,13.800,0.579
'[00:00:05.198 01/01/2011]',-5.200,23.400,25.800,17.500,13.700,0.579
'[00:00:05.199 01/01/2011]',-4.400,23.200,26.200,17.700,13.700,0.579
'[00:00:05.200 01/01/2011]',-3.900,23.200,26.400,17.700,13.600,0.668
'[00:00:05.201 01/01/2011]',-4.400,23.300,26.000,17.400,13.600,0.668
'[00:00:05.202 01/01/2011]',-6.000,23.600,25.200,17.000,13.600,0.668
'[00:00:05.203 01/01/2011]',-8.200,24.100,24.200,16.700,13.600,0.668
'[00:00:05.204 01/01/2011]',-10.100,24.700,23.500,16.900,13.700,0.668
'[00:00:05.205 01/01/2011]',-10.900,25.300,23.100,17.300,13.900,0.668
'[00:00:05.206 01/01/2011]',-10.100,25.700,23.100,17.900,14.200,0.668
'[00:00:05.207 01/01/2011]',-8.300,25.900,23.200,18.400,14.400,0.668
'[00:00:05.208 01/01/2011]',-6.300,26.200,23.200,18.500,14.500,0.668
'[00:00:05.209 01/01/2011]',-5.000,26.400,23.200,18.500,14.400,0.668
'[00:00:05.210 01/01/2011]',-4.900,26.800,23.200,18.500,14.400,0.681
'[00:00:05.211 01/01/2011]',-5.800,27.000,23.400,18.700,14.400,0.681
'[00:00:05.212 01/01/2011]',-7.200,27.000,23.800,19.000,14.700,0.681
'[00:00:05.213 01/01/2011]',-8.500,26.400,24.300,19.100,15.200,0.681
'[00:00:05.214 01/01/2011]',-9.500,25.400,24.500,18.800,15.600,0.681
'[00:00:05.215 01/01/2011]',-9.900,24.200,24.400,18.200,15.800,0.681
'[00:00:05.216 01/01/2011]',-9.800,23.300,23.900,17.500,15.900,0.681
'[00:00:05.217 01/01/2011]',-9.500,22.900,23.400,17.100,15.800,0.681
'[00:00:05.218 01/01/2011]',-9.200,23.000,23.100,17.300,15.700,0.681
'[00:00:05.219 01/01/2011]',-9.100,23.600,23.300,18.000,15.800,0.681
'[00:00:05.220 01/01/2011]',-9.600,24.200,23.800,18.900,16.000,0.696
'[00:00:05.221 01/01/2011]',-10.500,24.600,24.400,19.600,16.300,0.696
'[00:00:05.222 01/01/2011]',-11.500,24.700,24.800,19.900,16.500,0.696
'[00:00:05.223 01/01/2011]',-12.000,24.800,24.800,19.700,16.600,0.696
'[00:00:05.224 01/01/2011]',-11.800,25.000,24.400,19.400,16.500,0.696
'[00:00:05.225 01/01/2011]',-11.100,25.300,23.900,19.100,16.300,0.696
'[00:00:05.226 01/01/2011]',-10.300,25.600,23.400,18.800,16.000,0.696
'[00:00:05.227 01/01/2011]',-9.800,25.900,23.100,18.600,15.600,0.696
'[00:00:05.228 01/01/2011]',-9.900,25.800,22.900,18.200,15.200,0.696
'[00:00:05.229 01/01/2011]',-10.000,25.600,22.800,17.900,14.900,0.696
'[00:00:05.230 01/01/2011]',-9.900,25.300,22.800,17.700,14.900,0.579
'[00:00:05.231 01/01/2011]',-9.200,25.100,23.000,17.800,15.200,0.579
'[00:00:05.232 01/01/2011]',-8.500,25.200,23.400,18.300,15.800,0.579
'[00:00:05.233 01/01/2011]',-8.400,25.300,24.000,19.000,16.300,0.579
'[00:00:05.234 01/01/2011]',-9.300,25.300,24.600,19.700,16.600,0.579
'[00:00:05.235 01/01/2011]',-11.200,25.000,25.000,20.100,16.400,0.579
'[00:00:05.236 01/01/2011]',-13.100,24.400,25.000,19.800,15.900,0.579
'[00:00:05.237 01/01/2011]',-14.000,23.800,24.700,19.100,15.200,0.579
'[00:00:05.238 01/01/2011]',-13.700,23.400,24.300,18.100,14.700,0.579
'[00:00:05.239 01/01/2011]',-12.300,23.300,23.900,17.300,14.500,0.579
'[00:00:05.240 01/01/2011]',-11.100,23.700,23.600,17.000,14.600,0.822
'[00:00:05.241 01/01/2011]',-10.800,24.200,23.500,17.100,15.000,0.822
'[00:00:05.242 01/01/2011]',-11.500,24.700,23.300,17.400,15.300,0.822
'[00:00:05.243 01/01/2011]',-12.700,24.800,23.000,17.600,15.400,0.822
'[00:00:05.244 01/01/2011]',-13.300,24.600,22.500,17.500,15.000,0.822
'[00:00:05.245 01/01/2011]',-12.800,24.200,22.000,17.200,14.400,0.822
'[00:00:05.246 01/01/2011]',-11.300,23.900,21.500,16.800,13.700,0.822
'[00:00:05.247 01/01/2011]',-9.700,24.000,21.300,16.500,13.300,0.822
'[00:00:05.248 01/01/2011]',-8.900,24.400,21.300,16.400,13.200,0.822
'[00:00:05.249 01/01/2011]',-9.300,24.700,21.400,16.400,13.500,0.822
'[00:00:05.250 01/01/2011]',-10.500,24.600,21.500,16.400,13.800,0.579
'[00:00:05.251 01/01/2011]',-11.700,24.000,21.400,16.200,14.100,0.579
'[00:00:05.252 01/01/2011]',-12.500,23.000,21.300,15.900,14.200,0.579
'[00:00:05.253 01/01/2011]',-12.500,21.900,21.100,15.800,13.900,0.579
'[00:00:05.254 01/01/2011]',-12.100,21.200,21.000,16.000,13.500,0.579
'[00:00:05.255 01/01/2011]',-11.500,21.100,21.000,16.500,13.100,0.579
'[00:00:05.256 01/01/2011]',-11.000,21.400,21.100,17.000,12.600,0.579
'[00:00:05.257 01/01/2011]',-10.700,21.800,21.000,17.300,12.300,0.579
'[00:00:05.258 01/01/2011]',-10.500,21.900,20.900,17.300,12.000,0.579
'[00:00:05.259 01/01/2011]',-10.500,21.700,20.500,16.800,11.800,0.579
'[00:00:05.260 01/01/2011]',-10.900,21.100,20.000,16.100,11.600,0.668
'[00:00:05.261 01/01/2011]',-11.400,20.600,19.500,15.400,11.300,0.668
'[00:00:05.262 01/01/2011]',-11.900,20.400,18.900,14.800,10.900,0.668
'[00:00:05.263 01/01/2011]',-11.900,20.500,18.600,14.400,10.600,0.668
'[00:00:05.264 01/01/2011]',-11.300,20.800,18.500,14.300,10.500,0.668
'[00:00:05.265 01/01/2011]',-10.400,21.200,18.600,14.300,10.600,0.668
'[00:00:05.266 01/01/2011]',-10.000,21.600,19.000,14.600,11.100,0.668
'[00:00:05.267 01/01/2011]',-10.400,22.000,19.500,14.900,11.800,0.668
'[00:00:05.268 01/01/2011]',-11.800,22.300,20.100,15.300,12.600,0.668
'[00:00:05.269 01/01/2011]',-13.200,22.400,20.400,15.600,13.200,0.668
'[00:00:05.270 01/01/2011]',-13.700,22.400,20.400,15.600,13.500,0.681
'[00:00:05.271 01/01/2011]',-12.700,22.200,20.100,15.400,13.400,0.681
'[00:00:05.272 01/01/2011]',-10.400,21.700,19.800,15.100,13.100,0.681
'[00:00:05.273 01/01/2011]',-7.700,21.100,19.500,14.800,12.900,0.681
'[00:00:05.274 01/01/2011]',-5.800,20.500,19.600,14.700,12.900,0.681
'[00:00:05.275 01/01/2011]',-5.100,19.900,20.000,14.800,13.100,0.681
'[00:00:05.276 01/01/2011]',-5.500,19.200,20.500,14.900,13.300,0.681
'[00:00:05.277 01/01/2011]',-6.100,18.700,20.900,14.900,13.500,0.681
'[00:00:05.278 01/01/2011]',-6.400,18.200,21.100,14.700,13.400,0.681
'[00:00:05.279 01/01/2011]',-5.900,18.000,21.000,14.400,13.200,0.681
'[00:00:05.280 01/01/2011]',-5.100,18.100,20.900,14.200,12.900,0.723
'[00:00:05.281 01/01/2011]',-4.300,18.500,20.900,14.300,12.900,0.723
'[00:00:05.282 01/01/2011]',-3.500,19.300,21.200,14.400,13.100,0.723
'[00:00:05.283 01/01/2011]',-2.900,20.100,21.600,14.600,13.600,0.723
'[00:00:05.284 01/01/2011]',-2.400,20.700,22.100,14.500,14.200,0.723
'[00:00:05.285 01/01/2011]',-2.000,21.100,22.400,14.300,14.600,0.723
'[00:00:05.286 01/01/2011]',-1.900,21.200,22.400,13.900,14.800,0.723
'[00:00:05.287 01/01/2011]',-2.400,21.000,22.200,13.600,14.700,0.723
'[00:00:05.288 01/01/2011]',-3.100,20.900,21.800,13.500,14.500,0.723
'[00:00:05.289 01/01/2011]',-3.700,20.900,21.400,13.700,14.300,0.723
'[00:00:05.290 01/01/2011]',-3.600,21.000,21.200,14.000,14.400,0.579
'[00:00:05.291 01/01/2011]',-2.700,21.200,21.200,14.500,14.800,0.579
'[00:00:05.292 01/01/2011]',-1.300,21.300,21.500,14.900,15.400,0.579
'[00:00:05.293 01/01/2011]',-0.300,21.200,21.900,15.100,16.000,0.579
'[00:00:05.294 01/01/2011]',0.100,20.800,22.300,15.000,16.400,0.579
'[00:00:05.295 01/01/2011]',-0.400,20.200,22.500,14.600,16.600,0.579
'[00:00:05.296 01/01/2011]',-1.300,19.500,22.500,14.000,16.500,0.579
'[00:00:05.297 01/01/2011]',-1.800,18.900,22.400,13.300,16.300,0.579
'[00:00:05.298 01/01/2011]',-1.500,18.700,22.400,12.900,16.100,0.579
'[00:00:05.299 01/01/2011]',-0.300,18.700,22.700,12.700,16.100,0.579
'[00:00:05.300 01/01/2011]',1.300,19.100,23.200,12.900,16.300,0.822
'[00:00:05.301 01/01/2011]',2.500,19.600,23.700,13.200,16.600,0.822
'[00:00:05.302 01/01/2011]',2.600,20.000,24.000,13.700,16.900,0.822
'[00:00:05.303 01/01/2011]',1.500,20.200,23.900,13.900,17.100,0.822
'[00:00:05.304 01/01/2011]',-0.600,20.200,23.500,14.000,17.100,0.822
'[00:00:05.305 01/01/2011]',-2.800,20.100,22.900,13.900,16.700,0.822
'[00:00:05.306 01/01/2011]',-4.400,20.100,22.400,13.800,16.100,0.822
'[00:00:05.307 01/01/2011]',-5.000,20.400,22.000,13.700,15.500,0.822
'[00:00:05.308 01/01/2011]',-4.900,20.800,21.700,13.600,15.000,0.822
'[00:00:05.309 01/01/2011]',-4.700,21.300,21.400,13.500,14.800,0.822
'[00:00:05.310 01/01/2011]',-5.100,21.500,21.100,13.400,14.700,0.579
'[00:00:05.311 01/01/2011]',-6.500,21.300,20.700,13.300,14.700,0.579
'[00:00:05.312 01/01/2011]',-8.500,20.800,20.500,13.200,14.600,0.579
'[00:00:05.313 01/01/2011]',-10.400,20.200,20.400,13.100,14.300,0.579
'[00:00:05.314 01/01/2011]',-11.400,19.600,20.600,13.000,13.900,0.579
'[00:00:05.315 01/01/2011]',-11.500,19.300,20.900,12.600,13.500,0.579
'[00:00:05.316 01/01/2011]',-11.200,19.100,20.900,11.800,13.300,0.579
'[00:00:05.317 01/01/2011]',-11.100,18.900,20.600,10.800,13.300,0.579
'[00:00:05.318 01/01/2011]',-11.900,18.500,19.900,9.500,13.400,0.579
'[00:00:05.319 01/01/2011]',-13.400,18.000,19.100,8.300,13.400,0.579
'[00:00:05.320 01/01/2011]',-15.100,17.600,18.200,7.500,13.100,0.668
'[00:00:05.321 01/01/2011]',-16.300,17.700,17.600,7.300,12.700,0.668
'[00:00:05.322 01/01/2011]',-16.700,18.200,17.400,7.700,12.300,0.668
'[00:00:05.323 01/01/2011]',-16.500,18.900,17.500,8.400,12.200,0.668
'[00:00:05.324 01/01/2011]',-16.000,19.500,17.800,9.200,12.500,0.668
'[00:00:05.325 01/01/2011]',-15.700,19.600,18.000,9.700,12.900,0.668
'[00:00:05.326 01/01/2011]',-15.800,19.500,17.800,9.800,13.100,0.668
'[00:00:05.327 01/01/2011]',-16.000,19.300,17.500,9.700,13.200,0.668
'[00:00:05.328 01/01/2011]',-16.100,19.200,17.000,9.700,13.000,0.668
'[00:00:05.329 01/01/2011]',-15.700,19.400,16.800,10.000,12.800,0.668
'[00:00:05.330 01/01/2011]',-15.000,19.500,17.000,10.500,12.700,0.681
'[00:00:05.331 01/01/2011]',-14.200,19.500,17.300,11.000,12.800,0.681
'[00:00:05.332 01/01/2011]',-13.700,19.100,17.700,11.400,12.900,0.681
'[00:00:05.333 01/01/2011]',-13.900,18.400,17.800,11.300,12.900,0.681
'[00:00:05.334 01/01/2011]',-14.700,17.900,17.600,11.100,12.600,0.681
'[00:00:05.335 01/01/2011]',-15.700,17.700,17.100,10.800,12.300,0.681
'[00:00:05.336 01/01/2011]',-16.500,17.700,16.700,10.700,12.100,0.681
'[00:00:05.337 01/01/2011]',-16.700,17.900,16.500,10.800,12.000,0.681
'[00:00:05.338 01/01/2011]',-16.400,17.800,16.500,10.900,12.100,0.681
'[00:00:05.339 01/01/2011]',-15.700,17.400,16.500,11.000,12.100,0.681
'[00:00:05.340 01/01/2011]',-15.100,16.600,16.400,10.900,11.900,0.712
'[00:00:05.341 01/01/2011]',-14.800,15.800,16.100,10.800,11.500,0.712
'[00:00:05.342 01/01/2011]',-14.700,15.400,15.700,10.600,11.100,0.712
'[00:00:05.343 01/01/2011]',-14.700,15.500,15.500,10.600,11.000,0.712
'[00:00:05.344 01/01/2011]',-14.500,16.100,15.400,10.700,11.100,0.712
'[00:00:05.345 01/01/2011]',-14.000,16.900,15.500,10.800,11.500,0.712
'[00:00:05.346 01/01/2011]',-13.600,17.600,15.700,10.900,11.900,0.712
'[00:00:05.347 01/01/2011]',-13.700,18.100,15.800,10.900,12.200,0.712
'[00:00:05.348 01/01/2011]',-14.300,18.300,15.800,11.000,12.400,0.712
'[00:00:05.349 01/01/2011]',-15.100,18.100,16.000,11.200,12.300,0.712
'[00:00:05.350 01/01/2011]',-15.700,17.800,16.300,11.400,12.300,0.579
'[00:00:05.351 01/01/2011]',-15.600,17.600,16.800,11.700,12.400,0.579
'[00:00:05.352 01/01/2011]',-14.800,17.600,17.200,11.900,12.700,0.579
'[00:00:05.353 01/01/2011]',-13.700,17.900,17.600,12.000,13.100,0.579
'[00:00:05.354 01/01/2011]',-13.000,18.200,17.700,12.000,13.500,0.579
'[00:00:05.355 01/01/2011]',-13.200,18.400,17.800,11.900,13.700,0.579
'[00:00:05.356 01/01/2011]',-13.900,18.200,17.800,11.600,13.600,0.579
'[00:00:05.357 01/01/2011]',-14.700,17.900,18.000,11.300,13.300,0.579
'[00:00:05.358 01/01/2011]',-14.800,17.400,18.300,11.000,12.900,0.579
'[00:00:05.359 01/01/2011]',-14.300,17.100,18.600,10.800,12.700,0.579
'[00:00:05.360 01/01/2011]',-13.300,17.300,18.900,10.900,12.800,0.822
'[00:00:05.361 01/01/2011]',-12.500,17.800,19.100,11.300,13.200,0.822
'[00:00:05.362 01/01/2011]',-12.200,18.500,19.200,11.800,13.900,0.822
'[00:00:05.363 01/01/2011]',-12.400,19.200,19.300,12.200,14.500,0.822
'[00:00:05.364 01/01/2011]',-12.700,19.600,19.400,12.400,14.900,0.822
'[00:00:05.365 01/01/2011]',-12.900,19.800,19.500,12.200,14.900,0.822
'[00:00:05.366 01/01/2011]',-12.900,20.000,19.600,12.100,14.800,0.822
'[00:00:05.367 01/01/2011]',-13.000,20.200,19.800,12.100,14.700,0.822
'[00:00:05.368 01/01/2011]',-13.500,20.500,20.000,12.400,14.800,0.822
'[00:00:05.369 01/01/2011]',-14.500,20.600,20.300,12.900,15.000,0.822
'[00:00:05.370 01/01/2011]',-15.300,20.400,20.700,13.200,15.300,0.579
'[00:00:05.371 01/01/2011]',-15.500,19.900,21.000,13.200,15.400,0.579
'[00:00:05.372 01/01/2011]',-14.900,19.200,21.200,12.900,15.500,0.579
'[00:00:05.373 01/01/2011]',-13.700,18.400,21.300,12.600,15.500,0.579
'[00:00:05.374 01/01/2011]',-12.800,17.900,21.100,12.500,15.500,0.579
'[00:00:05.375 01/01/2011]',-12.600,17.500,20.800,12.500,15.700,0.579
'[00:00:05.376 01/01/2011]',-13.300,17.300,20.300,12.400,15.900,0.579
'[00:00:05.377 01/01/2011]',-14.300,16.900,19.800,12.100,16.200,0.579
'[00:00:05.378 01/01/2011]',-14.700,16.600,19.400,11.500,16.400,0.579
'[00:00:05.379 01/01/2011]',-14.200,16.300,19.200,10.800,16.400,0.579
'[00:00:05.380 01/01/2011]',-12.900,16.500,19.300,10.500,16.400,0.668
'[00:00:05.381 01/01/2011]',-11.400,17.200,19.500,10.700,16.400,0.668
'[00:00:05.382 01/01/2011]',-10.500,18.200,19.900,11.300,16.500,0.668
'[00:00:05.383 01/01/2011]',-10.300,19.100,20.300,12.000,16.600,0.668
'[00:00:05.384 01/01/2011]',-10.700,19.700,20.300,12.400,16.400,0.668
'[00:00:05.385 01/01/2011]',-11.200,19.700,20.000,12.300,16.000,0.668
'[00:00:05.386 01/01/2011]',-11.500,19.300,19.300,11.700,15.200,0.668
'[00:00:05.387 01/01/2011]',-11.700,18.900,18.200,11.100,14.300,0.668
'[00:00:05.388 01/01/2011]',-12.100,18.600,17.100,10.800,13.400,0.668
'[00:00:05.389 01/01/2011]',-13.000,18.500,16.100,10.700,12.700,0.668
'[00:00:05.390 01/01/2011]',-14.600,18.600,15.500,10.800,12.200,0.681
'[00:00:05.391 01/01/2011]',-16.400,18.700,15.400,10.800,11.900,0.681
'[00:00:05.392 01/01/2011]',-18.000,18.700,15.600,10.600,11.800,0.681
'[00:00:05.393 01/01/2011]',-18.400,18.700,16.300,10.400,12.100,0.681
'[00:00:05.394 01/01/2011]',-17.300,18.700,17.200,10.400,12.700,0.681
'[00:00:05.395 01/01/2011]',-14.400,18.700,18.300,10.800,13.600,0.681
'[00:00:05.396 01/01/2011]',-9.900,18.900,19.500,11.600,14.500,0.681
'[00:00:05.397 01/01/2011]',-4.100,19.300,20.700,12.600,15.400,0.681
'[00:00:05.398 01/01/2011]',2.600,19.900,22.000,13.600,16.100,0.681
'[00:00:05.399 01/01/2011]',9.900,20.700,23.200,14.700,16.900,0.681
'[00:00:05.400 01/01/2011]',18.000,21.900,24.600,15.700,18.000,0.704
'[00:00:05.401 01/01/2011]',26.800,23.400,26.100,17.000,19.800,0.704
'[00:00:05.402 01/01/2011]',36.101,25.000,27.600,18.400,22.000,0.704
'[00:00:05.403 01/01/2011]',45.301,26.700,29.000,19.900,24.400,0.704
'[00:00:05.404 01/01/2011]',53.401,28.300,30.100,21.300,26.300,0.704
'[00:00:05.405 01/01/2011]',59.001,29.700,30.800,22.200,27.600,0.704
'[00:00:05.406 01/01/2011]',61.801,30.900,31.000,22.800,28.500,0.704
'[00:00:05.407 01/01/2011]',62.001,31.800,31.100,23.100,29.200,0.704
'[00:00:05.408 01/01/2011]',60.701,32.400,31.200,23.400,30.200,0.704
'[00:00:05.409 01/01/2011]',59.101,32.901,31.600,23.900,31.500,0.704
'[00:00:05.410 01/01/2011]',58.101,33.501,32.300,24.700,32.901,0.579
'[00:00:05.411 01/01/2011]',57.901,34.301,33.101,25.500,33.901,0.579
'[00:00:05.412 01/01/2011]',57.901,35.201,33.701,26.300,34.301,0.579
'[00:00:05.413 01/01/2011]',57.701,35.901,34.101,26.700,34.101,0.579
'[00:00:05.414 01/01/2011]',56.901,36.001,34.201,26.800,33.601,0.579
'[00:00:05.415 01/01/2011]',55.801,35.301,33.901,26.600,32.901,0.579
'[00:00:05.416 01/01/2011]',54.601,34.101,33.401,26.100,32.100,0.579
'[00:00:05.417 01/01/2011]',53.201,33.001,32.600,25.300,31.000,0.579
'[00:00:05.418 01/01/2011]',51.101,32.600,31.300,24.300,29.500,0.579
'[00:00:05.419 01/01/2011]',47.401,32.901,29.500,23.000,27.400,0.579
'[00:00:05.420 01/01/2011]',41.301,33.801,27.100,21.200,24.700,0.822
'[00:00:05.421 01/01/2011]',32.700,34.601,24.300,19.200,21.700,0.822
'[00:00:05.422 01/01/2011]',22.000,35.001,21.200,17.100,18.700,0.822
'[00:00:05.423 01/01/2011]',9.800,34.701,18.100,15.200,15.900,0.822
'[00:00:05.424 01/01/2011]',-2.700,34.101,15.400,13.800,13.500,0.822
'[00:00:05.425 01/01/2011]',-14.500,33.701,13.100,13.100,11.500,0.822
'[00:00:05.426 01/01/2011]',-24.800,33.801,11.500,13.100,9.900,0.822
'[00:00:05.427 01/01/2011]',-32.600,34.601,10.900,13.700,8.900,0.822
'[00:00:05.428 01/01/2011]',-37.301,35.701,11.100,14.800,8.700,0.822
'[00:00:05.429 01/01/2011]',-38.401,36.901,12.200,16.100,9.200,0.822
'[00:00:05.430 01/01/2011]',-36.101,37.901,13.600,17.500,10.300,0.579
'[00:00:05.431 01/01/2011]',-31.400,38.901,15.100,18.800,11.600,0.579
'[00:00:05.432 01/01/2011]',-25.400,39.701,16.200,19.800,12.900,0.579
'[00:00:05.433 01/01/2011]',-19.400,40.501,16.600,20.300,13.800,0.579
'[00:00:05.434 01/01/2011]',-14.400,41.101,16.500,20.600,14.200,0.579
'[00:00:05.435 01/01/2011]',-10.800,41.301,16.300,20.700,14.200,0.579
'[00:00:05.436 01/01/2011]',-8.400,41.301,16.200,20.900,14.000,0.579
'[00:00:05.437 01/01/2011]',-6.800,41.301,16.300,21.400,13.900,0.579
'[00:00:05.438 01/01/2011]',-5.900,41.601,16.800,22.100,14.000,0.579
'[00:00:05.439 01/01/2011]',-5.500,42.301,17.400,22.800,14.300,0.579
'[00:00:05.440 01/01/2011]',-5.700,43.501,17.900,23.300,14.700,0.668
'[00:00:05.441 01/01/2011]',-6.200,44.701,18.200,23.500,15.200,0.668
'[00:00:05.442 01/01/2011]',-6.700,45.601,18.300,23.400,15.700,0.668
'[00:00:05.443 01/01/2011]',-6.900,46.001,18.300,23.300,16.000,0.668
'[00:00:05.444 01/01/2011]',-6.600,46.201,18.500,23.200,16.200,0.668
'[00:00:05.445 01/01/2011]',-6.000,46.201,18.800,23.300,16.100,0.668
'[00:00:05.446 01/01/2011]',-5.700,46.401,19.100,23.500,15.900,0.668
'[00:00:05.447 01/01/2011]',-5.900,46.601,19.500,23.800,15.700,0.668
'[00:00:05.448 01/01/2011]',-6.700,47.001,19.700,24.000,15.700,0.668
'[00:00:05.449 01/01/2011]',-7.800,47.301,19.900,24.200,16.100,0.668
'[00:00:05.450 01/01/2011]',-8.600,47.601,20.200,24.400,16.700,0.681
'[00:00:05.451 01/01/2011]',-8.800,48.001,20.500,24.600,17.400,0.681
'[00:00:05.452 01/01/2011]',-8.400,48.401,21.000,24.900,17.900,0.681
'[00:00:05.453 01/01/2011]',-7.600,48.601,21.500,25.100,18.100,0.681
'[00:00:05.454 01/01/2011]',-6.800,48.401,21.700,25.000,17.800,0.681
'[00:00:05.455 01/01/2011]',-6.100,47.601,21.600,24.800,17.400,0.681
'[00:00:05.456 01/01/2011]',-5.700,46.401,21.000,24.400,17.100,0.681
'[00:00:05.457 01/01/2011]',-5.800,45.201,20.300,24.000,16.900,0.681
'[00:00:05.458 01/01/2011]',-6.300,44.501,19.600,23.700,16.900,0.681
'[00:00:05.459 01/01/2011]',-7.300,44.501,19.300,23.600,16.900,0.681
'[00:00:05.460 01/01/2011]',-8.500,45.201,19.600,23.500,16.800,0.692
'[00:00:05.461 01/01/2011]',-9.600,46.001,20.400,23.500,16.600,0.692
'[00:00:05.462 01/01/2011]',-10.100,46.301,21.300,23.200,16.400,0.692
'[00:00:05.463 01/01/2011]',-9.700,45.901,21.900,22.700,16.200,0.692
'[00:00:05.464 01/01/2011]',-8.600,45.101,21.900,22.100,16.100,0.692
'[00:00:05.465 01/01/2011]',-7.200,44.201,21.300,21.700,16.300,0.692
'[00:00:05.466 01/01/2011]',-6.000,43.801,20.400,21.700,16.600,0.692
'[00:00:05.467 01/01/2011]',-5.600,43.901,19.800,22.200,17.000,0.692
'[00:00:05.468 01/01/2011]',-5.900,44.401,19.600,23.000,17.400,0.692
'[00:00:05.469 01/01/2011]',-6.700,44.801,19.800,23.800,17.600,0.692
'[00:00:05.470 01/01/2011]',-7.800,44.901,19.800,24.300,17.500,0.579
'[00:00:05.471 01/01/2011]',-8.800,44.701,19.400,24.200,17.200,0.579
'[00:00:05.472 01/01/2011]',-9.400,44.501,18.600,23.600,16.600,0.579
'[00:00:05.473 01/01/2011]',-9.500,44.401,17.700,22.900,16.200,0.579
'[00:00:05.474 01/01/2011]',-9.000,44.501,17.100,22.400,15.900,0.579
'[00:00:05.475 01/01/2011]',-8.400,44.701,17.000,22.300,16.000,0.579
'[00:00:05.476 01/01/2011]',-7.900,44.801,17.400,22.500,16.400,0.579
'[00:00:05.477 01/01/2011]',-8.000,44.701,17.900,22.600,16.700,0.579
'[00:00:05.478 01/01/2011]',-8.600,44.401,17.900,22.500,16.900,0.579
'[00:00:05.479 01/01/2011]',-9.500,44.201,17.500,22.200,16.800,0.579
'[00:00:05.480 01/01/2011]',-10.200,44.001,16.800,21.800,16.400,0.822
'[00:00:05.481 01/01/2011]',-10.400,44.101,16.200,21.500,16.000,0.822
'[00:00:05.482 01/01/2011]',-10.000,44.101,16.200,21.300,15.700,0.822
'[00:00:05.483 01/01/2011]',-9.700,43.801,16.600,21.300,15.600,0.822
'[00:00:05.484 01/01/2011]',-9.800,43.201,17.100,21.300,15.600,0.822
'[00:00:05.485 01/01/2011]',-10.300,42.201,17.200,21.200,15.600,0.822
'[00:00:05.486 01/01/2011]',-10.900,41.301,16.600,20.900,15.400,0.822
'[00:00:05.487 01/01/2011]',-11.100,40.601,15.500,20.600,15.100,0.822
'[00:00:05.488 01/01/2011]',-10.500,40.301,14.300,20.400,14.800,0.822
'[00:00:05.489 01/01/2011]',-9.500,40.501,13.500,20.300,14.600,0.822
'[00:00:05.490 01/01/2011]',-8.700,40.801,13.200,20.400,14.700,0.579
'[00:00:05.491 01/01/2011]',-8.600,41.001,13.400,20.400,15.100,0.579
'[00:00:05.492 01/01/2011]',-9.100,41.001,13.800,20.600,15.600,0.579
'[00:00:05.493 01/01/2011]',-9.700,40.601,14.300,20.900,16.200,0.579
'[00:00:05.494 01/01/2011]',-9.800,40.001,14.700,21.300,16.600,0.579
'[00:00:05.495 01/01/2011]',-9.400,39.401,14.900,21.900,17.000,0.579
'[00:00:05.496 01/01/2011]',-8.800,39.001,15.000,22.500,17.200,0.579
'[00:00:05.497 01/01/2011]',-8.800,38.901,15.000,22.900,17.300,0.579
'[00:00:05.498 01/01/2011]',-9.600,38.901,15.100,22.900,17.300,0.579
'[00:00:05.499 01/01/2011]',-11.000,38.801,15.100,22.400,17.200,0.579
'[00:00:05.500 01/01/2011]',-12.200,38.601,15.100,21.700,17.100,0.668
'[00:00:05.501 01/01/2011]',-12.300,38.101,15.000,21.000,17.000,0.668
'[00:00:05.502 01/01/2011]',-11.300,37.501,15.000,20.500,17.000,0.668
'[00:00:05.503 01/01/2011]',-9.600,36.901,15.100,20.200,17.100,0.668
'[00:00:05.504 01/01/2011]',-8.100,36.401,15.200,20.100,17.200,0.668
'[00:00:05.505 01/01/2011]',-7.200,35.901,15.400,20.200,17.500,0.668
'[00:00:05.506 01/01/2011]',-7.400,35.401,15.500,20.200,18.000,0.668
'[00:00:05.507 01/01/2011]',-8.200,34.801,15.500,20.200,18.600,0.668
'[00:00:05.508 01/01/2011]',-9.200,34.101,15.400,20.000,19.000,0.668
'[00:00:05.509 01/01/2011]',-9.900,33.401,15.200,19.600,19.300,0.668
'[00:00:05.510 01/01/2011]',-10.200,32.901,15.100,19.200,19.300,0.681
'[00:00:05.511 01/01/2011]',-10.100,32.901,15.200,18.900,19.200,0.681
'[00:00:05.512 01/01/2011]',-9.600,33.201,15.400,18.600,19.000,0.681
'[00:00:05.513 01/01/2011]',-9.100,33.801,15.500,18.400,19.000,0.681
'[00:00:05.514 01/01/2011]',-8.700,34.301,15.600,18.300,19.100,0.681
'[00:00:05.515 01/01/2011]',-8.700,34.301,15.400,18.200,19.100,0.681
'[00:00:05.516 01/01/2011]',-9.100,33.901,14.900,18.100,18.800,0.681
'[00:00:05.517 01/01/2011]',-9.700,33.001,14.400,17.800,18.100,0.681
'[00:00:05.518 01/01/2011]',-9.900,32.100,13.900,17.600,17.200,0.681
'[00:00:05.519 01/01/2011]',-9.500,31.400,13.600,17.400,16.100,0.681
'[00:00:05.520 01/01/2011]',-8.300,31.300,13.700,17.400,15.400,0.723
'[00:00:05.521 01/01/2011]',-6.900,31.500,14.000,17.500,15.300,0.723
'[00:00:05.522 01/01/2011]',-5.600,31.800,14.500,17.700,15.700,0.723
'[00:00:05.523 01/01/2011]',-5.200,31.800,14.900,17.800,16.600,0.723
'[00:00:05.524 01/01/2011]',-5.400,31.300,15.200,17.800,17.600,0.723
'[00:00:05.525 01/01/2011]',-6.100,30.400,15.300,17.700,18.400,0.723
'[00:00:05.526 01/01/2011]',-6.600,29.200,15.400,17.400,18.700,0.723
'[00:00:05.527 01/01/2011]',-6.600,28.300,15.500,17.200,18.600,0.723
'[00:00:05.528 01/01/2011]',-6.400,27.800,15.800,17.100,18.200,0.723
'[00:00:05.529 01/01/2011]',-6.200,27.800,16.200,17.100,17.900,0.723
'[00:00:05.530 01/01/2011]',-6.300,28.100,16.600,17.100,17.800,0.579
'[00:00:05.531 01/01/2011]',-6.700,28.500,16.900,17.200,17.900,0.579
'[00:00:05.532 01/01/2011]',-6.700,28.800,17.000,17.100,18.000,0.579
'[00:00:05.533 01/01/2011]',-6.000,28.800,16.900,17.100,17.800,0.579
'[00:00:05.534 01/01/2011]',-4.500,28.500,16.800,17.100,17.300,0.579
'[00:00:05.535 01/01/2011]',-2.600,28.200,16.800,17.300,16.800,0.579
'[00:00:05.536 01/01/2011]',-1.000,27.900,16.800,17.500,16.400,0.579
'[00:00:05.537 01/01/2011]',-0.400,27.700,16.800,17.600,16.400,0.579
'[00:00:05.538 01/01/2011]',-0.700,27.500,16.800,17.400,16.700,0.579
'[00:00:05.539 01/01/2011]',-1.600,27.300,16.700,16.800,17.100,0.579
'[00:00:05.540 01/01/2011]',-2.400,27.000,16.700,16.000,17.300,0.822
'[00:00:05.541 01/01/2011]',-2.700,26.700,16.700,15.200,17.000,0.822
'[00:00:05.542 01/01/2011]',-2.600,26.400,16.800,14.400,16.100,0.822
'[00:00:05.543 01/01/2011]',-2.500,26.000,16.900,13.900,15.100,0.822
'[00:00:05.544 01/01/2011]',-2.700,25.500,16.900,13.600,14.100,0.822
'[00:00:05.545 01/01/2011]',-3.200,25.000,17.000,13.500,13.400,0.822
'[00:00:05.546 01/01/2011]',-3.800,24.400,17.200,13.300,12.800,0.822
'[00:00:05.547 01/01/2011]',-4.000,23.900,17.900,13.200,12.200,0.822
'[00:00:05.548 01/01/2011]',-3.700,23.700,19.100,13.100,11.300,0.822
'[00:00:05.549 01/01/2011]',-2.900,24.100,20.800,13.000,10.200,0.822
'[00:00:05.550 01/01/2011]',-1.900,25.100,22.900,12.900,9.000,0.579
'[00:00:05.551 01/01/2011]',-1.000,26.700,25.100,12.900,7.700,0.579
'[00:00:05.552 01/01/2011]',-0.300,28.600,27.400,13.100,6.700,0.579
'[00:00:05.553 01/01/2011]',0.200,30.400,29.700,13.500,6.000,0.579
'[00:00:05.554 01/01/2011]',0.500,31.800,32.200,14.200,5.500,0.579
'[00:00:05.555 01/01/2011]',0.400,32.700,34.801,15.100,5.200,0.579
'[00:00:05.556 01/01/2011]',0.000,33.401,37.301,16.100,5.100,0.579
'[00:00:05.557 01/01/2011]',-0.700,33.801,39.501,17.300,5.200,0.579
'[00:00:05.558 01/01/2011]',-1.600,34.101,41.301,18.400,5.900,0.579
'[00:00:05.559 01/01/2011]',-2.500,34.301,42.701,19.600,7.200,0.579
'[00:00:05.560 01/01/2011]',-3.000,34.201,44.101,20.900,9.400,0.668
'[00:00:05.561 01/01/2011]',-3.400,33.801,45.501,22.400,12.400,0.668
'[00:00:05.562 01/01/2011]',-4.000,32.901,47.201,24.100,16.300,0.668
'[00:00:05.563 01/01/2011]',-5.200,31.800,49.101,26.000,20.700,0.668
'[00:00:05.564 01/01/2011]',-7.300,30.400,50.801,27.700,25.500,0.668
'[00:00:05.565 01/01/2011]',-9.900,28.800,51.901,29.200,30.400,0.668
'[00:00:05.566 01/01/2011]',-12.200,27.000,52.401,30.300,35.501,0.668
'[00:00:05.567 01/01/2011]',-13.500,24.900,52.101,31.200,40.801,0.668
'[00:00:05.568 01/01/2011]',-13.400,22.800,51.001,32.000,46.301,0.668
'[00:00:05.569 01/01/2011]',-12.200,20.800,49.401,33.101,52.201,0.668
'[00:00:05.570 01/01/2011]',-10.900,18.900,47.501,34.301,58.401,0.681
'[00:00:05.571 01/01/2011]',-10.600,17.300,45.201,35.501,64.801,0.681
'[00:00:05.572 01/01/2011]',-11.800,15.800,42.501,36.401,71.001,0.681
'[00:00:05.573 01/01/2011]',-14.200,14.000,39.401,36.901,77.101,0.681
'[00:00:05.574 01/01/2011]',-16.900,11.500,35.701,37.001,83.001,0.681
'[00:00:05.575 01/01/2011]',-19.100,8.300,31.400,36.901,88.901,0.681
'[00:00:05.576 01/01/2011]',-20.400,4.400,26.400,36.801,95.001,0.681
'[00:00:05.577 01/01/2011]',-20.900,0.200,21.000,36.801,101.202,0.681
'[00:00:05.578 01/01/2011]',-21.500,-3.800,15.600,36.801,107.302,0.681
'[00:00:05.579 01/01/2011]',-22.300,-7.400,10.500,36.501,112.802,0.681
'[00:00:05.580 01/01/2011]',-23.400,-10.600,6.100,35.801,117.302,0.712
'[00:00:05.581 01/01/2011]',-24.400,-13.500,2.500,34.901,120.702,0.712
'[00:00:05.582 01/01/2011]',-24.900,-16.100,-0.100,33.901,123.002,0.712
'[00:00:05.583 01/01/2011]',-24.700,-18.600,-2.100,32.901,124.302,0.712
'[00:00:05.584 01/01/2011]',-24.200,-20.800,-3.700,31.900,124.402,0.712
'[00:00:05.585 01/01/2011]',-23.800,-22.600,-5.300,30.500,123.202,0.712
'[00:00:05.586 01/01/2011]',-23.900,-23.900,-7.000,28.400,120.302,0.712
'[00:00:05.587 01/01/2011]',-24.200,-24.900,-9.100,25.400,115.502,0.712
'[00:00:05.588 01/01/2011]',-24.200,-25.600,-11.800,21.700,109.002,0.712
'[00:00:05.589 01/01/2011]',-23.500,-26.200,-15.100,17.400,101.202,0.712
'[00:00:05.590 01/01/2011]',-21.900,-26.500,-18.900,13.200,93.101,0.579
'[00:00:05.591 01/01/2011]',-19.800,-26.800,-23.000,9.200,85.301,0.579
'[00:00:05.592 01/01/2011]',-17.700,-26.900,-27.100,5.800,78.401,0.579
'[00:00:05.593 01/01/2011]',-16.200,-27.200,-31.000,2.800,72.501,0.579
'[00:00:05.594 01/01/2011]',-15.300,-27.700,-34.601,0.100,67.001,0.579
'[00:00:05.595 01/01/2011]',-14.800,-28.300,-38.001,-2.600,61.401,0.579
'[00:00:05.596 01/01/2011]',-14.100,-28.700,-40.901,-5.300,55.001,0.579
'[00:00:05.597 01/01/2011]',-12.600,-28.500,-43.501,-8.100,47.701,0.579
'[00:00:05.598 01/01/2011]',-10.300,-27.600,-45.601,-10.800,39.701,0.579
'[00:00:05.599 01/01/2011]',-7.600,-25.900,-47.101,-13.500,31.700,0.579
'[00:00:05.600 01/01/2011]',-5.400,-24.100,-47.701,-15.900,24.400,0.822
'[00:00:05.601 01/01/2011]',-4.500,-22.700,-47.501,-17.900,18.200,0.822
'[00:00:05.602 01/01/2011]',-4.600,-22.100,-46.401,-19.500,13.200,0.822
'[00:00:05.603 01/01/2011]',-5.200,-22.100,-44.401,-20.600,9.200,0.822
'[00:00:05.604 01/01/2011]',-5.000,-22.500,-41.901,-21.300,5.800,0.822
'[00:00:05.605 01/01/2011]',-3.700,-22.700,-39.001,-21.500,2.900,0.822
'[00:00:05.606 01/01/2011]',-1.400,-22.500,-36.101,-21.400,0.400,0.822
'[00:00:05.607 01/01/2011]',0.700,-21.900,-33.501,-21.100,-1.500,0.822
'[00:00:05.608 01/01/2011]',1.300,-21.000,-31.100,-20.500,-2.900,0.822
'[00:00:05.609 01/01/2011]',0.000,-19.900,-28.800,-19.700,-3.900,0.822
'[00:00:05.610 01/01/2011]',-2.500,-18.900,-26.300,-18.900,-4.600,0.579
'[00:00:05.611 01/01/2011]',-4.600,-17.800,-23.400,-18.100,-5.400,0.579
'[00:00:05.612 01/01/2011]',-5.000,-16.500,-20.100,-17.300,-6.300,0.579
'[00:00:05.613 01/01/2011]',-3.400,-15.200,-16.600,-16.700,-7.100,0.579
'[00:00:05.614 01/01/2011]',-0.900,-13.700,-13.200,-16.200,-7.700,0.579
'[00:00:05.615 01/01/2011]',1.200,-12.200,-10.400,-15.600,-7.900,0.579
'[00:00:05.616 01/01/2011]',1.600,-10.600,-8.200,-15.000,-7.600,0.579
'[00:00:05.617 01/01/2011]',0.400,-9.300,-6.800,-14.500,-7.100,0.579
'[00:00:05.618 01/01/2011]',-1.800,-8.300,-5.800,-14.100,-6.500,0.579
'[00:00:05.619 01/01/2011]',-3.700,-7.800,-5.000,-14.000,-6.100,0.579
'[00:00:05.620 01/01/2011]',-4.700,-7.900,-4.400,-14.100,-5.800,0.500
'[00:00:05.621 01/01/2011]',-4.600,-8.400,-3.900,-14.300,-5.700,0.500
'[00:00:05.622 01/01/2011]',-4.100,-9.000,-3.600,-14.500,-5.500,0.500
'[00:00:05.623 01/01/2011]',-3.800,-9.500,-3.300,-14.500,-5.400,0.500
'[00:00:05.624 01/01/2011]',-3.700,-9.800,-3.000,-14.400,-5.300,0.500
'[00:00:05.625 01/01/2011]',-3.800,-10.000,-2.500,-14.300,-5.300,0.500
'[00:00:05.626 01/01/2011]',-3.600,-10.300,-1.900,-14.400,-5.500,0.500
'[00:00:05.627 01/01/2011]',-3.300,-10.800,-1.100,-14.700,-5.900,0.500
'[00:00:05.628 01/01/2011]',-3.100,-11.200,-0.600,-15.000,-6.400,0.500
'[00:00:05.629 01/01/2011]',-3.100,-11.500,-0.200,-15.300,-6.800,0.500
'[00:00:05.630 01/01/2011]',-3.600,-11.300,-0.300,-15.300,-7.100,0.500
'[00:00:05.631 01/01/2011]',-4.200,-10.800,-0.500,-14.900,-7.200,0.500
'[00:00:05.632 01/01/2011]',-4.600,-10.100,-0.600,-14.200,-7.200,0.500
'[00:00:05.633 01/01/2011]',-4.600,-9.600,-0.600,-13.500,-7.200,0.500
'[00:00:05.634 01/01/2011]',-4.300,-9.400,-0.300,-12.800,-7.200,0.500
'[00:00:05.635 01/01/2011]',-3.800,-9.400,0.000,-12.300,-7.200,0.500
'[00:00:05.636 01/01/2011]',-3.600,-9.200,0.300,-12.000,-7.300,0.500
'[00:00:05.637 01/01/2011]',-3.900,-8.600,0.500,-11.900,-7.400,0.500
'[00:00:05.638 01/01/2011]',-4.600,-7.700,0.500,-11.900,-7.500,0.500
'[00:00:05.639 01/01/2011]',-5.400,-6.700,0.400,-12.000,-7.500,0.500
'[00:00:05.640 01/01/2011]',-6.200,-6.200,0.500,-12.300,-7.500,0.500
'[00:00:05.641 01/01/2011]',-6.800,-6.400,0.600,-12.800,-7.600,0.500
'[00:00:05.642 01/01/2011]',-7.200,-7.300,0.600,-13.500,-7.800,0.500
'[00:00:05.643 01/01/2011]',-7.500,-8.500,0.400,-14.000,-7.900,0.500
'[00:00:05.644 01/01/2011]',-7.500,-9.500,0.000,-14.300,-7.900,0.500
'[00:00:05.645 01/01/2011]',-7.500,-10.000,-0.500,-14.300,-7.800,0.500
'[00:00:05.646 01/01/2011]',-7.500,-10.100,-0.900,-14.000,-7.600,0.500
'[00:00:05.647 01/01/2011]',-7.600,-10.000,-1.100,-13.600,-7.300,0.500
'[00:00:05.648 01/01/2011]',-7.900,-10.100,-0.900,-13.400,-7.100,0.500
'[00:00:05.649 01/01/2011]',-8.200,-10.500,-0.600,-13.500,-7.000,0.500
'[00:00:05.650 01/01/2011]',-8.400,-10.900,-0.100,-13.800,-7.100,0.500
'[00:00:05.651 01/01/2011]',-8.300,-11.100,0.300,-14.200,-7.400,0.500
'[00:00:05.652 01/01/2011]',-7.800,-10.800,0.500,-14.300,-7.800,0.500
'[00:00:05.653 01/01/2011]',-7.200,-10.100,0.700,-13.900,-8.300,0.500
'[00:00:05.654 01/01/2011]',-6.700,-9.200,0.700,-13.300,-8.900,0.500
'[00:00:05.655 01/01/2011]',-6.800,-8.400,0.600,-12.700,-9.600,0.500
'[00:00:05.656 01/01/2011]',-7.500,-7.900,0.400,-12.400,-10.200,0.500
'[00:00:05.657 01/01/2011]',-8.800,-7.700,0.100,-12.500,-10.700,0.500
'[00:00:05.658 01/01/2011]',-10.300,-7.800,-0.300,-12.800,-10.800,0.500
'[00:00:05.659 01/01/2011]',-11.600,-8.000,-0.700,-13.300,-10.600,0.500
'[00:00:05.660 01/01/2011]',-12.400,-8.200,-0.900,-13.600,-10.200,0.500
'[00:00:05.661 01/01/2011]',-12.400,-8.400,-1.100,-13.600,-9.700,0.500
'[00:00:05.662 01/01/2011]',-11.900,-8.800,-1.100,-13.500,-9.500,0.500
'[00:00:05.663 01/01/2011]',-11.000,-9.400,-1.000,-13.400,-9.600,0.500
'[00:00:05.664 01/01/2011]',-10.300,-10.200,-0.900,-13.400,-10.000,0.500
'[00:00:05.665 01/01/2011]',-10.000,-11.100,-0.800,-13.600,-10.400,0.500
'[00:00:05.666 01/01/2011]',-10.400,-12.000,-0.800,-13.900,-10.700,0.500
'[00:00:05.667 01/01/2011]',-11.100,-12.800,-1.000,-14.200,-10.700,0.500
'[00:00:05.668 01/01/2011]',-11.800,-13.300,-1.400,-14.500,-10.500,0.500
'[00:00:05.669 01/01/2011]',-12.300,-13.400,-2.000,-14.800,-10.300,0.500
'[00:00:05.670 01/01/2011]',-12.400,-13.300,-2.400,-15.100,-10.200,0.500
'[00:00:05.671 01/01/2011]',-12.300,-12.900,-2.700,-15.300,-10.400,0.500
'[00:00:05.672 01/01/2011]',-12.500,-12.400,-2.800,-15.300,-10.800,0.500
'[00:00:05.673 01/01/2011]',-13.300,-11.800,-2.800,-15.100,-11.200,0.500
'[00:00:05.674 01/01/2011]',-14.500,-11.100,-2.800,-14.500,-11.500,0.500
'[00:00:05.675 01/01/2011]',-15.800,-10.600,-2.900,-13.800,-11.500,0.500
'[00:00:05.676 01/01/2011]',-16.700,-10.100,-3.100,-13.100,-11.300,0.500
'[00:00:05.677 01/01/2011]',-16.900,-9.800,-3.400,-12.700,-11.000,0.500
'[00:00:05.678 01/01/2011]',-16.600,-9.700,-3.800,-12.600,-11.000,0.500
'[00:00:05.679 01/01/2011]',-16.000,-10.000,-4.100,-12.900,-11.200,0.500
'[00:00:05.680 01/01/2011]',-15.600,-10.600,-4.400,-13.400,-11.700,0.500
'[00:00:05.681 01/01/2011]',-15.600,-11.400,-4.600,-14.000,-12.100,0.500
'[00:00:05.682 01/01/2011]',-15.800,-12.300,-4.700,-14.600,-12.300,0.500
'[00:00:05.683 01/01/2011]',-16.000,-13.100,-4.600,-15.000,-12.000,0.500
'[00:00:05.684 01/01/2011]',-16.100,-13.900,-4.200,-15.300,-11.400,0.500
'[00:00:05.685 01/01/2011]',-16.100,-14.700,-3.800,-15.500,-10.700,0.500
'[00:00:05.686 01/01/2011]',-16.300,-15.500,-3.500,-15.600,-10.100,0.500
'[00:00:05.687 01/01/2011]',-17.100,-16.200,-3.500,-15.700,-9.800,0.500
'[00:00:05.688 01/01/2011]',-18.400,-16.600,-3.800,-15.600,-9.700,0.500
'[00:00:05.689 01/01/2011]',-19.900,-16.600,-4.200,-15.500,-9.600,0.500
'[00:00:05.690 01/01/2011]',-20.900,-16.000,-4.600,-15.300,-9.400,0.500
'[00:00:05.691 01/01/2011]',-20.900,-15.200,-4.800,-15.200,-9.000,0.500
'[00:00:05.692 01/01/2011]',-19.600,-14.500,-4.900,-15.100,-8.600,0.500
'[00:00:05.693 01/01/2011]',-17.600,-14.200,-5.100,-15.300,-8.600,0.500
'[00:00:05.694 01/01/2011]',-15.700,-14.200,-5.500,-15.600,-9.000,0.500
'[00:00:05.695 01/01/2011]',-14.900,-14.300,-6.300,-15.900,-9.800,0.500
'[00:00:05.696 01/01/2011]',-15.600,-14.200,-7.100,-16.000,-10.800,0.500
'[00:00:05.697 01/01/2011]',-17.400,-13.900,-7.700,-16.000,-11.600,0.500
'[00:00:05.698 01/01/2011]',-19.700,-13.500,-8.000,-15.900,-12.000,0.500
'[00:00:05.699 01/01/2011]',-21.300,-13.500,-7.800,-15.900,-12.100,0.500
'[00:00:05.700 01/01/2011]',-21.700,-14.000,-7.600,-16.100,-12.000,0.500
'[00:00:05.701 01/01/2011]',-20.700,-15.000,-7.500,-16.700,-11.900,0.500
'[00:00:05.702 01/01/2011]',-18.900,-16.200,-7.600,-17.400,-12.000,0.500
'[00:00:05.703 01/01/2011]',-17.200,-17.200,-7.900,-18.100,-12.300,0.500
'[00:00:05.704 01/01/2011]',-16.300,-17.800,-8.100,-18.600,-12.500,0.500
'[00:00:05.705 01/01/2011]',-16.700,-17.900,-8.100,-18.800,-12.600,0.500
'[00:00:05.706 01/01/2011]',-18.100,-17.800,-8.000,-19.100,-12.600,0.500
'[00:00:05.707 01/01/2011]',-19.700,-17.800,-7.700,-19.400,-12.600,0.500
'[00:00:05.708 01/01/2011]',-20.700,-18.200,-7.600,-19.900,-12.700,0.500
'[00:00:05.709 01/01/2011]',-20.400,-18.700,-7.900,-20.400,-13.000,0.500
'[00:00:05.710 01/01/2011]',-19.000,-19.200,-8.300,-20.600,-13.500,0.500
'[00:00:05.711 01/01/2011]',-17.200,-19.400,-8.700,-20.400,-13.800,0.500
'[00:00:05.712 01/01/2011]',-15.800,-19.100,-8.800,-19.800,-14.000,0.500
'[00:00:05.713 01/01/2011]',-15.700,-18.300,-8.500,-18.900,-13.700,0.500
'[00:00:05.714 01/01/2011]',-16.600,-17.000,-8.100,-18.100,-13.200,0.500
'[00:00:05.715 01/01/2011]',-18.000,-15.600,-7.700,-17.700,-12.600,0.500
'[00:00:05.716 01/01/2011]',-19.000,-14.300,-7.600,-17.600,-12.200,0.500
'[00:00:05.717 01/01/2011]',-19.100,-13.500,-7.800,-17.600,-12.100,0.500
'[00:00:05.718 01/01/2011]',-18.200,-13.300,-8.200,-17.600,-12.200,0.500
'[00:00:05.719 01/01/2011]',-16.700,-13.800,-8.500,-17.500,-12.500,0.500
'[00:00:05.720 01/01/2011]',-15.400,-14.600,-8.500,-17.100,-12.800,0.500
'[00:00:05.721 01/01/2011]',-14.800,-15.600,-8.400,-16.900,-12.900,0.500
'[00:00:05.722 01/01/2011]',-14.800,-16.500,-8.200,-16.800,-13.000,0.500
'[00:00:05.723 01/01/2011]',-15.400,-17.200,-8.100,-17.000,-12.900,0.500
'[00:00:05.724 01/01/2011]',-16.200,-17.700,-8.300,-17.500,-12.900,0.500
'[00:00:05.725 01/01/2011]',-16.900,-18.200,-8.600,-18.000,-12.900,0.500
'[00:00:05.726 01/01/2011]',-17.300,-18.800,-8.900,-18.400,-13.100,0.500
'[00:00:05.727 01/01/2011]',-17.300,-19.400,-8.900,-18.600,-13.300,0.500
'[00:00:05.728 01/01/2011]',-16.700,-19.900,-8.800,-18.600,-13.500,0.500
'[00:00:05.729 01/01/2011]',-15.900,-20.200,-8.500,-18.400,-13.700,0.500
'[00:00:05.730 01/01/2011]',-15.200,-20.100,-8.400,-18.400,-13.700,0.500
'[00:00:05.731 01/01/2011]',-14.900,-19.800,-8.400,-18.400,-13.500,0.500
'[00:00:05.732 01/01/2011]',-15.400,-19.400,-8.700,-18.600,-13.400,0.500
'[00:00:05.733 01/01/2011]',-16.500,-18.800,-9.000,-18.800,-13.400,0.500
'[00:00:05.734 01/01/2011]',-17.600,-18.100,-9.300,-18.900,-13.400,0.500
'[00:00:05.735 01/01/2011]',-18.000,-17.200,-9.500,-18.600,-13.600,0.500
'[00:00:05.736 01/01/2011]',-17.200,-16.300,-9.500,-17.900,-13.600,0.500
'[00:00:05.737 01/01/2011]',-15.500,-15.700,-9.600,-17.100,-13.500,0.500
'[00:00:05.738 01/01/2011]',-13.500,-15.500,-9.700,-16.500,-13.400,0.500
'[00:00:05.739 01/01/2011]',-11.900,-15.900,-10.000,-16.300,-13.200,0.500
'[00:00:05.740 01/01/2011]',-11.200,-16.800,-10.300,-16.500,-13.400,0.500
'[00:00:05.741 01/01/2011]',-11.200,-17.700,-10.600,-17.100,-13.800,0.500
'[00:00:05.742 01/01/2011]',-11.400,-18.500,-10.600,-17.700,-14.300,0.500
'[00:00:05.743 01/01/2011]',-11.500,-18.900,-10.200,-17.900,-14.600,0.500
'[00:00:05.744 01/01/2011]',-11.200,-19.400,-9.700,-17.800,-14.500,0.500
'[00:00:05.745 01/01/2011]',-10.900,-20.000,-9.300,-17.600,-14.000,0.500
'[00:00:05.746 01/01/2011]',-10.700,-21.100,-9.200,-17.500,-13.200,0.500
'[00:00:05.747 01/01/2011]',-10.700,-22.400,-9.600,-17.800,-12.600,0.500
'[00:00:05.748 01/01/2011]',-10.700,-23.500,-10.300,-18.500,-12.300,0.500
'[00:00:05.749 01/01/2011]',-10.100,-23.900,-11.000,-19.200,-12.300,0.500
'[00:00:05.750 01/01/2011]',-8.900,-23.500,-11.400,-19.600,-12.500,0.500
'[00:00:05.751 01/01/2011]',-7.200,-22.400,-11.500,-19.400,-12.600,0.500
'[00:00:05.752 01/01/2011]',-5.600,-21.300,-11.300,-18.900,-12.400,0.500
'[00:00:05.753 01/01/2011]',-4.500,-20.600,-10.900,-18.300,-12.000,0.500
'[00:00:05.754 01/01/2011]',-4.100,-20.500,-10.800,-18.200,-11.800,0.500
'[00:00:05.755 01/01/2011]',-4.400,-20.700,-11.100,-18.500,-11.900,0.500
'[00:00:05.756 01/01/2011]',-4.800,-21.000,-11.600,-19.400,-12.600,0.500
'[00:00:05.757 01/01/2011]',-5.100,-21.100,-12.300,-20.300,-13.500,0.500
'[00:00:05.758 01/01/2011]',-5.100,-20.800,-12.900,-21.000,-14.500,0.500
'[00:00:05.759 01/01/2011]',-4.700,-20.400,-13.200,-21.200,-15.000,0.500
'[00:00:05.760 01/01/2011]',-4.100,-20.200,-13.200,-20.900,-14.900,0.500
'[00:00:05.761 01/01/2011]',-3.500,-20.500,-13.000,-20.500,-14.400,0.500
'[00:00:05.762 01/01/2011]',-2.800,-21.400,-12.800,-20.200,-13.700,0.500
'[00:00:05.763 01/01/2011]',-2.200,-22.700,-12.600,-20.200,-13.000,0.500
'[00:00:05.764 01/01/2011]',-1.800,-24.100,-12.600,-20.400,-12.700,0.500
'[00:00:05.765 01/01/2011]',-1.300,-25.300,-12.500,-20.700,-12.600,0.500
'[00:00:05.766 01/01/2011]',-0.900,-26.200,-12.400,-21.000,-12.600,0.500
'[00:00:05.767 01/01/2011]',-0.400,-26.700,-12.400,-21.100,-12.700,0.500
'[00:00:05.768 01/01/2011]',0.100,-27.000,-12.500,-21.100,-12.800,0.500
'[00:00:05.769 01/01/2011]',0.400,-27.100,-12.800,-21.200,-12.800,0.500
'[00:00:05.770 01/01/2011]',0.400,-27.100,-13.300,-21.500,-12.900,0.500
'[00:00:05.771 01/01/2011]',0.400,-27.100,-13.900,-21.800,-13.000,0.500
'[00:00:05.772 01/01/2011]',0.300,-27.000,-14.500,-22.000,-13.200,0.500
'[00:00:05.773 01/01/2011]',0.600,-26.800,-15.000,-21.900,-13.300,0.500
'[00:00:05.774 01/01/2011]',1.300,-26.400,-15.400,-21.700,-13.300,0.500
'[00:00:05.775 01/01/2011]',1.900,-26.000,-15.800,-21.200,-13.200,0.500
'[00:00:05.776 01/01/2011]',2.200,-25.600,-16.300,-20.900,-13.000,0.500
'[00:00:05.777 01/01/2011]',1.700,-25.200,-16.900,-20.700,-12.800,0.500
'[00:00:05.778 01/01/2011]',0.700,-25.100,-17.600,-20.800,-12.700,0.500
'[00:00:05.779 01/01/2011]',-0.500,-25.300,-18.000,-20.900,-12.700,0.500
'[00:00:05.780 01/01/2011]',-1.400,-25.800,-18.100,-21.100,-13.000,0.500
'[00:00:05.781 01/01/2011]',-1.600,-26.400,-18.000,-21.400,-13.500,0.500
'[00:00:05.782 01/01/2011]',-1.400,-27.200,-17.900,-21.800,-14.000,0.500
'[00:00:05.783 01/01/2011]',-1.300,-28.000,-18.000,-22.400,-14.500,0.500
'[00:00:05.784 01/01/2011]',-2.000,-29.100,-18.500,-23.300,-14.800,0.500
'[00:00:05.785 01/01/2011]',-3.500,-30.300,-19.300,-24.400,-14.800,0.500
'[00:00:05.786 01/01/2011]',-5.600,-31.500,-20.100,-25.300,-14.700,0.500
'[00:00:05.787 01/01/2011]',-7.600,-32.700,-20.800,-26.000,-14.400,0.500
'[00:00:05.788 01/01/2011]',-8.700,-33.501,-21.200,-26.100,-14.100,0.500
'[00:00:05.789 01/01/2011]',-9.000,-33.801,-21.400,-25.800,-13.800,0.500
'[00:00:05.790 01/01/2011]',-8.600,-33.801,-21.600,-25.300,-13.600,0.500
'[00:00:05.791 01/01/2011]',-8.300,-33.501,-21.800,-24.800,-13.400,0.500
'[00:00:05.792 01/01/2011]',-8.400,-33.201,-22.200,-24.400,-13.200,0.500
'[00:00:05.793 01/01/2011]',-9.100,-33.101,-22.600,-24.300,-13.300,0.500
'[00:00:05.794 01/01/2011]',-10.200,-33.201,-22.900,-24.600,-13.300,0.500
'[00:00:05.795 01/01/2011]',-11.200,-33.201,-23.200,-25.000,-13.400,0.500
'[00:00:05.796 01/01/2011]',-11.800,-32.901,-23.500,-25.700,-13.300,0.500
'[00:00:05.797 01/01/2011]',-12.200,-32.400,-23.700,-26.300,-13.100,0.500
'[00:00:05.798 01/01/2011]',-12.700,-32.000,-24.000,-26.700,-12.700,0.500
'[00:00:05.799 01/01/2011]',-13.400,-32.000,-24.400,-26.800,-12.400,0.500
'[00:00:05.800 01/01/2011]',-14.300,-32.500,-24.900,-26.700,-12.200,0.500
'[00:00:05.801 01/01/2011]',-15.300,-33.401,-25.300,-26.500,-12.100,0.500
'[00:00:05.802 01/01/2011]',-16.000,-34.501,-25.800,-26.500,-12.000,0.500
'[00:00:05.803 01/01/2011]',-16.300,-35.601,-26.200,-26.700,-11.700,0.500
'[00:00:05.804 01/01/2011]',-16.300,-36.401,-26.700,-27.300,-11.300,0.500
'[00:00:05.805 01/01/2011]',-16.400,-37.101,-27.000,-28.000,-10.700,0.500
'[00:00:05.806 01/01/2011]',-16.800,-37.801,-27.400,-28.800,-10.100,0.500
'[00:00:05.807 01/01/2011]',-17.600,-38.401,-27.700,-29.300,-9.700,0.500
'[00:00:05.808 01/01/2011]',-18.600,-39.101,-27.900,-29.500,-9.500,0.500
'[00:00:05.809 01/01/2011]',-19.300,-39.701,-28.000,-29.400,-9.400,0.500
'[00:00:05.810 01/01/2011]',-19.600,-40.001,-28.100,-29.100,-9.300,0.500
'[00:00:05.811 01/01/2011]',-19.400,-40.001,-28.000,-28.700,-9.100,0.500
'[00:00:05.812 01/01/2011]',-19.000,-39.801,-27.900,-28.300,-8.900,0.500
'[00:00:05.813 01/01/2011]',-18.800,-39.501,-27.900,-28.000,-8.600,0.500
'[00:00:05.814 01/01/2011]',-19.300,-39.001,-27.900,-27.900,-8.300,0.500
'[00:00:05.815 01/01/2011]',-20.400,-38.501,-28.000,-27.700,-7.800,0.500
'[00:00:05.816 01/01/2011]',-21.800,-37.901,-28.100,-27.600,-7.100,0.500
'[00:00:05.817 01/01/2011]',-23.200,-37.201,-28.100,-27.400,-6.300,0.500
'[00:00:05.818 01/01/2011]',-24.200,-36.601,-28.100,-27.100,-5.400,0.500
'[00:00:05.819 01/01/2011]',-24.700,-36.401,-27.900,-26.700,-4.600,0.500
'[00:00:05.820 01/01/2011]',-24.800,-36.601,-27.800,-26.400,-4.100,0.500
'[00:00:05.821 01/01/2011]',-24.700,-37.101,-27.700,-26.000,-3.900,0.500
'[00:00:05.822 01/01/2011]',-24.500,-38.001,-27.600,-25.700,-4.000,0.500
'[00:00:05.823 01/01/2011]',-24.300,-39.101,-27.700,-25.500,-4.000,0.500
'[00:00:05.824 01/01/2011]',-24.100,-40.201,-27.900,-25.600,-4.000,0.500
'[00:00:05.825 01/01/2011]',-24.200,-41.301,-28.000,-26.200,-4.000,0.500
'[00:00:05.826 01/01/2011]',-24.500,-42.301,-28.200,-27.000,-3.900,0.500
'[00:00:05.827 01/01/2011]',-25.000,-43.101,-28.300,-27.900,-4.000,0.500
'[00:00:05.828 01/01/2011]',-25.600,-43.601,-28.300,-28.600,-4.200,0.500
'[00:00:05.829 01/01/2011]',-26.000,-43.701,-28.300,-28.800,-4.200,0.500
'[00:00:05.830 01/01/2011]',-26.000,-43.501,-28.200,-28.600,-4.100,0.500
'[00:00:05.831 01/01/2011]',-25.700,-43.201,-28.200,-28.100,-3.800,0.500
'[00:00:05.832 01/01/2011]',-25.200,-42.901,-28.400,-27.900,-3.500,0.500
'[00:00:05.833 01/01/2011]',-25.000,-42.701,-29.000,-28.000,-3.600,0.500
'[00:00:05.834 01/01/2011]',-25.100,-42.701,-29.800,-28.600,-4.000,0.500
'[00:00:05.835 01/01/2011]',-25.600,-42.501,-30.800,-29.300,-4.700,0.500
'[00:00:05.836 01/01/2011]',-26.200,-42.201,-31.700,-29.600,-5.500,0.500
'[00:00:05.837 01/01/2011]',-26.600,-41.801,-32.400,-29.400,-5.900,0.500
'[00:00:05.838 01/01/2011]',-26.700,-41.701,-32.801,-28.800,-5.800,0.500
'[00:00:05.839 01/01/2011]',-26.600,-42.001,-33.001,-28.100,-5.500,0.500
'[00:00:05.840 01/01/2011]',-26.500,-42.701,-33.301,-27.600,-5.100,0.500
'[00:00:05.841 01/01/2011]',-26.500,-43.701,-33.701,-27.700,-4.900,0.500
'[00:00:05.842 01/01/2011]',-26.600,-44.601,-34.401,-28.400,-5.100,0.500
'[00:00:05.843 01/01/2011]',-26.600,-45.201,-35.101,-29.300,-5.500,0.500
'[00:00:05.844 01/01/2011]',-26.500,-45.601,-35.801,-30.000,-6.000,0.500
'[00:00:05.845 01/01/2011]',-26.400,-45.901,-36.201,-30.500,-6.400,0.500
'[00:00:05.846 01/01/2011]',-26.400,-46.501,-36.301,-30.700,-6.500,0.500
'[00:00:05.847 01/01/2011]',-26.500,-47.401,-36.201,-30.700,-6.300,0.500
'[00:00:05.848 01/01/2011]',-26.700,-48.201,-36.001,-30.700,-6.000,0.500
'[00:00:05.849 01/01/2011]',-26.900,-48.601,-35.901,-30.700,-5.600,0.500
'[00:00:05.850 01/01/2011]',-26.900,-48.601,-36.101,-30.900,-5.200,0.500
'[00:00:05.851 01/01/2011]',-26.600,-48.101,-36.401,-31.000,-5.100,0.500
'[00:00:05.852 01/01/2011]',-26.100,-47.401,-36.801,-31.000,-5.100,0.500
'[00:00:05.853 01/01/2011]',-25.500,-46.701,-37.101,-30.700,-5.400,0.500
'[00:00:05.854 01/01/2011]',-24.700,-46.101,-37.401,-30.300,-5.700,0.500
'[00:00:05.855 01/01/2011]',-24.100,-45.601,-37.501,-29.900,-5.900,0.500
'[00:00:05.856 01/01/2011]',-23.900,-45.301,-37.801,-29.800,-6.100,0.500
'[00:00:05.857 01/01/2011]',-24.200,-45.101,-38.301,-30.100,-6.500,0.500
'[00:00:05.858 01/01/2011]',-25.300,-45.301,-39.201,-30.900,-7.300,0.500
'[00:00:05.859 01/01/2011]',-26.900,-45.801,-40.401,-32.100,-8.600,0.500
'[00:00:05.860 01/01/2011]',-28.800,-46.601,-41.801,-33.201,-10.200,0.500
'[00:00:05.861 01/01/2011]',-30.600,-47.301,-42.801,-34.001,-11.800,0.500
'[00:00:05.862 01/01/2011]',-31.800,-47.801,-43.201,-34.101,-12.900,0.500
'[00:00:05.863 01/01/2011]',-32.200,-48.001,-42.701,-33.701,-13.200,0.500
'[00:00:05.864 01/01/2011]',-31.600,-48.001,-41.301,-32.801,-12.800,0.500
'[00:00:05.865 01/01/2011]',-29.800,-48.201,-39.401,-31.700,-12.000,0.500
'[00:00:05.866 01/01/2011]',-26.400,-48.601,-37.501,-31.000,-11.300,0.500
'[00:00:05.867 01/01/2011]',-21.400,-49.101,-35.801,-30.700,-11.000,0.500
'[00:00:05.868 01/01/2011]',-14.700,-49.501,-34.501,-30.700,-11.100,0.500
'[00:00:05.869 01/01/2011]',-6.500,-49.501,-33.201,-30.900,-11.000,0.500
'[00:00:05.870 01/01/2011]',2.900,-48.801,-31.800,-30.800,-10.500,0.500
'[00:00:05.871 01/01/2011]',13.000,-47.701,-30.000,-30.200,-9.300,0.500
'[00:00:05.872 01/01/2011]',23.200,-46.501,-27.900,-29.100,-7.500,0.500
'[00:00:05.873 01/01/2011]',32.801,-45.201,-26.000,-27.500,-5.500,0.500
'[00:00:05.874 01/01/2011]',41.101,-44.101,-24.400,-25.900,-3.600,0.500
'[00:00:05.875 01/01/2011]',47.401,-43.001,-23.200,-24.400,-2.100,0.500
'[00:00:05.876 01/01/2011]',51.601,-41.601,-22.100,-22.900,-0.800,0.500
'[00:00:05.877 01/01/2011]',53.901,-40.201,-20.900,-21.600,0.500,0.500
'[00:00:05.878 01/01/2011]',54.701,-38.901,-19.400,-20.200,2.000,0.500
'[00:00:05.879 01/01/2011]',54.601,-38.101,-17.700,-19.100,3.500,0.500
'[00:00:05.880 01/01/2011]',53.801,-38.101,-16.200,-18.400,4.700,0.500
'[00:00:05.881 01/01/2011]',52.401,-38.601,-15.200,-18.400,5.300,0.500
'[00:00:05.882 01/01/2011]',50.401,-39.301,-14.900,-19.100,5.000,0.500
'[00:00:05.883 01/01/2011]',48.101,-39.901,-14.900,-20.200,4.000,0.500
'[00:00:05.884 01/01/2011]',46.001,-40.001,-14.900,-21.300,2.800,0.500
'[00:00:05.885 01/01/2011]',44.401,-39.701,-14.600,-22.100,1.600,0.500
'[00:00:05.886 01/01/2011]',43.401,-39.301,-14.100,-22.600,0.600,0.500
'[00:00:05.887 01/01/2011]',42.401,-39.201,-13.900,-23.100,-0.600,0.500
'[00:00:05.888 01/01/2011]',40.701,-39.401,-14.500,-23.900,-2.100,0.500
'[00:00:05.889 01/01/2011]',37.201,-39.801,-16.000,-25.300,-4.400,0.500
'[00:00:05.890 01/01/2011]',31.700,-40.401,-18.300,-27.400,-7.600,0.500
'[00:00:05.891 01/01/2011]',24.200,-40.901,-21.200,-29.700,-11.400,0.500
'[00:00:05.892 01/01/2011]',14.900,-41.201,-24.400,-32.100,-15.500,0.500
'[00:00:05.893 01/01/2011]',4.300,-41.301,-27.500,-34.401,-19.600,0.500
'[00:00:05.894 01/01/2011]',-7.500,-41.101,-30.300,-36.201,-23.200,0.500
'[00:00:05.895 01/01/2011]',-19.800,-40.601,-32.600,-37.501,-26.200,0.500
'[00:00:05.896 01/01/2011]',-31.600,-39.801,-34.201,-38.201,-28.300,0.500
'[00:00:05.897 01/01/2011]',-41.401,-39.001,-34.701,-38.301,-29.400,0.500
'[00:00:05.898 01/01/2011]',-47.301,-38.501,-34.101,-37.701,-29.700,0.500
'[00:00:05.899 01/01/2011]',-48.501,-38.601,-32.700,-36.801,-29.400,0.500
'[00:00:05.900 01/01/2011]',-45.001,-39.201,-31.000,-35.901,-29.000,0.500
'[00:00:05.901 01/01/2011]',-38.301,-40.001,-29.500,-35.401,-29.000,0.500
'[00:00:05.902 01/01/2011]',-30.400,-40.701,-28.600,-35.301,-29.400,0.500
'[00:00:05.903 01/01/2011]',-23.200,-40.901,-28.200,-35.601,-30.100,0.500
'[00:00:05.904 01/01/2011]',-18.000,-40.801,-28.200,-36.001,-30.900,0.500
'[00:00:05.905 01/01/2011]',-14.700,-40.401,-28.300,-36.301,-31.500,0.500
'[00:00:05.906 01/01/2011]',-13.000,-40.101,-28.300,-36.601,-31.600,0.500
'[00:00:05.907 01/01/2011]',-12.000,-40.101,-28.000,-36.901,-31.500,0.500
'[00:00:05.908 01/01/2011]',-11.500,-40.201,-27.600,-37.101,-31.600,0.500
'[00:00:05.909 01/01/2011]',-11.400,-40.401,-27.200,-37.401,-32.000,0.500
'[00:00:05.910 01/01/2011]',-11.900,-40.501,-26.900,-37.601,-32.801,0.500
'[00:00:05.911 01/01/2011]',-12.800,-40.201,-26.700,-37.601,-33.901,0.500
'[00:00:05.912 01/01/2011]',-13.800,-39.801,-26.500,-37.301,-34.801,0.500
'[00:00:05.913 01/01/2011]',-14.200,-39.101,-26.400,-37.001,-35.401,0.500
'[00:00:05.914 01/01/2011]',-13.600,-38.301,-26.300,-36.801,-35.801,0.500
'[00:00:05.915 01/01/2011]',-12.200,-37.401,-26.400,-36.701,-36.101,0.500
'[00:00:05.916 01/01/2011]',-10.500,-36.601,-26.500,-36.701,-36.701,0.500
'[00:00:05.917 01/01/2011]',-9.200,-35.801,-26.700,-36.601,-37.601,0.500
'[00:00:05.918 01/01/2011]',-8.600,-35.301,-26.900,-36.401,-38.601,0.500
'[00:00:05.919 01/01/2011]',-8.900,-35.101,-27.200,-36.101,-39.301,0.500
'[00:00:05.920 01/01/2011]',-9.600,-35.201,-27.600,-35.901,-39.501,0.500
'[00:00:05.921 01/01/2011]',-10.200,-35.601,-27.900,-36.001,-39.201,0.500
'[00:00:05.922 01/01/2011]',-10.200,-36.101,-28.200,-36.301,-38.801,0.500
'[00:00:05.923 01/01/2011]',-9.600,-36.801,-28.400,-36.801,-38.501,0.500
'[00:00:05.924 01/01/2011]',-8.800,-37.601,-28.500,-37.301,-38.701,0.500
'[00:00:05.925 01/01/2011]',-8.100,-38.601,-28.600,-37.801,-39.301,0.500
'[00:00:05.926 01/01/2011]',-7.600,-39.601,-28.800,-38.101,-40.001,0.500
'[00:00:05.927 01/01/2011]',-7.400,-40.401,-29.000,-38.501,-40.501,0.500
'[00:00:05.928 01/01/2011]',-7.300,-41.001,-29.400,-38.801,-40.701,0.500
'[00:00:05.929 01/01/2011]',-6.900,-41.101,-29.800,-39.101,-40.701,0.500
'[00:00:05.930 01/01/2011]',-6.300,-40.801,-30.100,-39.301,-40.601,0.500
'[00:00:05.931 01/01/2011]',-5.400,-40.201,-30.200,-39.401,-40.701,0.500
'[00:00:05.932 01/01/2011]',-4.700,-39.501,-30.300,-39.301,-41.101,0.500
'[00:00:05.933 01/01/2011]',-4.200,-38.801,-30.200,-39.101,-41.601,0.500
'[00:00:05.934 01/01/2011]',-4.200,-38.101,-30.200,-38.701,-42.201,0.500
'[00:00:05.935 01/01/2011]',-4.500,-37.401,-30.300,-38.401,-42.701,0.500
'[00:00:05.936 01/01/2011]',-4.800,-36.701,-30.300,-38.101,-43.101,0.500
'[00:00:05.937 01/01/2011]',-4.600,-35.901,-30.200,-38.001,-43.301,0.500
'[00:00:05.938 01/01/2011]',-4.000,-35.101,-30.200,-38.101,-43.301,0.500
'[00:00:05.939 01/01/2011]',-2.900,-34.701,-30.100,-38.401,-43.201,0.500
'[00:00:05.940 01/01/2011]',-2.100,-34.801,-30.100,-38.801,-42.901,0.500
'[00:00:05.941 01/01/2011]',-2.100,-35.401,-30.200,-39.201,-42.401,0.500
'[00:00:05.942 01/01/2011]',-3.000,-36.401,-30.400,-39.401,-41.901,0.500
'[00:00:05.943 01/01/2011]',-4.300,-37.701,-30.600,-39.501,-41.501,0.500
'[00:00:05.944 01/01/2011]',-5.300,-38.801,-30.800,-39.501,-41.501,0.500
'[00:00:05.945 01/01/2011]',-5.300,-39.701,-31.000,-39.601,-41.901,0.500
'[00:00:05.946 01/01/2011]',-4.100,-40.501,-31.300,-40.001,-42.601,0.500
'[00:00:05.947 01/01/2011]',-2.200,-41.201,-31.600,-40.701,-43.401,0.500
'[00:00:05.948 01/01/2011]',-0.500,-41.901,-32.000,-41.301,-43.901,0.500
'[00:00:05.949 01/01/2011]',0.100,-42.401,-32.200,-41.801,-44.001,0.500
'[00:00:05.950 01/01/2011]',-0.500,-42.701,-32.000,-41.901,-43.501,0.500
'[00:00:05.951 01/01/2011]',-2.000,-42.501,-31.500,-41.601,-42.801,0.500
'[00:00:05.952 01/01/2011]',-3.300,-41.901,-30.900,-41.201,-42.401,0.500
'[00:00:05.953 01/01/2011]',-3.900,-41.101,-30.400,-41.001,-42.501,0.500
'[00:00:05.954 01/01/2011]',-3.600,-40.301,-30.400,-41.101,-43.301,0.500
'[00:00:05.955 01/01/2011]',-2.500,-39.801,-31.000,-41.501,-44.601,0.500
'[00:00:05.956 01/01/2011]',-1.100,-39.401,-32.100,-42.001,-46.001,0.500
'[00:00:05.957 01/01/2011]',-0.100,-39.101,-33.301,-42.301,-47.001,0.500
'[00:00:05.958 01/01/2011]',0.300,-38.901,-34.201,-42.301,-47.201,0.500
'[00:00:05.959 01/01/2011]',0.000,-38.801,-34.701,-42.201,-46.901,0.500
'[00:00:05.960 01/01/2011]',-1.000,-39.101,-34.801,-42.101,-46.401,0.500
'[00:00:05.961 01/01/2011]',-2.400,-39.701,-34.701,-42.201,-46.001,0.500
'[00:00:05.962 01/01/2011]',-3.700,-40.801,-34.701,-42.701,-46.101,0.500
'[00:00:05.963 01/01/2011]',-4.500,-42.101,-35.001,-43.301,-46.401,0.500
'[00:00:05.964 01/01/2011]',-4.600,-43.501,-35.501,-43.901,-46.801,0.500
'[00:00:05.965 01/01/2011]',-4.200,-44.601,-35.901,-44.401,-47.101,0.500
'[00:00:05.966 01/01/2011]',-3.400,-45.301,-36.201,-44.801,-47.301,0.500
'[00:00:05.967 01/01/2011]',-2.500,-45.701,-36.101,-45.001,-47.401,0.500
'[00:00:05.968 01/01/2011]',-1.800,-46.001,-35.801,-45.401,-47.501,0.500
'[00:00:05.969 01/01/2011]',-1.000,-46.201,-35.501,-45.901,-47.901,0.500
'[00:00:05.970 01/01/2011]',-0.300,-46.401,-35.401,-46.401,-48.301,0.500
'[00:00:05.971 01/01/2011]',0.400,-46.601,-35.501,-46.801,-48.601,0.500
'[00:00:05.972 01/01/2011]',1.000,-46.801,-35.601,-47.101,-48.901,0.500
'[00:00:05.973 01/01/2011]',1.100,-46.801,-35.901,-47.301,-49.201,0.500
'[00:00:05.974 01/01/2011]',1.000,-46.701,-36.101,-47.401,-49.501,0.500
'[00:00:05.975 01/01/2011]',0.800,-46.301,-36.501,-47.501,-49.901,0.500
'[00:00:05.976 01/01/2011]',0.800,-45.801,-36.901,-47.701,-50.301,0.500
'[00:00:05.977 01/01/2011]',1.000,-45.201,-37.301,-47.901,-50.701,0.500
'[00:00:05.978 01/01/2011]',1.100,-44.701,-37.601,-48.101,-50.901,0.500
'[00:00:05.979 01/01/2011]',0.700,-44.401,-37.701,-48.101,-51.001,0.500
'[00:00:05.980 01/01/2011]',0.000,-44.601,-37.601,-48.001,-51.101,0.500
'[00:00:05.981 01/01/2011]',-0.800,-45.301,-37.301,-47.901,-51.201,0.500
'[00:00:05.982 01/01/2011]',-0.900,-46.301,-37.101,-47.901,-51.601,0.500
'[00:00:05.983 01/01/2011]',-0.200,-47.401,-37.101,-48.101,-52.001,0.500
'[00:00:05.984 01/01/2011]',1.300,-48.601,-37.301,-48.601,-52.501,0.500
'[00:00:05.985 01/01/2011]',3.100,-49.601,-37.701,-49.301,-53.001,0.500
'[00:00:05.986 01/01/2011]',4.300,-50.501,-38.201,-50.101,-53.401,0.500
'[00:00:05.987 01/01/2011]',4.800,-51.301,-38.401,-50.801,-53.701,0.500
'[00:00:05.988 01/01/2011]',4.500,-52.101,-38.501,-51.401,-53.901,0.500
'[00:00:05.989 01/01/2011]',3.900,-52.701,-38.401,-51.901,-54.101,0.500
'[00:00:05.990 01/01/2011]',3.400,-53.101,-38.301,-52.201,-54.201,0.500
'[00:00:05.991 01/01/2011]',3.100,-53.101,-38.201,-52.401,-54.301,0.500
'[00:00:05.992 01/01/2011]',3.200,-52.701,-38.301,-52.501,-54.401,0.500
'[00:00:05.993 01/01/2011]',3.800,-52.101,-38.301,-52.401,-54.501,0.500
'[00:00:05.994 01/01/2011]',5.000,-51.301,-38.301,-52.101,-54.601,0.500
'[00:00:05.995 01/01/2011]',6.500,-50.501,-38.001,-51.701,-54.701,0.500
'[00:00:05.996 01/01/2011]',8.000,-49.801,-37.701,-51.101,-54.701,0.500
'[00:00:05.997 01/01/2011]',8.900,-49.301,-37.501,-50.401,-54.601,0.500
'[00:00:05.998 01/01/2011]',8.900,-49.101,-37.401,-49.901,-54.601,0.500
'[00:00:05.999 01/01/2011]',8.100,-49.101,-37.601,-49.501,-54.701,0.500
'[00:00:06.000 01/01/2011]',6.900,-49.501,-38.101,-49.501,-54.801,0.500
'[00:00:06.001 01/01/2011]',5.900,-50.201,-38.701,-49.701,-54.901,0.500
'[00:00:06.002 01/01/2011]',5.700,-51.201,-39.201,-50.301,-55.001,0.500
'[00:00:06.003 01/01/2011]',6.100,-52.301,-39.701,-51.201,-55.301,0.500
'[00:00:06.004 01/01/2011]',6.800,-53.201,-40.001,-52.101,-55.601,0.500
'[00:00:06.005 01/01/2011]',7.700,-53.901,-40.201,-52.801,-56.001,0.500
'[00:00:06.006 01/01/2011]',8.500,-54.301,-40.401,-53.201,-56.501,0.500
'[00:00:06.007 01/01/2011]',9.400,-54.601,-40.601,-53.301,-56.801,0.500
'[00:00:06.008 01/01/2011]',10.100,-54.801,-40.601,-53.201,-56.901,0.500
'[00:00:06.009 01/01/2011]',10.600,-55.001,-40.501,-53.001,-56.901,0.500
'[00:00:06.010 01/01/2011]',10.500,-55.201,-40.301,-52.901,-56.701,0.500
'[00:00:06.011 01/01/2011]',9.900,-55.201,-40.101,-52.801,-56.601,0.500
'[00:00:06.012 01/01/2011]',9.000,-55.001,-40.101,-52.601,-56.701,0.500
'[00:00:06.013 01/01/2011]',8.300,-54.401,-40.401,-52.301,-57.001,0.500
'[00:00:06.014 01/01/2011]',8.300,-53.601,-40.801,-51.901,-57.201,0.500
'[00:00:06.015 01/01/2011]',8.800,-52.501,-41.201,-51.301,-57.201,0.500
'[00:00:06.016 01/01/2011]',9.700,-51.501,-41.401,-50.901,-57.001,0.500
'[00:00:06.017 01/01/2011]',10.600,-50.701,-41.401,-50.901,-56.701,0.500
'[00:00:06.018 01/01/2011]',11.200,-50.201,-41.301,-51.201,-56.501,0.500
'[00:00:06.019 01/01/2011]',11.600,-50.101,-41.401,-51.801,-56.601,0.500
'[00:00:06.020 01/01/2011]',11.600,-50.301,-41.601,-52.501,-57.001,0.500
'[00:00:06.021 01/01/2011]',11.500,-50.901,-41.901,-52.801,-57.501,0.500
'[00:00:06.022 01/01/2011]',11.400,-51.601,-42.101,-52.801,-57.701,0.500
'[00:00:06.023 01/01/2011]',11.500,-52.201,-41.901,-52.401,-57.701,0.500
'[00:00:06.024 01/01/2011]',11.800,-52.801,-41.301,-52.001,-57.301,0.500
'[00:00:06.025 01/01/2011]',12.500,-53.301,-40.601,-51.701,-56.801,0.500
'[00:00:06.026 01/01/2011]',13.300,-53.701,-40.001,-51.701,-56.301,0.500
'[00:00:06.027 01/01/2011]',13.800,-54.001,-39.801,-52.001,-56.101,0.500
'[00:00:06.028 01/01/2011]',13.600,-54.301,-40.001,-52.501,-56.101,0.500
'[00:00:06.029 01/01/2011]',12.800,-54.301,-40.301,-52.801,-56.001,0.500
'[00:00:06.030 01/01/2011]',11.800,-54.001,-40.501,-52.701,-55.901,0.500
'[00:00:06.031 01/01/2011]',10.900,-53.501,-40.301,-52.301,-55.601,0.500
'[00:00:06.032 01/01/2011]',10.500,-52.901,-39.901,-51.801,-55.101,0.500
'[00:00:06.033 01/01/2011]',10.700,-52.201,-39.401,-51.301,-54.701,0.500
'[00:00:06.034 01/01/2011]',10.900,-51.401,-39.001,-51.001,-54.401,0.500
'[00:00:06.035 01/01/2011]',10.900,-50.601,-38.901,-50.701,-54.201,0.500
'[00:00:06.036 01/01/2011]',10.700,-49.601,-38.801,-50.301,-54.001,0.500
'[00:00:06.037 01/01/2011]',10.300,-48.601,-38.701,-49.701,-53.801,0.500
'[00:00:06.038 01/01/2011]',10.300,-47.801,-38.501,-49.001,-53.701,0.500
'[00:00:06.039 01/01/2011]',10.400,-47.301,-38.201,-48.501,-53.601,0.500
'[00:00:06.040 01/01/2011]',10.500,-47.301,-38.001,-48.501,-53.701,0.500
'[00:00:06.041 01/01/2011]',10.100,-47.901,-37.801,-48.801,-53.901,0.500
'[00:00:06.042 01/01/2011]',9.100,-48.701,-37.801,-49.401,-54.001,0.500
'[00:00:06.043 01/01/2011]',8.100,-49.601,-37.801,-49.801,-54.101,0.500
'[00:00:06.044 01/01/2011]',7.600,-50.301,-37.901,-49.801,-54.201,0.500
'[00:00:06.045 01/01/2011]',8.200,-50.701,-38.101,-49.501,-54.201,0.500
'[00:00:06.046 01/01/2011]',9.600,-50.901,-38.301,-48.901,-54.201,0.500
'[00:00:06.047 01/01/2011]',11.000,-51.101,-38.701,-48.601,-54.201,0.500
'[00:00:06.048 01/01/2011]',11.600,-51.201,-39.101,-48.701,-54.301,0.500
'[00:00:06.049 01/01/2011]',11.000,-51.201,-39.601,-49.101,-54.201,0.500
'[00:00:06.050 01/01/2011]',9.300,-51.001,-40.001,-49.601,-54.301,0.500
'[00:00:06.051 01/01/2011]',7.600,-50.701,-40.301,-50.001,-54.401,0.500
'[00:00:06.052 01/01/2011]',6.900,-50.301,-40.601,-50.201,-54.701,0.500
'[00:00:06.053 01/01/2011]',7.400,-49.801,-40.801,-50.201,-55.301,0.500
'[00:00:06.054 01/01/2011]',8.800,-49.301,-41.101,-50.201,-56.001,0.500
'[00:00:06.055 01/01/2011]',10.000,-48.701,-41.301,-50.301,-56.801,0.500
'[00:00:06.056 01/01/2011]',10.200,-48.201,-41.301,-50.401,-57.301,0.500
'[00:00:06.057 01/01/2011]',9.300,-47.701,-41.101,-50.401,-57.601,0.500
'[00:00:06.058 01/01/2011]',7.700,-47.201,-40.701,-50.201,-57.601,0.500
'[00:00:06.059 01/01/2011]',6.200,-47.001,-40.301,-49.701,-57.401,0.500
'[00:00:06.060 01/01/2011]',5.600,-47.001,-40.001,-49.101,-57.001,0.500
'[00:00:06.061 01/01/2011]',5.900,-47.201,-39.801,-48.401,-56.501,0.500
'[00:00:06.062 01/01/2011]',6.700,-47.401,-39.901,-47.701,-55.901,0.500
'[00:00:06.063 01/01/2011]',7.300,-47.701,-40.001,-47.201,-55.401,0.500
'[00:00:06.064 01/01/2011]',7.200,-47.901,-40.301,-46.901,-54.901,0.500
'[00:00:06.065 01/01/2011]',6.300,-48.201,-40.501,-46.801,-54.601,0.500
'[00:00:06.066 01/01/2011]',5.100,-48.601,-40.601,-47.001,-54.501,0.500
'[00:00:06.067 01/01/2011]',4.000,-49.001,-40.501,-47.401,-54.501,0.500
'[00:00:06.068 01/01/2011]',3.700,-49.501,-40.501,-47.901,-54.401,0.500
'[00:00:06.069 01/01/2011]',4.200,-49.701,-40.301,-48.401,-54.301,0.500
'[00:00:06.070 01/01/2011]',5.400,-49.601,-40.201,-48.701,-54.001,0.500
'[00:00:06.071 01/01/2011]',7.000,-49.101,-40.101,-48.701,-53.801,0.500
'[00:00:06.072 01/01/2011]',8.500,-48.501,-40.201,-48.601,-53.701,0.500
'[00:00:06.073 01/01/2011]',9.500,-47.901,-40.401,-48.501,-54.001,0.500
'[00:00:06.074 01/01/2011]',9.900,-47.401,-40.701,-48.601,-54.601,0.500
'[00:00:06.075 01/01/2011]',9.800,-47.001,-41.101,-48.901,-55.501,0.500
'[00:00:06.076 01/01/2011]',9.100,-46.601,-41.501,-49.401,-56.401,0.500
'[00:00:06.077 01/01/2011]',8.300,-45.901,-41.901,-49.701,-57.301,0.500
'[00:00:06.078 01/01/2011]',7.500,-45.301,-42.201,-49.601,-58.001,0.500
'[00:00:06.079 01/01/2011]',7.000,-44.701,-42.401,-49.201,-58.401,0.500
'[00:00:06.080 01/01/2011]',6.900,-44.601,-42.401,-48.501,-58.601,0.500
'[00:00:06.081 01/01/2011]',7.100,-45.101,-42.401,-47.801,-58.701,0.500
'[00:00:06.082 01/01/2011]',7.300,-46.001,-42.401,-47.401,-58.801,0.500
'[00:00:06.083 01/01/2011]',7.200,-47.201,-42.501,-47.401,-58.901,0.500
'[00:00:06.084 01/01/2011]',6.700,-48.401,-42.601,-47.801,-59.001,0.500
'[00:00:06.085 01/01/2011]',5.700,-49.501,-42.701,-48.301,-59.001,0.500
'[00:00:06.086 01/01/2011]',4.600,-50.401,-42.901,-48.701,-59.001,0.500
'[00:00:06.087 01/01/2011]',4.000,-51.101,-42.901,-48.901,-58.901,0.500
'[00:00:06.088 01/01/2011]',4.100,-51.501,-42.901,-49.001,-58.701,0.500
'[00:00:06.089 01/01/2011]',5.000,-51.601,-42.901,-49.101,-58.601,0.500
'[00:00:06.090 01/01/2011]',6.400,-51.401,-42.801,-49.301,-58.701,0.500
'[00:00:06.091 01/01/2011]',7.800,-50.901,-42.801,-49.401,-58.801,0.500
'[00:00:06.092 01/01/2011]',8.900,-50.301,-43.001,-49.401,-59.001,0.500
'[00:00:06.093 01/01/2011]',9.400,-49.501,-43.301,-49.101,-58.901,0.500
'[00:00:06.094 01/01/2011]',9.300,-48.801,-43.601,-48.701,-58.701,0.500
'[00:00:06.095 01/01/2011]',8.900,-48.201,-43.701,-48.301,-58.301,0.500
'[00:00:06.096 01/01/2011]',8.400,-47.701,-43.701,-48.101,-57.901,0.500
'[00:00:06.097 01/01/2011]',7.900,-47.301,-43.601,-48.201,-57.801,0.500
'[00:00:06.098 01/01/2011]',7.800,-47.101,-43.401,-48.601,-57.901,0.500
'[00:00:06.099 01/01/2011]',8.000,-47.101,-43.401,-49.001,-58.301,0.500
'[00:00:06.100 01/01/2011]',8.600,-47.401,-43.501,-49.201,-58.601,0.500
'[00:00:06.101 01/01/2011]',9.100,-47.901,-43.701,-49.101,-58.801,0.500
'[00:00:06.102 01/01/2011]',9.100,-48.501,-44.001,-49.101,-58.801,0.500
'[00:00:06.103 01/01/2011]',8.200,-49.001,-44.401,-49.201,-58.701,0.500
'[00:00:06.104 01/01/2011]',6.800,-49.501,-44.701,-49.701,-58.701,0.500
'[00:00:06.105 01/01/2011]',5.300,-50.201,-45.001,-50.501,-59.101,0.500
'[00:00:06.106 01/01/2011]',4.300,-51.001,-45.501,-51.401,-59.901,0.500
'[00:00:06.107 01/01/2011]',4.100,-52.001,-46.101,-52.101,-61.201,0.500
'[00:00:06.108 01/01/2011]',4.600,-53.101,-46.901,-52.601,-62.501,0.500
'[00:00:06.109 01/01/2011]',5.100,-54.101,-47.701,-53.001,-63.701,0.500
'[00:00:06.110 01/01/2011]',5.200,-54.901,-48.701,-53.301,-64.601,0.500
'[00:00:06.111 01/01/2011]',4.900,-55.301,-49.501,-53.701,-64.901,0.500
'[00:00:06.112 01/01/2011]',4.500,-55.301,-50.301,-54.301,-65.001,0.500
'[00:00:06.113 01/01/2011]',4.200,-55.001,-51.101,-55.101,-64.901,0.500
'[00:00:06.114 01/01/2011]',4.100,-54.501,-51.801,-55.701,-65.001,0.500
'[00:00:06.115 01/01/2011]',3.900,-53.901,-52.401,-56.201,-65.401,0.500
'[00:00:06.116 01/01/2011]',3.200,-53.401,-52.901,-56.401,-66.001,0.500
'[00:00:06.117 01/01/2011]',2.000,-53.101,-53.101,-56.501,-66.701,0.500
'[00:00:06.118 01/01/2011]',0.500,-53.101,-53.301,-56.501,-67.301,0.500
'[00:00:06.119 01/01/2011]',-0.800,-53.401,-53.401,-56.701,-67.701,0.500
'[00:00:06.120 01/01/2011]',-1.700,-54.101,-53.701,-57.001,-67.901,0.500
'[00:00:06.121 01/01/2011]',-2.000,-55.001,-54.301,-57.501,-68.101,0.500
'[00:00:06.122 01/01/2011]',-2.000,-56.101,-55.101,-58.101,-68.401,0.500
'[00:00:06.123 01/01/2011]',-1.900,-57.401,-56.001,-58.801,-69.001,0.500
'[00:00:06.124 01/01/2011]',-1.800,-58.701,-56.901,-59.501,-69.701,0.500
'[00:00:06.125 01/01/2011]',-1.700,-60.001,-57.601,-60.401,-70.301,0.500
'[00:00:06.126 01/01/2011]',-1.400,-61.101,-58.001,-61.401,-70.801,0.500
'[00:00:06.127 01/01/2011]',-1.100,-62.001,-58.101,-62.401,-71.201,0.500
'[00:00:06.128 01/01/2011]',-0.900,-62.501,-58.201,-63.101,-71.501,0.500
'[00:00:06.129 01/01/2011]',-1.000,-62.701,-58.201,-63.401,-71.901,0.500
'[00:00:06.130 01/01/2011]',-1.500,-62.801,-58.501,-63.201,-72.401,0.500
'[00:00:06.131 01/01/2011]',-2.200,-62.801,-58.901,-62.701,-73.001,0.500
'[00:00:06.132 01/01/2011]',-2.900,-63.001,-59.601,-62.401,-73.701,0.500
'[00:00:06.133 01/01/2011]',-3.500,-63.101,-60.501,-62.501,-74.301,0.500
'[00:00:06.134 01/01/2011]',-4.100,-63.201,-61.201,-63.101,-74.901,0.500
'[00:00:06.135 01/01/2011]',-4.600,-63.101,-61.801,-63.901,-75.501,0.500
'[00:00:06.136 01/01/2011]',-5.100,-62.801,-62.101,-64.701,-76.101,0.500
'[00:00:06.137 01/01/2011]',-5.600,-62.601,-62.101,-65.301,-76.801,0.500
'[00:00:06.138 01/01/2011]',-5.800,-62.601,-62.101,-65.601,-77.301,0.500
'[00:00:06.139 01/01/2011]',-5.900,-63.101,-62.101,-65.901,-77.801,0.500
'[00:00:06.140 01/01/2011]',-5.900,-63.901,-62.401,-66.201,-78.201,0.500
'[00:00:06.141 01/01/2011]',-5.700,-64.901,-62.801,-66.701,-78.601,0.500
'[00:00:06.142 01/01/2011]',-5.500,-65.701,-63.401,-67.401,-79.101,0.500
'[00:00:06.143 01/01/2011]',-5.400,-66.401,-64.101,-67.901,-79.601,0.500
'[00:00:06.144 01/01/2011]',-5.400,-67.101,-64.901,-68.501,-80.301,0.500
'[00:00:06.145 01/01/2011]',-5.500,-68.001,-65.601,-68.901,-80.801,0.500
'[00:00:06.146 01/01/2011]',-5.900,-69.301,-66.401,-69.501,-81.201,0.500
'[00:00:06.147 01/01/2011]',-6.500,-70.801,-67.101,-70.201,-81.401,0.500
'[00:00:06.148 01/01/2011]',-7.300,-72.201,-67.601,-71.101,-81.401,0.500
'[00:00:06.149 01/01/2011]',-8.100,-73.201,-68.001,-71.901,-81.501,0.500
'[00:00:06.150 01/01/2011]',-8.600,-73.701,-68.401,-72.701,-81.901,0.500
'[00:00:06.151 01/01/2011]',-8.700,-74.001,-68.901,-73.401,-82.701,0.500
'[00:00:06.152 01/01/2011]',-8.700,-74.301,-69.601,-74.001,-83.601,0.500
'[00:00:06.153 01/01/2011]',-8.700,-74.801,-70.601,-74.401,-84.601,0.500
'[00:00:06.154 01/01/2011]',-8.800,-75.401,-71.501,-74.601,-85.401,0.500
'[00:00:06.155 01/01/2011]',-8.900,-75.601,-72.201,-74.601,-85.901,0.500
'[00:00:06.156 01/01/2011]',-8.800,-75.201,-72.601,-74.401,-86.301,0.500
'[00:00:06.157 01/01/2011]',-8.400,-74.201,-72.701,-74.201,-86.701,0.500
'[00:00:06.158 01/01/2011]',-7.800,-73.001,-72.901,-74.301,-87.201,0.500
'[00:00:06.159 01/01/2011]',-7.300,-72.201,-73.301,-74.601,-87.901,0.500
'[00:00:06.160 01/01/2011]',-7.400,-72.101,-73.901,-75.301,-88.401,0.500
'[00:00:06.161 01/01/2011]',-8.100,-72.801,-74.501,-76.001,-88.701,0.500
'[00:00:06.162 01/01/2011]',-9.200,-73.701,-75.001,-76.701,-88.801,0.500
'[00:00:06.163 01/01/2011]',-10.300,-74.501,-75.201,-77.101,-88.801,0.500
'[00:00:06.164 01/01/2011]',-11.200,-75.001,-75.101,-77.501,-88.701,0.500
'[00:00:06.165 01/01/2011]',-11.600,-75.301,-74.801,-77.901,-88.701,0.500
'[00:00:06.166 01/01/2011]',-11.800,-75.701,-74.601,-78.501,-88.701,0.500
'[00:00:06.167 01/01/2011]',-12.000,-76.601,-74.701,-79.301,-88.601,0.500
'[00:00:06.168 01/01/2011]',-12.400,-77.701,-75.101,-80.001,-88.501,0.500
'[00:00:06.169 01/01/2011]',-12.500,-78.901,-75.701,-80.701,-88.501,0.500
'[00:00:06.170 01/01/2011]',-11.900,-79.701,-76.201,-81.201,-88.901,0.500
'[00:00:06.171 01/01/2011]',-10.400,-80.301,-76.601,-81.401,-89.701,0.500
'[00:00:06.172 01/01/2011]',-8.300,-80.601,-76.701,-81.501,-90.601,0.500
'[00:00:06.173 01/01/2011]',-6.200,-80.901,-76.601,-81.501,-91.401,0.500
'[00:00:06.174 01/01/2011]',-5.000,-81.301,-76.601,-81.401,-91.801,0.500
'[00:00:06.175 01/01/2011]',-5.100,-81.701,-76.701,-81.301,-91.901,0.500
'[00:00:06.176 01/01/2011]',-6.500,-81.901,-77.001,-81.101,-91.801,0.500
'[00:00:06.177 01/01/2011]',-8.300,-81.901,-77.601,-81.201,-91.901,0.500
'[00:00:06.178 01/01/2011]',-9.800,-81.701,-78.301,-81.501,-92.301,0.500
'[00:00:06.179 01/01/2011]',-10.300,-81.501,-78.901,-82.201,-93.101,0.500
'[00:00:06.180 01/01/2011]',-10.000,-81.701,-79.201,-83.001,-93.901,0.500
'[00:00:06.181 01/01/2011]',-9.400,-82.301,-79.301,-83.801,-94.301,0.500
'[00:00:06.182 01/01/2011]',-9.100,-83.301,-79.001,-84.401,-94.301,0.500
'[00:00:06.183 01/01/2011]',-9.300,-84.401,-78.701,-84.701,-93.801,0.500
'[00:00:06.184 01/01/2011]',-9.900,-85.601,-78.601,-84.801,-93.201,0.500
'[00:00:06.185 01/01/2011]',-10.200,-86.701,-78.701,-84.801,-92.801,0.500
'[00:00:06.186 01/01/2011]',-9.900,-87.701,-78.901,-85.101,-92.701,0.500
'[00:00:06.187 01/01/2011]',-8.800,-88.701,-79.101,-85.501,-92.801,0.500
'[00:00:06.188 01/01/2011]',-7.400,-89.501,-79.101,-85.901,-93.101,0.500
'[00:00:06.189 01/01/2011]',-6.300,-90.101,-78.901,-86.301,-93.201,0.500
'[00:00:06.190 01/01/2011]',-6.000,-90.401,-78.501,-86.501,-93.301,0.500
'[00:00:06.191 01/01/2011]',-6.600,-90.601,-78.201,-86.601,-93.201,0.500
'[00:00:06.192 01/01/2011]',-7.600,-90.601,-78.101,-87.001,-93.101,0.500
'[00:00:06.193 01/01/2011]',-8.300,-90.601,-78.201,-87.501,-92.801,0.500
'[00:00:06.194 01/01/2011]',-8.400,-90.701,-78.401,-88.201,-92.501,0.500
'[00:00:06.195 01/01/2011]',-7.700,-90.601,-78.601,-88.701,-92.201,0.500
'[00:00:06.196 01/01/2011]',-6.700,-90.501,-78.701,-88.801,-92.001,0.500
'[00:00:06.197 01/01/2011]',-5.700,-90.201,-78.701,-88.601,-92.101,0.500
'[00:00:06.198 01/01/2011]',-5.200,-89.901,-78.701,-88.201,-92.701,0.500
'[00:00:06.199 01/01/2011]',-5.200,-89.601,-78.901,-87.901,-93.501,0.500
'[00:00:06.200 01/01/2011]',-5.400,-89.401,-79.101,-88.001,-94.301,0.500
'[00:00:06.201 01/01/2011]',-5.700,-89.401,-79.401,-88.401,-94.801,0.500
'[00:00:06.202 01/01/2011]',-5.800,-89.501,-79.601,-89.001,-94.801,0.500
'[00:00:06.203 01/01/2011]',-5.700,-89.501,-79.501,-89.401,-94.401,0.500
'[00:00:06.204 01/01/2011]',-5.700,-89.501,-79.401,-89.401,-93.801,0.500
'[00:00:06.205 01/01/2011]',-5.700,-89.301,-79.201,-89.001,-93.401,0.500
'[00:00:06.206 01/01/2011]',-5.700,-89.101,-79.001,-88.401,-93.201,0.500
'[00:00:06.207 01/01/2011]',-5.700,-88.901,-78.901,-87.801,-93.301,0.500
'[00:00:06.208 01/01/2011]',-5.400,-88.701,-78.901,-87.301,-93.701,0.500
'[00:00:06.209 01/01/2011]',-5.000,-88.501,-79.001,-87.201,-94.101,0.500
'[00:00:06.210 01/01/2011]',-4.600,-88.301,-79.101,-87.201,-94.501,0.500
'[00:00:06.211 01/01/2011]',-4.500,-88.101,-79.201,-87.301,-94.701,0.500
'[00:00:06.212 01/01/2011]',-4.600,-87.701,-79.301,-87.301,-94.801,0.500
'[00:00:06.213 01/01/2011]',-4.900,-87.001,-79.401,-87.201,-94.601,0.500
'[00:00:06.214 01/01/2011]',-5.000,-86.101,-79.401,-86.801,-94.301,0.500
'[00:00:06.215 01/01/2011]',-4.700,-85.001,-79.401,-86.301,-93.801,0.500
'[00:00:06.216 01/01/2011]',-3.600,-83.801,-79.301,-85.801,-93.401,0.500
'[00:00:06.217 01/01/2011]',-2.000,-82.601,-79.201,-85.301,-93.101,0.500
'[00:00:06.218 01/01/2011]',-0.100,-81.801,-79.201,-84.901,-93.201,0.500
'[00:00:06.219 01/01/2011]',1.800,-81.401,-79.201,-84.801,-93.501,0.500
'[00:00:06.220 01/01/2011]',3.300,-81.401,-79.401,-84.801,-93.701,0.500
'[00:00:06.221 01/01/2011]',4.100,-81.701,-79.601,-84.901,-93.801,0.500
'[00:00:06.222 01/01/2011]',4.200,-82.001,-79.901,-85.001,-93.801,0.500
'[00:00:06.223 01/01/2011]',3.600,-81.901,-80.101,-85.101,-93.701,0.500
'[00:00:06.224 01/01/2011]',2.600,-81.301,-80.301,-85.201,-93.801,0.500
'[00:00:06.225 01/01/2011]',1.700,-80.401,-80.201,-85.201,-94.001,0.500
'[00:00:06.226 01/01/2011]',1.200,-79.601,-80.001,-85.101,-94.201,0.500
'[00:00:06.227 01/01/2011]',1.500,-79.201,-79.601,-84.901,-94.201,0.500
'[00:00:06.228 01/01/2011]',2.600,-79.401,-79.201,-84.601,-94.101,0.500
'[00:00:06.229 01/01/2011]',3.900,-79.901,-78.901,-84.301,-93.801,0.500
'[00:00:06.230 01/01/2011]',5.000,-80.101,-78.901,-84.001,-93.601,0.500
'[00:00:06.231 01/01/2011]',5.000,-79.901,-79.001,-83.701,-93.501,0.500
'[00:00:06.232 01/01/2011]',3.900,-79.101,-79.201,-83.501,-93.601,0.500
'[00:00:06.233 01/01/2011]',2.300,-77.901,-79.201,-83.201,-93.701,0.500
'[00:00:06.234 01/01/2011]',0.900,-76.801,-79.001,-82.801,-93.701,0.500
'[00:00:06.235 01/01/2011]',0.800,-76.001,-78.501,-82.201,-93.401,0.500
'[00:00:06.236 01/01/2011]',2.100,-75.301,-77.901,-81.501,-92.801,0.500
'[00:00:06.237 01/01/2011]',4.200,-74.501,-77.401,-81.101,-92.201,0.500
'[00:00:06.238 01/01/2011]',6.200,-73.601,-77.101,-81.001,-91.901,0.500
'[00:00:06.239 01/01/2011]',7.100,-72.501,-77.001,-81.101,-91.901,0.500
'[00:00:06.240 01/01/2011]',6.600,-71.701,-77.101,-81.501,-92.201,0.500
'[00:00:06.241 01/01/2011]',5.300,-71.401,-77.101,-81.801,-92.801,0.500
'[00:00:06.242 01/01/2011]',3.900,-71.701,-77.301,-81.901,-93.301,0.500
'[00:00:06.243 01/01/2011]',3.100,-72.301,-77.501,-81.601,-93.601,0.500
'[00:00:06.244 01/01/2011]',3.200,-73.001,-77.801,-81.201,-93.701,0.500
'[00:00:06.245 01/01/2011]',3.800,-73.501,-78.201,-81.001,-93.601,0.500
'[00:00:06.246 01/01/2011]',4.200,-73.701,-78.601,-81.001,-93.601,0.500
'[00:00:06.247 01/01/2011]',4.100,-73.901,-78.901,-81.301,-93.701,0.500
'[00:00:06.248 01/01/2011]',3.300,-74.101,-79.101,-81.901,-93.901,0.500
'[00:00:06.249 01/01/2011]',2.000,-74.301,-79.301,-82.301,-94.101,0.500
'[00:00:06.250 01/01/2011]',0.500,-74.401,-79.401,-82.401,-94.201,0.500
'[00:00:06.251 01/01/2011]',-1.100,-74.401,-79.601,-82.401,-94.201,0.500
'[00:00:06.252 01/01/2011]',-2.600,-74.201,-79.701,-82.301,-94.001,0.500
'[00:00:06.253 01/01/2011]',-3.800,-74.001,-79.601,-82.501,-93.801,0.500
'[00:00:06.254 01/01/2011]',-4.800,-73.901,-79.501,-83.201,-93.601,0.500
'[00:00:06.255 01/01/2011]',-5.800,-73.801,-79.301,-84.201,-93.401,0.500
'[00:00:06.256 01/01/2011]',-6.800,-73.701,-79.401,-85.201,-93.401,0.500
'[00:00:06.257 01/01/2011]',-7.900,-73.401,-79.701,-86.001,-93.601,0.500
'[00:00:06.258 01/01/2011]',-9.100,-73.101,-80.201,-86.301,-93.901,0.500
'[00:00:06.259 01/01/2011]',-10.200,-72.801,-80.701,-86.101,-94.201,0.500
'[00:00:06.260 01/01/2011]',-11.000,-73.001,-81.001,-85.801,-94.501,0.500
'[00:00:06.261 01/01/2011]',-11.500,-73.701,-80.901,-85.601,-94.701,0.500
'[00:00:06.262 01/01/2011]',-11.900,-74.801,-80.601,-85.601,-94.701,0.500
'[00:00:06.263 01/01/2011]',-12.200,-76.001,-80.301,-85.701,-94.601,0.500
'[00:00:06.264 01/01/2011]',-12.700,-77.001,-80.201,-85.701,-94.701,0.500
'[00:00:06.265 01/01/2011]',-13.000,-77.501,-80.401,-85.301,-94.801,0.500
'[00:00:06.266 01/01/2011]',-13.000,-77.601,-80.601,-84.701,-94.801,0.500
'[00:00:06.267 01/01/2011]',-12.500,-77.301,-80.601,-84.101,-94.701,0.500
'[00:00:06.268 01/01/2011]',-11.700,-76.901,-80.501,-83.801,-94.301,0.500
'[00:00:06.269 01/01/2011]',-10.900,-76.801,-80.101,-84.001,-93.601,0.500
'[00:00:06.270 01/01/2011]',-10.400,-77.001,-79.701,-84.501,-92.901,0.500
'[00:00:06.271 01/01/2011]',-10.400,-77.601,-79.401,-85.101,-92.201,0.500
'[00:00:06.272 01/01/2011]',-10.700,-78.401,-79.401,-85.501,-91.701,0.500
'[00:00:06.273 01/01/2011]',-11.400,-79.101,-79.501,-85.501,-91.501,0.500
'[00:00:06.274 01/01/2011]',-12.100,-79.601,-79.701,-85.101,-91.401,0.500
'[00:00:06.275 01/01/2011]',-12.600,-79.601,-79.801,-84.701,-91.501,0.500
'[00:00:06.276 01/01/2011]',-12.800,-79.301,-79.901,-84.301,-91.601,0.500
'[00:00:06.277 01/01/2011]',-12.600,-78.701,-79.901,-84.001,-91.701,0.500
'[00:00:06.278 01/01/2011]',-12.000,-78.201,-80.001,-84.001,-91.701,0.500
'[00:00:06.279 01/01/2011]',-11.300,-78.001,-80.201,-84.101,-91.801,0.500
'[00:00:06.280 01/01/2011]',-11.000,-78.301,-80.201,-84.101,-91.701,0.500
'[00:00:06.281 01/01/2011]',-11.400,-78.701,-80.201,-84.201,-91.501,0.500
'[00:00:06.282 01/01/2011]',-12.500,-79.101,-79.801,-84.201,-91.101,0.500
'[00:00:06.283 01/01/2011]',-13.800,-79.401,-79.301,-84.301,-90.601,0.500
'[00:00:06.284 01/01/2011]',-14.400,-79.401,-78.601,-84.501,-90.001,0.500
'[00:00:06.285 01/01/2011]',-13.900,-79.301,-77.801,-84.601,-89.301,0.500
'[00:00:06.286 01/01/2011]',-12.300,-79.401,-77.301,-84.601,-88.701,0.500
'[00:00:06.287 01/01/2011]',-10.600,-79.801,-77.001,-84.601,-88.101,0.500
'[00:00:06.288 01/01/2011]',-9.600,-80.401,-76.901,-84.601,-87.701,0.500
'[00:00:06.289 01/01/2011]',-9.900,-81.001,-76.901,-84.901,-87.401,0.500
'[00:00:06.290 01/01/2011]',-11.200,-81.401,-77.001,-85.301,-87.401,0.500
'[00:00:06.291 01/01/2011]',-12.800,-81.501,-76.901,-85.901,-87.501,0.500
'[00:00:06.292 01/01/2011]',-13.700,-81.301,-76.701,-86.201,-87.801,0.500
'[00:00:06.293 01/01/2011]',-13.700,-80.901,-76.301,-86.101,-88.101,0.500
'[00:00:06.294 01/01/2011]',-13.200,-80.501,-75.801,-85.501,-88.401,0.500
'[00:00:06.295 01/01/2011]',-12.700,-80.101,-75.301,-84.701,-88.701,0.500
'[00:00:06.296 01/01/2011]',-12.900,-79.701,-74.701,-83.801,-88.801,0.500
'[00:00:06.297 01/01/2011]',-13.400,-79.301,-74.201,-83.101,-88.901,0.500
'[00:00:06.298 01/01/2011]',-13.900,-79.001,-73.801,-82.601,-89.001,0.500
'[00:00:06.299 01/01/2011]',-13.600,-78.901,-73.501,-82.501,-89.001,0.500
'[00:00:06.300 01/01/2011]',-12.400,-79.101,-73.401,-82.301,-88.901,0.500
'[00:00:06.301 01/01/2011]',-10.600,-79.501,-73.401,-82.201,-88.801,0.500
'[00:00:06.302 01/01/2011]',-8.900,-79.901,-73.601,-82.101,-88.601,0.500
'[00:00:06.303 01/01/2011]',-7.900,-80.001,-73.701,-82.101,-88.201,0.500
'[00:00:06.304 01/01/2011]',-7.700,-79.701,-73.601,-82.201,-87.801,0.500
'[00:00:06.305 01/01/2011]',-8.200,-79.101,-73.301,-82.501,-87.201,0.500
'[00:00:06.306 01/01/2011]',-9.000,-78.601,-72.801,-82.601,-86.601,0.500
'[00:00:06.307 01/01/2011]',-9.900,-78.401,-72.401,-82.601,-86.201,0.500
'[00:00:06.308 01/01/2011]',-10.600,-78.701,-72.101,-82.401,-85.901,0.500
'[00:00:06.309 01/01/2011]',-11.000,-79.501,-72.201,-82.001,-85.901,0.500
'[00:00:06.310 01/01/2011]',-11.000,-80.401,-72.301,-81.701,-86.101,0.500
'[00:00:06.311 01/01/2011]',-10.800,-80.901,-72.401,-81.401,-86.301,0.500
'[00:00:06.312 01/01/2011]',-10.300,-80.801,-72.201,-81.301,-86.401,0.500
'[00:00:06.313 01/01/2011]',-9.800,-80.301,-71.601,-81.001,-86.201,0.500
'[00:00:06.314 01/01/2011]',-9.500,-79.501,-70.801,-80.601,-85.601,0.500
'[00:00:06.315 01/01/2011]',-9.200,-78.501,-70.001,-80.001,-84.801,0.500
'[00:00:06.316 01/01/2011]',-8.900,-77.501,-69.401,-79.401,-83.901,0.500
'[00:00:06.317 01/01/2011]',-8.600,-76.501,-69.001,-78.901,-83.401,0.500
'[00:00:06.318 01/01/2011]',-8.400,-75.601,-68.901,-78.401,-83.101,0.500
'[00:00:06.319 01/01/2011]',-8.400,-75.001,-69.001,-78.001,-83.201,0.500
'[00:00:06.320 01/01/2011]',-8.900,-74.801,-69.201,-77.701,-83.301,0.500
'[00:00:06.321 01/01/2011]',-9.800,-75.001,-69.301,-77.501,-83.401,0.500
'[00:00:06.322 01/01/2011]',-10.600,-75.701,-69.201,-77.301,-83.201,0.500
'[00:00:06.323 01/01/2011]',-10.900,-76.401,-69.101,-77.501,-83.001,0.500
'[00:00:06.324 01/01/2011]',-10.600,-77.001,-69.001,-78.001,-82.801,0.500
'[00:00:06.325 01/01/2011]',-10.000,-77.401,-69.001,-78.901,-82.901,0.500
'[00:00:06.326 01/01/2011]',-9.400,-77.801,-69.201,-80.101,-83.501,0.500
'[00:00:06.327 01/01/2011]',-9.200,-78.401,-69.701,-81.301,-84.501,0.500
'[00:00:06.328 01/01/2011]',-9.400,-79.201,-70.401,-82.301,-85.601,0.500
'[00:00:06.329 01/01/2011]',-9.700,-80.101,-71.201,-83.001,-86.601,0.500
'[00:00:06.330 01/01/2011]',-10.000,-80.901,-72.001,-83.601,-87.501,0.500
'[00:00:06.331 01/01/2011]',-10.300,-81.501,-72.401,-84.101,-88.101,0.500
'[00:00:06.332 01/01/2011]',-11.200,-81.701,-72.601,-84.701,-88.401,0.500
'[00:00:06.333 01/01/2011]',-12.900,-81.901,-72.201,-85.201,-88.401,0.500
'[00:00:06.334 01/01/2011]',-14.900,-82.201,-71.401,-85.401,-88.001,0.500
'[00:00:06.335 01/01/2011]',-16.100,-82.401,-70.101,-85.101,-87.001,0.500
'[00:00:06.336 01/01/2011]',-15.200,-82.401,-68.501,-84.101,-85.701,0.500
'[00:00:06.337 01/01/2011]',-11.500,-81.901,-66.901,-82.701,-84.301,0.500
'[00:00:06.338 01/01/2011]',-5.000,-81.101,-65.401,-81.101,-82.901,0.500
'[00:00:06.339 01/01/2011]',3.100,-80.101,-64.001,-79.701,-81.801,0.500
'[00:00:06.340 01/01/2011]',11.600,-79.501,-62.701,-78.501,-80.701,0.500
'[00:00:06.341 01/01/2011]',19.800,-79.601,-61.201,-77.501,-79.301,0.500
'[00:00:06.342 01/01/2011]',27.600,-80.201,-59.401,-76.401,-77.501,0.500
'[00:00:06.343 01/01/2011]',35.701,-81.001,-57.401,-75.001,-75.101,0.500
'[00:00:06.344 01/01/2011]',44.301,-81.401,-55.501,-73.501,-72.401,0.500
'[00:00:06.345 01/01/2011]',53.201,-81.201,-53.701,-72.101,-69.801,0.500
'[00:00:06.346 01/01/2011]',61.101,-80.501,-52.401,-70.901,-67.601,0.500
'[00:00:06.347 01/01/2011]',67.001,-79.701,-51.401,-70.201,-65.701,0.500
'[00:00:06.348 01/01/2011]',70.201,-79.001,-50.501,-69.601,-64.101,0.500
'[00:00:06.349 01/01/2011]',71.001,-78.501,-49.401,-69.001,-62.601,0.500
'[00:00:06.350 01/01/2011]',70.401,-78.301,-48.201,-68.301,-61.001,0.500
'[00:00:06.351 01/01/2011]',69.101,-77.901,-47.001,-67.501,-59.301,0.500
'[00:00:06.352 01/01/2011]',67.901,-77.501,-46.001,-66.701,-57.901,0.500
'[00:00:06.353 01/01/2011]',66.601,-77.001,-45.401,-66.201,-56.801,0.500
'[00:00:06.354 01/01/2011]',65.001,-76.701,-45.401,-66.101,-56.201,0.500
'[00:00:06.355 01/01/2011]',63.101,-76.501,-45.701,-66.301,-56.201,0.500
'[00:00:06.356 01/01/2011]',60.901,-76.301,-46.301,-66.801,-56.601,0.500
'[00:00:06.357 01/01/2011]',58.601,-76.001,-47.101,-67.401,-57.501,0.500
'[00:00:06.358 01/01/2011]',56.201,-75.501,-47.901,-68.001,-58.801,0.500
'[00:00:06.359 01/01/2011]',53.201,-74.601,-48.901,-68.601,-60.401,0.500
'[00:00:06.360 01/01/2011]',49.101,-73.801,-50.201,-69.301,-62.601,0.500
'[00:00:06.361 01/01/2011]',43.301,-73.301,-52.101,-70.301,-65.201,0.500
'[00:00:06.362 01/01/2011]',35.501,-73.301,-54.401,-71.701,-68.201,0.500
'[00:00:06.363 01/01/2011]',25.800,-73.701,-57.401,-73.401,-71.401,0.500
'[00:00:06.364 01/01/2011]',14.300,-74.201,-60.701,-75.101,-74.501,0.500
'[00:00:06.365 01/01/2011]',1.600,-74.501,-63.901,-76.501,-77.101,0.500
'[00:00:06.366 01/01/2011]',-11.400,-74.701,-66.601,-77.501,-78.801,0.500
'[00:00:06.367 01/01/2011]',-23.200,-74.601,-68.301,-77.901,-79.601,0.500
'[00:00:06.368 01/01/2011]',-32.100,-74.401,-68.801,-77.701,-79.701,0.500
'[00:00:06.369 01/01/2011]',-36.701,-74.101,-68.101,-77.201,-79.201,0.500
'[00:00:06.370 01/01/2011]',-36.401,-73.801,-66.701,-76.501,-78.401,0.500
'[00:00:06.371 01/01/2011]',-31.900,-73.301,-64.901,-75.901,-77.401,0.500
'[00:00:06.372 01/01/2011]',-24.800,-72.701,-63.301,-75.201,-76.301,0.500
'[00:00:06.373 01/01/2011]',-17.100,-71.801,-62.001,-74.501,-75.301,0.500
'[00:00:06.374 01/01/2011]',-10.400,-70.801,-61.101,-73.601,-74.401,0.500
'[00:00:06.375 01/01/2011]',-5.600,-69.701,-60.701,-72.501,-73.701,0.500
'[00:00:06.376 01/01/2011]',-2.700,-68.601,-60.501,-71.301,-73.401,0.500
'[00:00:06.377 01/01/2011]',-1.300,-67.601,-60.401,-70.201,-73.301,0.500
'[00:00:06.378 01/01/2011]',-0.900,-66.801,-60.201,-69.301,-73.301,0.500
'[00:00:06.379 01/01/2011]',-1.000,-66.201,-60.001,-68.801,-73.101,0.500
'[00:00:06.380 01/01/2011]',-1.400,-65.901,-59.801,-68.701,-73.001,0.500
'[00:00:06.381 01/01/2011]',-1.900,-65.601,-59.601,-69.001,-73.001,0.500
'[00:00:06.382 01/01/2011]',-2.500,-65.301,-59.701,-69.301,-73.401,0.500
'[00:00:06.383 01/01/2011]',-3.000,-64.801,-60.001,-69.701,-74.001,0.500
'[00:00:06.384 01/01/2011]',-3.200,-64.201,-60.501,-69.801,-74.701,0.500
'[00:00:06.385 01/01/2011]',-2.800,-63.601,-60.901,-69.801,-75.101,0.500
'[00:00:06.386 01/01/2011]',-1.600,-63.201,-61.101,-69.601,-74.901,0.500
'[00:00:06.387 01/01/2011]',0.200,-63.101,-60.901,-69.401,-74.301,0.500
'[00:00:06.388 01/01/2011]',2.200,-63.101,-60.301,-69.201,-73.501,0.500
'[00:00:06.389 01/01/2011]',3.700,-63.101,-59.601,-69.001,-72.801,0.500
'[00:00:06.390 01/01/2011]',4.200,-63.001,-58.901,-68.701,-72.401,0.500
'[00:00:06.391 01/01/2011]',3.700,-62.801,-58.201,-68.301,-72.301,0.500
'[00:00:06.392 01/01/2011]',2.500,-62.501,-57.601,-67.901,-72.401,0.500
'[00:00:06.393 01/01/2011]',1.200,-62.401,-57.201,-67.601,-72.401,0.500
'[00:00:06.394 01/01/2011]',0.000,-62.401,-56.901,-67.501,-72.301,0.500
'[00:00:06.395 01/01/2011]',-0.900,-62.501,-56.801,-67.701,-72.101,0.500
'[00:00:06.396 01/01/2011]',-1.600,-62.301,-57.101,-68.001,-71.901,0.500
'[00:00:06.397 01/01/2011]',-2.400,-61.701,-57.501,-68.001,-71.801,0.500
'[00:00:06.398 01/01/2011]',-3.000,-60.801,-57.901,-67.701,-71.801,0.500
'[00:00:06.399 01/01/2011]',-3.100,-59.601,-58.001,-67.101,-71.701,0.500
'[00:00:06.400 01/01/2011]',-2.400,-58.801,-57.701,-66.501,-71.501,0.500
'[00:00:06.401 01/01/2011]',-0.900,-58.401,-57.001,-66.101,-71.201,0.500
'[00:00:06.402 01/01/2011]',0.700,-58.501,-56.201,-65.901,-70.801,0.500
'[00:00:06.403 01/01/2011]',1.700,-58.701,-55.601,-66.001,-70.401,0.500
'[00:00:06.404 01/01/2011]',1.600,-58.801,-55.501,-66.101,-70.201,0.500
'[00:00:06.405 01/01/2011]',0.400,-58.401,-55.901,-66.101,-69.901,0.500
'[00:00:06.406 01/01/2011]',-1.200,-57.801,-56.401,-65.901,-69.701,0.500
'[00:00:06.407 01/01/2011]',-2.200,-57.201,-56.901,-65.701,-69.501,0.500
'[00:00:06.408 01/01/2011]',-1.900,-57.101,-56.901,-65.501,-69.301,0.500
'[00:00:06.409 01/01/2011]',-0.600,-57.301,-56.501,-65.301,-69.301,0.500
'[00:00:06.410 01/01/2011]',1.200,-57.801,-55.901,-65.201,-69.301,0.500
'[00:00:06.411 01/01/2011]',2.300,-58.101,-55.101,-65.101,-69.301,0.500
'[00:00:06.412 01/01/2011]',2.200,-58.101,-54.501,-65.001,-69.201,0.500
'[00:00:06.413 01/01/2011]',1.000,-57.901,-54.101,-64.901,-69.001,0.500
'[00:00:06.414 01/01/2011]',-0.600,-57.801,-53.701,-64.801,-68.601,0.500
'[00:00:06.415 01/01/2011]',-1.700,-57.701,-53.501,-64.701,-68.001,0.500
'[00:00:06.416 01/01/2011]',-1.700,-57.701,-53.101,-64.601,-67.501,0.500
'[00:00:06.417 01/01/2011]',-0.800,-57.401,-52.601,-64.301,-67.201,0.500
'[00:00:06.418 01/01/2011]',0.500,-56.401,-51.901,-63.801,-67.101,0.500
'[00:00:06.419 01/01/2011]',1.600,-54.901,-51.201,-63.201,-67.501,0.500
'[00:00:06.420 01/01/2011]',2.000,-53.201,-50.301,-62.601,-68.301,0.500
'[00:00:06.421 01/01/2011]',2.000,-51.601,-49.201,-62.101,-69.401,0.500
'[00:00:06.422 01/01/2011]',1.700,-50.401,-47.601,-61.701,-70.501,0.500
'[00:00:06.423 01/01/2011]',1.400,-49.601,-45.601,-61.201,-71.401,0.500
'[00:00:06.424 01/01/2011]',1.300,-48.801,-43.101,-60.601,-72.101,0.500
'[00:00:06.425 01/01/2011]',1.100,-47.801,-40.301,-59.701,-72.601,0.500
'[00:00:06.426 01/01/2011]',0.600,-46.301,-37.401,-58.701,-73.001,0.500
'[00:00:06.427 01/01/2011]',-0.100,-44.601,-34.301,-57.701,-73.301,0.500
'[00:00:06.428 01/01/2011]',-1.000,-43.001,-31.300,-56.901,-73.501,0.500
'[00:00:06.429 01/01/2011]',-1.800,-41.901,-28.300,-56.201,-73.401,0.500
'[00:00:06.430 01/01/2011]',-2.300,-41.301,-25.400,-55.501,-72.801,0.500
'[00:00:06.431 01/01/2011]',-2.400,-41.001,-22.800,-54.601,-71.401,0.500
'[00:00:06.432 01/01/2011]',-2.200,-40.601,-20.500,-53.401,-69.401,0.500
'[00:00:06.433 01/01/2011]',-2.200,-40.101,-18.600,-51.701,-66.901,0.500
'[00:00:06.434 01/01/2011]',-2.400,-39.501,-17.000,-49.801,-64.101,0.500
'[00:00:06.435 01/01/2011]',-3.100,-38.901,-15.400,-47.801,-61.101,0.500
'[00:00:06.436 01/01/2011]',-4.300,-38.401,-13.700,-45.601,-57.701,0.500
'[00:00:06.437 01/01/2011]',-5.700,-38.101,-12.000,-43.401,-53.701,0.500
'[00:00:06.438 01/01/2011]',-7.200,-37.901,-10.400,-41.201,-49.201,0.500
'[00:00:06.439 01/01/2011]',-8.500,-38.001,-9.300,-38.901,-44.001,0.500
'[00:00:06.440 01/01/2011]',-9.500,-38.601,-9.000,-36.701,-38.201,0.500
'[00:00:06.441 01/01/2011]',-10.100,-39.901,-9.500,-34.701,-32.100,0.500
'[00:00:06.442 01/01/2011]',-10.700,-41.801,-10.700,-33.101,-25.800,0.500
'[00:00:06.443 01/01/2011]',-11.200,-44.001,-12.300,-31.700,-19.700,0.500
'[00:00:06.444 01/01/2011]',-11.800,-46.301,-14.200,-30.500,-13.700,0.500
'[00:00:06.445 01/01/2011]',-12.300,-48.401,-16.200,-29.300,-7.800,0.500
'[00:00:06.446 01/01/2011]',-12.600,-50.501,-18.600,-28.000,-1.900,0.500
'[00:00:06.447 01/01/2011]',-12.700,-52.701,-21.600,-26.900,4.500,0.500
'[00:00:06.448 01/01/2011]',-12.600,-55.401,-25.300,-26.000,11.400,0.500
'[00:00:06.449 01/01/2011]',-12.600,-58.601,-29.400,-25.400,18.800,0.500
'[00:00:06.450 01/01/2011]',-12.900,-61.901,-33.601,-25.100,26.600,0.500
'[00:00:06.451 01/01/2011]',-13.500,-64.901,-37.601,-24.900,34.101,0.500
'[00:00:06.452 01/01/2011]',-14.400,-67.501,-41.101,-24.700,40.701,0.500
'[00:00:06.453 01/01/2011]',-15.600,-69.501,-44.201,-24.500,46.001,0.500
'[00:00:06.454 01/01/2011]',-16.900,-71.401,-46.901,-24.300,49.801,0.500
'[00:00:06.455 01/01/2011]',-18.300,-73.301,-49.401,-24.500,52.401,0.500
'[00:00:06.456 01/01/2011]',-19.600,-75.101,-51.801,-25.300,53.901,0.500
'[00:00:06.457 01/01/2011]',-20.500,-76.401,-53.901,-26.500,54.401,0.500
'[00:00:06.458 01/01/2011]',-20.700,-77.001,-55.701,-28.200,53.801,0.500
'[00:00:06.459 01/01/2011]',-19.900,-76.801,-57.201,-30.100,51.901,0.500
'[00:00:06.460 01/01/2011]',-18.100,-76.101,-58.801,-32.200,48.201,0.500
'[00:00:06.461 01/01/2011]',-15.700,-75.501,-60.601,-34.601,43.001,0.500
'[00:00:06.462 01/01/2011]',-13.100,-75.301,-63.101,-37.501,36.701,0.500
'[00:00:06.463 01/01/2011]',-10.700,-75.701,-66.301,-40.801,30.100,0.500
'[00:00:06.464 01/01/2011]',-8.900,-76.301,-70.101,-44.301,23.700,0.500
'[00:00:06.465 01/01/2011]',-7.400,-77.001,-74.101,-47.801,17.900,0.500
'[00:00:06.466 01/01/2011]',-6.300,-77.501,-78.101,-51.001,12.600,0.500
'[00:00:06.467 01/01/2011]',-5.000,-77.801,-81.601,-53.901,7.300,0.500
'[00:00:06.468 01/01/2011]',-3.400,-78.101,-84.501,-56.501,1.500,0.500
'[00:00:06.469 01/01/2011]',-1.600,-78.301,-87.101,-59.101,-5.300,0.500
'[00:00:06.470 01/01/2011]',0.200,-78.301,-89.201,-61.901,-13.000,0.500
'[00:00:06.471 01/01/2011]',1.800,-77.801,-90.801,-64.901,-21.100,0.500
'[00:00:06.472 01/01/2011]',2.800,-76.801,-91.901,-67.601,-28.700,0.500
'[00:00:06.473 01/01/2011]',3.500,-75.301,-92.201,-69.701,-35.401,0.500
'[00:00:06.474 01/01/2011]',4.300,-73.601,-91.701,-70.901,-40.901,0.500
'[00:00:06.475 01/01/2011]',5.500,-71.801,-90.301,-71.301,-45.201,0.500
'[00:00:06.476 01/01/2011]',7.400,-70.101,-88.301,-71.101,-48.901,0.500
'[00:00:06.477 01/01/2011]',9.700,-68.501,-85.901,-70.801,-52.301,0.500
'[00:00:06.478 01/01/2011]',11.900,-66.701,-83.201,-70.601,-55.401,0.500
'[00:00:06.479 01/01/2011]',13.100,-64.801,-80.501,-70.601,-57.901,0.500
'[00:00:06.480 01/01/2011]',13.100,-62.901,-77.601,-70.501,-59.501,0.500
'[00:00:06.481 01/01/2011]',12.200,-61.201,-74.501,-70.201,-60.201,0.500
'[00:00:06.482 01/01/2011]',11.200,-59.701,-71.301,-69.501,-60.201,0.500
'[00:00:06.483 01/01/2011]',10.900,-58.301,-67.701,-68.501,-59.901,0.500
'[00:00:06.484 01/01/2011]',11.400,-57.001,-63.901,-67.201,-59.901,0.500
'[00:00:06.485 01/01/2011]',12.800,-55.601,-60.001,-65.801,-60.101,0.500
'[00:00:06.486 01/01/2011]',14.200,-54.001,-56.001,-64.301,-60.501,0.500
'[00:00:06.487 01/01/2011]',15.100,-52.501,-52.201,-62.901,-60.701,0.500
'[00:00:06.488 01/01/2011]',15.100,-51.301,-48.901,-61.401,-60.501,0.500
'[00:00:06.489 01/01/2011]',14.300,-50.501,-46.101,-60.301,-59.801,0.500
'[00:00:06.490 01/01/2011]',13.000,-49.901,-44.001,-59.301,-58.901,0.500
'[00:00:06.491 01/01/2011]',11.700,-49.501,-42.301,-58.601,-57.901,0.500
'[00:00:06.492 01/01/2011]',10.700,-49.001,-40.701,-57.901,-57.101,0.500
'[00:00:06.493 01/01/2011]',10.100,-48.401,-39.201,-57.001,-56.401,0.500
'[00:00:06.494 01/01/2011]',9.900,-47.901,-37.601,-55.801,-55.901,0.500
'[00:00:06.495 01/01/2011]',9.900,-47.501,-36.101,-54.301,-55.501,0.500
'[00:00:06.496 01/01/2011]',10.100,-47.101,-35.101,-52.901,-55.401,0.500
'[00:00:06.497 01/01/2011]',10.100,-46.701,-34.501,-51.901,-55.301,0.500
'[00:00:06.498 01/01/2011]',10.000,-46.101,-34.301,-51.401,-55.201,0.500
'[00:00:06.499 01/01/2011]',9.800,-45.301,-34.401,-51.401,-55.101,0.500
'[00:00:06.500 01/01/2011]',9.800,-44.501,-34.401,-51.601,-54.901,0.500
'[00:00:06.501 01/01/2011]',10.100,-43.901,-34.301,-51.801,-54.701,0.500
'[00:00:06.502 01/01/2011]',10.700,-43.601,-34.001,-51.801,-54.601,0.500
'[00:00:06.503 01/01/2011]',11.400,-43.701,-33.701,-51.601,-54.601,0.500
'[00:00:06.504 01/01/2011]',12.000,-43.701,-33.501,-51.101,-54.801,0.500
'[00:00:06.505 01/01/2011]',12.500,-43.401,-33.501,-50.501,-55.101,0.500
'[00:00:06.506 01/01/2011]',13.100,-42.901,-33.601,-50.201,-55.301,0.500
'[00:00:06.507 01/01/2011]',14.000,-42.101,-33.701,-50.101,-55.501,0.500
'[00:00:06.508 01/01/2011]',15.300,-41.401,-33.801,-50.401,-55.601,0.500
'[00:00:06.509 01/01/2011]',16.500,-41.001,-33.601,-50.901,-55.701,0.500
'[00:00:06.510 01/01/2011]',17.100,-41.001,-33.301,-51.301,-55.601,0.500
'[00:00:06.511 01/01/2011]',16.600,-41.001,-32.801,-51.501,-55.301,0.500
'[00:00:06.512 01/01/2011]',15.100,-40.801,-32.400,-51.201,-54.901,0.500
'[00:00:06.513 01/01/2011]',13.300,-40.501,-32.000,-50.801,-54.601,0.500
'[00:00:06.514 01/01/2011]',12.100,-40.101,-31.800,-50.301,-54.401,0.500
'[00:00:06.515 01/01/2011]',11.800,-39.901,-31.700,-50.001,-54.401,0.500
'[00:00:06.516 01/01/2011]',12.500,-40.101,-31.700,-50.001,-54.501,0.500
'[00:00:06.517 01/01/2011]',13.800,-40.301,-31.600,-50.201,-54.601,0.500
'[00:00:06.518 01/01/2011]',15.000,-40.401,-31.500,-50.401,-54.401,0.500
'[00:00:06.519 01/01/2011]',15.700,-40.101,-31.300,-50.301,-54.001,0.500
'[00:00:06.520 01/01/2011]',16.200,-39.401,-31.100,-49.801,-53.401,0.500
'[00:00:06.521 01/01/2011]',16.500,-38.601,-31.000,-49.101,-52.801,0.500
'[00:00:06.522 01/01/2011]',16.800,-38.001,-31.100,-48.301,-52.501,0.500
'[00:00:06.523 01/01/2011]',17.100,-37.801,-31.200,-47.701,-52.601,0.500
'[00:00:06.524 01/01/2011]',17.200,-37.801,-31.300,-47.301,-52.901,0.500
'[00:00:06.525 01/01/2011]',16.800,-37.801,-31.300,-47.101,-53.301,0.500
'[00:00:06.526 01/01/2011]',16.200,-37.501,-31.100,-46.701,-53.501,0.500
'[00:00:06.527 01/01/2011]',15.700,-37.101,-30.900,-46.301,-53.401,0.500
'[00:00:06.528 01/01/2011]',15.400,-36.701,-30.500,-45.601,-53.201,0.500
'[00:00:06.529 01/01/2011]',15.100,-36.701,-30.100,-45.001,-52.801,0.500
'[00:00:06.530 01/01/2011]',14.700,-37.101,-29.700,-44.501,-52.301,0.500
'[00:00:06.531 01/01/2011]',13.900,-37.601,-29.300,-44.201,-51.701,0.500
'[00:00:06.532 01/01/2011]',13.000,-38.101,-28.800,-44.101,-50.901,0.500
'[00:00:06.533 01/01/2011]',12.300,-38.201,-28.300,-43.901,-50.101,0.500
'[00:00:06.534 01/01/2011]',12.000,-37.801,-27.900,-43.701,-49.301,0.500
'[00:00:06.535 01/01/2011]',12.200,-37.201,-27.600,-43.501,-48.701,0.500
'[00:00:06.536 01/01/2011]',12.700,-36.401,-27.300,-43.101,-48.501,0.500
'[00:00:06.537 01/01/2011]',13.000,-35.501,-27.100,-42.701,-48.501,0.500
'[00:00:06.538 01/01/2011]',13.100,-34.701,-26.900,-42.301,-48.701,0.500
'[00:00:06.539 01/01/2011]',13.300,-33.901,-26.700,-41.801,-48.701,0.500
'[00:00:06.540 01/01/2011]',14.000,-33.301,-26.700,-41.601,-48.601,0.500
'[00:00:06.541 01/01/2011]',15.200,-32.901,-26.800,-41.601,-48.301,0.500
'[00:00:06.542 01/01/2011]',16.700,-32.901,-27.100,-41.901,-47.901,0.500
'[00:00:06.543 01/01/2011]',17.700,-33.101,-27.300,-42.301,-47.701,0.500
'[00:00:06.544 01/01/2011]',17.700,-33.301,-27.300,-42.301,-47.601,0.500
'[00:00:06.545 01/01/2011]',16.600,-33.201,-26.900,-41.601,-47.601,0.500
'[00:00:06.546 01/01/2011]',14.900,-32.801,-26.000,-40.401,-47.501,0.500
'[00:00:06.547 01/01/2011]',13.400,-32.200,-24.900,-38.801,-47.101,0.500
'[00:00:06.548 01/01/2011]',13.000,-31.700,-23.800,-37.501,-46.401,0.500
'[00:00:06.549 01/01/2011]',13.800,-31.600,-23.100,-36.701,-45.701,0.500
'[00:00:06.550 01/01/2011]',15.100,-31.900,-22.900,-36.701,-45.201,0.500
'[00:00:06.551 01/01/2011]',16.200,-32.500,-23.000,-37.101,-44.901,0.500
'[00:00:06.552 01/01/2011]',16.300,-33.101,-23.300,-37.601,-44.801,0.500
'[00:00:06.553 01/01/2011]',15.400,-33.501,-23.400,-37.901,-44.701,0.500
'[00:00:06.554 01/01/2011]',14.000,-33.501,-23.300,-37.801,-44.501,0.500
'[00:00:06.555 01/01/2011]',13.000,-33.401,-22.900,-37.501,-44.101,0.500
'[00:00:06.556 01/01/2011]',13.000,-33.301,-22.500,-37.201,-43.501,0.500
'[00:00:06.557 01/01/2011]',13.900,-33.101,-22.200,-37.201,-43.001,0.500
'[00:00:06.558 01/01/2011]',15.400,-32.801,-22.200,-37.201,-42.601,0.500
'[00:00:06.559 01/01/2011]',16.500,-32.400,-22.400,-37.201,-42.601,0.500
'[00:00:06.560 01/01/2011]',16.800,-32.000,-22.400,-37.201,-42.801,0.500
'[00:00:06.561 01/01/2011]',16.200,-31.500,-22.300,-37.201,-43.301,0.500
'[00:00:06.562 01/01/2011]',15.200,-31.100,-22.000,-37.201,-43.801,0.500
'[00:00:06.563 01/01/2011]',14.400,-30.700,-21.800,-37.401,-44.201,0.500
'[00:00:06.564 01/01/2011]',14.200,-30.300,-21.600,-37.801,-44.501,0.500
'[00:00:06.565 01/01/2011]',14.800,-30.000,-21.800,-38.101,-44.601,0.500
'[00:00:06.566 01/01/2011]',15.800,-29.700,-22.100,-38.301,-44.601,0.500
'[00:00:06.567 01/01/2011]',16.800,-29.500,-22.600,-38.401,-44.401,0.500
'[00:00:06.568 01/01/2011]',17.200,-29.600,-22.900,-38.301,-44.201,0.500
'[00:00:06.569 01/01/2011]',16.900,-30.000,-23.200,-38.201,-43.901,0.500
'[00:00:06.570 01/01/2011]',15.900,-30.600,-23.300,-38.301,-43.801,0.500
'[00:00:06.571 01/01/2011]',14.800,-31.100,-23.500,-38.301,-43.701,0.500
'[00:00:06.572 01/01/2011]',13.800,-31.400,-23.800,-38.401,-43.701,0.500
'[00:00:06.573 01/01/2011]',13.300,-31.400,-24.000,-38.301,-43.801,0.500
'[00:00:06.574 01/01/2011]',13.300,-31.200,-24.100,-38.101,-43.801,0.500
'[00:00:06.575 01/01/2011]',13.500,-31.000,-23.900,-37.701,-43.701,0.500
'[00:00:06.576 01/01/2011]',13.700,-30.900,-23.600,-37.401,-43.601,0.500
'[00:00:06.577 01/01/2011]',13.900,-30.900,-23.100,-37.301,-43.601,0.500
'[00:00:06.578 01/01/2011]',13.900,-30.800,-22.800,-37.301,-43.701,0.500
'[00:00:06.579 01/01/2011]',14.100,-30.500,-22.600,-37.301,-44.001,0.500
'[00:00:06.580 01/01/2011]',14.300,-29.900,-22.700,-37.101,-44.301,0.500
'[00:00:06.581 01/01/2011]',14.400,-29.300,-23.000,-36.701,-44.601,0.500
'[00:00:06.582 01/01/2011]',14.200,-28.800,-23.400,-36.001,-44.601,0.500
'[00:00:06.583 01/01/2011]',13.600,-28.800,-23.700,-35.301,-44.401,0.500
'[00:00:06.584 01/01/2011]',12.700,-29.100,-23.900,-35.001,-44.001,0.500
'[00:00:06.585 01/01/2011]',11.900,-29.600,-24.100,-35.101,-43.501,0.500
'[00:00:06.586 01/01/2011]',11.400,-29.800,-24.200,-35.601,-43.101,0.500
'[00:00:06.587 01/01/2011]',11.400,-29.700,-24.200,-36.101,-42.801,0.500
'[00:00:06.588 01/01/2011]',11.800,-29.300,-24.100,-36.401,-42.601,0.500
'[00:00:06.589 01/01/2011]',12.100,-28.900,-23.900,-36.301,-42.601,0.500
'[00:00:06.590 01/01/2011]',12.100,-28.900,-23.500,-35.901,-42.701,0.500
'[00:00:06.591 01/01/2011]',11.900,-29.400,-23.300,-35.601,-43.001,0.500
'[00:00:06.592 01/01/2011]',11.700,-30.400,-23.400,-35.501,-43.401,0.500
'[00:00:06.593 01/01/2011]',11.900,-31.400,-23.900,-35.701,-43.901,0.500
'[00:00:06.594 01/01/2011]',12.500,-32.100,-24.800,-36.001,-44.401,0.500
'[00:00:06.595 01/01/2011]',13.500,-32.100,-25.600,-36.301,-44.701,0.500
'[00:00:06.596 01/01/2011]',14.400,-31.800,-26.100,-36.301,-44.701,0.500
'[00:00:06.597 01/01/2011]',15.000,-31.400,-26.000,-36.101,-44.401,0.500
'[00:00:06.598 01/01/2011]',15.100,-31.100,-25.400,-35.901,-44.101,0.500
'[00:00:06.599 01/01/2011]',14.400,-31.100,-24.600,-35.901,-43.801,0.500
'[00:00:06.600 01/01/2011]',13.200,-31.200,-24.200,-36.301,-43.701,0.500
'[00:00:06.601 01/01/2011]',11.700,-31.400,-24.200,-36.801,-43.701,0.500
'[00:00:06.602 01/01/2011]',10.300,-31.300,-24.700,-37.201,-43.801,0.500
'[00:00:06.603 01/01/2011]',9.300,-31.200,-25.400,-37.401,-43.601,0.500
'[00:00:06.604 01/01/2011]',9.000,-31.100,-25.900,-37.201,-43.301,0.500
'[00:00:06.605 01/01/2011]',9.300,-31.200,-26.000,-36.901,-42.801,0.500
'[00:00:06.606 01/01/2011]',10.100,-31.400,-25.800,-36.501,-42.201,0.500
'[00:00:06.607 01/01/2011]',10.900,-31.600,-25.400,-36.201,-41.701,0.500
'[00:00:06.608 01/01/2011]',11.100,-31.600,-25.000,-36.201,-41.301,0.500
'[00:00:06.609 01/01/2011]',10.600,-31.500,-24.700,-36.201,-41.001,0.500
'[00:00:06.610 01/01/2011]',9.500,-31.300,-24.600,-36.101,-40.701,0.500
'[00:00:06.611 01/01/2011]',8.300,-31.200,-24.600,-35.701,-40.701,0.500
'[00:00:06.612 01/01/2011]',7.500,-31.400,-24.800,-35.101,-40.901,0.500
'[00:00:06.613 01/01/2011]',7.400,-31.700,-25.100,-34.601,-41.401,0.500
'[00:00:06.614 01/01/2011]',8.100,-32.200,-25.400,-34.501,-42.001,0.500
'[00:00:06.615 01/01/2011]',9.300,-32.500,-25.500,-34.701,-42.401,0.500
'[00:00:06.616 01/01/2011]',10.500,-32.400,-25.500,-35.101,-42.701,0.500
'[00:00:06.617 01/01/2011]',11.300,-32.000,-25.200,-35.401,-42.501,0.500
'[00:00:06.618 01/01/2011]',11.200,-31.200,-24.600,-35.401,-41.901,0.500
'[00:00:06.619 01/01/2011]',10.300,-30.300,-24.100,-34.901,-41.101,0.500
'[00:00:06.620 01/01/2011]',8.700,-29.600,-23.700,-34.201,-40.101,0.500
'[00:00:06.621 01/01/2011]',7.200,-29.200,-23.700,-33.601,-39.201,0.500
'[00:00:06.622 01/01/2011]',6.300,-29.000,-23.900,-33.201,-38.501,0.500
'[00:00:06.623 01/01/2011]',6.400,-28.800,-24.200,-33.001,-38.001,0.500
'[00:00:06.624 01/01/2011]',7.400,-28.700,-24.200,-32.801,-37.701,0.500
'[00:00:06.625 01/01/2011]',8.800,-28.600,-24.000,-32.500,-37.601,0.500
'[00:00:06.626 01/01/2011]',9.900,-28.700,-23.600,-32.000,-37.701,0.500
'[00:00:06.627 01/01/2011]',10.500,-29.000,-23.300,-31.500,-37.801,0.500
'[00:00:06.628 01/01/2011]',10.300,-29.500,-23.400,-31.200,-37.901,0.500
'[00:00:06.629 01/01/2011]',9.900,-30.100,-23.900,-31.300,-38.201,0.500
'[00:00:06.630 01/01/2011]',9.800,-30.600,-24.700,-31.700,-38.601,0.500
'[00:00:06.631 01/01/2011]',10.200,-31.000,-25.500,-32.200,-39.001,0.500
'[00:00:06.632 01/01/2011]',11.200,-31.300,-26.100,-32.700,-39.301,0.500
'[00:00:06.633 01/01/2011]',12.200,-31.500,-26.400,-33.001,-39.401,0.500
'[00:00:06.634 01/01/2011]',12.800,-31.800,-26.400,-33.101,-39.001,0.500
'[00:00:06.635 01/01/2011]',12.700,-32.000,-26.200,-33.001,-38.401,0.500
'[00:00:06.636 01/01/2011]',12.000,-32.200,-25.900,-32.801,-37.601,0.500
'[00:00:06.637 01/01/2011]',11.100,-32.400,-25.400,-32.500,-36.901,0.500
'[00:00:06.638 01/01/2011]',10.600,-32.500,-24.900,-32.100,-36.301,0.500
'[00:00:06.639 01/01/2011]',10.700,-32.400,-24.500,-31.500,-35.901,0.500
'[00:00:06.640 01/01/2011]',11.400,-32.300,-24.300,-31.000,-35.401,0.500
'[00:00:06.641 01/01/2011]',12.500,-32.000,-24.300,-30.500,-34.901,0.500
'[00:00:06.642 01/01/2011]',13.600,-31.500,-24.400,-30.300,-34.101,0.500
'[00:00:06.643 01/01/2011]',14.300,-30.700,-24.400,-30.400,-33.201,0.500
'[00:00:06.644 01/01/2011]',14.500,-29.800,-24.200,-30.700,-32.300,0.500
'[00:00:06.645 01/01/2011]',14.200,-29.200,-23.900,-31.100,-31.600,0.500
'[00:00:06.646 01/01/2011]',13.700,-29.200,-23.500,-31.600,-31.200,0.500
'[00:00:06.647 01/01/2011]',13.100,-29.600,-23.300,-32.000,-31.000,0.500
'[00:00:06.648 01/01/2011]',12.600,-30.400,-23.300,-32.300,-31.000,0.500
'[00:00:06.649 01/01/2011]',12.200,-31.200,-23.500,-32.300,-30.900,0.500
'[00:00:06.650 01/01/2011]',11.700,-31.700,-23.600,-32.100,-30.700,0.500
'[00:00:06.651 01/01/2011]',11.000,-31.800,-23.700,-31.800,-30.200,0.500
'[00:00:06.652 01/01/2011]',9.900,-31.600,-23.500,-31.500,-29.500,0.500
'[00:00:06.653 01/01/2011]',8.900,-31.300,-23.400,-31.300,-28.700,0.500
'[00:00:06.654 01/01/2011]',8.300,-31.200,-23.400,-31.300,-28.000,0.500
'[00:00:06.655 01/01/2011]',8.300,-31.300,-23.700,-31.400,-27.600,0.500
'[00:00:06.656 01/01/2011]',8.600,-31.400,-24.200,-31.600,-27.400,0.500
'[00:00:06.657 01/01/2011]',8.600,-31.500,-24.500,-31.600,-27.600,0.500
'[00:00:06.658 01/01/2011]',7.800,-31.400,-24.500,-31.600,-27.900,0.500
'[00:00:06.659 01/01/2011]',6.000,-31.100,-24.200,-31.500,-28.400,0.500
'[00:00:06.660 01/01/2011]',3.900,-30.700,-24.000,-31.400,-28.700,0.500
'[00:00:06.661 01/01/2011]',2.100,-30.400,-24.100,-31.400,-28.900,0.500
'[00:00:06.662 01/01/2011]',1.600,-30.200,-24.600,-31.400,-29.000,0.500
'[00:00:06.663 01/01/2011]',2.300,-30.100,-25.300,-31.500,-28.800,0.500
'[00:00:06.664 01/01/2011]',3.800,-29.800,-25.900,-31.600,-28.500,0.500
'[00:00:06.665 01/01/2011]',5.100,-29.300,-26.200,-31.700,-28.000,0.500
'[00:00:06.666 01/01/2011]',5.500,-28.700,-25.900,-31.700,-27.600,0.500
'[00:00:06.667 01/01/2011]',4.800,-28.100,-25.500,-31.700,-27.200,0.500
'[00:00:06.668 01/01/2011]',3.400,-27.700,-25.200,-31.600,-26.900,0.500
'[00:00:06.669 01/01/2011]',1.900,-27.900,-25.200,-31.400,-26.800,0.500
'[00:00:06.670 01/01/2011]',1.000,-28.700,-25.600,-31.100,-26.700,0.500
'[00:00:06.671 01/01/2011]',0.700,-29.800,-26.000,-30.900,-26.700,0.500
'[00:00:06.672 01/01/2011]',0.800,-31.000,-26.300,-30.700,-26.600,0.500
'[00:00:06.673 01/01/2011]',1.100,-31.900,-26.200,-30.500,-26.500,0.500
'[00:00:06.674 01/01/2011]',1.500,-32.300,-25.900,-30.100,-26.200,0.500
'[00:00:06.675 01/01/2011]',1.800,-32.200,-25.800,-29.500,-25.900,0.500
'[00:00:06.676 01/01/2011]',2.200,-32.000,-25.800,-28.800,-25.500,0.500
'[00:00:06.677 01/01/2011]',2.600,-31.900,-26.100,-28.200,-25.000,0.500
'[00:00:06.678 01/01/2011]',2.900,-31.900,-26.600,-27.700,-24.400,0.500
'[00:00:06.679 01/01/2011]',3.100,-32.200,-27.000,-27.500,-23.700,0.500
'[00:00:06.680 01/01/2011]',3.200,-32.400,-27.300,-27.600,-23.100,0.500
'[00:00:06.681 01/01/2011]',3.200,-32.300,-27.400,-27.800,-22.500,0.500
'[00:00:06.682 01/01/2011]',3.200,-31.700,-27.300,-27.900,-21.900,0.500
'[00:00:06.683 01/01/2011]',3.200,-30.700,-27.200,-27.800,-21.300,0.500
'[00:00:06.684 01/01/2011]',3.300,-29.600,-27.000,-27.500,-20.600,0.500
'[00:00:06.685 01/01/2011]',3.700,-28.900,-26.600,-27.100,-19.800,0.500
'[00:00:06.686 01/01/2011]',4.300,-28.800,-26.100,-26.900,-19.100,0.500
'[00:00:06.687 01/01/2011]',5.000,-29.400,-25.800,-26.900,-18.500,0.500
'[00:00:06.688 01/01/2011]',5.400,-30.500,-25.800,-27.200,-18.300,0.500
'[00:00:06.689 01/01/2011]',5.300,-31.700,-26.100,-27.500,-18.500,0.500
'[00:00:06.690 01/01/2011]',4.600,-32.700,-26.800,-27.500,-18.800,0.500
'[00:00:06.691 01/01/2011]',4.000,-33.101,-27.400,-27.200,-18.900,0.500
'[00:00:06.692 01/01/2011]',4.100,-32.901,-27.700,-26.600,-18.700,0.500
'[00:00:06.693 01/01/2011]',5.300,-32.300,-27.600,-25.900,-18.000,0.500
'[00:00:06.694 01/01/2011]',7.500,-31.800,-27.100,-25.700,-16.900,0.500
'[00:00:06.695 01/01/2011]',9.900,-31.500,-26.600,-26.000,-15.700,0.500
'[00:00:06.696 01/01/2011]',11.600,-31.800,-26.400,-26.700,-14.700,0.500
'[00:00:06.697 01/01/2011]',12.100,-32.400,-26.600,-27.500,-13.900,0.500
'[00:00:06.698 01/01/2011]',11.300,-33.201,-27.100,-27.900,-13.300,0.500
'[00:00:06.699 01/01/2011]',9.800,-33.701,-27.500,-27.800,-13.000,0.500
'[00:00:06.700 01/01/2011]',8.400,-33.801,-27.700,-27.300,-12.800,0.500
'[00:00:06.701 01/01/2011]',7.500,-33.401,-27.700,-26.700,-12.800,0.500
'[00:00:06.702 01/01/2011]',7.300,-32.801,-27.500,-26.300,-12.800,0.500
'[00:00:06.703 01/01/2011]',7.400,-32.400,-27.400,-26.300,-12.800,0.500
'[00:00:06.704 01/01/2011]',7.500,-32.300,-27.500,-26.500,-12.600,0.500
'[00:00:06.705 01/01/2011]',7.500,-32.500,-27.800,-26.600,-12.200,0.500
'[00:00:06.706 01/01/2011]',7.500,-32.600,-28.000,-26.500,-11.600,0.500
'[00:00:06.707 01/01/2011]',7.800,-32.500,-28.100,-26.100,-10.800,0.500
'[00:00:06.708 01/01/2011]',8.400,-32.200,-27.900,-25.600,-10.100,0.500
'[00:00:06.709 01/01/2011]',9.400,-31.800,-27.700,-25.300,-9.600,0.500
'[00:00:06.710 01/01/2011]',10.400,-31.600,-27.400,-25.400,-9.400,0.500
'[00:00:06.711 01/01/2011]',11.200,-31.900,-27.300,-25.800,-9.300,0.500
'[00:00:06.712 01/01/2011]',11.500,-32.600,-27.300,-26.400,-9.100,0.500
'[00:00:06.713 01/01/2011]',11.500,-33.201,-27.400,-26.800,-8.800,0.500
'[00:00:06.714 01/01/2011]',11.300,-33.601,-27.500,-26.900,-8.300,0.500
'[00:00:06.715 01/01/2011]',11.300,-33.501,-27.500,-26.700,-7.500,0.500
'[00:00:06.716 01/01/2011]',11.700,-33.201,-27.500,-26.300,-6.800,0.500
'[00:00:06.717 01/01/2011]',12.500,-32.901,-27.400,-26.000,-6.400,0.500
'[00:00:06.718 01/01/2011]',13.000,-32.901,-27.500,-25.700,-6.300,0.500
'[00:00:06.719 01/01/2011]',12.900,-33.101,-27.600,-25.500,-6.600,0.500
'[00:00:06.720 01/01/2011]',11.700,-33.301,-27.700,-25.200,-6.900,0.500
'[00:00:06.721 01/01/2011]',9.900,-33.201,-27.800,-24.700,-7.000,0.500
'[00:00:06.722 01/01/2011]',7.800,-32.600,-27.700,-24.100,-6.700,0.500
'[00:00:06.723 01/01/2011]',5.900,-31.700,-27.500,-23.500,-6.200,0.500
'[00:00:06.724 01/01/2011]',4.500,-30.700,-27.200,-23.000,-5.600,0.500
'[00:00:06.725 01/01/2011]',3.600,-30.100,-26.800,-22.600,-5.200,0.500
'[00:00:06.726 01/01/2011]',2.700,-29.800,-26.400,-22.300,-5.100,0.500
'[00:00:06.727 01/01/2011]',1.700,-29.900,-26.200,-22.100,-5.200,0.500
'[00:00:06.728 01/01/2011]',0.600,-30.100,-26.100,-22.100,-5.300,0.500
'[00:00:06.729 01/01/2011]',-0.300,-30.200,-26.100,-22.200,-5.300,0.500
'[00:00:06.730 01/01/2011]',-0.800,-30.200,-26.100,-22.500,-5.200,0.500
'[00:00:06.731 01/01/2011]',-1.200,-30.200,-26.100,-22.900,-5.200,0.500
'[00:00:06.732 01/01/2011]',-1.600,-30.300,-26.100,-23.300,-5.500,0.500
'[00:00:06.733 01/01/2011]',-2.400,-30.600,-26.100,-23.700,-6.100,0.500
'[00:00:06.734 01/01/2011]',-3.700,-31.200,-26.200,-24.200,-6.900,0.500
'[00:00:06.735 01/01/2011]',-5.100,-31.900,-26.400,-24.700,-7.500,0.500
'[00:00:06.736 01/01/2011]',-6.200,-32.500,-26.500,-25.100,-7.900,0.500
'[00:00:06.737 01/01/2011]',-6.800,-32.700,-26.500,-25.400,-7.800,0.500
'[00:00:06.738 01/01/2011]',-6.800,-32.500,-26.400,-25.500,-7.400,0.500
'[00:00:06.739 01/01/2011]',-6.400,-31.900,-26.100,-25.300,-7.100,0.500
'[00:00:06.740 01/01/2011]',-5.800,-30.900,-25.800,-25.100,-7.100,0.500
'[00:00:06.741 01/01/2011]',-5.400,-30.000,-25.500,-25.100,-7.400,0.500
'[00:00:06.742 01/01/2011]',-5.100,-29.400,-25.500,-25.300,-8.100,0.500
'[00:00:06.743 01/01/2011]',-4.900,-29.000,-25.500,-26.000,-8.800,0.500
'[00:00:06.744 01/01/2011]',-5.100,-28.800,-25.600,-26.700,-9.600,0.500
'[00:00:06.745 01/01/2011]',-5.500,-28.800,-25.700,-27.300,-10.200,0.500
'[00:00:06.746 01/01/2011]',-6.300,-28.800,-25.500,-27.400,-10.700,0.500
'[00:00:06.747 01/01/2011]',-7.100,-28.600,-25.300,-27.100,-11.000,0.500
'[00:00:06.748 01/01/2011]',-7.700,-28.400,-24.900,-26.500,-11.100,0.500
'[00:00:06.749 01/01/2011]',-7.600,-28.200,-24.400,-25.700,-11.000,0.500
'[00:00:06.750 01/01/2011]',-7.000,-28.000,-23.800,-24.900,-10.700,0.500
'[00:00:06.751 01/01/2011]',-6.300,-27.800,-23.200,-24.300,-10.500,0.500
'[00:00:06.752 01/01/2011]',-6.000,-27.600,-22.400,-23.700,-10.300,0.500
'[00:00:06.753 01/01/2011]',-6.600,-27.400,-21.700,-23.300,-10.600,0.500
'[00:00:06.754 01/01/2011]',-7.900,-27.200,-20.900,-23.000,-11.100,0.500
'[00:00:06.755 01/01/2011]',-9.200,-26.900,-20.200,-23.000,-11.900,0.500
'[00:00:06.756 01/01/2011]',-9.700,-26.500,-19.700,-23.000,-12.800,0.500
'[00:00:06.757 01/01/2011]',-9.000,-25.900,-19.400,-23.000,-13.500,0.500
'[00:00:06.758 01/01/2011]',-7.500,-25.100,-19.100,-22.900,-13.900,0.500
'[00:00:06.759 01/01/2011]',-5.900,-24.200,-19.000,-22.600,-14.100,0.500
'[00:00:06.760 01/01/2011]',-5.000,-23.400,-18.800,-22.100,-14.100,0.500
'[00:00:06.761 01/01/2011]',-5.200,-22.800,-18.500,-21.700,-14.100,0.500
'[00:00:06.762 01/01/2011]',-6.100,-22.500,-18.000,-21.300,-14.300,0.500
'[00:00:06.763 01/01/2011]',-7.000,-22.500,-17.500,-21.100,-14.600,0.500
'[00:00:06.764 01/01/2011]',-7.200,-22.500,-17.000,-21.100,-15.100,0.500
'[00:00:06.765 01/01/2011]',-6.700,-22.400,-16.600,-21.100,-15.800,0.500
'[00:00:06.766 01/01/2011]',-6.100,-21.900,-16.300,-21.000,-16.400,0.500
'[00:00:06.767 01/01/2011]',-5.900,-21.200,-16.100,-20.900,-16.900,0.500
'[00:00:06.768 01/01/2011]',-6.400,-20.400,-15.700,-20.800,-17.300,0.500
'[00:00:06.769 01/01/2011]',-7.300,-19.700,-15.000,-20.600,-17.600,0.500
'[00:00:06.770 01/01/2011]',-8.000,-19.200,-14.200,-20.600,-17.900,0.500
'[00:00:06.771 01/01/2011]',-8.000,-18.900,-13.300,-20.600,-18.100,0.500
'[00:00:06.772 01/01/2011]',-7.200,-18.800,-12.500,-20.700,-18.500,0.500
'[00:00:06.773 01/01/2011]',-6.000,-18.800,-12.000,-20.800,-19.000,0.500
'[00:00:06.774 01/01/2011]',-5.000,-18.900,-11.800,-21.000,-19.400,0.500
'[00:00:06.775 01/01/2011]',-4.500,-19.100,-11.800,-21.200,-19.700,0.500
'[00:00:06.776 01/01/2011]',-4.500,-19.200,-11.800,-21.400,-19.900,0.500
'[00:00:06.777 01/01/2011]',-5.000,-19.100,-11.700,-21.300,-20.000,0.500
'[00:00:06.778 01/01/2011]',-5.500,-18.800,-11.500,-21.100,-20.200,0.500
'[00:00:06.779 01/01/2011]',-6.100,-18.300,-11.400,-20.600,-20.500,0.500
'[00:00:06.780 01/01/2011]',-6.500,-17.600,-11.500,-20.100,-21.000,0.500
'[00:00:06.781 01/01/2011]',-6.700,-16.900,-11.700,-19.700,-21.700,0.500
'[00:00:06.782 01/01/2011]',-6.700,-16.500,-11.900,-19.400,-22.300,0.500
'[00:00:06.783 01/01/2011]',-6.300,-16.400,-12.000,-19.500,-22.600,0.500
'[00:00:06.784 01/01/2011]',-6.100,-16.500,-11.700,-19.800,-22.700,0.500
'[00:00:06.785 01/01/2011]',-6.100,-16.600,-11.200,-20.100,-22.800,0.500
'[00:00:06.786 01/01/2011]',-6.800,-16.400,-10.700,-20.400,-23.000,0.500
'[00:00:06.787 01/01/2011]',-7.700,-15.900,-10.400,-20.600,-23.300,0.500
'[00:00:06.788 01/01/2011]',-8.500,-15.400,-10.500,-20.500,-24.000,0.500
'[00:00:06.789 01/01/2011]',-8.500,-15.000,-10.800,-20.400,-24.600,0.500
'[00:00:06.790 01/01/2011]',-7.500,-15.000,-11.200,-20.400,-25.200,0.500
'[00:00:06.791 01/01/2011]',-5.800,-15.200,-11.400,-20.400,-25.600,0.500
'[00:00:06.792 01/01/2011]',-4.000,-15.500,-11.400,-20.500,-25.900,0.500
'[00:00:06.793 01/01/2011]',-2.800,-15.800,-11.200,-20.600,-26.100,0.500
'[00:00:06.794 01/01/2011]',-2.700,-15.800,-11.000,-20.600,-26.300,0.500
'[00:00:06.795 01/01/2011]',-3.300,-15.700,-10.900,-20.400,-26.300,0.500
'[00:00:06.796 01/01/2011]',-4.200,-15.600,-10.900,-20.000,-26.200,0.500
'[00:00:06.797 01/01/2011]',-4.700,-15.400,-10.900,-19.400,-26.000,0.500
'[00:00:06.798 01/01/2011]',-4.500,-15.300,-10.900,-18.900,-25.900,0.500
'[00:00:06.799 01/01/2011]',-3.800,-15.100,-11.100,-18.800,-26.100,0.500
'[00:00:06.800 01/01/2011]',-2.900,-14.900,-11.500,-19.100,-27.000,0.500
'[00:00:06.801 01/01/2011]',-2.500,-14.600,-12.200,-19.900,-28.500,0.500
'[00:00:06.802 01/01/2011]',-2.900,-14.300,-13.400,-21.000,-30.500,0.500
'[00:00:06.803 01/01/2011]',-4.300,-14.200,-14.700,-22.200,-32.500,0.500
'[00:00:06.804 01/01/2011]',-6.300,-14.300,-15.800,-23.100,-34.001,0.500
'[00:00:06.805 01/01/2011]',-8.100,-14.300,-16.500,-23.400,-34.601,0.500
'[00:00:06.806 01/01/2011]',-9.000,-14.200,-16.400,-23.000,-34.301,0.500
'[00:00:06.807 01/01/2011]',-8.200,-13.700,-15.700,-22.300,-33.501,0.500
'[00:00:06.808 01/01/2011]',-5.800,-13.200,-14.500,-21.300,-32.500,0.500
'[00:00:06.809 01/01/2011]',-2.000,-12.600,-13.100,-20.500,-31.600,0.500
'[00:00:06.810 01/01/2011]',2.600,-12.300,-11.800,-19.800,-31.000,0.500
'[00:00:06.811 01/01/2011]',7.600,-12.300,-10.500,-19.200,-30.500,0.500
'[00:00:06.812 01/01/2011]',13.200,-12.200,-9.200,-18.300,-29.700,0.500
'[00:00:06.813 01/01/2011]',20.000,-11.900,-7.600,-16.900,-28.400,0.500
'[00:00:06.814 01/01/2011]',28.500,-11.000,-5.600,-15.000,-26.400,0.500
'[00:00:06.815 01/01/2011]',38.501,-9.800,-3.400,-12.800,-23.900,0.500
'[00:00:06.816 01/01/2011]',49.101,-8.600,-1.300,-10.900,-21.200,0.500
'[00:00:06.817 01/01/2011]',58.501,-7.800,0.600,-9.500,-18.900,0.500
'[00:00:06.818 01/01/2011]',65.301,-7.500,1.900,-9.000,-16.900,0.500
'[00:00:06.819 01/01/2011]',69.201,-7.700,2.800,-9.000,-15.300,0.500
'[00:00:06.820 01/01/2011]',70.601,-8.000,3.500,-9.100,-13.700,0.500
'[00:00:06.821 01/01/2011]',70.801,-8.100,4.200,-8.900,-11.900,0.500
'[00:00:06.822 01/01/2011]',70.801,-7.700,5.200,-8.300,-9.900,0.500
'[00:00:06.823 01/01/2011]',70.901,-6.900,6.300,-7.500,-7.800,0.500
'[00:00:06.824 01/01/2011]',70.501,-6.000,7.200,-6.800,-6.100,0.500
'[00:00:06.825 01/01/2011]',69.101,-5.100,7.800,-6.500,-5.100,0.500
'[00:00:06.826 01/01/2011]',66.601,-4.500,7.900,-6.800,-4.900,0.500
'[00:00:06.827 01/01/2011]',63.601,-4.300,7.700,-7.400,-5.300,0.500
'[00:00:06.828 01/01/2011]',61.101,-4.300,7.400,-7.900,-6.000,0.500
'[00:00:06.829 01/01/2011]',59.701,-4.500,6.900,-8.200,-7.100,0.500
'[00:00:06.830 01/01/2011]',59.101,-4.600,6.400,-8.600,-8.400,0.500
'[00:00:06.831 01/01/2011]',58.201,-4.700,5.400,-9.300,-10.200,0.500
'[00:00:06.832 01/01/2011]',55.601,-4.800,4.000,-10.600,-12.600,0.500
'[00:00:06.833 01/01/2011]',50.201,-4.900,1.800,-12.600,-15.400,0.500
'[00:00:06.834 01/01/2011]',41.801,-5.200,-1.000,-15.000,-18.700,0.500
'[00:00:06.835 01/01/2011]',31.000,-5.800,-4.200,-17.600,-21.900,0.500
'[00:00:06.836 01/01/2011]',18.600,-6.700,-7.500,-19.900,-25.100,0.500
'[00:00:06.837 01/01/2011]',5.900,-7.500,-10.500,-21.700,-27.800,0.500
'[00:00:06.838 01/01/2011]',-6.200,-8.100,-12.900,-23.000,-29.900,0.500
'[00:00:06.839 01/01/2011]',-16.700,-8.300,-14.300,-23.400,-31.200,0.500
'[00:00:06.840 01/01/2011]',-24.900,-8.000,-14.600,-23.200,-31.700,0.500
'[00:00:06.841 01/01/2011]',-29.900,-7.600,-14.000,-22.300,-31.400,0.500
'[00:00:06.842 01/01/2011]',-31.100,-7.100,-12.800,-21.000,-30.600,0.500
'[00:00:06.843 01/01/2011]',-28.300,-6.900,-11.400,-19.700,-29.500,0.500
'[00:00:06.844 01/01/2011]',-22.200,-6.800,-10.200,-18.700,-28.500,0.500
'[00:00:06.845 01/01/2011]',-14.100,-6.800,-9.500,-18.200,-27.800,0.500
'[00:00:06.846 01/01/2011]',-5.900,-6.900,-9.300,-18.300,-27.500,0.500
'[00:00:06.847 01/01/2011]',0.500,-7.100,-9.400,-18.600,-27.400,0.500
'[00:00:06.848 01/01/2011]',4.200,-7.400,-9.500,-18.900,-27.400,0.500
'[00:00:06.849 01/01/2011]',5.300,-7.800,-9.500,-18.900,-27.300,0.500
'[00:00:06.850 01/01/2011]',4.700,-8.200,-9.500,-18.800,-27.100,0.500
'[00:00:06.851 01/01/2011]',4.000,-8.400,-9.400,-18.600,-26.800,0.500
'[00:00:06.852 01/01/2011]',4.100,-8.400,-9.400,-18.400,-26.500,0.500
'[00:00:06.853 01/01/2011]',5.300,-8.200,-9.400,-18.400,-26.500,0.500
'[00:00:06.854 01/01/2011]',6.900,-8.100,-9.400,-18.200,-26.700,0.500
'[00:00:06.855 01/01/2011]',7.900,-8.000,-9.300,-17.900,-27.000,0.500
'[00:00:06.856 01/01/2011]',7.800,-8.100,-9.000,-17.500,-27.300,0.500
'[00:00:06.857 01/01/2011]',6.500,-8.200,-8.800,-16.900,-27.300,0.500
'[00:00:06.858 01/01/2011]',4.800,-8.100,-8.800,-16.600,-27.100,0.500
'[00:00:06.859 01/01/2011]',3.700,-7.800,-9.000,-16.600,-26.700,0.500
'[00:00:06.860 01/01/2011]',3.600,-7.500,-9.300,-16.800,-26.300,0.500
'[00:00:06.861 01/01/2011]',4.700,-7.100,-9.600,-17.300,-26.100,0.500
'[00:00:06.862 01/01/2011]',6.300,-7.000,-9.800,-17.600,-26.200,0.500
'[00:00:06.863 01/01/2011]',7.500,-6.900,-9.900,-17.800,-26.500,0.500
'[00:00:06.864 01/01/2011]',7.600,-7.000,-9.800,-17.900,-27.000,0.500
'[00:00:06.865 01/01/2011]',6.500,-7.100,-9.700,-17.700,-27.400,0.500
'[00:00:06.866 01/01/2011]',4.800,-7.300,-9.900,-17.500,-27.700,0.500
'[00:00:06.867 01/01/2011]',3.200,-7.600,-10.300,-17.300,-27.900,0.500
'[00:00:06.868 01/01/2011]',2.700,-7.900,-10.900,-17.300,-28.100,0.500
'[00:00:06.869 01/01/2011]',3.300,-8.200,-11.500,-17.500,-28.400,0.500
'[00:00:06.870 01/01/2011]',4.800,-8.300,-11.800,-17.800,-28.700,0.500
'[00:00:06.871 01/01/2011]',6.300,-8.200,-11.900,-18.200,-28.900,0.500
'[00:00:06.872 01/01/2011]',7.100,-8.000,-11.700,-18.500,-28.900,0.500
'[00:00:06.873 01/01/2011]',7.000,-7.800,-11.400,-18.500,-28.600,0.500
'[00:00:06.874 01/01/2011]',6.200,-7.800,-11.300,-18.200,-28.200,0.500
'[00:00:06.875 01/01/2011]',5.500,-7.900,-11.200,-17.700,-27.700,0.500
'[00:00:06.876 01/01/2011]',5.200,-8.100,-11.100,-17.300,-27.400,0.500
'[00:00:06.877 01/01/2011]',5.400,-8.200,-10.900,-17.100,-27.200,0.500
'[00:00:06.878 01/01/2011]',5.800,-8.100,-10.600,-17.100,-27.000,0.500
'[00:00:06.879 01/01/2011]',6.200,-7.800,-10.300,-17.100,-26.800,0.500
'[00:00:06.880 01/01/2011]',6.300,-7.400,-9.900,-17.000,-26.400,0.500
'[00:00:06.881 01/01/2011]',6.400,-7.000,-9.700,-16.600,-25.900,0.500
'[00:00:06.882 01/01/2011]',6.500,-6.700,-9.500,-15.900,-25.300,0.500
'[00:00:06.883 01/01/2011]',6.500,-6.500,-9.300,-15.100,-24.800,0.500
'[00:00:06.884 01/01/2011]',6.200,-6.100,-9.100,-14.500,-24.500,0.500
'[00:00:06.885 01/01/2011]',5.500,-5.800,-8.900,-14.100,-24.400,0.500
'[00:00:06.886 01/01/2011]',4.600,-5.500,-8.800,-14.000,-24.500,0.500
'[00:00:06.887 01/01/2011]',4.100,-5.600,-8.800,-14.000,-24.500,0.500
'[00:00:06.888 01/01/2011]',4.300,-6.000,-8.900,-14.100,-24.500,0.500
'[00:00:06.889 01/01/2011]',5.300,-6.700,-9.200,-14.300,-24.500,0.500
'[00:00:06.890 01/01/2011]',6.700,-7.400,-9.500,-14.600,-24.700,0.500
'[00:00:06.891 01/01/2011]',7.700,-8.000,-9.900,-15.100,-25.100,0.500
'[00:00:06.892 01/01/2011]',7.800,-8.200,-10.200,-15.500,-25.700,0.500
'[00:00:06.893 01/01/2011]',7.200,-8.000,-10.500,-15.800,-26.200,0.500
'[00:00:06.894 01/01/2011]',6.500,-7.700,-10.900,-16.000,-26.400,0.500
'[00:00:06.895 01/01/2011]',6.200,-7.500,-11.100,-16.100,-26.300,0.500
'[00:00:06.896 01/01/2011]',6.600,-7.500,-11.300,-16.200,-26.000,0.500
'[00:00:06.897 01/01/2011]',7.500,-7.700,-11.200,-16.400,-25.700,0.500
'[00:00:06.898 01/01/2011]',8.300,-7.900,-11.200,-16.800,-25.600,0.500
'[00:00:06.899 01/01/2011]',8.700,-8.000,-11.100,-17.100,-25.800,0.500
'[00:00:06.900 01/01/2011]',8.600,-7.900,-11.300,-17.300,-26.300,0.500
'[00:00:06.901 01/01/2011]',8.100,-7.700,-11.700,-17.400,-26.800,0.500
'[00:00:06.902 01/01/2011]',7.500,-7.500,-12.200,-17.400,-27.400,0.500
'[00:00:06.903 01/01/2011]',6.900,-7.300,-12.600,-17.400,-27.800,0.500
'[00:00:06.904 01/01/2011]',6.300,-7.400,-12.800,-17.400,-28.000,0.500
'[00:00:06.905 01/01/2011]',5.900,-7.500,-12.700,-17.500,-28.000,0.500
'[00:00:06.906 01/01/2011]',5.900,-7.600,-12.400,-17.400,-27.900,0.500
'[00:00:06.907 01/01/2011]',6.500,-7.600,-12.100,-17.300,-27.600,0.500
'[00:00:06.908 01/01/2011]',7.800,-7.400,-11.900,-17.200,-27.200,0.500
'[00:00:06.909 01/01/2011]',9.300,-7.100,-11.900,-17.200,-26.900,0.500
'[00:00:06.910 01/01/2011]',10.000,-6.600,-12.000,-17.200,-26.900,0.500
'[00:00:06.911 01/01/2011]',9.600,-6.000,-12.100,-17.200,-27.100,0.500
'[00:00:06.912 01/01/2011]',8.100,-5.300,-12.000,-17.000,-27.500,0.500
'[00:00:06.913 01/01/2011]',6.200,-4.800,-11.800,-16.500,-27.900,0.500
'[00:00:06.914 01/01/2011]',5.100,-4.700,-11.400,-15.600,-28.000,0.500
'[00:00:06.915 01/01/2011]',5.000,-4.900,-11.000,-14.700,-27.900,0.500
'[00:00:06.916 01/01/2011]',5.900,-5.400,-10.700,-14.100,-27.600,0.500
'[00:00:06.917 01/01/2011]',6.800,-6.100,-10.600,-13.800,-27.300,0.500
'[00:00:06.918 01/01/2011]',6.800,-6.700,-10.800,-14.000,-27.100,0.500
'[00:00:06.919 01/01/2011]',5.800,-7.200,-11.000,-14.500,-27.200,0.500
'[00:00:06.920 01/01/2011]',4.400,-7.400,-11.300,-15.000,-27.500,0.500
'[00:00:06.921 01/01/2011]',3.700,-7.500,-11.600,-15.500,-27.800,0.500
'[00:00:06.922 01/01/2011]',4.400,-7.600,-11.800,-15.800,-28.200,0.500
'[00:00:06.923 01/01/2011]',6.300,-7.600,-12.100,-16.000,-28.400,0.500
'[00:00:06.924 01/01/2011]',8.800,-7.600,-12.300,-16.300,-28.700,0.500
'[00:00:06.925 01/01/2011]',10.700,-7.600,-12.600,-16.700,-29.100,0.500
'[00:00:06.926 01/01/2011]',11.300,-7.700,-12.900,-17.400,-29.400,0.500
'[00:00:06.927 01/01/2011]',10.800,-7.700,-13.100,-18.000,-29.600,0.500
'[00:00:06.928 01/01/2011]',9.900,-7.800,-13.000,-18.400,-29.500,0.500
'[00:00:06.929 01/01/2011]',9.100,-7.900,-12.400,-18.500,-29.100,0.500
'[00:00:06.930 01/01/2011]',8.700,-8.000,-11.700,-18.200,-28.500,0.500
'[00:00:06.931 01/01/2011]',8.800,-8.100,-10.900,-17.600,-27.700,0.500
'[00:00:06.932 01/01/2011]',9.100,-8.100,-10.300,-17.000,-27.100,0.500
'[00:00:06.933 01/01/2011]',9.500,-8.100,-10.200,-16.700,-26.700,0.500
'[00:00:06.934 01/01/2011]',10.100,-8.400,-10.400,-16.800,-26.500,0.500
'[00:00:06.935 01/01/2011]',11.000,-8.800,-10.900,-17.100,-26.500,0.500
'[00:00:06.936 01/01/2011]',12.100,-9.300,-11.400,-17.600,-26.600,0.500
'[00:00:06.937 01/01/2011]',13.000,-9.700,-11.800,-17.900,-26.800,0.500
'[00:00:06.938 01/01/2011]',13.400,-9.900,-12.100,-18.100,-26.900,0.500
'[00:00:06.939 01/01/2011]',13.000,-9.700,-12.300,-17.900,-26.900,0.500
'[00:00:06.940 01/01/2011]',11.900,-9.300,-12.300,-17.500,-26.700,0.500
'[00:00:06.941 01/01/2011]',10.500,-8.700,-12.200,-17.000,-26.500,0.500
'[00:00:06.942 01/01/2011]',9.500,-8.100,-12.000,-16.500,-26.300,0.500
'[00:00:06.943 01/01/2011]',9.200,-7.800,-11.700,-16.300,-26.300,0.500
'[00:00:06.944 01/01/2011]',9.700,-7.600,-11.500,-16.400,-26.700,0.500
'[00:00:06.945 01/01/2011]',11.100,-7.400,-11.400,-16.700,-27.500,0.500
'[00:00:06.946 01/01/2011]',12.900,-7.300,-11.600,-16.900,-28.300,0.500
'[00:00:06.947 01/01/2011]',15.000,-7.300,-11.800,-17.000,-28.900,0.500
'[00:00:06.948 01/01/2011]',17.000,-7.300,-11.800,-16.900,-29.100,0.500
'[00:00:06.949 01/01/2011]',18.400,-7.500,-11.700,-16.600,-29.000,0.500
'[00:00:06.950 01/01/2011]',19.100,-7.700,-11.300,-16.300,-28.600,0.500
'[00:00:06.951 01/01/2011]',19.000,-7.900,-10.800,-16.200,-28.300,0.500
'[00:00:06.952 01/01/2011]',18.300,-7.800,-10.600,-16.500,-28.200,0.500
'[00:00:06.953 01/01/2011]',17.600,-7.700,-10.600,-16.900,-28.400,0.500
'[00:00:06.954 01/01/2011]',17.300,-7.500,-10.900,-17.300,-28.600,0.500
'[00:00:06.955 01/01/2011]',17.700,-7.400,-11.300,-17.300,-28.600,0.500
'[00:00:06.956 01/01/2011]',18.700,-7.600,-11.800,-17.000,-28.400,0.500
'[00:00:06.957 01/01/2011]',19.800,-8.000,-12.100,-16.400,-28.000,0.500
'[00:00:06.958 01/01/2011]',20.500,-8.500,-12.200,-15.700,-27.600,0.500
'[00:00:06.959 01/01/2011]',20.400,-9.000,-12.300,-15.300,-27.300,0.500
'[00:00:06.960 01/01/2011]',19.800,-9.300,-12.400,-15.100,-27.200,0.500
'[00:00:06.961 01/01/2011]',19.000,-9.300,-12.500,-15.200,-27.300,0.500
'[00:00:06.962 01/01/2011]',18.800,-9.000,-12.600,-15.500,-27.300,0.500
'[00:00:06.963 01/01/2011]',19.300,-8.500,-12.700,-15.700,-27.300,0.500
'[00:00:06.964 01/01/2011]',20.400,-8.000,-12.800,-15.800,-27.400,0.500
'[00:00:06.965 01/01/2011]',21.500,-7.700,-12.800,-15.900,-27.500,0.500
'[00:00:06.966 01/01/2011]',22.100,-7.700,-12.900,-15.900,-27.700,0.500
'[00:00:06.967 01/01/2011]',22.200,-7.900,-12.900,-16.000,-27.900,0.500
'[00:00:06.968 01/01/2011]',22.000,-8.200,-12.900,-15.900,-28.100,0.500
'[00:00:06.969 01/01/2011]',22.000,-8.600,-13.000,-15.700,-28.100,0.500
'[00:00:06.970 01/01/2011]',22.600,-8.900,-13.100,-15.400,-27.800,0.500
'[00:00:06.971 01/01/2011]',23.600,-9.000,-13.300,-15.100,-27.400,0.500
'[00:00:06.972 01/01/2011]',24.600,-9.100,-13.400,-15.000,-27.000,0.500
'[00:00:06.973 01/01/2011]',24.900,-9.200,-13.300,-15.200,-26.800,0.500
'[00:00:06.974 01/01/2011]',24.400,-9.400,-13.100,-15.900,-26.900,0.500
'[00:00:06.975 01/01/2011]',23.700,-9.700,-12.800,-16.900,-27.200,0.500
'[00:00:06.976 01/01/2011]',23.200,-9.900,-12.600,-17.900,-27.500,0.500
'[00:00:06.977 01/01/2011]',23.300,-10.100,-12.600,-18.500,-27.600,0.500
'[00:00:06.978 01/01/2011]',24.000,-10.100,-13.100,-18.600,-27.500,0.500
'[00:00:06.979 01/01/2011]',24.600,-10.000,-13.700,-18.200,-27.100,0.500
'[00:00:06.980 01/01/2011]',24.600,-9.900,-14.400,-17.600,-26.800,0.500
'[00:00:06.981 01/01/2011]',24.000,-9.800,-14.900,-17.100,-26.800,0.500
'[00:00:06.982 01/01/2011]',23.200,-9.800,-15.200,-17.000,-27.200,0.500
'[00:00:06.983 01/01/2011]',22.800,-10.100,-15.200,-17.300,-27.900,0.500
'[00:00:06.984 01/01/2011]',23.100,-10.400,-15.200,-17.700,-28.700,0.500
'[00:00:06.985 01/01/2011]',23.800,-10.700,-15.200,-18.100,-29.100,0.500
'[00:00:06.986 01/01/2011]',24.500,-10.800,-15.300,-18.300,-29.100,0.500
'[00:00:06.987 01/01/2011]',24.900,-10.700,-15.500,-18.300,-28.800,0.500
'[00:00:06.988 01/01/2011]',25.100,-10.600,-15.600,-18.300,-28.500,0.500
'[00:00:06.989 01/01/2011]',25.500,-10.600,-15.700,-18.300,-28.500,0.500
'[00:00:06.990 01/01/2011]',26.400,-10.700,-15.700,-18.400,-28.900,0.500
'[00:00:06.991 01/01/2011]',27.600,-11.100,-15.800,-18.600,-29.600,0.500
'[00:00:06.992 01/01/2011]',28.700,-11.700,-16.100,-18.900,-30.500,0.500
'[00:00:06.993 01/01/2011]',28.800,-12.300,-16.500,-19.100,-31.100,0.500
'[00:00:06.994 01/01/2011]',27.800,-12.700,-17.100,-19.300,-31.500,0.500
'[00:00:06.995 01/01/2011]',26.100,-12.900,-17.900,-19.500,-31.500,0.500
'[00:00:06.996 01/01/2011]',24.500,-12.800,-18.500,-19.600,-31.300,0.500
'[00:00:06.997 01/01/2011]',23.600,-12.700,-18.800,-19.700,-31.100,0.500
'[00:00:06.998 01/01/2011]',23.600,-12.500,-18.700,-19.600,-30.800,0.500
'[00:00:06.999 01/01/2011]',24.400,-12.500,-18.100,-19.400,-30.600,0.500
'[00:00:07.000 01/01/2011]',25.400,-12.400,-17.400,-19.100,-30.400,0.500
'[00:00:07.001 01/01/2011]',26.000,-12.200,-16.700,-18.700,-30.300,0.500
'[00:00:07.002 01/01/2011]',26.100,-11.900,-16.400,-18.400,-30.200,0.500
'[00:00:07.003 01/01/2011]',25.800,-11.600,-16.500,-18.100,-30.100,0.500
'[00:00:07.004 01/01/2011]',25.400,-11.300,-16.900,-17.800,-30.200,0.500
'[00:00:07.005 01/01/2011]',24.900,-11.200,-17.500,-17.700,-30.500,0.500
'[00:00:07.006 01/01/2011]',24.500,-11.200,-18.100,-17.700,-30.800,0.500
'[00:00:07.007 01/01/2011]',24.200,-11.200,-18.400,-17.900,-30.900,0.500
'[00:00:07.008 01/01/2011]',24.000,-11.400,-18.500,-18.400,-30.700,0.500
'[00:00:07.009 01/01/2011]',23.800,-11.500,-18.400,-18.800,-30.200,0.500
'[00:00:07.010 01/01/2011]',23.600,-11.700,-18.300,-19.200,-29.500,0.500
'[00:00:07.011 01/01/2011]',23.500,-12.000,-18.400,-19.200,-28.900,0.500
'[00:00:07.012 01/01/2011]',23.200,-12.400,-18.500,-19.000,-28.700,0.500
'[00:00:07.013 01/01/2011]',22.600,-12.700,-18.600,-18.600,-29.000,0.500
'[00:00:07.014 01/01/2011]',21.900,-12.900,-18.800,-18.300,-29.700,0.500
'[00:00:07.015 01/01/2011]',21.100,-12.900,-18.900,-18.200,-30.500,0.500
'[00:00:07.016 01/01/2011]',20.300,-12.800,-19.000,-18.400,-30.900,0.500
'[00:00:07.017 01/01/2011]',19.900,-12.600,-19.000,-18.800,-30.900,0.500
'[00:00:07.018 01/01/2011]',19.900,-12.500,-19.000,-19.300,-30.500,0.500
'[00:00:07.019 01/01/2011]',20.300,-12.500,-19.000,-19.700,-30.100,0.500
'[00:00:07.020 01/01/2011]',20.800,-12.500,-19.100,-20.000,-29.700,0.500
'[00:00:07.021 01/01/2011]',21.100,-12.400,-19.100,-20.000,-29.500,0.500
'[00:00:07.022 01/01/2011]',21.100,-12.100,-18.900,-19.700,-29.400,0.500
'[00:00:07.023 01/01/2011]',20.800,-11.900,-18.700,-19.400,-29.300,0.500
'[00:00:07.024 01/01/2011]',20.600,-11.900,-18.400,-19.200,-29.300,0.500
'[00:00:07.025 01/01/2011]',20.700,-12.200,-18.100,-19.400,-29.400,0.500
'[00:00:07.026 01/01/2011]',21.100,-12.600,-18.000,-20.000,-29.700,0.500
'[00:00:07.027 01/01/2011]',21.500,-12.900,-18.000,-20.600,-30.200,0.500
'[00:00:07.028 01/01/2011]',21.500,-12.900,-18.200,-21.000,-30.500,0.500
'[00:00:07.029 01/01/2011]',20.900,-12.600,-18.500,-20.800,-30.600,0.500
'[00:00:07.030 01/01/2011]',19.800,-12.300,-18.700,-20.100,-30.400,0.500
'[00:00:07.031 01/01/2011]',18.500,-12.100,-18.800,-19.200,-30.000,0.500
'[00:00:07.032 01/01/2011]',17.700,-12.100,-18.700,-18.500,-29.700,0.500
'[00:00:07.033 01/01/2011]',17.500,-12.300,-18.600,-18.200,-29.800,0.500
'[00:00:07.034 01/01/2011]',17.800,-12.300,-18.500,-18.600,-30.100,0.500
'[00:00:07.035 01/01/2011]',18.400,-12.000,-18.400,-19.100,-30.300,0.500
'[00:00:07.036 01/01/2011]',18.800,-11.400,-18.300,-19.500,-30.200,0.500
'[00:00:07.037 01/01/2011]',18.900,-10.800,-18.100,-19.500,-29.600,0.500
'[00:00:07.038 01/01/2011]',18.800,-10.500,-17.900,-19.100,-28.700,0.500
'[00:00:07.039 01/01/2011]',18.600,-10.700,-17.600,-18.600,-27.800,0.500
'[00:00:07.040 01/01/2011]',18.500,-11.100,-17.400,-18.200,-27.300,0.500
'[00:00:07.041 01/01/2011]',18.300,-11.500,-17.200,-18.100,-27.200,0.500
'[00:00:07.042 01/01/2011]',17.800,-11.600,-17.200,-18.500,-27.500,0.500
'[00:00:07.043 01/01/2011]',17.100,-11.400,-17.000,-19.200,-27.900,0.500
'[00:00:07.044 01/01/2011]',16.300,-11.200,-16.700,-20.000,-28.200,0.500
'[00:00:07.045 01/01/2011]',15.600,-11.100,-16.300,-20.600,-28.300,0.500
'[00:00:07.046 01/01/2011]',15.300,-11.400,-15.800,-20.900,-28.400,0.500
'[00:00:07.047 01/01/2011]',15.500,-11.900,-15.500,-21.000,-28.500,0.500
'[00:00:07.048 01/01/2011]',16.000,-12.200,-15.600,-20.900,-28.700,0.500
'[00:00:07.049 01/01/2011]',16.600,-12.200,-16.100,-20.600,-28.800,0.500
'[00:00:07.050 01/01/2011]',17.000,-11.700,-16.700,-20.100,-28.600,0.500
'[00:00:07.051 01/01/2011]',17.100,-11.100,-17.200,-19.500,-28.100,0.500
'[00:00:07.052 01/01/2011]',17.000,-10.400,-17.400,-18.700,-27.000,0.500
'[00:00:07.053 01/01/2011]',16.700,-10.100,-17.100,-17.900,-25.700,0.500
'[00:00:07.054 01/01/2011]',16.500,-10.100,-16.500,-17.000,-24.500,0.500
'[00:00:07.055 01/01/2011]',16.300,-10.400,-15.700,-16.300,-23.600,0.500
'[00:00:07.056 01/01/2011]',16.100,-10.700,-15.000,-15.800,-23.200,0.500
'[00:00:07.057 01/01/2011]',16.000,-10.900,-14.500,-15.600,-23.100,0.500
'[00:00:07.058 01/01/2011]',15.800,-11.000,-14.300,-15.700,-23.000,0.500
'[00:00:07.059 01/01/2011]',15.400,-11.000,-14.200,-15.900,-22.700,0.500
'[00:00:07.060 01/01/2011]',14.700,-10.800,-14.300,-16.200,-22.100,0.500
'[00:00:07.061 01/01/2011]',13.900,-10.600,-14.500,-16.400,-21.200,0.500
'[00:00:07.062 01/01/2011]',13.000,-10.300,-14.700,-16.500,-20.400,0.500
'[00:00:07.063 01/01/2011]',12.300,-9.900,-14.600,-16.400,-19.900,0.500
'[00:00:07.064 01/01/2011]',11.800,-9.400,-14.300,-16.200,-19.900,0.500
'[00:00:07.065 01/01/2011]',11.600,-8.800,-13.800,-16.000,-20.200,0.500
'[00:00:07.066 01/01/2011]',11.500,-8.300,-13.300,-15.900,-20.800,0.500
'[00:00:07.067 01/01/2011]',11.300,-7.800,-12.800,-15.700,-21.400,0.500
'[00:00:07.068 01/01/2011]',10.900,-7.500,-12.600,-15.500,-21.800,0.500
'[00:00:07.069 01/01/2011]',10.600,-7.400,-12.700,-15.500,-21.900,0.500
'[00:00:07.070 01/01/2011]',10.500,-7.500,-12.900,-15.600,-21.800,0.500
'[00:00:07.071 01/01/2011]',10.700,-7.600,-13.200,-15.900,-21.600,0.500
'[00:00:07.072 01/01/2011]',11.100,-7.700,-13.400,-16.400,-21.500,0.500
'[00:00:07.073 01/01/2011]',11.500,-7.500,-13.500,-16.800,-21.200,0.500
'[00:00:07.074 01/01/2011]',11.700,-7.200,-13.300,-17.200,-20.900,0.500
'[00:00:07.075 01/01/2011]',11.400,-7.000,-13.000,-17.400,-20.400,0.500
'[00:00:07.076 01/01/2011]',10.900,-7.000,-12.700,-17.700,-20.000,0.500
'[00:00:07.077 01/01/2011]',10.300,-7.400,-12.400,-17.900,-19.700,0.500
'[00:00:07.078 01/01/2011]',9.600,-7.900,-12.200,-18.100,-19.900,0.500
'[00:00:07.079 01/01/2011]',9.000,-8.400,-12.000,-18.300,-20.400,0.500
'[00:00:07.080 01/01/2011]',8.300,-8.400,-11.900,-18.400,-21.100,0.500
'[00:00:07.081 01/01/2011]',7.700,-8.000,-11.800,-18.200,-21.600,0.500
'[00:00:07.082 01/01/2011]',7.200,-7.200,-11.600,-17.600,-21.500,0.500
'[00:00:07.083 01/01/2011]',7.000,-6.400,-11.300,-16.700,-20.700,0.500
'[00:00:07.084 01/01/2011]',7.300,-5.800,-10.900,-15.600,-19.600,0.500
'[00:00:07.085 01/01/2011]',8.000,-5.400,-10.500,-14.600,-18.400,0.500
'[00:00:07.086 01/01/2011]',8.800,-5.300,-10.000,-13.900,-17.600,0.500
'[00:00:07.087 01/01/2011]',9.200,-5.200,-9.600,-13.600,-17.400,0.500
'[00:00:07.088 01/01/2011]',8.900,-5.100,-9.400,-13.600,-17.600,0.500
'[00:00:07.089 01/01/2011]',7.800,-5.000,-9.400,-13.800,-17.900,0.500
'[00:00:07.090 01/01/2011]',6.300,-5.000,-9.600,-13.900,-18.000,0.500
'[00:00:07.091 01/01/2011]',4.900,-5.000,-9.800,-13.900,-17.900,0.500
'[00:00:07.092 01/01/2011]',4.000,-5.000,-9.900,-13.700,-17.600,0.500
'[00:00:07.093 01/01/2011]',3.600,-5.000,-9.800,-13.400,-17.200,0.500
'[00:00:07.094 01/01/2011]',3.600,-4.900,-9.600,-13.200,-17.100,0.500
'[00:00:07.095 01/01/2011]',3.800,-5.000,-9.200,-13.100,-17.100,0.500
'[00:00:07.096 01/01/2011]',3.900,-5.100,-8.800,-13.200,-17.200,0.500
'[00:00:07.097 01/01/2011]',4.100,-5.300,-8.500,-13.200,-17.200,0.500
'[00:00:07.098 01/01/2011]',4.400,-5.500,-8.300,-13.000,-16.800,0.500
'[00:00:07.099 01/01/2011]',5.000,-5.600,-8.100,-12.400,-16.200,0.500
'[00:00:07.100 01/01/2011]',5.400,-5.600,-7.800,-11.700,-15.600,0.500
'[00:00:07.101 01/01/2011]',5.600,-5.300,-7.500,-11.000,-15.200,0.500
'[00:00:07.102 01/01/2011]',5.400,-5.000,-7.100,-10.500,-15.200,0.500
'[00:00:07.103 01/01/2011]',5.000,-4.700,-6.800,-10.100,-15.500,0.500
'[00:00:07.104 01/01/2011]',5.000,-4.400,-6.600,-9.900,-16.000,0.500
'[00:00:07.105 01/01/2011]',5.600,-4.100,-6.700,-9.800,-16.300,0.500
'[00:00:07.106 01/01/2011]',6.600,-3.600,-6.900,-9.700,-16.400,0.500
'[00:00:07.107 01/01/2011]',7.100,-3.100,-7.200,-9.900,-16.300,0.500
'[00:00:07.108 01/01/2011]',6.500,-2.600,-7.500,-10.300,-16.100,0.500
'[00:00:07.109 01/01/2011]',4.700,-2.400,-7.800,-11.000,-16.100,0.500
'[00:00:07.110 01/01/2011]',2.400,-2.400,-7.900,-11.700,-16.300,0.500
'[00:00:07.111 01/01/2011]',0.800,-2.600,-7.800,-12.200,-16.700,0.500
'[00:00:07.112 01/01/2011]',0.800,-2.900,-7.400,-12.400,-16.900,0.500
'[00:00:07.113 01/01/2011]',2.400,-2.900,-6.900,-12.100,-17.000,0.500
'[00:00:07.114 01/01/2011]',4.500,-2.600,-6.200,-11.600,-16.700,0.500
'[00:00:07.115 01/01/2011]',5.900,-2.200,-5.700,-11.200,-16.200,0.500
'[00:00:07.116 01/01/2011]',5.700,-1.900,-5.300,-11.000,-15.700,0.500
'[00:00:07.117 01/01/2011]',4.300,-2.000,-5.200,-11.000,-15.100,0.500
'[00:00:07.118 01/01/2011]',2.900,-2.500,-5.200,-11.300,-14.800,0.500
'[00:00:07.119 01/01/2011]',2.600,-3.100,-5.200,-11.400,-14.600,0.500
'[00:00:07.120 01/01/2011]',3.700,-3.300,-5.100,-11.400,-14.500,0.500
'[00:00:07.121 01/01/2011]',5.700,-2.900,-4.900,-11.200,-14.500,0.500
'[00:00:07.122 01/01/2011]',7.100,-1.900,-4.700,-10.800,-14.400,0.500
'[00:00:07.123 01/01/2011]',7.100,-0.900,-4.600,-10.400,-14.200,0.500
'[00:00:07.124 01/01/2011]',5.400,-0.100,-4.600,-10.000,-14.000,0.500
'[00:00:07.125 01/01/2011]',3.100,0.000,-4.700,-9.800,-13.800,0.500
'[00:00:07.126 01/01/2011]',1.300,-0.400,-4.800,-9.500,-13.500,0.500
'[00:00:07.127 01/01/2011]',0.900,-0.900,-4.700,-9.200,-13.300,0.500
'[00:00:07.128 01/01/2011]',1.900,-1.300,-4.400,-8.800,-13.200,0.500
'[00:00:07.129 01/01/2011]',3.400,-1.200,-4.200,-8.300,-13.100,0.500
'[00:00:07.130 01/01/2011]',4.600,-0.800,-4.100,-7.900,-13.100,0.500
'[00:00:07.131 01/01/2011]',4.700,-0.200,-4.100,-7.600,-12.900,0.500
'[00:00:07.132 01/01/2011]',3.800,0.200,-4.200,-7.500,-12.600,0.500
'[00:00:07.133 01/01/2011]',2.400,0.500,-4.200,-7.400,-12.100,0.500
'[00:00:07.134 01/01/2011]',1.100,0.600,-4.000,-7.200,-11.300,0.500
'[00:00:07.135 01/01/2011]',0.400,0.700,-3.600,-6.900,-10.500,0.500
'[00:00:07.136 01/01/2011]',0.600,0.700,-3.100,-6.500,-9.900,0.500
'[00:00:07.137 01/01/2011]',1.400,0.700,-2.800,-6.000,-9.800,0.500
'[00:00:07.138 01/01/2011]',2.200,0.600,-2.800,-5.600,-10.000,0.500
'[00:00:07.139 01/01/2011]',2.600,0.400,-3.100,-5.200,-10.300,0.500
'[00:00:07.140 01/01/2011]',2.300,0.200,-3.400,-4.900,-10.500,0.500
'[00:00:07.141 01/01/2011]',1.200,0.300,-3.500,-4.500,-10.400,0.500
'[00:00:07.142 01/01/2011]',-0.100,0.600,-3.300,-4.100,-10.000,0.500
'[00:00:07.143 01/01/2011]',-1.200,1.100,-2.800,-3.800,-9.500,0.500
'[00:00:07.144 01/01/2011]',-1.600,1.600,-2.300,-3.600,-9.100,0.500
'[00:00:07.145 01/01/2011]',-1.400,2.000,-1.800,-3.700,-9.000,0.500
'[00:00:07.146 01/01/2011]',-0.700,2.200,-1.400,-3.900,-9.100,0.500
'[00:00:07.147 01/01/2011]',-0.200,2.400,-1.200,-4.000,-9.200,0.500
'[00:00:07.148 01/01/2011]',-0.300,2.400,-1.100,-4.100,-9.200,0.500
'[00:00:07.149 01/01/2011]',-0.800,2.500,-1.000,-4.000,-9.100,0.500
'[00:00:07.150 01/01/2011]',-1.500,2.600,-1.100,-3.900,-9.000,0.500
'[00:00:07.151 01/01/2011]',-1.600,2.600,-1.300,-3.800,-9.100,0.500
'[00:00:07.152 01/01/2011]',-0.900,2.600,-1.600,-3.900,-9.300,0.500
'[00:00:07.153 01/01/2011]',0.500,2.500,-2.000,-4.200,-9.700,0.500
'[00:00:07.154 01/01/2011]',2.200,2.400,-2.200,-4.700,-10.000,0.500
'[00:00:07.155 01/01/2011]',3.200,2.300,-2.200,-5.400,-10.100,0.500
'[00:00:07.156 01/01/2011]',3.300,2.000,-2.000,-6.100,-10.000,0.500
'[00:00:07.157 01/01/2011]',2.600,1.500,-1.900,-7.000,-9.900,0.500
'[00:00:07.158 01/01/2011]',1.700,0.800,-2.000,-7.600,-9.900,0.500
'[00:00:07.159 01/01/2011]',1.400,0.100,-2.300,-7.900,-10.100,0.500
'[00:00:07.160 01/01/2011]',2.300,-0.400,-2.600,-7.700,-10.400,0.500
'[00:00:07.161 01/01/2011]',4.200,-0.400,-2.700,-7.100,-10.500,0.500
'[00:00:07.162 01/01/2011]',6.500,0.000,-2.300,-6.100,-10.200,0.500
'[00:00:07.163 01/01/2011]',8.300,0.700,-1.500,-5.100,-9.700,0.500
'[00:00:07.164 01/01/2011]',9.300,1.300,-0.500,-4.300,-8.900,0.500
'[00:00:07.165 01/01/2011]',9.300,1.700,0.300,-3.800,-8.200,0.500
'[00:00:07.166 01/01/2011]',8.700,1.800,0.700,-3.600,-7.800,0.500
'[00:00:07.167 01/01/2011]',8.000,2.000,0.800,-3.500,-7.900,0.500
'[00:00:07.168 01/01/2011]',7.600,2.400,0.900,-3.300,-8.300,0.500
'[00:00:07.169 01/01/2011]',7.400,2.900,1.100,-3.200,-8.800,0.500
'[00:00:07.170 01/01/2011]',7.600,3.500,1.500,-3.100,-9.100,0.500
'[00:00:07.171 01/01/2011]',7.900,3.900,2.000,-3.000,-9.100,0.500
'[00:00:07.172 01/01/2011]',8.400,3.900,2.200,-3.100,-8.700,0.500
'[00:00:07.173 01/01/2011]',9.100,3.700,2.200,-3.100,-8.300,0.500
'[00:00:07.174 01/01/2011]',10.100,3.500,2.100,-3.100,-8.000,0.500
'[00:00:07.175 01/01/2011]',11.100,3.400,2.100,-3.000,-8.000,0.500
'[00:00:07.176 01/01/2011]',12.300,3.600,2.200,-2.900,-8.200,0.500
'[00:00:07.177 01/01/2011]',13.300,3.900,2.400,-2.700,-8.300,0.500
'[00:00:07.178 01/01/2011]',14.100,4.300,2.700,-2.700,-8.200,0.500
'[00:00:07.179 01/01/2011]',14.600,4.700,2.900,-2.700,-7.900,0.500
'[00:00:07.180 01/01/2011]',14.900,4.900,3.000,-2.700,-7.300,0.500
'[00:00:07.181 01/01/2011]',14.900,5.000,3.200,-2.600,-6.800,0.500
'[00:00:07.182 01/01/2011]',14.800,5.100,3.500,-2.300,-6.400,0.500
'[00:00:07.183 01/01/2011]',14.900,5.300,4.100,-1.900,-6.300,0.500
'[00:00:07.184 01/01/2011]',15.200,5.700,4.800,-1.400,-6.300,0.500
'[00:00:07.185 01/01/2011]',15.500,6.100,5.400,-0.800,-6.300,0.500
'[00:00:07.186 01/01/2011]',15.700,6.600,5.800,-0.300,-6.000,0.500
'[00:00:07.187 01/01/2011]',15.600,7.000,6.000,0.300,-5.600,0.500
'[00:00:07.188 01/01/2011]',15.100,7.400,6.100,0.700,-5.000,0.500
'[00:00:07.189 01/01/2011]',14.700,7.500,6.000,1.000,-4.500,0.500
'[00:00:07.190 01/01/2011]',14.500,7.500,5.800,1.100,-4.100,0.500
'[00:00:07.191 01/01/2011]',14.600,7.500,5.500,0.800,-3.900,0.500
'[00:00:07.192 01/01/2011]',14.700,7.500,5.200,0.400,-3.900,0.500
'[00:00:07.193 01/01/2011]',14.300,7.500,5.000,0.200,-3.800,0.500
'[00:00:07.194 01/01/2011]',13.000,7.600,5.000,0.400,-3.500,0.500
'[00:00:07.195 01/01/2011]',11.000,7.700,5.400,1.000,-3.000,0.500
'[00:00:07.196 01/01/2011]',8.800,7.600,6.000,1.700,-2.400,0.500
'[00:00:07.197 01/01/2011]',7.300,7.300,6.700,2.400,-1.900,0.500
'[00:00:07.198 01/01/2011]',6.600,6.700,7.100,2.600,-1.600,0.500
'[00:00:07.199 01/01/2011]',6.600,6.100,7.000,2.400,-1.600,0.500
'[00:00:07.200 01/01/2011]',6.800,5.700,6.500,2.000,-1.700,0.500
'[00:00:07.201 01/01/2011]',6.600,5.700,5.700,1.600,-2.000,0.500
'[00:00:07.202 01/01/2011]',6.000,5.900,5.000,1.500,-2.000,0.500
'[00:00:07.203 01/01/2011]',5.100,6.300,4.500,1.900,-1.800,0.500
'[00:00:07.204 01/01/2011]',4.500,6.600,4.300,2.400,-1.300,0.500
'[00:00:07.205 01/01/2011]',4.200,6.800,4.300,3.000,-0.700,0.500
'[00:00:07.206 01/01/2011]',4.000,7.000,4.300,3.300,-0.100,0.500
'[00:00:07.207 01/01/2011]',3.600,7.200,4.200,3.400,0.200,0.500
'[00:00:07.208 01/01/2011]',2.600,7.600,4.000,3.200,0.100,0.500
'[00:00:07.209 01/01/2011]',1.200,8.100,3.800,3.000,-0.100,0.500
'[00:00:07.210 01/01/2011]',-0.200,8.500,3.800,2.900,-0.200,0.500
'[00:00:07.211 01/01/2011]',-1.300,8.600,4.000,3.000,0.000,0.500
'[00:00:07.212 01/01/2011]',-1.700,8.400,4.500,3.300,0.500,0.500
'[00:00:07.213 01/01/2011]',-1.700,7.900,5.000,3.700,1.100,0.500
'[00:00:07.214 01/01/2011]',-1.800,7.300,5.600,4.000,1.600,0.500
'[00:00:07.215 01/01/2011]',-2.100,7.100,6.000,4.400,1.800,0.500
'[00:00:07.216 01/01/2011]',-2.900,7.100,6.300,4.700,1.900,0.500
'[00:00:07.217 01/01/2011]',-3.700,7.400,6.600,4.900,2.000,0.500
'[00:00:07.218 01/01/2011]',-4.300,7.700,7.100,5.200,2.300,0.500
'[00:00:07.219 01/01/2011]',-4.200,7.900,7.600,5.500,2.800,0.500
'[00:00:07.220 01/01/2011]',-3.600,8.000,8.200,5.700,3.500,0.500
'[00:00:07.221 01/01/2011]',-2.800,8.000,8.600,5.900,4.000,0.500
'[00:00:07.222 01/01/2011]',-2.200,8.100,8.800,6.000,4.200,0.500
'[00:00:07.223 01/01/2011]',-2.200,8.400,8.700,6.000,4.000,0.500
'[00:00:07.224 01/01/2011]',-2.800,8.900,8.700,6.000,3.700,0.500
'[00:00:07.225 01/01/2011]',-3.700,9.400,8.800,6.000,3.500,0.500
'[00:00:07.226 01/01/2011]',-4.700,9.800,9.200,6.200,3.600,0.500
'[00:00:07.227 01/01/2011]',-5.300,10.100,9.900,6.500,3.900,0.500
'[00:00:07.228 01/01/2011]',-5.600,10.300,10.800,6.900,4.300,0.500
'[00:00:07.229 01/01/2011]',-5.500,10.600,11.600,7.500,4.700,0.500
'[00:00:07.230 01/01/2011]',-5.200,10.900,12.100,8.000,5.000,0.500
'[00:00:07.231 01/01/2011]',-4.700,11.300,12.300,8.400,5.300,0.500
'[00:00:07.232 01/01/2011]',-4.100,11.600,12.100,8.500,5.500,0.500
'[00:00:07.233 01/01/2011]',-3.600,11.600,11.800,8.400,5.700,0.500
'[00:00:07.234 01/01/2011]',-3.300,11.400,11.300,8.200,5.900,0.500
'[00:00:07.235 01/01/2011]',-3.500,11.000,11.000,8.200,6.000,0.500
'[00:00:07.236 01/01/2011]',-4.100,10.700,10.600,8.300,6.100,0.500
'[00:00:07.237 01/01/2011]',-5.200,10.400,10.500,8.500,6.200,0.500
'[00:00:07.238 01/01/2011]',-6.200,10.300,10.500,8.900,6.500,0.500
'[00:00:07.239 01/01/2011]',-6.900,10.400,10.700,9.100,7.000,0.500
'[00:00:07.240 01/01/2011]',-7.000,10.600,11.200,9.200,7.400,0.500
'[00:00:07.241 01/01/2011]',-6.400,10.800,11.900,9.100,7.700,0.500
'[00:00:07.242 01/01/2011]',-5.400,10.800,12.500,8.900,7.700,0.500
'[00:00:07.243 01/01/2011]',-4.200,10.600,12.800,8.800,7.500,0.500
'[00:00:07.244 01/01/2011]',-3.400,10.200,12.800,8.900,7.200,0.500
'[00:00:07.245 01/01/2011]',-2.900,9.900,12.400,9.000,6.800,0.500
'[00:00:07.246 01/01/2011]',-2.900,9.800,12.000,9.100,6.600,0.500
'[00:00:07.247 01/01/2011]',-3.200,10.100,11.800,9.200,6.600,0.500
'[00:00:07.248 01/01/2011]',-3.500,10.800,11.700,9.100,6.700,0.500
'[00:00:07.249 01/01/2011]',-3.600,11.500,11.800,8.900,6.900,0.500
'[00:00:07.250 01/01/2011]',-3.600,11.900,11.900,8.600,7.100,0.500
'[00:00:07.251 01/01/2011]',-3.300,12.000,11.700,8.200,7.200,0.500
'[00:00:07.252 01/01/2011]',-3.000,11.800,11.300,7.900,7.300,0.500
'[00:00:07.253 01/01/2011]',-2.600,11.500,10.800,7.700,7.300,0.500
'[00:00:07.254 01/01/2011]',-2.300,11.500,10.500,7.700,7.400,0.500
'[00:00:07.255 01/01/2011]',-2.200,11.500,10.400,8.000,7.700,0.500
'[00:00:07.256 01/01/2011]',-2.200,11.500,10.600,8.200,8.200,0.500
'[00:00:07.257 01/01/2011]',-2.600,11.100,10.900,8.400,8.800,0.500
'[00:00:07.258 01/01/2011]',-3.200,10.500,11.100,8.300,9.300,0.500
'[00:00:07.259 01/01/2011]',-4.000,9.600,11.200,7.900,9.600,0.500
'[00:00:07.260 01/01/2011]',-4.800,8.900,11.000,7.400,9.700,0.500
'[00:00:07.261 01/01/2011]',-5.500,8.500,10.500,7.000,9.600,0.500
'[00:00:07.262 01/01/2011]',-5.800,8.600,10.000,6.900,9.600,0.500
'[00:00:07.263 01/01/2011]',-5.800,9.000,9.600,7.300,10.000,0.500
'[00:00:07.264 01/01/2011]',-5.600,9.700,9.500,7.900,10.700,0.500
'[00:00:07.265 01/01/2011]',-5.300,10.300,9.800,8.600,11.900,0.500
'[00:00:07.266 01/01/2011]',-5.100,11.000,10.500,9.200,13.000,0.500
'[00:00:07.267 01/01/2011]',-5.100,11.700,11.500,9.500,13.900,0.500
'[00:00:07.268 01/01/2011]',-5.300,12.300,12.400,9.600,14.200,0.500
'[00:00:07.269 01/01/2011]',-5.800,12.800,12.900,9.500,14.000,0.500
'[00:00:07.270 01/01/2011]',-6.200,13.000,13.000,9.200,13.400,0.500
'[00:00:07.271 01/01/2011]',-6.500,12.900,12.500,9.000,12.700,0.500
'[00:00:07.272 01/01/2011]',-6.500,12.500,11.700,9.000,12.200,0.500
'[00:00:07.273 01/01/2011]',-6.500,12.200,10.800,8.900,11.800,0.500
'[00:00:07.274 01/01/2011]',-6.900,12.100,9.900,8.800,11.400,0.500
'[00:00:07.275 01/01/2011]',-8.200,12.200,9.200,8.400,10.800,0.500
'[00:00:07.276 01/01/2011]',-10.300,12.400,8.500,7.900,10.000,0.500
'[00:00:07.277 01/01/2011]',-13.000,12.500,8.000,7.500,9.300,0.500
'[00:00:07.278 01/01/2011]',-15.400,12.400,7.800,7.400,8.900,0.500
'[00:00:07.279 01/01/2011]',-16.500,12.200,8.000,7.800,9.100,0.500
'[00:00:07.280 01/01/2011]',-15.600,12.100,8.800,8.600,9.900,0.500
'[00:00:07.281 01/01/2011]',-12.600,12.100,10.300,9.600,11.000,0.500
'[00:00:07.282 01/01/2011]',-7.900,12.400,12.000,10.500,12.000,0.500
'[00:00:07.283 01/01/2011]',-2.000,12.700,13.900,11.000,12.900,0.500
'[00:00:07.284 01/01/2011]',4.500,13.100,15.700,11.400,13.500,0.500
'[00:00:07.285 01/01/2011]',11.800,13.500,17.500,11.800,14.300,0.500
'[00:00:07.286 01/01/2011]',20.100,13.900,19.200,12.600,15.500,0.500
'[00:00:07.287 01/01/2011]',29.500,14.500,21.000,13.800,17.300,0.500
'[00:00:07.288 01/01/2011]',39.301,15.400,22.900,15.400,19.300,0.500
'[00:00:07.289 01/01/2011]',48.501,16.500,24.600,17.100,21.300,0.500
'[00:00:07.290 01/01/2011]',56.101,17.500,25.900,18.800,22.900,0.500
'[00:00:07.291 01/01/2011]',61.401,18.200,26.900,20.300,24.200,0.500
'[00:00:07.292 01/01/2011]',64.501,18.600,27.800,21.500,25.400,0.500
'[00:00:07.293 01/01/2011]',66.301,18.700,28.900,22.600,26.900,0.500
'[00:00:07.294 01/01/2011]',67.601,18.800,30.200,23.500,28.800,0.500
'[00:00:07.295 01/01/2011]',68.701,18.900,31.700,24.200,30.800,0.500
'[00:00:07.296 01/01/2011]',69.301,19.100,32.801,24.600,32.600,0.500
'[00:00:07.297 01/01/2011]',68.501,19.400,33.401,24.800,33.801,0.500
'[00:00:07.298 01/01/2011]',66.201,19.400,33.201,24.800,34.201,0.500
'[00:00:07.299 01/01/2011]',62.601,19.200,32.500,24.800,34.001,0.500
'[00:00:07.300 01/01/2011]',58.901,18.900,31.700,24.800,33.501,0.500
'[00:00:07.301 01/01/2011]',56.201,18.700,31.200,24.600,32.801,0.500
'[00:00:07.302 01/01/2011]',54.501,18.700,30.900,24.300,31.900,0.500
'[00:00:07.303 01/01/2011]',53.401,19.100,30.500,23.700,30.700,0.500
'[00:00:07.304 01/01/2011]',51.501,19.600,29.600,22.800,29.000,0.500
'[00:00:07.305 01/01/2011]',47.801,19.900,28.000,21.900,26.700,0.500
'[00:00:07.306 01/01/2011]',41.701,19.800,25.600,20.700,23.900,0.500
'[00:00:07.307 01/01/2011]',33.401,19.200,22.600,19.300,20.900,0.500
'[00:00:07.308 01/01/2011]',23.200,18.400,19.500,17.700,17.900,0.500
'[00:00:07.309 01/01/2011]',11.500,17.700,16.600,16.000,14.900,0.500
'[00:00:07.310 01/01/2011]',-1.300,17.200,14.300,14.400,12.300,0.500
'[00:00:07.311 01/01/2011]',-14.300,17.200,12.900,13.100,10.100,0.500
'[00:00:07.312 01/01/2011]',-25.800,17.600,12.500,12.400,8.700,0.500
'[00:00:07.313 01/01/2011]',-33.801,18.200,13.200,12.500,8.000,0.500
'[00:00:07.314 01/01/2011]',-36.901,19.000,14.700,13.100,7.800,0.500
'[00:00:07.315 01/01/2011]',-34.801,19.800,16.900,13.900,7.700,0.500
'[00:00:07.316 01/01/2011]',-29.000,20.600,19.500,14.600,7.300,0.500
'[00:00:07.317 01/01/2011]',-21.700,21.200,22.200,15.200,6.400,0.500
'[00:00:07.318 01/01/2011]',-15.200,21.900,25.100,15.500,5.100,0.500
'[00:00:07.319 01/01/2011]',-10.700,22.600,28.200,15.900,3.900,0.500
'[00:00:07.320 01/01/2011]',-8.000,23.600,31.500,16.600,3.000,0.500
'[00:00:07.321 01/01/2011]',-6.400,24.800,34.801,17.700,2.900,0.500
'[00:00:07.322 01/01/2011]',-5.000,26.000,38.001,19.100,3.500,0.500
'[00:00:07.323 01/01/2011]',-3.600,27.000,40.701,20.500,4.600,0.500
'[00:00:07.324 01/01/2011]',-2.500,27.700,42.901,21.700,6.000,0.500
'[00:00:07.325 01/01/2011]',-2.100,28.000,44.501,22.800,7.500,0.500
'[00:00:07.326 01/01/2011]',-2.600,28.200,45.901,23.800,9.400,0.500
'[00:00:07.327 01/01/2011]',-3.900,28.600,47.301,25.200,11.900,0.500
'[00:00:07.328 01/01/2011]',-5.400,29.400,49.101,27.000,15.200,0.500
'[00:00:07.329 01/01/2011]',-7.000,30.200,51.201,29.200,19.500,0.500
'[00:00:07.330 01/01/2011]',-8.500,30.900,53.601,31.600,24.500,0.500
'[00:00:07.331 01/01/2011]',-9.900,31.100,55.701,33.701,29.700,0.500
'[00:00:07.332 01/01/2011]',-11.100,30.400,57.001,35.201,34.901,0.500
'[00:00:07.333 01/01/2011]',-12.100,29.000,57.201,36.301,39.801,0.500
'[00:00:07.334 01/01/2011]',-12.600,27.100,56.101,37.101,44.801,0.500
'[00:00:07.335 01/01/2011]',-12.800,24.800,54.001,37.801,49.901,0.500
'[00:00:07.336 01/01/2011]',-12.900,22.500,51.501,38.801,55.501,0.500
'[00:00:07.337 01/01/2011]',-13.200,20.100,49.001,39.901,61.601,0.500
'[00:00:07.338 01/01/2011]',-13.800,17.800,46.901,41.001,67.801,0.500
'[00:00:07.339 01/01/2011]',-14.500,15.700,44.901,41.901,74.001,0.500
'[00:00:07.340 01/01/2011]',-15.200,13.700,42.301,42.601,80.001,0.500
'[00:00:07.341 01/01/2011]',-15.800,11.600,38.801,43.001,86.001,0.500
'[00:00:07.342 01/01/2011]',-16.400,9.100,34.301,43.301,92.501,0.500
'[00:00:07.343 01/01/2011]',-17.300,6.100,29.200,43.801,99.502,0.500
'[00:00:07.344 01/01/2011]',-18.600,2.600,24.300,44.201,107.002,0.500
'[00:00:07.345 01/01/2011]',-20.000,-0.900,20.100,44.701,114.302,0.500
'[00:00:07.346 01/01/2011]',-21.300,-4.100,16.800,45.001,120.602,0.500
'[00:00:07.347 01/01/2011]',-21.900,-6.600,14.000,45.101,125.402,0.500
'[00:00:07.348 01/01/2011]',-21.900,-8.300,11.500,44.901,128.602,0.500
'[00:00:07.349 01/01/2011]',-21.600,-9.500,8.900,44.601,130.302,0.500
'[00:00:07.350 01/01/2011]',-21.600,-10.400,6.400,44.201,131.002,0.500
'[00:00:07.351 01/01/2011]',-22.100,-11.200,4.400,43.501,130.702,0.500
'[00:00:07.352 01/01/2011]',-23.000,-11.900,3.000,42.401,129.402,0.500
'[00:00:07.353 01/01/2011]',-23.600,-12.300,2.200,40.601,126.402,0.500
'[00:00:07.354 01/01/2011]',-23.400,-12.500,1.200,37.901,121.502,0.500
'[00:00:07.355 01/01/2011]',-22.000,-12.500,-0.600,34.501,114.802,0.500
'[00:00:07.356 01/01/2011]',-19.600,-12.800,-3.400,30.600,106.802,0.500
'[00:00:07.357 01/01/2011]',-16.900,-13.400,-7.200,26.600,98.502,0.500
'[00:00:07.358 01/01/2011]',-14.400,-14.300,-11.500,22.800,90.901,0.500
'[00:00:07.359 01/01/2011]',-12.700,-15.400,-15.600,19.500,84.401,0.500
'[00:00:07.360 01/01/2011]',-11.800,-16.300,-19.300,16.600,78.701,0.500
'[00:00:07.361 01/01/2011]',-11.300,-16.600,-22.600,14.100,73.301,0.500
'[00:00:07.362 01/01/2011]',-10.800,-16.300,-25.500,11.600,67.201,0.500
'[00:00:07.363 01/01/2011]',-9.800,-15.500,-28.100,9.000,60.101,0.500
'[00:00:07.364 01/01/2011]',-8.300,-14.500,-30.400,6.200,52.201,0.500
'[00:00:07.365 01/01/2011]',-6.300,-13.500,-32.100,3.400,44.101,0.500
'[00:00:07.366 01/01/2011]',-4.100,-12.500,-33.001,0.700,36.801,0.500
'[00:00:07.367 01/01/2011]',-2.200,-11.500,-33.101,-1.400,30.700,0.500
'[00:00:07.368 01/01/2011]',-0.500,-10.300,-32.600,-2.900,25.900,0.500
'[00:00:07.369 01/01/2011]',0.800,-8.800,-31.700,-3.800,22.000,0.500
'[00:00:07.370 01/01/2011]',1.900,-7.100,-30.400,-4.200,18.400,0.500
'[00:00:07.371 01/01/2011]',2.700,-5.100,-28.800,-4.400,14.800,0.500
'[00:00:07.372 01/01/2011]',3.300,-3.300,-26.800,-4.500,11.300,0.500
'[00:00:07.373 01/01/2011]',3.800,-1.800,-24.500,-4.500,8.300,0.500
'[00:00:07.374 01/01/2011]',4.300,-0.600,-21.800,-4.400,6.100,0.500
'[00:00:07.375 01/01/2011]',4.800,0.100,-18.900,-4.000,5.100,0.500
'[00:00:07.376 01/01/2011]',5.500,0.700,-16.000,-3.200,5.000,0.500
'[00:00:07.377 01/01/2011]',6.100,1.300,-13.000,-2.100,5.200,0.500
'[00:00:07.378 01/01/2011]',6.400,2.100,-9.800,-0.800,5.400,0.500
'[00:00:07.379 01/01/2011]',6.300,3.200,-6.500,0.500,5.300,0.500
'[00:00:07.380 01/01/2011]',5.900,4.400,-3.100,1.800,5.100,0.500
'[00:00:07.381 01/01/2011]',5.600,5.600,0.400,3.100,5.000,0.500
'[00:00:07.382 01/01/2011]',5.700,6.800,3.700,4.300,5.300,0.500
'[00:00:07.383 01/01/2011]',6.200,7.900,6.400,5.600,6.000,0.500
'[00:00:07.384 01/01/2011]',6.800,8.900,8.400,6.900,7.100,0.500
'[00:00:07.385 01/01/2011]',7.200,9.900,9.800,8.000,8.100,0.500
'[00:00:07.386 01/01/2011]',6.700,10.600,10.700,8.800,8.700,0.500
'[00:00:07.387 01/01/2011]',5.600,11.300,11.200,9.300,8.800,0.500
'[00:00:07.388 01/01/2011]',4.100,11.900,11.700,9.700,8.600,0.500
'[00:00:07.389 01/01/2011]',2.700,12.600,12.100,10.000,8.400,0.500
'[00:00:07.390 01/01/2011]',1.700,13.400,12.700,10.400,8.300,0.500
'[00:00:07.391 01/01/2011]',1.400,14.200,13.400,11.000,8.500,0.500
'[00:00:07.392 01/01/2011]',1.700,15.000,14.200,11.600,8.900,0.500
'[00:00:07.393 01/01/2011]',2.200,15.500,14.800,12.100,9.200,0.500
'[00:00:07.394 01/01/2011]',2.900,15.800,15.300,12.500,9.200,0.500
'[00:00:07.395 01/01/2011]',3.700,15.900,15.700,12.600,8.900,0.500
'[00:00:07.396 01/01/2011]',4.700,16.100,16.000,12.700,8.600,0.500
'[00:00:07.397 01/01/2011]',6.000,16.400,16.300,12.800,8.400,0.500
'[00:00:07.398 01/01/2011]',7.200,16.800,16.500,13.000,8.500,0.500
'[00:00:07.399 01/01/2011]',8.000,17.100,16.700,13.300,8.800,0.500
'[00:00:07.400 01/01/2011]',8.000,17.300,16.700,13.600,9.000,0.500
'[00:00:07.401 01/01/2011]',7.200,17.200,16.600,13.900,9.100,0.500
'[00:00:07.402 01/01/2011]',5.800,16.800,16.300,14.200,9.000,0.500
'[00:00:07.403 01/01/2011]',4.800,16.600,16.100,14.500,8.800,0.500
'[00:00:07.404 01/01/2011]',4.600,16.500,15.900,14.700,8.700,0.500
'[00:00:07.405 01/01/2011]',5.400,16.900,16.000,14.900,8.900,0.500
'[00:00:07.406 01/01/2011]',6.800,17.600,16.100,15.100,9.100,0.500
'[00:00:07.407 01/01/2011]',7.900,18.400,16.300,15.300,9.300,0.500
'[00:00:07.408 01/01/2011]',7.900,19.200,16.500,15.600,9.300,0.500
'[00:00:07.409 01/01/2011]',6.900,19.800,16.600,16.000,9.300,0.500
'[00:00:07.410 01/01/2011]',5.600,20.300,16.700,16.400,9.400,0.500
'[00:00:07.411 01/01/2011]',5.100,20.700,16.800,16.900,9.800,0.500
'[00:00:07.412 01/01/2011]',5.900,21.100,17.000,17.400,10.300,0.500
'[00:00:07.413 01/01/2011]',7.700,21.500,17.200,17.800,10.600,0.500
'[00:00:07.414 01/01/2011]',9.400,21.700,17.500,18.100,10.600,0.500
'[00:00:07.415 01/01/2011]',10.100,21.500,17.700,18.200,10.100,0.500
'[00:00:07.416 01/01/2011]',9.400,21.000,17.800,17.900,9.600,0.500
'[00:00:07.417 01/01/2011]',7.900,20.400,17.800,17.300,9.400,0.500
'[00:00:07.418 01/01/2011]',6.700,19.900,17.800,16.600,9.600,0.500
'[00:00:07.419 01/01/2011]',6.500,19.700,17.800,15.900,10.200,0.500
'[00:00:07.420 01/01/2011]',7.500,20.000,17.800,15.600,10.700,0.500
'[00:00:07.421 01/01/2011]',8.800,20.600,17.800,15.600,10.900,0.500
'[00:00:07.422 01/01/2011]',9.800,21.100,17.800,15.900,10.700,0.500
'[00:00:07.423 01/01/2011]',10.200,21.300,17.700,16.300,10.200,0.500
'[00:00:07.424 01/01/2011]',10.100,21.100,17.500,16.500,9.800,0.500
'[00:00:07.425 01/01/2011]',10.000,20.800,17.400,16.500,9.600,0.500
'[00:00:07.426 01/01/2011]',10.200,20.700,17.300,16.400,9.800,0.500
'[00:00:07.427 01/01/2011]',10.600,21.000,17.300,16.300,10.100,0.500
'[00:00:07.428 01/01/2011]',10.900,21.800,17.600,16.500,10.400,0.500
'[00:00:07.429 01/01/2011]',10.800,22.600,17.900,16.900,10.600,0.500
'[00:00:07.430 01/01/2011]',10.400,23.200,18.400,17.200,10.700,0.500
'[00:00:07.431 01/01/2011]',10.100,23.400,18.700,17.400,10.800,0.500
'[00:00:07.432 01/01/2011]',10.300,23.300,18.700,17.300,10.800,0.500
'[00:00:07.433 01/01/2011]',11.100,23.200,18.500,17.000,10.900,0.500
'[00:00:07.434 01/01/2011]',12.000,23.300,18.200,16.800,10.900,0.500
'[00:00:07.435 01/01/2011]',12.500,23.600,18.000,16.900,10.700,0.500
'[00:00:07.436 01/01/2011]',12.400,24.000,18.100,17.200,10.500,0.500
'[00:00:07.437 01/01/2011]',11.800,24.200,18.500,17.700,10.300,0.500
'[00:00:07.438 01/01/2011]',11.400,24.100,19.100,18.200,10.300,0.500
'[00:00:07.439 01/01/2011]',11.700,23.800,19.700,18.500,10.600,0.500
'[00:00:07.440 01/01/2011]',12.900,23.400,20.200,18.600,11.100,0.500
'[00:00:07.441 01/01/2011]',14.800,23.100,20.300,18.600,11.700,0.500
'[00:00:07.442 01/01/2011]',16.500,23.000,20.200,18.600,12.300,0.500
'[00:00:07.443 01/01/2011]',17.400,22.900,20.000,18.700,12.900,0.500
'[00:00:07.444 01/01/2011]',17.100,22.700,19.800,18.900,13.500,0.500
'[00:00:07.445 01/01/2011]',15.900,22.700,19.800,19.100,14.000,0.500
'[00:00:07.446 01/01/2011]',14.200,22.900,20.000,19.500,14.500,0.500
'[00:00:07.447 01/01/2011]',13.000,23.500,20.300,19.900,14.800,0.500
'[00:00:07.448 01/01/2011]',12.700,24.400,20.600,20.300,15.100,0.500
'[00:00:07.449 01/01/2011]',13.200,25.400,20.600,20.800,15.200,0.500
'[00:00:07.450 01/01/2011]',14.200,26.000,20.500,21.100,15.100,0.500
'[00:00:07.451 01/01/2011]',15.000,26.200,20.400,21.300,14.900,0.500
'[00:00:07.452 01/01/2011]',15.000,25.900,20.300,21.400,14.600,0.500
'[00:00:07.453 01/01/2011]',14.300,25.400,20.400,21.400,14.200,0.500
'[00:00:07.454 01/01/2011]',13.400,25.100,20.600,21.300,13.900,0.500
'[00:00:07.455 01/01/2011]',12.700,25.000,20.700,21.200,13.600,0.500
'[00:00:07.456 01/01/2011]',12.700,24.900,20.700,21.000,13.300,0.500
'[00:00:07.457 01/01/2011]',13.100,24.600,20.400,20.600,13.200,0.500
'[00:00:07.458 01/01/2011]',13.500,23.900,20.000,20.000,13.000,0.500
'[00:00:07.459 01/01/2011]',13.500,23.000,19.500,19.400,12.900,0.500
'[00:00:07.460 01/01/2011]',13.000,22.200,19.200,18.800,12.700,0.500
'[00:00:07.461 01/01/2011]',12.500,21.800,19.200,18.500,12.500,0.500
'[00:00:07.462 01/01/2011]',12.300,21.800,19.300,18.400,12.200,0.500
'[00:00:07.463 01/01/2011]',12.700,22.100,19.300,18.400,12.000,0.500
'[00:00:07.464 01/01/2011]',13.500,22.300,19.100,18.300,12.000,0.500
'[00:00:07.465 01/01/2011]',14.200,22.500,18.600,18.100,12.000,0.500
'[00:00:07.466 01/01/2011]',14.600,22.500,18.000,17.900,12.000,0.500
'[00:00:07.467 01/01/2011]',14.500,22.600,17.500,17.700,11.900,0.500
'[00:00:07.468 01/01/2011]',14.200,23.100,17.200,17.700,11.500,0.500
'[00:00:07.469 01/01/2011]',14.000,23.700,17.200,18.000,11.000,0.500
'[00:00:07.470 01/01/2011]',14.000,24.500,17.400,18.500,10.500,0.500
'[00:00:07.471 01/01/2011]',14.100,25.000,17.600,19.000,10.300,0.500
'[00:00:07.472 01/01/2011]',13.900,25.100,17.700,19.300,10.400,0.500
'[00:00:07.473 01/01/2011]',13.400,24.700,17.500,19.300,10.800,0.500
'[00:00:07.474 01/01/2011]',12.600,24.000,17.100,19.000,11.200,0.500
'[00:00:07.475 01/01/2011]',12.000,23.300,16.600,18.500,11.500,0.500
'[00:00:07.476 01/01/2011]',11.600,22.600,16.000,17.900,11.400,0.500
'[00:00:07.477 01/01/2011]',11.600,22.000,15.500,17.300,11.200,0.500
'[00:00:07.478 01/01/2011]',11.700,21.600,15.200,16.600,10.800,0.500
'[00:00:07.479 01/01/2011]',11.700,21.400,15.000,16.000,10.500,0.500
'[00:00:07.480 01/01/2011]',11.800,21.300,14.900,15.400,10.100,0.500
'[00:00:07.481 01/01/2011]',12.100,21.400,14.800,15.000,9.900,0.500
'[00:00:07.482 01/01/2011]',12.500,21.500,14.700,14.700,9.600,0.500
'[00:00:07.483 01/01/2011]',13.100,21.500,14.500,14.600,9.500,0.500
'[00:00:07.484 01/01/2011]',13.700,21.500,14.100,14.700,9.600,0.500
'[00:00:07.485 01/01/2011]',14.000,21.400,13.800,15.000,9.800,0.500
'[00:00:07.486 01/01/2011]',14.000,21.500,13.500,15.300,10.100,0.500
'[00:00:07.487 01/01/2011]',14.000,21.700,13.300,15.500,10.100,0.500
'[00:00:07.488 01/01/2011]',14.100,22.100,13.200,15.800,9.700,0.500
'[00:00:07.489 01/01/2011]',14.400,22.400,13.100,15.900,8.800,0.500
'[00:00:07.490 01/01/2011]',14.700,22.600,12.900,15.900,7.900,0.500
'[00:00:07.491 01/01/2011]',14.800,22.400,12.600,15.800,7.100,0.500
'[00:00:07.492 01/01/2011]',14.600,21.900,12.100,15.600,6.600,0.500
'[00:00:07.493 01/01/2011]',14.200,21.400,11.700,15.300,6.500,0.500
'[00:00:07.494 01/01/2011]',13.800,20.900,11.400,14.900,6.400,0.500
'[00:00:07.495 01/01/2011]',13.500,20.600,11.300,14.500,6.300,0.500
'[00:00:07.496 01/01/2011]',13.400,20.400,11.300,14.200,5.900,0.500
'[00:00:07.497 01/01/2011]',13.500,20.100,11.400,14.100,5.600,0.500
'[00:00:07.498 01/01/2011]',13.700,19.800,11.400,14.000,5.300,0.500
'[00:00:07.499 01/01/2011]',14.000,19.300,11.200,13.900,5.300,0.500
'[00:00:07.500 01/01/2011]',14.500,18.800,10.900,13.800,5.500,0.500
'[00:00:07.501 01/01/2011]',15.100,18.500,10.600,13.500,5.700,0.500
'[00:00:07.502 01/01/2011]',15.700,18.300,10.300,13.300,5.800,0.500
'[00:00:07.503 01/01/2011]',16.000,18.300,10.100,13.200,5.900,0.500
'[00:00:07.504 01/01/2011]',15.800,18.400,10.300,13.300,6.000,0.500
'[00:00:07.505 01/01/2011]',15.200,18.600,10.500,13.600,6.300,0.500
'[00:00:07.506 01/01/2011]',14.400,18.900,10.900,14.100,6.900,0.500
'[00:00:07.507 01/01/2011]',13.600,19.300,11.000,14.400,7.400,0.500
'[00:00:07.508 01/01/2011]',13.200,19.700,10.900,14.600,7.800,0.500
'[00:00:07.509 01/01/2011]',13.100,19.900,10.500,14.500,7.700,0.500
'[00:00:07.510 01/01/2011]',13.100,19.800,10.000,14.400,7.200,0.500
'[00:00:07.511 01/01/2011]',13.000,19.500,9.500,14.200,6.600,0.500
'[00:00:07.512 01/01/2011]',12.500,19.000,9.100,14.000,6.100,0.500
'[00:00:07.513 01/01/2011]',11.700,18.400,9.000,13.800,5.900,0.500
'[00:00:07.514 01/01/2011]',11.000,18.000,9.200,13.700,6.100,0.500
'[00:00:07.515 01/01/2011]',10.600,17.600,9.600,13.500,6.600,0.500
'[00:00:07.516 01/01/2011]',10.800,17.100,9.800,13.500,7.100,0.500
'[00:00:07.517 01/01/2011]',11.600,16.600,9.900,13.500,7.500,0.500
'[00:00:07.518 01/01/2011]',12.500,16.000,9.700,13.700,7.800,0.500
'[00:00:07.519 01/01/2011]',13.200,15.200,9.400,13.900,8.000,0.500
'[00:00:07.520 01/01/2011]',13.400,14.600,9.300,13.800,8.100,0.500
'[00:00:07.521 01/01/2011]',12.900,14.300,9.300,13.400,8.200,0.500
'[00:00:07.522 01/01/2011]',11.800,14.200,9.500,12.900,8.300,0.500
'[00:00:07.523 01/01/2011]',10.400,14.300,9.800,12.500,8.500,0.500
'[00:00:07.524 01/01/2011]',9.300,14.600,9.800,12.300,8.700,0.500
'[00:00:07.525 01/01/2011]',8.800,14.900,9.600,12.500,9.000,0.500
'[00:00:07.526 01/01/2011]',8.900,15.100,9.100,13.000,9.300,0.500
'[00:00:07.527 01/01/2011]',9.500,15.300,8.500,13.600,9.700,0.500
'[00:00:07.528 01/01/2011]',10.200,15.500,8.100,13.900,9.900,0.500
'[00:00:07.529 01/01/2011]',10.600,15.600,7.900,13.900,10.000,0.500
'[00:00:07.530 01/01/2011]',10.600,15.600,8.000,13.700,9.800,0.500
'[00:00:07.531 01/01/2011]',10.200,15.700,8.100,13.500,9.500,0.500
'[00:00:07.532 01/01/2011]',9.800,15.800,8.200,13.400,9.200,0.500
'[00:00:07.533 01/01/2011]',9.400,15.900,8.100,13.600,9.100,0.500
'[00:00:07.534 01/01/2011]',9.000,15.900,7.900,13.800,9.000,0.500
'[00:00:07.535 01/01/2011]',8.700,15.800,7.700,14.100,8.900,0.500
'[00:00:07.536 01/01/2011]',8.100,15.500,7.500,14.100,8.800,0.500
'[00:00:07.537 01/01/2011]',7.300,14.900,7.300,13.800,8.500,0.500
'[00:00:07.538 01/01/2011]',6.400,14.100,7.200,13.300,8.300,0.500
'[00:00:07.539 01/01/2011]',5.700,13.200,7.200,12.900,8.200,0.500
'[00:00:07.540 01/01/2011]',5.200,12.400,7.200,12.600,8.400,0.500
'[00:00:07.541 01/01/2011]',5.000,12.000,7.100,12.600,8.700,0.500
'[00:00:07.542 01/01/2011]',4.900,11.800,7.100,12.800,9.000,0.500
'[00:00:07.543 01/01/2011]',4.800,11.800,6.900,13.000,9.200,0.500
'[00:00:07.544 01/01/2011]',4.800,11.900,6.700,13.100,9.300,0.500
'[00:00:07.545 01/01/2011]',4.700,12.000,6.500,13.000,9.400,0.500
'[00:00:07.546 01/01/2011]',4.400,12.300,6.300,12.800,9.700,0.500
'[00:00:07.547 01/01/2011]',3.600,12.800,6.300,12.700,10.200,0.500
'[00:00:07.548 01/01/2011]',2.300,13.300,6.400,12.800,10.900,0.500
'[00:00:07.549 01/01/2011]',0.800,13.900,6.700,13.200,11.400,0.500
'[00:00:07.550 01/01/2011]',-0.300,14.300,7.200,13.800,11.900,0.500
'[00:00:07.551 01/01/2011]',-0.600,14.500,7.700,14.400,12.200,0.500
'[00:00:07.552 01/01/2011]',0.000,14.500,8.100,14.900,12.500,0.500
'[00:00:07.553 01/01/2011]',1.000,14.400,8.400,15.100,12.900,0.500
'[00:00:07.554 01/01/2011]',1.500,14.200,8.400,15.100,13.500,0.500
'[00:00:07.555 01/01/2011]',0.900,14.000,8.200,15.000,14.300,0.500
'[00:00:07.556 01/01/2011]',-0.900,13.800,8.100,14.900,15.200,0.500
'[00:00:07.557 01/01/2011]',-3.000,13.400,8.100,14.900,16.000,0.500
'[00:00:07.558 01/01/2011]',-4.500,13.100,8.300,15.000,16.700,0.500
'[00:00:07.559 01/01/2011]',-4.700,12.700,8.600,15.100,17.300,0.500
'[00:00:07.560 01/01/2011]',-3.900,12.400,8.900,15.200,17.700,0.500
'[00:00:07.561 01/01/2011]',-3.000,12.000,8.900,15.200,18.100,0.500
'[00:00:07.562 01/01/2011]',-2.700,11.600,8.500,15.000,18.400,0.500
'[00:00:07.563 01/01/2011]',-3.500,11.000,7.900,14.900,18.600,0.500
'[00:00:07.564 01/01/2011]',-5.000,10.400,7.200,14.700,18.900,0.500
'[00:00:07.565 01/01/2011]',-6.500,10.000,6.800,14.800,19.100,0.500
'[00:00:07.566 01/01/2011]',-7.200,9.900,6.600,14.900,19.400,0.500
'[00:00:07.567 01/01/2011]',-7.000,10.200,6.500,15.100,19.800,0.500
'[00:00:07.568 01/01/2011]',-6.500,10.800,6.500,15.400,20.200,0.500
'[00:00:07.569 01/01/2011]',-6.200,11.200,6.300,15.600,20.500,0.500
'[00:00:07.570 01/01/2011]',-6.600,11.400,6.000,15.900,20.700,0.500
'[00:00:07.571 01/01/2011]',-7.600,11.300,5.600,16.200,20.800,0.500
'[00:00:07.572 01/01/2011]',-8.900,11.200,5.300,16.400,21.000,0.500
'[00:00:07.573 01/01/2011]',-10.300,11.100,5.000,16.500,21.300,0.500
'[00:00:07.574 01/01/2011]',-11.700,11.300,4.900,16.400,21.700,0.500
'[00:00:07.575 01/01/2011]',-13.000,11.400,4.900,16.200,22.200,0.500
'[00:00:07.576 01/01/2011]',-14.300,11.300,4.900,15.700,22.900,0.500
'[00:00:07.577 01/01/2011]',-15.300,10.800,4.900,15.200,23.500,0.500
'[00:00:07.578 01/01/2011]',-15.500,9.800,4.900,14.600,24.000,0.500
'[00:00:07.579 01/01/2011]',-14.800,8.700,5.000,14.100,24.500,0.500
'[00:00:07.580 01/01/2011]',-13.700,7.700,5.000,13.800,24.900,0.500
'[00:00:07.581 01/01/2011]',-12.600,7.000,5.000,13.700,25.400,0.500
'[00:00:07.582 01/01/2011]',-12.400,6.600,4.700,13.800,25.700,0.500
'[00:00:07.583 01/01/2011]',-13.200,6.200,4.200,14.000,26.000,0.500
'[00:00:07.584 01/01/2011]',-14.600,5.700,3.500,14.100,26.100,0.500
'[00:00:07.585 01/01/2011]',-15.800,5.200,2.900,14.100,26.100,0.500
'[00:00:07.586 01/01/2011]',-16.400,5.100,2.500,14.200,26.200,0.500
'[00:00:07.587 01/01/2011]',-16.300,5.300,2.500,14.300,26.500,0.500
'[00:00:07.588 01/01/2011]',-15.700,6.000,2.900,14.500,27.200,0.500
'[00:00:07.589 01/01/2011]',-15.300,6.900,3.400,14.800,28.100,0.500
'[00:00:07.590 01/01/2011]',-15.500,7.600,3.700,15.100,29.200,0.500
'[00:00:07.591 01/01/2011]',-16.200,7.800,3.500,15.400,30.000,0.500
'[00:00:07.592 01/01/2011]',-17.100,7.600,2.900,15.600,30.700,0.500
'[00:00:07.593 01/01/2011]',-17.900,7.200,1.900,15.600,31.200,0.500
'[00:00:07.594 01/01/2011]',-18.300,6.700,1.000,15.500,31.600,0.500
'[00:00:07.595 01/01/2011]',-18.400,6.400,0.500,15.400,31.900,0.500
'[00:00:07.596 01/01/2011]',-18.200,6.000,0.500,15.300,32.300,0.500
'[00:00:07.597 01/01/2011]',-18.000,5.700,0.800,15.400,32.700,0.500
'[00:00:07.598 01/01/2011]',-17.600,5.300,1.200,15.600,32.901,0.500
'[00:00:07.599 01/01/2011]',-17.100,4.900,1.300,15.800,33.001,0.500
'[00:00:07.600 01/01/2011]',-16.700,4.600,1.000,15.800,32.901,0.500
'[00:00:07.601 01/01/2011]',-16.700,4.300,0.500,15.600,32.600,0.500
'[00:00:07.602 01/01/2011]',-17.500,4.000,0.000,15.200,32.500,0.500
'[00:00:07.603 01/01/2011]',-19.200,3.500,-0.200,14.600,32.300,0.500
'[00:00:07.604 01/01/2011]',-21.400,3.000,-0.200,14.100,32.400,0.500
'[00:00:07.605 01/01/2011]',-23.300,2.700,0.200,13.700,32.500,0.500
'[00:00:07.606 01/01/2011]',-24.400,2.800,0.600,13.700,32.700,0.500
'[00:00:07.607 01/01/2011]',-24.300,3.400,0.900,14.000,32.901,0.500
'[00:00:07.608 01/01/2011]',-23.300,4.200,1.100,14.700,33.101,0.500
'[00:00:07.609 01/01/2011]',-22.200,5.100,1.100,15.600,33.401,0.500
'[00:00:07.610 01/01/2011]',-21.500,5.500,1.200,16.400,33.901,0.500
'[00:00:07.611 01/01/2011]',-21.500,5.400,1.400,17.100,34.501,0.500
'[00:00:07.612 01/01/2011]',-21.900,5.000,1.900,17.400,35.101,0.500
'[00:00:07.613 01/01/2011]',-22.100,4.600,2.400,17.400,35.601,0.500
'[00:00:07.614 01/01/2011]',-21.900,4.200,2.800,17.200,35.901,0.500
'[00:00:07.615 01/01/2011]',-21.400,4.000,2.800,16.900,36.001,0.500
'[00:00:07.616 01/01/2011]',-21.000,3.800,2.300,16.600,35.901,0.500
'[00:00:07.617 01/01/2011]',-21.200,3.400,1.500,16.300,35.901,0.500
'[00:00:07.618 01/01/2011]',-22.000,3.000,0.900,16.000,36.001,0.500
'[00:00:07.619 01/01/2011]',-23.100,2.500,0.700,15.800,36.301,0.500
'[00:00:07.620 01/01/2011]',-24.100,2.300,1.200,15.700,36.701,0.500
'[00:00:07.621 01/01/2011]',-24.400,2.300,2.100,15.700,37.101,0.500
'[00:00:07.622 01/01/2011]',-24.100,2.500,3.000,15.900,37.301,0.500
'[00:00:07.623 01/01/2011]',-23.500,2.800,3.700,16.200,37.201,0.500
'[00:00:07.624 01/01/2011]',-23.100,2.900,3.900,16.600,36.901,0.500
'[00:00:07.625 01/01/2011]',-23.100,3.100,3.600,16.900,36.601,0.500
'[00:00:07.626 01/01/2011]',-23.600,3.300,3.100,17.100,36.301,0.500
'[00:00:07.627 01/01/2011]',-24.300,3.700,2.600,17.100,36.201,0.500
'[00:00:07.628 01/01/2011]',-24.800,4.200,2.500,17.200,36.201,0.500
'[00:00:07.629 01/01/2011]',-25.000,4.900,2.900,17.400,36.201,0.500
'[00:00:07.630 01/01/2011]',-24.800,5.600,3.800,17.800,36.301,0.500
'[00:00:07.631 01/01/2011]',-24.200,6.200,5.100,18.500,36.301,0.500
'[00:00:07.632 01/01/2011]',-23.300,6.700,6.500,19.300,36.501,0.500
'[00:00:07.633 01/01/2011]',-22.200,7.300,7.600,20.000,36.801,0.500
'[00:00:07.634 01/01/2011]',-21.000,7.900,8.300,20.300,37.001,0.500
'[00:00:07.635 01/01/2011]',-20.000,8.300,8.600,20.300,37.201,0.500
'[00:00:07.636 01/01/2011]',-19.300,8.300,8.400,20.100,37.101,0.500
'[00:00:07.637 01/01/2011]',-18.900,8.000,8.200,19.700,36.701,0.500
'[00:00:07.638 01/01/2011]',-18.600,7.300,8.200,19.400,36.101,0.500
'[00:00:07.639 01/01/2011]',-18.200,6.500,8.400,19.200,35.301,0.500
'[00:00:07.640 01/01/2011]',-17.400,5.800,8.900,19.100,34.701,0.500
'[00:00:07.641 01/01/2011]',-16.300,5.600,9.400,19.000,34.401,0.500
'[00:00:07.642 01/01/2011]',-15.000,5.700,9.900,19.000,34.601,0.500
'[00:00:07.643 01/01/2011]',-13.900,6.200,10.300,18.900,35.001,0.500
'[00:00:07.644 01/01/2011]',-13.200,6.700,10.800,19.000,35.401,0.500
'[00:00:07.645 01/01/2011]',-12.900,7.100,11.600,19.200,35.401,0.500
'[00:00:07.646 01/01/2011]',-12.900,7.300,12.500,19.500,34.901,0.500
'[00:00:07.647 01/01/2011]',-12.900,7.600,13.500,19.900,34.101,0.500
'[00:00:07.648 01/01/2011]',-12.500,8.100,14.200,20.300,33.001,0.500
'[00:00:07.649 01/01/2011]',-11.900,9.000,14.600,20.700,32.200,0.500
'[00:00:07.650 01/01/2011]',-11.100,10.300,14.800,21.100,31.800,0.500
'[00:00:07.651 01/01/2011]',-10.600,11.700,14.900,21.400,31.800,0.500
'[00:00:07.652 01/01/2011]',-10.200,12.800,15.300,21.700,31.800,0.500
'[00:00:07.653 01/01/2011]',-10.000,13.600,15.900,21.900,31.800,0.500
'[00:00:07.654 01/01/2011]',-9.700,13.900,16.700,22.000,31.500,0.500
'[00:00:07.655 01/01/2011]',-9.200,13.900,17.500,22.000,31.200,0.500
'[00:00:07.656 01/01/2011]',-8.400,13.800,18.100,21.900,31.000,0.500
'[00:00:07.657 01/01/2011]',-7.600,13.900,18.600,21.900,31.000,0.500
'[00:00:07.658 01/01/2011]',-7.100,14.300,19.100,22.000,31.400,0.500
'[00:00:07.659 01/01/2011]',-7.200,14.800,19.700,22.200,31.700,0.500
'[00:00:07.660 01/01/2011]',-7.600,15.400,20.400,22.500,31.900,0.500
'[00:00:07.661 01/01/2011]',-7.900,15.900,21.200,22.700,31.600,0.500
'[00:00:07.662 01/01/2011]',-7.900,16.200,22.000,22.800,31.000,0.500
'[00:00:07.663 01/01/2011]',-7.200,16.300,22.500,22.800,30.100,0.500
'[00:00:07.664 01/01/2011]',-6.300,16.300,22.900,22.700,29.300,0.500
'[00:00:07.665 01/01/2011]',-5.700,16.500,23.000,22.700,28.500,0.500
'[00:00:07.666 01/01/2011]',-5.700,17.000,23.100,22.800,27.900,0.500
'[00:00:07.667 01/01/2011]',-6.800,17.900,23.300,22.800,27.300,0.500
'[00:00:07.668 01/01/2011]',-8.600,19.000,23.500,22.800,26.600,0.500
'[00:00:07.669 01/01/2011]',-10.700,20.100,23.800,22.800,25.900,0.500
'[00:00:07.670 01/01/2011]',-12.600,20.900,24.100,22.700,25.200,0.500
'[00:00:07.671 01/01/2011]',-13.800,21.300,24.100,22.600,24.600,0.500
'[00:00:07.672 01/01/2011]',-14.300,21.400,24.000,22.600,24.000,0.500
'[00:00:07.673 01/01/2011]',-14.300,21.600,23.800,22.600,23.500,0.500
'[00:00:07.674 01/01/2011]',-14.100,22.100,23.600,22.700,23.000,0.500
'[00:00:07.675 01/01/2011]',-14.200,22.800,23.500,22.800,22.500,0.500
'[00:00:07.676 01/01/2011]',-14.600,23.400,23.700,22.800,21.900,0.500
'[00:00:07.677 01/01/2011]',-15.200,23.600,24.000,22.800,21.300,0.500
'[00:00:07.678 01/01/2011]',-15.900,23.300,24.300,22.700,20.900,0.500
'[00:00:07.679 01/01/2011]',-16.600,22.600,24.500,22.600,20.500,0.500
'[00:00:07.680 01/01/2011]',-17.500,21.800,24.600,22.600,20.400,0.500
'[00:00:07.681 01/01/2011]',-18.700,21.400,24.700,22.600,20.200,0.500
'[00:00:07.682 01/01/2011]',-20.200,21.400,24.900,22.700,20.000,0.500
'[00:00:07.683 01/01/2011]',-22.100,21.800,25.100,22.800,19.700,0.500
'[00:00:07.684 01/01/2011]',-24.100,22.200,25.300,22.600,19.200,0.500
'[00:00:07.685 01/01/2011]',-25.500,22.400,25.500,22.300,18.600,0.500
'[00:00:07.686 01/01/2011]',-26.200,22.600,25.700,21.800,18.100,0.500
'[00:00:07.687 01/01/2011]',-25.800,23.000,25.800,21.400,17.800,0.500
'[00:00:07.688 01/01/2011]',-24.700,23.700,26.100,21.500,17.700,0.500
'[00:00:07.689 01/01/2011]',-23.400,24.800,26.400,22.000,17.700,0.500
'[00:00:07.690 01/01/2011]',-22.500,26.000,26.700,23.000,17.600,0.500
'[00:00:07.691 01/01/2011]',-22.200,27.100,27.000,24.200,17.400,0.500
'[00:00:07.692 01/01/2011]',-22.500,27.800,27.300,25.100,17.000,0.500
'[00:00:07.693 01/01/2011]',-23.000,28.100,27.600,25.700,16.600,0.500
'[00:00:07.694 01/01/2011]',-23.300,28.300,27.900,25.900,16.400,0.500
'[00:00:07.695 01/01/2011]',-23.400,28.300,28.300,25.800,16.300,0.500
'[00:00:07.696 01/01/2011]',-23.400,28.300,28.600,25.700,16.400,0.500
'[00:00:07.697 01/01/2011]',-23.600,28.100,28.900,25.700,16.500,0.500
'[00:00:07.698 01/01/2011]',-24.200,27.700,29.000,25.900,16.600,0.500
'[00:00:07.699 01/01/2011]',-25.100,27.200,29.000,26.100,16.600,0.500
'[00:00:07.700 01/01/2011]',-25.700,26.700,28.800,26.100,16.600,0.500
'[00:00:07.701 01/01/2011]',-25.800,26.200,28.600,25.900,16.600,0.500
'[00:00:07.702 01/01/2011]',-25.400,25.800,28.300,25.300,16.800,0.500
'[00:00:07.703 01/01/2011]',-24.700,25.600,28.000,24.500,16.900,0.500
'[00:00:07.704 01/01/2011]',-24.300,25.500,27.700,23.800,17.000,0.500
'[00:00:07.705 01/01/2011]',-24.500,25.400,27.500,23.500,17.000,0.500
'[00:00:07.706 01/01/2011]',-25.300,25.500,27.500,23.600,17.000,0.500
'[00:00:07.707 01/01/2011]',-26.200,25.900,27.600,24.400,17.000,0.500
'[00:00:07.708 01/01/2011]',-26.800,26.400,27.800,25.400,17.200,0.500
'[00:00:07.709 01/01/2011]',-26.800,27.100,27.900,26.200,17.400,0.500
'[00:00:07.710 01/01/2011]',-26.300,27.800,27.700,26.600,17.500,0.500
'[00:00:07.711 01/01/2011]',-25.700,28.300,27.300,26.400,17.300,0.500
'[00:00:07.712 01/01/2011]',-25.200,28.700,26.800,26.000,16.800,0.500
'[00:00:07.713 01/01/2011]',-25.000,28.900,26.400,25.600,16.300,0.500
'[00:00:07.714 01/01/2011]',-24.800,29.100,26.200,25.500,15.800,0.500
'[00:00:07.715 01/01/2011]',-24.700,29.200,26.100,25.700,15.600,0.500
'[00:00:07.716 01/01/2011]',-24.600,29.000,26.100,26.100,15.600,0.500
'[00:00:07.717 01/01/2011]',-24.600,28.600,26.100,26.100,15.800,0.500
'[00:00:07.718 01/01/2011]',-25.100,27.900,25.900,25.800,16.000,0.500
'[00:00:07.719 01/01/2011]',-26.000,27.100,25.800,25.200,16.100,0.500
'[00:00:07.720 01/01/2011]',-27.000,26.600,25.600,24.700,16.200,0.500
'[00:00:07.721 01/01/2011]',-27.600,26.400,25.600,24.500,16.100,0.500
'[00:00:07.722 01/01/2011]',-27.300,26.600,25.600,24.800,16.000,0.500
'[00:00:07.723 01/01/2011]',-26.200,26.900,25.600,25.300,16.000,0.500
'[00:00:07.724 01/01/2011]',-24.800,27.100,25.700,25.800,16.100,0.500
'[00:00:07.725 01/01/2011]',-23.800,27.300,25.900,26.100,16.200,0.500
'[00:00:07.726 01/01/2011]',-23.800,27.500,26.100,26.100,16.300,0.500
'[00:00:07.727 01/01/2011]',-24.500,27.700,26.300,25.900,16.300,0.500
'[00:00:07.728 01/01/2011]',-25.600,28.100,26.500,25.800,16.300,0.500
'[00:00:07.729 01/01/2011]',-26.100,28.700,26.600,25.900,16.200,0.500
'[00:00:07.730 01/01/2011]',-25.600,29.400,26.700,26.300,16.100,0.500
'[00:00:07.731 01/01/2011]',-24.400,29.800,26.700,26.900,16.000,0.500
'[00:00:07.732 01/01/2011]',-22.900,30.000,26.700,27.600,16.000,0.500
'[00:00:07.733 01/01/2011]',-22.100,30.000,26.500,28.000,15.800,0.500
'[00:00:07.734 01/01/2011]',-22.200,30.000,26.300,28.100,15.600,0.500
'[00:00:07.735 01/01/2011]',-23.000,29.800,26.100,27.800,15.400,0.500
'[00:00:07.736 01/01/2011]',-23.800,29.700,25.900,27.300,15.100,0.500
'[00:00:07.737 01/01/2011]',-24.100,29.400,25.900,26.800,15.100,0.500
'[00:00:07.738 01/01/2011]',-23.900,29.100,26.000,26.400,15.200,0.500
'[00:00:07.739 01/01/2011]',-23.300,28.600,26.100,26.200,15.400,0.500
'[00:00:07.740 01/01/2011]',-23.100,28.300,26.000,26.200,15.500,0.500
'[00:00:07.741 01/01/2011]',-23.600,28.100,25.800,26.100,15.300,0.500
'[00:00:07.742 01/01/2011]',-24.800,28.100,25.600,25.900,15.000,0.500
'[00:00:07.743 01/01/2011]',-25.900,28.000,25.400,25.600,14.700,0.500
'[00:00:07.744 01/01/2011]',-26.600,27.900,25.500,25.200,14.600,0.500
'[00:00:07.745 01/01/2011]',-26.500,27.500,25.800,25.000,14.900,0.500
'[00:00:07.746 01/01/2011]',-25.900,27.000,26.000,25.000,15.100,0.500
'[00:00:07.747 01/01/2011]',-25.300,26.600,25.900,25.000,15.000,0.500
'[00:00:07.748 01/01/2011]',-25.600,26.400,25.300,24.700,14.100,0.500
'[00:00:07.749 01/01/2011]',-26.900,26.400,24.200,23.900,12.500,0.500
'[00:00:07.750 01/01/2011]',-29.000,26.600,22.900,22.800,10.600,0.500
'[00:00:07.751 01/01/2011]',-31.300,26.900,21.700,21.600,8.800,0.500
'[00:00:07.752 01/01/2011]',-33.301,27.500,20.800,20.800,7.700,0.500
'[00:00:07.753 01/01/2011]',-34.501,28.100,20.400,20.700,7.400,0.500
'[00:00:07.754 01/01/2011]',-34.601,28.700,20.600,21.500,8.000,0.500
'[00:00:07.755 01/01/2011]',-33.801,29.100,21.300,22.900,9.000,0.500
'[00:00:07.756 01/01/2011]',-31.900,29.100,22.400,24.500,10.200,0.500
'[00:00:07.757 01/01/2011]',-28.800,28.500,23.600,25.700,11.100,0.500
'[00:00:07.758 01/01/2011]',-24.300,27.500,24.900,26.400,12.000,0.500
'[00:00:07.759 01/01/2011]',-18.200,26.600,26.000,26.700,12.900,0.500
'[00:00:07.760 01/01/2011]',-10.600,26.100,27.300,27.000,14.200,0.500
'[00:00:07.761 01/01/2011]',-1.400,26.300,28.900,27.700,15.900,0.500
'[00:00:07.762 01/01/2011]',8.600,27.200,30.900,28.800,18.000,0.500
'[00:00:07.763 01/01/2011]',18.900,28.200,33.301,30.300,20.300,0.500
'[00:00:07.764 01/01/2011]',28.300,29.200,35.801,31.700,22.600,0.500
'[00:00:07.765 01/01/2011]',35.901,30.000,37.901,33.101,24.700,0.500
'[00:00:07.766 01/01/2011]',41.101,30.800,39.501,34.201,26.700,0.500
'[00:00:07.767 01/01/2011]',44.101,31.900,40.701,35.201,28.800,0.500
'[00:00:07.768 01/01/2011]',45.601,33.301,41.801,36.501,31.100,0.500
'[00:00:07.769 01/01/2011]',46.501,35.101,43.101,38.101,33.501,0.500
'[00:00:07.770 01/01/2011]',47.401,36.701,44.701,39.801,35.901,0.500
'[00:00:07.771 01/01/2011]',48.201,37.901,46.301,41.401,37.801,0.500
'[00:00:07.772 01/01/2011]',48.201,38.401,47.401,42.601,39.101,0.500
'[00:00:07.773 01/01/2011]',47.001,38.501,47.801,43.301,39.701,0.500
'[00:00:07.774 01/01/2011]',44.601,38.301,47.601,43.701,39.701,0.500
'[00:00:07.775 01/01/2011]',41.701,38.001,47.001,43.801,39.201,0.500
'[00:00:07.776 01/01/2011]',39.501,37.601,46.301,43.701,38.601,0.500
'[00:00:07.777 01/01/2011]',38.301,37.001,45.601,43.301,37.701,0.500
'[00:00:07.778 01/01/2011]',37.601,36.201,44.801,42.401,36.601,0.500
'[00:00:07.779 01/01/2011]',36.201,35.301,43.701,41.101,35.001,0.500
'[00:00:07.780 01/01/2011]',33.101,34.401,41.901,39.301,32.901,0.500
'[00:00:07.781 01/01/2011]',27.500,33.601,39.601,37.301,30.400,0.500
'[00:00:07.782 01/01/2011]',19.400,33.001,36.701,35.201,27.400,0.500
'[00:00:07.783 01/01/2011]',9.200,32.400,33.601,33.201,24.200,0.500
'[00:00:07.784 01/01/2011]',-2.700,31.600,30.600,31.200,21.000,0.500
'[00:00:07.785 01/01/2011]',-15.700,30.800,27.800,29.400,18.100,0.500
'[00:00:07.786 01/01/2011]',-29.000,30.200,25.700,28.100,15.900,0.500
'[00:00:07.787 01/01/2011]',-40.901,30.200,24.300,27.300,14.600,0.500
'[00:00:07.788 01/01/2011]',-49.701,30.900,23.900,27.200,14.300,0.500
'[00:00:07.789 01/01/2011]',-54.201,32.200,24.400,27.600,14.700,0.500
'[00:00:07.790 01/01/2011]',-54.001,33.701,25.400,28.500,15.700,0.500
'[00:00:07.791 01/01/2011]',-50.201,34.701,26.800,29.400,16.800,0.500
'[00:00:07.792 01/01/2011]',-44.701,35.201,27.900,30.200,17.800,0.500
'[00:00:07.793 01/01/2011]',-38.901,35.201,28.700,30.900,18.500,0.500
'[00:00:07.794 01/01/2011]',-33.601,35.001,29.200,31.500,18.900,0.500
'[00:00:07.795 01/01/2011]',-29.000,34.801,29.400,31.900,19.100,0.500
'[00:00:07.796 01/01/2011]',-24.900,34.601,29.600,32.200,19.100,0.500
'[00:00:07.797 01/01/2011]',-21.700,34.201,29.800,32.200,19.000,0.500
'[00:00:07.798 01/01/2011]',-19.700,33.401,29.900,31.900,19.000,0.500
'[00:00:07.799 01/01/2011]',-19.400,32.400,29.900,31.500,19.200,0.500
'[00:00:07.800 01/01/2011]',-20.300,31.400,29.700,31.100,19.500,0.500
'[00:00:07.801 01/01/2011]',-21.700,30.900,29.400,31.000,20.000,0.500
'[00:00:07.802 01/01/2011]',-22.500,30.900,29.200,31.000,20.600,0.500
'[00:00:07.803 01/01/2011]',-22.500,31.200,29.100,31.100,21.100,0.500
'[00:00:07.804 01/01/2011]',-22.000,31.400,29.100,31.100,21.300,0.500
'[00:00:07.805 01/01/2011]',-21.600,31.400,29.300,30.900,21.400,0.500
'[00:00:07.806 01/01/2011]',-21.900,31.200,29.500,30.600,21.400,0.500
'[00:00:07.807 01/01/2011]',-22.800,31.100,29.600,30.400,21.300,0.500
'[00:00:07.808 01/01/2011]',-23.500,31.500,29.600,30.500,21.200,0.500
'[00:00:07.809 01/01/2011]',-23.400,32.300,29.400,30.800,21.000,0.500
'[00:00:07.810 01/01/2011]',-22.400,33.301,29.100,31.100,20.400,0.500
'[00:00:07.811 01/01/2011]',-21.000,33.901,28.500,31.200,19.600,0.500
'[00:00:07.812 01/01/2011]',-20.000,34.101,27.900,30.900,18.700,0.500
'[00:00:07.813 01/01/2011]',-20.000,33.901,27.300,30.400,18.100,0.500
'[00:00:07.814 01/01/2011]',-21.000,33.501,26.900,30.000,17.900,0.500
'[00:00:07.815 01/01/2011]',-22.300,33.201,26.700,29.800,18.300,0.500
'[00:00:07.816 01/01/2011]',-23.200,33.001,26.900,30.000,18.800,0.500
'[00:00:07.817 01/01/2011]',-23.100,32.600,27.200,30.300,19.200,0.500
'[00:00:07.818 01/01/2011]',-22.100,32.000,27.600,30.300,19.300,0.500
'[00:00:07.819 01/01/2011]',-20.600,31.200,27.800,29.900,19.100,0.500
'[00:00:07.820 01/01/2011]',-19.200,30.400,27.800,29.200,19.000,0.500
'[00:00:07.821 01/01/2011]',-18.500,29.800,27.800,28.600,19.200,0.500
'[00:00:07.822 01/01/2011]',-18.400,29.700,27.700,28.300,19.800,0.500
'[00:00:07.823 01/01/2011]',-18.800,30.100,27.800,28.500,20.500,0.500
'[00:00:07.824 01/01/2011]',-19.300,30.600,28.100,29.000,21.100,0.500
'[00:00:07.825 01/01/2011]',-19.600,31.100,28.500,29.500,21.200,0.500
'[00:00:07.826 01/01/2011]',-19.500,31.600,28.900,29.700,20.900,0.500
'[00:00:07.827 01/01/2011]',-19.200,32.100,29.200,29.700,20.400,0.500
'[00:00:07.828 01/01/2011]',-18.800,32.600,29.400,29.600,20.000,0.500
'[00:00:07.829 01/01/2011]',-18.600,33.101,29.400,29.600,20.000,0.500
'[00:00:07.830 01/01/2011]',-18.600,33.501,29.300,29.800,20.300,0.500
'[00:00:07.831 01/01/2011]',-18.600,33.801,29.200,30.100,20.800,0.500
'[00:00:07.832 01/01/2011]',-18.600,33.901,29.000,30.500,21.100,0.500
'[00:00:07.833 01/01/2011]',-18.300,33.901,29.000,30.700,21.300,0.500
'[00:00:07.834 01/01/2011]',-17.800,33.901,29.200,30.600,21.500,0.500
'[00:00:07.835 01/01/2011]',-17.300,33.901,29.600,30.500,21.700,0.500
'[00:00:07.836 01/01/2011]',-17.100,33.801,30.000,30.200,22.100,0.500
'[00:00:07.837 01/01/2011]',-17.200,33.501,30.300,30.000,22.800,0.500
'[00:00:07.838 01/01/2011]',-17.700,32.901,30.500,29.900,23.400,0.500
'[00:00:07.839 01/01/2011]',-18.500,32.300,30.600,29.700,24.000,0.500
'[00:00:07.840 01/01/2011]',-19.400,31.800,30.500,29.500,24.200,0.500
'[00:00:07.841 01/01/2011]',-20.100,31.400,30.400,29.300,24.100,0.500
'[00:00:07.842 01/01/2011]',-20.600,31.200,30.400,29.300,24.000,0.500
'[00:00:07.843 01/01/2011]',-20.800,31.300,30.500,29.500,24.000,0.500
'[00:00:07.844 01/01/2011]',-20.800,31.600,30.500,29.900,24.400,0.500
'[00:00:07.845 01/01/2011]',-20.600,32.200,30.500,30.400,25.200,0.500
'[00:00:07.846 01/01/2011]',-20.100,33.001,30.400,30.800,26.100,0.500
'[00:00:07.847 01/01/2011]',-19.300,34.001,30.400,31.200,26.700,0.500
'[00:00:07.848 01/01/2011]',-18.300,34.901,30.400,31.300,26.900,0.500
'[00:00:07.849 01/01/2011]',-17.200,35.301,30.600,31.300,26.500,0.500
'[00:00:07.850 01/01/2011]',-16.300,35.401,30.600,31.300,25.700,0.500
'[00:00:07.851 01/01/2011]',-15.900,35.201,30.600,31.400,24.800,0.500
'[00:00:07.852 01/01/2011]',-16.100,35.201,30.300,31.600,24.100,0.500
'[00:00:07.853 01/01/2011]',-16.700,35.501,30.100,31.900,23.700,0.500
'[00:00:07.854 01/01/2011]',-17.400,36.101,30.100,32.200,23.700,0.500
'[00:00:07.855 01/01/2011]',-17.900,36.601,30.400,32.500,23.800,0.500
'[00:00:07.856 01/01/2011]',-18.100,36.501,30.900,32.500,24.000,0.500
'[00:00:07.857 01/01/2011]',-18.200,35.801,31.400,32.200,24.300,0.500
'[00:00:07.858 01/01/2011]',-18.500,34.601,31.500,31.600,24.500,0.500
'[00:00:07.859 01/01/2011]',-19.200,33.401,31.100,30.800,24.900,0.500
'[00:00:07.860 01/01/2011]',-20.000,32.600,30.400,30.100,25.200,0.500
'[00:00:07.861 01/01/2011]',-20.400,32.400,29.800,29.500,25.600,0.500
'[00:00:07.862 01/01/2011]',-19.900,32.500,29.600,29.200,25.900,0.500
'[00:00:07.863 01/01/2011]',-18.600,32.500,29.800,29.300,26.000,0.500
'[00:00:07.864 01/01/2011]',-16.800,32.500,30.400,29.600,26.100,0.500
'[00:00:07.865 01/01/2011]',-15.100,32.300,31.000,30.000,26.100,0.500
'[00:00:07.866 01/01/2011]',-14.000,32.300,31.200,30.600,26.100,0.500
'[00:00:07.867 01/01/2011]',-13.700,32.801,31.200,31.200,26.100,0.500
'[00:00:07.868 01/01/2011]',-13.800,33.701,30.800,31.800,26.200,0.500
'[00:00:07.869 01/01/2011]',-13.700,34.801,30.400,32.300,26.400,0.500
'[00:00:07.870 01/01/2011]',-13.100,35.701,30.100,32.700,26.600,0.500
'[00:00:07.871 01/01/2011]',-11.900,36.201,29.900,32.801,26.700,0.500
'[00:00:07.872 01/01/2011]',-10.600,36.401,29.800,32.600,26.700,0.500
'[00:00:07.873 01/01/2011]',-9.700,36.301,29.700,32.100,26.500,0.500
'[00:00:07.874 01/01/2011]',-9.600,36.201,29.700,31.400,26.200,0.500
'[00:00:07.875 01/01/2011]',-10.200,36.001,29.700,30.700,25.800,0.500
'[00:00:07.876 01/01/2011]',-11.300,35.801,29.700,30.200,25.400,0.500
'[00:00:07.877 01/01/2011]',-12.300,35.301,29.800,30.200,25.200,0.500
'[00:00:07.878 01/01/2011]',-12.600,34.701,29.900,30.400,25.200,0.500
'[00:00:07.879 01/01/2011]',-12.100,34.101,29.800,30.700,25.200,0.500
'[00:00:07.880 01/01/2011]',-10.900,33.501,29.700,31.200,25.400,0.500
'[00:00:07.881 01/01/2011]',-9.400,33.201,29.600,31.500,25.500,0.500
'[00:00:07.882 01/01/2011]',-8.200,33.101,29.500,31.800,25.700,0.500
'[00:00:07.883 01/01/2011]',-7.500,33.201,29.800,32.200,26.000,0.500
'[00:00:07.884 01/01/2011]',-7.500,33.301,30.300,32.500,26.300,0.500
'[00:00:07.885 01/01/2011]',-7.700,33.401,31.200,32.801,26.600,0.500
'[00:00:07.886 01/01/2011]',-7.800,33.701,32.100,33.001,26.800,0.500
'[00:00:07.887 01/01/2011]',-7.400,34.101,32.801,32.901,26.800,0.500
'[00:00:07.888 01/01/2011]',-6.500,34.701,33.001,32.700,26.700,0.500
'[00:00:07.889 01/01/2011]',-5.300,35.401,32.801,32.500,26.600,0.500
'[00:00:07.890 01/01/2011]',-4.100,36.001,32.200,32.300,26.600,0.500
'[00:00:07.891 01/01/2011]',-3.100,36.501,31.500,32.400,26.700,0.500
'[00:00:07.892 01/01/2011]',-2.400,36.901,31.100,32.801,27.000,0.500
'[00:00:07.893 01/01/2011]',-2.100,37.201,31.100,33.501,27.500,0.500
'[00:00:07.894 01/01/2011]',-2.200,37.501,31.500,34.201,28.000,0.500
'[00:00:07.895 01/01/2011]',-2.600,37.501,32.000,34.601,28.400,0.500
'[00:00:07.896 01/01/2011]',-3.200,37.301,32.300,34.701,28.500,0.500
'[00:00:07.897 01/01/2011]',-3.800,36.701,32.300,34.301,28.500,0.500
'[00:00:07.898 01/01/2011]',-4.200,35.801,31.800,33.601,28.300,0.500
'[00:00:07.899 01/01/2011]',-4.100,34.801,31.100,32.901,28.100,0.500
'[00:00:07.900 01/01/2011]',-3.600,34.201,30.700,32.400,28.200,0.500
'[00:00:07.901 01/01/2011]',-2.800,34.101,30.800,32.300,28.700,0.500
'[00:00:07.902 01/01/2011]',-2.200,34.401,31.500,32.500,29.500,0.500
'[00:00:07.903 01/01/2011]',-1.700,34.901,32.700,33.001,30.500,0.500
'[00:00:07.904 01/01/2011]',-1.400,35.301,33.901,33.601,31.200,0.500
'[00:00:07.905 01/01/2011]',-1.000,35.401,34.801,34.301,31.500,0.500
'[00:00:07.906 01/01/2011]',-0.400,35.501,35.101,34.901,31.500,0.500
'[00:00:07.907 01/01/2011]',0.300,35.701,34.901,35.701,31.300,0.500
'[00:00:07.908 01/01/2011]',0.700,36.201,34.601,36.401,31.300,0.500
'[00:00:07.909 01/01/2011]',0.400,37.101,34.501,37.201,31.500,0.500
'[00:00:07.910 01/01/2011]',-0.400,38.101,34.801,37.901,32.000,0.500
'[00:00:07.911 01/01/2011]',-1.300,38.901,35.401,38.301,32.500,0.500
'[00:00:07.912 01/01/2011]',-1.600,39.501,36.201,38.301,33.001,0.500
'[00:00:07.913 01/01/2011]',-1.100,39.801,36.901,38.101,33.301,0.500
'[00:00:07.914 01/01/2011]',0.200,39.801,37.301,37.801,33.601,0.500
'[00:00:07.915 01/01/2011]',1.600,39.701,37.401,37.601,34.001,0.500
'[00:00:07.916 01/01/2011]',2.400,39.201,37.501,37.601,34.501,0.500
'[00:00:07.917 01/01/2011]',2.400,38.401,37.601,37.901,35.001,0.500
'[00:00:07.918 01/01/2011]',1.800,37.501,37.801,38.201,35.501,0.500
'[00:00:07.919 01/01/2011]',1.200,36.601,38.101,38.501,35.701,0.500
'[00:00:07.920 01/01/2011]',1.200,36.001,38.301,38.601,35.601,0.500
'[00:00:07.921 01/01/2011]',1.700,35.901,38.301,38.601,35.401,0.500
'[00:00:07.922 01/01/2011]',2.600,36.101,38.201,38.501,35.201,0.500
'[00:00:07.923 01/01/2011]',3.200,36.401,38.301,38.501,35.101,0.500
'[00:00:07.924 01/01/2011]',3.300,36.601,38.401,38.501,35.001,0.500
'[00:00:07.925 01/01/2011]',2.800,36.701,38.701,38.601,35.101,0.500
'[00:00:07.926 01/01/2011]',1.900,36.901,39.001,38.901,35.201,0.500
'[00:00:07.927 01/01/2011]',0.900,37.401,39.301,39.101,35.401,0.500
'[00:00:07.928 01/01/2011]',0.200,38.301,39.401,39.401,35.501,0.500
'[00:00:07.929 01/01/2011]',-0.400,39.201,39.301,39.601,35.601,0.500
'[00:00:07.930 01/01/2011]',-0.600,40.001,39.201,39.901,35.701,0.500
'[00:00:07.931 01/01/2011]',-0.600,40.401,39.201,40.001,35.601,0.500
'[00:00:07.932 01/01/2011]',-0.300,40.401,39.201,40.101,35.501,0.500
'[00:00:07.933 01/01/2011]',0.300,40.401,39.301,40.101,35.401,0.500
'[00:00:07.934 01/01/2011]',1.000,40.501,39.501,40.101,35.501,0.500
'[00:00:07.935 01/01/2011]',1.700,41.001,39.901,40.201,35.901,0.500
'[00:00:07.936 01/01/2011]',2.100,41.401,40.201,40.301,36.701,0.500
'[00:00:07.937 01/01/2011]',2.100,41.501,40.601,40.401,37.601,0.500
'[00:00:07.938 01/01/2011]',1.600,41.101,40.901,40.401,38.501,0.500
'[00:00:07.939 01/01/2011]',1.000,40.101,41.001,40.201,39.201,0.500
'[00:00:07.940 01/01/2011]',0.300,38.901,40.901,40.001,39.401,0.500
'[00:00:07.941 01/01/2011]',-0.200,37.801,40.801,39.801,39.101,0.500
'[00:00:07.942 01/01/2011]',-0.300,37.101,40.601,39.701,38.401,0.500
'[00:00:07.943 01/01/2011]',0.100,36.901,40.401,39.701,37.701,0.500
'[00:00:07.944 01/01/2011]',0.700,37.001,40.301,39.701,37.101,0.500
'[00:00:07.945 01/01/2011]',1.500,37.401,40.101,39.701,36.801,0.500
'[00:00:07.946 01/01/2011]',2.100,38.001,39.801,39.701,36.901,0.500
'[00:00:07.947 01/01/2011]',2.300,38.701,39.501,39.701,37.201,0.500
'[00:00:07.948 01/01/2011]',2.100,39.401,39.201,39.701,37.501,0.500
'[00:00:07.949 01/01/2011]',1.700,40.201,39.101,39.901,37.801,0.500
'[00:00:07.950 01/01/2011]',1.500,40.801,39.301,40.101,37.801,0.500
'[00:00:07.951 01/01/2011]',1.400,41.001,39.701,40.501,37.801,0.500
'[00:00:07.952 01/01/2011]',1.400,41.101,40.101,40.801,37.901,0.500
'[00:00:07.953 01/01/2011]',1.300,41.001,40.501,41.101,38.201,0.500
'[00:00:07.954 01/01/2011]',0.700,40.901,40.601,41.401,38.701,0.500
'[00:00:07.955 01/01/2011]',-0.100,41.001,40.601,41.601,39.301,0.500
'[00:00:07.956 01/01/2011]',-0.800,41.101,40.401,41.701,39.801,0.500
'[00:00:07.957 01/01/2011]',-0.800,41.201,40.301,41.701,40.101,0.500
'[00:00:07.958 01/01/2011]',0.000,40.901,40.101,41.501,40.101,0.500
'[00:00:07.959 01/01/2011]',1.300,40.301,39.801,41.201,40.001,0.500
'[00:00:07.960 01/01/2011]',2.700,39.501,39.501,40.801,39.901,0.500
'[00:00:07.961 01/01/2011]',3.400,38.801,39.101,40.501,40.001,0.500
'[00:00:07.962 01/01/2011]',3.200,38.501,38.901,40.301,40.301,0.500
'[00:00:07.963 01/01/2011]',2.400,38.601,39.001,40.401,40.701,0.500
'[00:00:07.964 01/01/2011]',1.500,39.101,39.401,40.701,41.001,0.500
'[00:00:07.965 01/01/2011]',1.000,39.901,40.001,41.201,41.101,0.500
'[00:00:07.966 01/01/2011]',0.900,40.901,40.401,41.801,41.001,0.500
'[00:00:07.967 01/01/2011]',1.000,41.701,40.701,42.301,40.601,0.500
'[00:00:07.968 01/01/2011]',0.800,42.301,40.601,42.701,40.001,0.500
'[00:00:07.969 01/01/2011]',0.400,42.701,40.301,42.901,39.401,0.500
'[00:00:07.970 01/01/2011]',-0.200,42.901,40.001,42.801,38.801,0.500
'[00:00:07.971 01/01/2011]',-0.500,43.001,40.001,42.701,38.501,0.500
'[00:00:07.972 01/01/2011]',-0.200,43.201,40.301,42.701,38.501,0.500
'[00:00:07.973 01/01/2011]',0.500,43.501,40.701,42.801,38.801,0.500
'[00:00:07.974 01/01/2011]',1.200,43.801,41.101,43.001,39.501,0.500
'[00:00:07.975 01/01/2011]',1.500,43.901,41.301,43.301,40.201,0.500
'[00:00:07.976 01/01/2011]',1.200,43.601,41.401,43.501,40.701,0.500
'[00:00:07.977 01/01/2011]',0.400,42.801,41.401,43.401,40.901,0.500
'[00:00:07.978 01/01/2011]',-0.200,41.601,41.401,43.001,40.801,0.500
'[00:00:07.979 01/01/2011]',-0.300,40.501,41.601,42.601,40.401,0.500
'[00:00:07.980 01/01/2011]',0.000,39.701,41.801,42.201,40.101,0.500
'[00:00:07.981 01/01/2011]',0.600,39.401,41.901,41.901,40.101,0.500
'[00:00:07.982 01/01/2011]',1.200,39.601,42.101,42.001,40.401,0.500
'[00:00:07.983 01/01/2011]',1.600,40.001,42.301,42.401,41.001,0.500
'[00:00:07.984 01/01/2011]',1.800,40.401,42.501,42.901,41.501,0.500
'[00:00:07.985 01/01/2011]',2.000,40.701,42.701,43.301,41.801,0.500
'[00:00:07.986 01/01/2011]',2.100,41.001,42.801,43.601,41.601,0.500
'[00:00:07.987 01/01/2011]',1.900,41.201,42.801,43.601,41.201,0.500
'[00:00:07.988 01/01/2011]',1.400,41.601,42.601,43.501,40.801,0.500
'[00:00:07.989 01/01/2011]',0.400,42.101,42.501,43.401,40.601,0.500
'[00:00:07.990 01/01/2011]',-0.700,42.501,42.501,43.401,40.601,0.500
'[00:00:07.991 01/01/2011]',-1.500,42.801,42.701,43.601,40.801,0.500
'[00:00:07.992 01/01/2011]',-1.900,42.901,43.001,43.701,41.001,0.500
'[00:00:07.993 01/01/2011]',-1.800,42.901,43.001,43.601,41.001,0.500
'[00:00:07.994 01/01/2011]',-1.500,42.901,42.701,43.201,40.801,0.500
'[00:00:07.995 01/01/2011]',-1.300,42.701,41.901,42.601,40.601,0.500
'[00:00:07.996 01/01/2011]',-1.300,42.501,41.001,42.001,40.501,0.500
'[00:00:07.997 01/01/2011]',-1.600,42.201,40.301,41.601,40.501,0.500
'[00:00:07.998 01/01/2011]',-1.900,41.601,40.101,41.601,40.601,0.500
'[00:00:07.999 01/01/2011]',-2.300,41.001,40.401,41.701,40.701,0.500
'[00:00:08.000 01/01/2011]',-2.600,40.401,40.801,41.801,40.801,0.500
'[00:00:08.001 01/01/2011]',-3.000,40.101,41.201,41.901,40.901,0.500
'[00:00:08.002 01/01/2011]',-3.200,40.001,41.301,41.801,41.001,0.500
'[00:00:08.003 01/01/2011]',-3.000,39.901,41.201,41.701,41.101,0.500
'[00:00:08.004 01/01/2011]',-2.600,39.801,41.001,41.601,41.101,0.500
'[00:00:08.005 01/01/2011]',-1.900,39.501,41.001,41.601,40.801,0.500
'[00:00:08.006 01/01/2011]',-1.600,39.301,41.001,41.601,40.301,0.500
'[00:00:08.007 01/01/2011]',-1.800,39.201,41.001,41.401,39.401,0.500
'[00:00:08.008 01/01/2011]',-2.800,39.501,40.801,41.201,38.601,0.500
'[00:00:08.009 01/01/2011]',-4.200,40.201,40.401,41.201,38.001,0.500
'[00:00:08.010 01/01/2011]',-5.500,41.101,40.001,41.401,37.701,0.500
'[00:00:08.011 01/01/2011]',-6.400,41.801,39.701,41.901,37.801,0.500
'[00:00:08.012 01/01/2011]',-6.700,42.201,39.501,42.401,38.001,0.500
'[00:00:08.013 01/01/2011]',-6.900,42.201,39.301,42.701,38.101,0.500
'[00:00:08.014 01/01/2011]',-7.000,42.001,39.001,42.501,38.101,0.500
'[00:00:08.015 01/01/2011]',-7.200,41.701,38.501,42.001,37.901,0.500
'[00:00:08.016 01/01/2011]',-7.200,41.301,38.001,41.501,37.801,0.500
'[00:00:08.017 01/01/2011]',-6.700,40.801,37.701,41.301,37.901,0.500
'[00:00:08.018 01/01/2011]',-5.900,40.301,37.701,41.501,38.201,0.500
'[00:00:08.019 01/01/2011]',-5.400,39.801,38.201,41.901,38.501,0.500
'[00:00:08.020 01/01/2011]',-5.600,39.301,39.001,42.101,38.701,0.500
'[00:00:08.021 01/01/2011]',-6.800,39.101,39.601,42.001,38.701,0.500
'[00:00:08.022 01/01/2011]',-8.500,39.101,40.001,41.401,38.701,0.500
'[00:00:08.023 01/01/2011]',-10.000,39.301,39.901,40.701,38.901,0.500
'[00:00:08.024 01/01/2011]',-10.700,39.501,39.701,40.301,39.301,0.500
'[00:00:08.025 01/01/2011]',-10.400,39.601,39.401,40.301,39.801,0.500
'[00:00:08.026 01/01/2011]',-9.500,39.701,39.401,40.601,40.201,0.500
'[00:00:08.027 01/01/2011]',-8.800,39.801,39.601,41.101,40.401,0.500
'[00:00:08.028 01/01/2011]',-8.400,40.101,39.901,41.501,40.301,0.500
'[00:00:08.029 01/01/2011]',-8.500,40.601,40.101,41.601,40.101,0.500
'[00:00:08.030 01/01/2011]',-9.000,41.301,40.301,41.601,40.001,0.500
'[00:00:08.031 01/01/2011]',-9.600,42.101,40.201,41.501,40.001,0.500
'[00:00:08.032 01/01/2011]',-10.600,42.901,40.101,41.501,40.301,0.500
'[00:00:08.033 01/01/2011]',-11.900,43.501,39.901,41.701,40.501,0.500
'[00:00:08.034 01/01/2011]',-13.500,44.001,39.801,42.001,40.701,0.500
'[00:00:08.035 01/01/2011]',-14.800,44.201,39.801,42.401,40.701,0.500
'[00:00:08.036 01/01/2011]',-15.600,44.001,39.801,42.801,40.701,0.500
'[00:00:08.037 01/01/2011]',-15.600,43.401,39.901,43.201,40.701,0.500
'[00:00:08.038 01/01/2011]',-15.200,42.501,40.201,43.601,41.001,0.500
'[00:00:08.039 01/01/2011]',-14.900,41.601,40.401,44.001,41.301,0.500
'[00:00:08.040 01/01/2011]',-15.200,40.901,40.701,44.301,41.601,0.500
'[00:00:08.041 01/01/2011]',-16.200,40.701,40.901,44.501,41.701,0.500
'[00:00:08.042 01/01/2011]',-17.400,40.801,41.001,44.501,41.601,0.500
'[00:00:08.043 01/01/2011]',-18.100,41.001,41.201,44.301,41.401,0.500
'[00:00:08.044 01/01/2011]',-17.900,41.201,41.301,44.201,41.401,0.500
'[00:00:08.045 01/01/2011]',-17.100,41.301,41.401,44.101,41.701,0.500
'[00:00:08.046 01/01/2011]',-15.900,41.301,41.601,44.201,42.101,0.500
'[00:00:08.047 01/01/2011]',-15.000,41.401,41.601,44.401,42.601,0.500
'[00:00:08.048 01/01/2011]',-14.700,41.801,41.601,44.601,43.001,0.500
'[00:00:08.049 01/01/2011]',-14.800,42.501,41.601,44.601,43.101,0.500
'[00:00:08.050 01/01/2011]',-15.300,43.301,41.701,44.501,43.201,0.500
'[00:00:08.051 01/01/2011]',-15.900,44.101,41.901,44.501,43.401,0.500
'[00:00:08.052 01/01/2011]',-16.600,44.601,42.301,44.601,43.701,0.500
'[00:00:08.053 01/01/2011]',-17.200,44.901,42.901,45.101,44.201,0.500
'[00:00:08.054 01/01/2011]',-17.700,45.001,43.501,45.701,44.601,0.500
'[00:00:08.055 01/01/2011]',-17.900,45.001,43.901,46.301,44.901,0.500
'[00:00:08.056 01/01/2011]',-17.800,45.001,44.201,46.701,45.001,0.500
'[00:00:08.057 01/01/2011]',-17.300,45.001,44.401,46.901,45.201,0.500
'[00:00:08.058 01/01/2011]',-16.600,45.001,44.401,46.901,45.501,0.500
'[00:00:08.059 01/01/2011]',-16.100,44.901,44.401,46.901,45.901,0.500
'[00:00:08.060 01/01/2011]',-16.100,44.701,44.301,46.901,46.401,0.500
'[00:00:08.061 01/01/2011]',-16.700,44.401,44.201,46.901,46.601,0.500
'[00:00:08.062 01/01/2011]',-17.800,44.001,44.201,46.701,46.401,0.500
'[00:00:08.063 01/01/2011]',-19.100,43.701,44.201,46.301,46.001,0.500
'[00:00:08.064 01/01/2011]',-20.100,43.601,44.401,45.901,45.501,0.500
'[00:00:08.065 01/01/2011]',-20.500,43.801,44.701,45.801,45.401,0.500
'[00:00:08.066 01/01/2011]',-20.300,44.401,45.101,45.901,45.801,0.500
'[00:00:08.067 01/01/2011]',-19.600,45.101,45.401,46.301,46.401,0.500
'[00:00:08.068 01/01/2011]',-18.400,45.701,45.401,46.501,47.001,0.500
'[00:00:08.069 01/01/2011]',-17.300,46.201,45.001,46.301,47.101,0.500
'[00:00:08.070 01/01/2011]',-16.400,46.601,44.401,45.901,46.701,0.500
'[00:00:08.071 01/01/2011]',-15.900,46.901,43.801,45.501,46.101,0.500
'[00:00:08.072 01/01/2011]',-15.900,47.301,43.401,45.501,45.601,0.500
'[00:00:08.073 01/01/2011]',-16.200,47.801,43.401,46.201,45.501,0.500
'[00:00:08.074 01/01/2011]',-16.700,48.301,44.001,47.201,45.701,0.500
'[00:00:08.075 01/01/2011]',-16.900,48.301,44.701,48.201,46.101,0.500
'[00:00:08.076 01/01/2011]',-16.900,47.801,45.501,48.701,46.501,0.500
'[00:00:08.077 01/01/2011]',-16.900,46.901,45.801,48.601,46.801,0.500
'[00:00:08.078 01/01/2011]',-17.100,45.801,45.801,48.101,46.901,0.500
'[00:00:08.079 01/01/2011]',-17.900,45.001,45.501,47.501,46.901,0.500
'[00:00:08.080 01/01/2011]',-19.000,44.601,45.101,47.301,47.001,0.500
'[00:00:08.081 01/01/2011]',-20.200,44.701,44.901,47.401,47.201,0.500
'[00:00:08.082 01/01/2011]',-20.700,45.001,45.001,47.701,47.401,0.500
'[00:00:08.083 01/01/2011]',-20.500,45.201,45.101,48.001,47.501,0.500
'[00:00:08.084 01/01/2011]',-19.400,45.001,45.201,48.201,47.801,0.500
'[00:00:08.085 01/01/2011]',-18.100,44.701,45.201,48.201,48.101,0.500
'[00:00:08.086 01/01/2011]',-17.100,44.401,45.101,48.201,48.401,0.500
'[00:00:08.087 01/01/2011]',-16.800,44.401,45.001,48.301,48.701,0.500
'[00:00:08.088 01/01/2011]',-17.000,44.801,45.201,48.401,48.701,0.500
'[00:00:08.089 01/01/2011]',-17.300,45.701,45.501,48.501,48.501,0.500
'[00:00:08.090 01/01/2011]',-17.400,46.701,45.701,48.701,48.101,0.500
'[00:00:08.091 01/01/2011]',-17.300,47.501,45.701,48.701,47.701,0.500
'[00:00:08.092 01/01/2011]',-17.200,48.001,45.301,48.501,47.401,0.500
'[00:00:08.093 01/01/2011]',-17.500,48.101,44.601,48.301,47.301,0.500
'[00:00:08.094 01/01/2011]',-18.300,47.901,44.001,47.901,47.301,0.500
'[00:00:08.095 01/01/2011]',-19.300,47.601,43.701,47.501,47.301,0.500
'[00:00:08.096 01/01/2011]',-20.200,47.401,43.701,47.201,47.201,0.500
'[00:00:08.097 01/01/2011]',-20.500,47.201,43.901,46.901,46.901,0.500
'[00:00:08.098 01/01/2011]',-20.200,47.001,44.201,46.701,46.601,0.500
'[00:00:08.099 01/01/2011]',-19.700,46.701,44.201,46.601,46.201,0.500
'[00:00:08.100 01/01/2011]',-19.300,46.301,44.201,46.601,46.001,0.500
'[00:00:08.101 01/01/2011]',-19.100,45.601,44.201,46.601,45.801,0.500
'[00:00:08.102 01/01/2011]',-19.200,45.001,44.301,46.801,45.801,0.500
'[00:00:08.103 01/01/2011]',-19.300,44.601,44.601,46.901,46.001,0.500
'[00:00:08.104 01/01/2011]',-19.300,44.501,44.901,47.201,46.201,0.500
'[00:00:08.105 01/01/2011]',-19.200,44.901,45.001,47.501,46.501,0.500
'[00:00:08.106 01/01/2011]',-19.100,45.601,44.901,47.801,46.801,0.500
'[00:00:08.107 01/01/2011]',-19.000,46.301,44.801,48.101,47.101,0.500
'[00:00:08.108 01/01/2011]',-18.800,46.901,44.701,48.301,47.501,0.500
'[00:00:08.109 01/01/2011]',-18.100,47.101,44.801,48.501,47.701,0.500
'[00:00:08.110 01/01/2011]',-17.000,47.001,45.101,48.701,47.801,0.500
'[00:00:08.111 01/01/2011]',-15.900,46.801,45.201,48.801,47.701,0.500
'[00:00:08.112 01/01/2011]',-15.300,46.701,44.901,48.901,47.601,0.500
'[00:00:08.113 01/01/2011]',-15.700,46.701,44.301,48.901,47.401,0.500
'[00:00:08.114 01/01/2011]',-16.800,47.101,43.601,48.901,47.301,0.500
'[00:00:08.115 01/01/2011]',-18.100,47.401,43.101,48.901,47.501,0.500
'[00:00:08.116 01/01/2011]',-18.600,47.601,42.901,48.901,47.901,0.500
'[00:00:08.117 01/01/2011]',-17.500,47.301,43.001,48.701,48.301,0.500
'[00:00:08.118 01/01/2011]',-15.200,46.601,43.001,48.301,48.601,0.500
'[00:00:08.119 01/01/2011]',-12.500,45.501,42.701,47.701,48.701,0.500
'[00:00:08.120 01/01/2011]',-10.500,44.301,42.101,47.001,48.701,0.500
'[00:00:08.121 01/01/2011]',-10.000,43.301,41.201,46.501,48.601,0.500
'[00:00:08.122 01/01/2011]',-10.800,42.801,40.501,46.301,48.601,0.500
'[00:00:08.123 01/01/2011]',-12.000,42.701,40.301,46.601,48.601,0.500
'[00:00:08.124 01/01/2011]',-12.500,42.901,40.701,47.301,48.601,0.500
'[00:00:08.125 01/01/2011]',-11.600,43.401,41.201,48.101,48.401,0.500
'[00:00:08.126 01/01/2011]',-9.500,43.801,41.701,48.801,48.001,0.500
'[00:00:08.127 01/01/2011]',-7.300,44.201,41.701,49.101,47.501,0.500
'[00:00:08.128 01/01/2011]',-6.100,44.601,41.401,49.101,47.101,0.500
'[00:00:08.129 01/01/2011]',-6.500,45.001,41.101,49.001,46.801,0.500
'[00:00:08.130 01/01/2011]',-8.200,45.501,41.001,48.701,46.801,0.500
'[00:00:08.131 01/01/2011]',-10.100,45.801,41.401,48.501,46.801,0.500
'[00:00:08.132 01/01/2011]',-11.000,46.001,42.001,48.401,46.801,0.500
'[00:00:08.133 01/01/2011]',-10.100,45.901,42.601,48.401,46.801,0.500
'[00:00:08.134 01/01/2011]',-7.800,45.601,43.101,48.501,47.001,0.500
'[00:00:08.135 01/01/2011]',-5.100,45.201,43.201,48.501,47.201,0.500
'[00:00:08.136 01/01/2011]',-3.400,44.601,43.201,48.601,47.701,0.500
'[00:00:08.137 01/01/2011]',-3.200,44.101,43.101,48.501,48.101,0.500
'[00:00:08.138 01/01/2011]',-4.400,43.501,43.001,48.201,48.401,0.500
'[00:00:08.139 01/01/2011]',-6.000,43.001,42.901,47.801,48.301,0.500
'[00:00:08.140 01/01/2011]',-7.000,42.501,42.601,47.201,48.001,0.500
'[00:00:08.141 01/01/2011]',-7.200,42.101,42.001,46.501,47.701,0.500
'[00:00:08.142 01/01/2011]',-6.900,41.801,41.101,45.901,47.501,0.500
'[00:00:08.143 01/01/2011]',-7.100,41.701,40.101,45.501,47.501,0.500
'[00:00:08.144 01/01/2011]',-8.100,41.701,39.201,45.401,47.601,0.500
'[00:00:08.145 01/01/2011]',-9.900,41.701,38.701,45.701,47.601,0.500
'[00:00:08.146 01/01/2011]',-11.800,41.901,38.501,46.201,47.401,0.500
'[00:00:08.147 01/01/2011]',-13.000,42.401,38.601,46.901,47.001,0.500
'[00:00:08.148 01/01/2011]',-13.500,43.001,38.601,47.401,46.501,0.500
'[00:00:08.149 01/01/2011]',-13.800,43.901,38.501,47.601,46.101,0.500
'[00:00:08.150 01/01/2011]',-14.500,44.801,38.201,47.401,45.601,0.500
'[00:00:08.151 01/01/2011]',-16.000,45.601,37.901,46.901,45.201,0.500
'[00:00:08.152 01/01/2011]',-17.800,46.101,37.801,46.301,44.701,0.500
'[00:00:08.153 01/01/2011]',-19.400,46.201,37.901,46.001,44.201,0.500
'[00:00:08.154 01/01/2011]',-20.000,45.901,38.301,46.301,44.101,0.500
'[00:00:08.155 01/01/2011]',-19.700,45.501,38.701,46.801,44.201,0.500
'[00:00:08.156 01/01/2011]',-18.900,44.901,39.001,47.401,44.601,0.500
'[00:00:08.157 01/01/2011]',-18.400,44.301,39.101,47.701,44.901,0.500
'[00:00:08.158 01/01/2011]',-18.700,43.701,38.901,47.301,44.801,0.500
'[00:00:08.159 01/01/2011]',-19.600,43.101,38.901,46.501,44.501,0.500
'[00:00:08.160 01/01/2011]',-20.600,42.401,39.101,45.701,43.801,0.500
'[00:00:08.161 01/01/2011]',-21.200,41.901,39.601,45.101,43.301,0.500
'[00:00:08.162 01/01/2011]',-21.300,41.601,40.301,45.101,43.201,0.500
'[00:00:08.163 01/01/2011]',-21.200,41.801,40.901,45.401,43.501,0.500
'[00:00:08.164 01/01/2011]',-21.400,42.301,41.201,45.901,43.901,0.500
'[00:00:08.165 01/01/2011]',-22.200,43.001,41.101,46.101,44.301,0.500
'[00:00:08.166 01/01/2011]',-23.100,43.601,40.801,46.001,44.301,0.500
'[00:00:08.167 01/01/2011]',-23.500,44.001,40.501,45.601,44.001,0.500
'[00:00:08.168 01/01/2011]',-22.900,44.001,40.301,45.201,43.601,0.500
'[00:00:08.169 01/01/2011]',-21.300,43.901,40.401,45.001,43.401,0.500
'[00:00:08.170 01/01/2011]',-19.300,44.001,40.501,45.001,43.401,0.500
'[00:00:08.171 01/01/2011]',-17.900,44.401,40.501,45.201,43.801,0.500
'[00:00:08.172 01/01/2011]',-17.700,45.101,40.401,45.601,44.301,0.500
'[00:00:08.173 01/01/2011]',-18.700,45.801,40.301,45.901,44.801,0.500
'[00:00:08.174 01/01/2011]',-20.200,46.301,40.201,46.301,45.201,0.500
'[00:00:08.175 01/01/2011]',-21.500,46.301,40.201,46.701,45.401,0.500
'[00:00:08.176 01/01/2011]',-21.900,45.701,40.201,47.001,45.501,0.500
'[00:00:08.177 01/01/2011]',-21.600,44.901,40.301,47.201,45.301,0.500
'[00:00:08.178 01/01/2011]',-21.000,44.001,40.501,47.001,44.901,0.500
'[00:00:08.179 01/01/2011]',-20.500,43.401,40.801,46.601,44.301,0.500
'[00:00:08.180 01/01/2011]',-20.300,43.101,41.401,46.001,43.401,0.500
'[00:00:08.181 01/01/2011]',-20.400,43.001,42.301,45.401,42.401,0.500
'[00:00:08.182 01/01/2011]',-20.400,43.201,43.401,44.901,41.401,0.500
'[00:00:08.183 01/01/2011]',-20.400,43.601,44.501,44.801,40.401,0.500
'[00:00:08.184 01/01/2011]',-20.200,44.301,45.701,44.901,39.301,0.500
'[00:00:08.185 01/01/2011]',-20.100,45.401,47.001,45.201,38.301,0.500
'[00:00:08.186 01/01/2011]',-20.000,46.901,48.701,45.601,37.301,0.500
'[00:00:08.187 01/01/2011]',-20.000,48.801,51.101,45.901,36.201,0.500
'[00:00:08.188 01/01/2011]',-20.000,50.601,54.001,46.401,35.301,0.500
'[00:00:08.189 01/01/2011]',-20.100,52.301,57.101,47.101,34.601,0.500
'[00:00:08.190 01/01/2011]',-20.400,53.501,60.001,48.101,34.101,0.500
'[00:00:08.191 01/01/2011]',-20.900,54.401,62.201,49.401,34.101,0.500
'[00:00:08.192 01/01/2011]',-21.200,54.901,63.801,50.901,34.701,0.500
'[00:00:08.193 01/01/2011]',-21.200,55.301,65.101,52.401,35.901,0.500
'[00:00:08.194 01/01/2011]',-20.800,55.601,66.401,53.801,37.801,0.500
'[00:00:08.195 01/01/2011]',-20.400,55.901,68.001,55.001,40.101,0.500
'[00:00:08.196 01/01/2011]',-20.400,56.001,69.801,56.001,42.901,0.500
'[00:00:08.197 01/01/2011]',-21.300,56.001,71.701,57.101,46.101,0.500
'[00:00:08.198 01/01/2011]',-23.000,55.801,73.301,58.301,49.701,0.500
'[00:00:08.199 01/01/2011]',-24.700,55.301,74.601,59.901,53.901,0.500
'[00:00:08.200 01/01/2011]',-25.900,54.501,75.601,61.601,58.601,0.500
'[00:00:08.201 01/01/2011]',-26.300,53.501,76.401,63.301,63.901,0.500
'[00:00:08.202 01/01/2011]',-25.900,52.201,76.801,64.901,69.701,0.500
'[00:00:08.203 01/01/2011]',-25.500,50.601,76.601,66.201,75.801,0.500
'[00:00:08.204 01/01/2011]',-25.600,48.701,75.601,67.301,82.001,0.500
'[00:00:08.205 01/01/2011]',-26.300,46.801,74.001,68.401,88.301,0.500
'[00:00:08.206 01/01/2011]',-27.400,44.901,71.901,69.601,94.401,0.500
'[00:00:08.207 01/01/2011]',-28.700,43.001,69.601,70.801,100.302,0.500
'[00:00:08.208 01/01/2011]',-29.700,41.101,67.001,72.001,106.102,0.500
'[00:00:08.209 01/01/2011]',-30.300,39.101,64.101,73.101,112.002,0.500
'[00:00:08.210 01/01/2011]',-30.500,36.901,60.601,74.001,118.202,0.500
'[00:00:08.211 01/01/2011]',-30.500,34.401,56.501,74.701,124.802,0.500
'[00:00:08.212 01/01/2011]',-30.400,31.600,52.101,75.301,131.802,0.500
'[00:00:08.213 01/01/2011]',-30.400,28.600,47.701,75.701,138.802,0.500
'[00:00:08.214 01/01/2011]',-30.600,25.600,43.701,76.001,145.102,0.500
'[00:00:08.215 01/01/2011]',-31.200,22.700,40.201,75.801,150.202,0.500
'[00:00:08.216 01/01/2011]',-32.300,19.900,37.001,75.101,154.102,0.500
'[00:00:08.217 01/01/2011]',-33.601,17.400,34.301,74.001,156.802,0.500
'[00:00:08.218 01/01/2011]',-34.801,15.100,31.900,72.601,158.402,0.500
'[00:00:08.219 01/01/2011]',-35.401,13.300,29.800,71.101,158.702,0.500
'[00:00:08.220 01/01/2011]',-35.101,12.000,28.000,69.401,157.602,0.500
'[00:00:08.221 01/01/2011]',-33.901,10.900,26.000,67.201,154.602,0.500
'[00:00:08.222 01/01/2011]',-32.300,9.900,23.200,64.101,149.502,0.500
'[00:00:08.223 01/01/2011]',-30.800,8.900,19.200,60.101,142.502,0.500
'[00:00:08.224 01/01/2011]',-30.200,7.700,13.800,55.301,134.302,0.500
'[00:00:08.225 01/01/2011]',-30.700,6.400,7.600,50.501,126.002,0.500
'[00:00:08.226 01/01/2011]',-32.100,5.400,1.500,46.301,118.402,0.500
'[00:00:08.227 01/01/2011]',-33.501,5.000,-3.600,43.201,112.002,0.500
'[00:00:08.228 01/01/2011]',-34.001,5.200,-7.300,41.201,106.702,0.500
'[00:00:08.229 01/01/2011]',-32.500,5.900,-9.700,39.701,101.802,0.500
'[00:00:08.230 01/01/2011]',-28.900,6.800,-11.500,38.201,96.401,0.500
'[00:00:08.231 01/01/2011]',-23.500,7.700,-13.100,36.201,90.101,0.500
'[00:00:08.232 01/01/2011]',-17.000,8.500,-14.700,33.401,82.701,0.500
'[00:00:08.233 01/01/2011]',-9.900,9.500,-16.100,30.300,74.901,0.500
'[00:00:08.234 01/01/2011]',-2.400,10.700,-16.700,27.600,67.701,0.500
'[00:00:08.235 01/01/2011]',5.900,12.400,-15.900,25.900,62.001,0.500
'[00:00:08.236 01/01/2011]',15.400,14.400,-13.400,25.500,58.201,0.500
'[00:00:08.237 01/01/2011]',26.300,16.400,-9.500,26.100,56.101,0.500
'[00:00:08.238 01/01/2011]',37.901,18.200,-4.700,27.400,54.901,0.500
'[00:00:08.239 01/01/2011]',49.001,19.700,0.100,28.900,53.901,0.500
'[00:00:08.240 01/01/2011]',58.401,21.000,4.700,30.300,52.901,0.500
'[00:00:08.241 01/01/2011]',65.101,22.200,8.800,31.700,51.901,0.500
'[00:00:08.242 01/01/2011]',69.101,23.500,12.700,33.201,51.601,0.500
'[00:00:08.243 01/01/2011]',71.101,24.900,16.800,35.101,52.301,0.500
'[00:00:08.244 01/01/2011]',71.801,26.400,21.400,37.101,54.001,0.500
'[00:00:08.245 01/01/2011]',72.001,28.000,26.400,39.101,55.901,0.500
'[00:00:08.246 01/01/2011]',71.901,29.700,31.500,40.701,57.501,0.500
'[00:00:08.247 01/01/2011]',71.101,31.500,36.101,42.001,58.201,0.500
'[00:00:08.248 01/01/2011]',69.401,33.301,39.901,43.201,58.201,0.500
'[00:00:08.249 01/01/2011]',66.901,35.201,42.801,44.401,57.801,0.500
'[00:00:08.250 01/01/2011]',63.901,36.901,45.101,45.801,57.501,0.500
'[00:00:08.251 01/01/2011]',60.901,38.201,47.001,47.201,57.601,0.500
'[00:00:08.252 01/01/2011]',58.401,39.201,48.601,48.301,57.601,0.500
'[00:00:08.253 01/01/2011]',56.301,39.901,49.801,48.701,57.301,0.500
'[00:00:08.254 01/01/2011]',53.901,40.201,50.201,48.201,56.201,0.500
'[00:00:08.255 01/01/2011]',50.401,40.201,49.701,46.901,54.101,0.500
'[00:00:08.256 01/01/2011]',44.801,39.801,48.201,44.901,51.101,0.500
'[00:00:08.257 01/01/2011]',36.801,39.101,45.801,42.601,47.701,0.500
'[00:00:08.258 01/01/2011]',26.500,38.001,42.801,40.001,44.201,0.500
'[00:00:08.259 01/01/2011]',14.600,36.801,39.701,37.601,41.201,0.500
'[00:00:08.260 01/01/2011]',2.400,35.901,36.901,35.601,38.801,0.500
'[00:00:08.261 01/01/2011]',-9.100,35.401,34.901,34.301,37.101,0.500
'[00:00:08.262 01/01/2011]',-18.800,35.301,33.801,34.001,36.201,0.500
'[00:00:08.263 01/01/2011]',-26.000,35.601,33.801,34.601,35.801,0.500
'[00:00:08.264 01/01/2011]',-30.100,36.201,34.401,35.901,35.901,0.500
'[00:00:08.265 01/01/2011]',-30.800,36.901,35.501,37.301,36.201,0.500
'[00:00:08.266 01/01/2011]',-28.300,37.601,36.601,38.301,36.601,0.500
'[00:00:08.267 01/01/2011]',-23.200,38.401,37.401,38.901,36.801,0.500
'[00:00:08.268 01/01/2011]',-16.900,39.101,38.101,38.901,37.001,0.500
'[00:00:08.269 01/01/2011]',-10.700,39.601,38.501,38.701,37.001,0.500
'[00:00:08.270 01/01/2011]',-5.400,39.901,38.901,38.601,36.901,0.500
'[00:00:08.271 01/01/2011]',-1.600,40.001,39.301,38.601,36.901,0.500
'[00:00:08.272 01/01/2011]',1.100,40.101,39.601,38.801,37.001,0.500
'[00:00:08.273 01/01/2011]',3.100,40.401,39.701,39.001,37.101,0.500
'[00:00:08.274 01/01/2011]',4.700,40.901,39.701,39.101,37.201,0.500
'[00:00:08.275 01/01/2011]',5.900,41.101,39.401,39.001,37.301,0.500
'[00:00:08.276 01/01/2011]',6.200,41.001,39.101,38.901,37.201,0.500
'[00:00:08.277 01/01/2011]',5.600,40.301,38.901,38.801,37.001,0.500
'[00:00:08.278 01/01/2011]',4.400,39.301,38.801,38.801,36.901,0.500
'[00:00:08.279 01/01/2011]',3.300,38.701,38.901,39.101,36.801,0.500
'[00:00:08.280 01/01/2011]',3.000,38.601,39.201,39.701,36.901,0.500
'[00:00:08.281 01/01/2011]',3.700,39.101,39.701,40.501,37.101,0.500
'[00:00:08.282 01/01/2011]',4.700,39.801,40.101,41.201,37.301,0.500
'[00:00:08.283 01/01/2011]',5.400,40.101,40.501,41.701,37.501,0.500
'[00:00:08.284 01/01/2011]',5.300,39.901,40.801,41.801,37.801,0.500
'[00:00:08.285 01/01/2011]',4.300,39.401,41.101,41.901,38.201,0.500
'[00:00:08.286 01/01/2011]',3.300,39.601,41.401,42.101,38.901,0.500
'[00:00:08.287 01/01/2011]',3.000,40.801,41.901,42.601,39.901,0.500
'[00:00:08.288 01/01/2011]',3.500,42.701,42.401,43.301,40.901,0.500
'[00:00:08.289 01/01/2011]',4.400,44.301,42.801,43.901,41.601,0.500
'[00:00:08.290 01/01/2011]',5.000,44.701,42.901,43.901,41.601,0.500
'[00:00:08.291 01/01/2011]',4.900,43.401,42.801,43.301,41.101,0.500
'[00:00:08.292 01/01/2011]',4.300,41.101,42.601,42.301,40.201,0.500
'[00:00:08.293 01/01/2011]',3.700,39.201,42.401,41.501,39.601,0.500
'[00:00:08.294 01/01/2011]',3.400,39.101,42.401,41.501,39.401,0.500
'[00:00:08.295 01/01/2011]',3.600,40.901,42.601,42.301,39.601,0.500
'[00:00:08.296 01/01/2011]',3.700,43.901,42.901,43.601,40.201,0.500
'[00:00:08.297 01/01/2011]',3.500,46.401,43.201,44.801,40.801,0.500
'[00:00:08.298 01/01/2011]',2.900,47.401,43.401,45.301,41.101,0.500
'[00:00:08.299 01/01/2011]',2.400,46.601,43.401,45.001,41.301,0.500
'[00:00:08.300 01/01/2011]',2.400,44.801,43.301,44.301,41.501,0.500
'[00:00:08.301 01/01/2011]',2.900,43.201,43.301,43.601,41.701,0.500
'[00:00:08.302 01/01/2011]',3.700,42.601,43.401,43.401,42.101,0.500
'[00:00:08.303 01/01/2011]',4.000,43.101,43.701,43.701,42.501,0.500
'[00:00:08.304 01/01/2011]',3.600,44.101,43.901,44.301,42.801,0.500
'[00:00:08.305 01/01/2011]',2.900,44.901,44.001,44.801,42.801,0.500
'[00:00:08.306 01/01/2011]',2.500,45.401,43.801,44.901,42.601,0.500
'[00:00:08.307 01/01/2011]',3.000,45.601,43.401,44.701,42.301,0.500
'[00:00:08.308 01/01/2011]',4.300,46.001,42.901,44.301,42.001,0.500
'[00:00:08.309 01/01/2011]',5.400,46.701,42.601,44.101,41.801,0.500
'[00:00:08.310 01/01/2011]',5.500,47.401,42.401,44.001,41.601,0.500
'[00:00:08.311 01/01/2011]',4.200,47.901,42.401,44.201,41.601,0.500
'[00:00:08.312 01/01/2011]',2.100,47.901,42.601,44.401,41.601,0.500
'[00:00:08.313 01/01/2011]',0.200,47.701,42.701,44.701,41.701,0.500
'[00:00:08.314 01/01/2011]',-0.300,47.301,42.801,44.901,41.801,0.500
'[00:00:08.315 01/01/2011]',0.700,47.201,42.801,45.101,42.201,0.500
'[00:00:08.316 01/01/2011]',2.700,47.301,42.801,45.401,42.501,0.500
'[00:00:08.317 01/01/2011]',4.600,47.401,42.801,45.701,43.001,0.500
'[00:00:08.318 01/01/2011]',5.500,47.301,42.901,46.001,43.401,0.500
'[00:00:08.319 01/01/2011]',5.300,46.901,43.101,46.201,43.701,0.500
'[00:00:08.320 01/01/2011]',4.400,46.301,43.201,46.201,43.901,0.500
'[00:00:08.321 01/01/2011]',3.600,45.901,43.401,46.101,44.001,0.500
'[00:00:08.322 01/01/2011]',3.300,45.801,43.501,45.901,44.001,0.500
'[00:00:08.323 01/01/2011]',3.600,46.001,43.701,45.801,44.001,0.500
'[00:00:08.324 01/01/2011]',4.000,46.501,43.901,45.901,44.001,0.500
'[00:00:08.325 01/01/2011]',4.200,47.001,44.101,46.101,44.001,0.500
'[00:00:08.326 01/01/2011]',4.000,47.301,44.101,46.401,44.201,0.500
'[00:00:08.327 01/01/2011]',3.500,47.501,43.901,46.701,44.401,0.500
'[00:00:08.328 01/01/2011]',2.900,47.701,43.601,47.001,44.701,0.500
'[00:00:08.329 01/01/2011]',2.700,48.101,43.301,47.301,44.801,0.500
'[00:00:08.330 01/01/2011]',2.900,48.601,43.301,47.801,44.801,0.500
'[00:00:08.331 01/01/2011]',3.400,49.201,43.601,48.401,44.701,0.500
'[00:00:08.332 01/01/2011]',3.900,49.801,44.001,49.001,44.401,0.500
'[00:00:08.333 01/01/2011]',4.200,50.101,44.401,49.501,44.301,0.500
'[00:00:08.334 01/01/2011]',4.000,50.201,44.501,49.701,44.301,0.500
'[00:00:08.335 01/01/2011]',3.600,49.801,44.501,49.601,44.501,0.500
'[00:00:08.336 01/01/2011]',3.300,49.301,44.301,49.201,45.001,0.500
'[00:00:08.337 01/01/2011]',3.600,48.701,44.401,48.801,45.501,0.500
'[00:00:08.338 01/01/2011]',4.700,48.301,44.801,48.601,46.101,0.500
'[00:00:08.339 01/01/2011]',6.300,48.001,45.501,48.501,46.401,0.500
'[00:00:08.340 01/01/2011]',7.800,47.801,46.201,48.501,46.601,0.500
'[00:00:08.341 01/01/2011]',8.400,47.601,46.601,48.401,46.701,0.500
'[00:00:08.342 01/01/2011]',7.800,47.201,46.501,48.201,46.601,0.500
'[00:00:08.343 01/01/2011]',6.100,46.701,46.101,47.901,46.601,0.500
'[00:00:08.344 01/01/2011]',4.300,46.501,45.601,47.701,46.701,0.500
'[00:00:08.345 01/01/2011]',3.300,46.601,45.401,47.901,46.901,0.500
'[00:00:08.346 01/01/2011]',3.600,47.401,45.601,48.601,47.101,0.500
'[00:00:08.347 01/01/2011]',5.000,48.601,46.001,49.501,47.301,0.500
'[00:00:08.348 01/01/2011]',7.000,49.801,46.401,50.401,47.501,0.500
'[00:00:08.349 01/01/2011]',8.600,50.501,46.401,50.801,47.501,0.500
'[00:00:08.350 01/01/2011]',9.300,50.301,46.001,50.701,47.401,0.500
'[00:00:08.351 01/01/2011]',9.000,49.501,45.101,50.001,47.101,0.500
'[00:00:08.352 01/01/2011]',8.200,48.401,44.301,49.301,46.701,0.500
'[00:00:08.353 01/01/2011]',7.300,47.701,43.901,48.801,46.401,0.500
'[00:00:08.354 01/01/2011]',6.400,47.701,43.901,48.801,46.301,0.500
'[00:00:08.355 01/01/2011]',5.700,48.301,44.301,49.201,46.301,0.500
'[00:00:08.356 01/01/2011]',5.000,49.001,44.801,49.801,46.601,0.500
'[00:00:08.357 01/01/2011]',4.600,49.201,45.001,50.201,46.901,0.500
'[00:00:08.358 01/01/2011]',4.900,48.801,45.001,50.401,47.301,0.500
'[00:00:08.359 01/01/2011]',5.800,48.001,44.901,50.601,47.601,0.500
'[00:00:08.360 01/01/2011]',7.300,47.201,44.901,50.701,47.801,0.500
'[00:00:08.361 01/01/2011]',8.800,46.801,45.001,51.001,47.901,0.500
'[00:00:08.362 01/01/2011]',9.600,46.901,45.301,51.201,48.201,0.500
'[00:00:08.363 01/01/2011]',9.600,47.401,45.401,51.401,48.501,0.500
'[00:00:08.364 01/01/2011]',8.800,48.001,45.301,51.301,48.801,0.500
'[00:00:08.365 01/01/2011]',8.200,48.601,45.201,51.001,49.001,0.500
'[00:00:08.366 01/01/2011]',8.100,49.001,45.101,50.701,49.101,0.500
'[00:00:08.367 01/01/2011]',8.700,49.401,45.301,50.401,49.001,0.500
'[00:00:08.368 01/01/2011]',9.700,49.901,45.701,50.401,48.901,0.500
'[00:00:08.369 01/01/2011]',10.200,50.301,46.101,50.601,48.801,0.500
'[00:00:08.370 01/01/2011]',10.000,50.501,46.201,50.701,48.901,0.500
'[00:00:08.371 01/01/2011]',9.200,50.501,46.001,50.801,49.001,0.500
'[00:00:08.372 01/01/2011]',8.300,50.501,45.601,50.801,49.101,0.500
'[00:00:08.373 01/01/2011]',8.100,50.601,45.201,50.801,49.101,0.500
'[00:00:08.374 01/01/2011]',8.800,50.901,45.101,50.901,48.901,0.500
'[00:00:08.375 01/01/2011]',10.400,51.301,45.001,51.001,48.501,0.500
'[00:00:08.376 01/01/2011]',12.200,51.501,45.001,50.901,48.201,0.500
'[00:00:08.377 01/01/2011]',13.600,51.001,44.801,50.701,48.001,0.500
'[00:00:08.378 01/01/2011]',14.400,49.901,44.401,50.201,47.901,0.500
'[00:00:08.379 01/01/2011]',14.500,48.401,43.901,49.601,47.901,0.500
'[00:00:08.380 01/01/2011]',14.300,47.001,43.501,49.001,48.001,0.500
'[00:00:08.381 01/01/2011]',14.200,46.001,43.401,48.601,48.101,0.500
'[00:00:08.382 01/01/2011]',14.400,45.601,43.501,48.401,48.101,0.500
'[00:00:08.383 01/01/2011]',15.000,45.601,43.701,48.401,48.101,0.500
'[00:00:08.384 01/01/2011]',15.600,45.901,43.901,48.501,48.101,0.500
'[00:00:08.385 01/01/2011]',16.000,46.101,44.001,48.501,48.201,0.500
'[00:00:08.386 01/01/2011]',16.000,46.401,44.301,48.601,48.501,0.500
'[00:00:08.387 01/01/2011]',15.400,46.801,44.701,48.801,49.001,0.500
'[00:00:08.388 01/01/2011]',14.500,47.401,45.301,49.301,49.701,0.500
'[00:00:08.389 01/01/2011]',13.700,48.101,45.701,49.901,50.301,0.500
'[00:00:08.390 01/01/2011]',13.500,49.001,46.001,50.501,50.701,0.500
'[00:00:08.391 01/01/2011]',13.800,49.701,45.901,51.001,50.801,0.500
'[00:00:08.392 01/01/2011]',14.600,50.301,45.501,51.301,50.801,0.500
'[00:00:08.393 01/01/2011]',15.400,50.601,45.301,51.601,50.801,0.500
'[00:00:08.394 01/01/2011]',15.900,50.601,45.201,51.801,50.901,0.500
'[00:00:08.395 01/01/2011]',16.100,50.301,45.401,52.101,51.301,0.500
'[00:00:08.396 01/01/2011]',16.300,49.601,45.601,52.501,51.801,0.500
'[00:00:08.397 01/01/2011]',16.800,48.801,45.701,52.901,52.301,0.500
'[00:00:08.398 01/01/2011]',17.600,47.801,45.401,53.201,52.701,0.500
'[00:00:08.399 01/01/2011]',18.500,47.101,45.001,53.301,52.901,0.500
'[00:00:08.400 01/01/2011]',19.000,46.601,44.701,53.101,52.901,0.500
'[00:00:08.401 01/01/2011]',18.800,46.601,44.801,52.701,53.001,0.500
'[00:00:08.402 01/01/2011]',18.000,46.801,45.101,52.301,53.201,0.500
'[00:00:08.403 01/01/2011]',17.200,47.001,45.601,51.801,53.601,0.500
'[00:00:08.404 01/01/2011]',16.900,47.001,46.101,51.601,54.001,0.500
'[00:00:08.405 01/01/2011]',17.400,47.001,46.301,51.601,54.301,0.500
'[00:00:08.406 01/01/2011]',18.300,46.901,46.201,51.801,54.401,0.500
'[00:00:08.407 01/01/2011]',19.200,47.101,46.001,52.401,54.301,0.500
'[00:00:08.408 01/01/2011]',19.700,47.501,45.901,53.201,54.301,0.500
'[00:00:08.409 01/01/2011]',19.600,48.301,46.101,54.001,54.601,0.500
'[00:00:08.410 01/01/2011]',19.200,49.001,46.601,54.701,55.201,0.500
'[00:00:08.411 01/01/2011]',19.000,49.601,47.301,55.201,56.201,0.500
'[00:00:08.412 01/01/2011]',19.100,49.901,48.101,55.401,57.201,0.500
'[00:00:08.413 01/01/2011]',19.200,49.801,48.601,55.201,57.901,0.500
'[00:00:08.414 01/01/2011]',19.000,49.401,48.901,54.801,58.301,0.500
'[00:00:08.415 01/01/2011]',18.200,48.901,48.801,54.401,58.301,0.500
'[00:00:08.416 01/01/2011]',16.900,48.401,48.501,54.101,58.101,0.500
'[00:00:08.417 01/01/2011]',15.600,48.001,48.101,54.001,58.001,0.500
'[00:00:08.418 01/01/2011]',15.100,47.801,47.701,53.901,58.101,0.500
'[00:00:08.419 01/01/2011]',15.600,47.601,47.301,53.901,58.301,0.500
'[00:00:08.420 01/01/2011]',16.800,47.601,47.201,53.701,58.501,0.500
'[00:00:08.421 01/01/2011]',18.000,47.601,47.201,53.501,58.501,0.500
'[00:00:08.422 01/01/2011]',18.400,47.501,47.201,53.401,58.401,0.500
'[00:00:08.423 01/01/2011]',17.900,47.301,47.201,53.601,58.201,0.500
'[00:00:08.424 01/01/2011]',16.700,47.101,47.001,54.001,58.101,0.500
'[00:00:08.425 01/01/2011]',15.800,46.901,46.801,54.701,58.201,0.500
'[00:00:08.426 01/01/2011]',15.500,46.901,46.401,55.101,58.501,0.500
'[00:00:08.427 01/01/2011]',16.100,47.201,46.101,55.301,59.001,0.500
'[00:00:08.428 01/01/2011]',17.100,47.601,45.901,55.101,59.601,0.500
'[00:00:08.429 01/01/2011]',17.500,48.201,45.801,54.801,60.101,0.500
'[00:00:08.430 01/01/2011]',16.900,48.701,45.801,54.701,60.501,0.500
'[00:00:08.431 01/01/2011]',15.400,48.901,45.701,55.001,60.801,0.500
'[00:00:08.432 01/01/2011]',13.500,48.801,45.501,55.801,61.101,0.500
'[00:00:08.433 01/01/2011]',12.200,48.601,45.201,56.601,61.601,0.500
'[00:00:08.434 01/01/2011]',11.900,48.301,44.801,57.201,62.301,0.500
'[00:00:08.435 01/01/2011]',12.500,48.001,44.501,57.301,62.901,0.500
'[00:00:08.436 01/01/2011]',13.600,47.701,44.101,56.901,63.601,0.500
'[00:00:08.437 01/01/2011]',14.400,47.301,43.901,56.201,64.001,0.500
'[00:00:08.438 01/01/2011]',14.700,46.701,43.701,55.601,64.401,0.500
'[00:00:08.439 01/01/2011]',14.300,45.901,43.501,55.301,64.701,0.500
'[00:00:08.440 01/01/2011]',13.700,45.101,43.301,55.201,65.001,0.500
'[00:00:08.441 01/01/2011]',13.200,44.201,42.901,55.201,65.301,0.500
'[00:00:08.442 01/01/2011]',12.900,43.601,42.301,55.101,65.501,0.500
'[00:00:08.443 01/01/2011]',12.500,43.001,41.601,54.801,65.701,0.500
'[00:00:08.444 01/01/2011]',11.900,42.701,40.901,54.401,65.801,0.500
'[00:00:08.445 01/01/2011]',10.900,42.501,40.301,54.001,66.001,0.500
'[00:00:08.446 01/01/2011]',9.800,42.601,40.101,53.901,66.401,0.500
'[00:00:08.447 01/01/2011]',9.000,42.901,40.301,54.201,67.101,0.500
'[00:00:08.448 01/01/2011]',8.700,43.301,40.601,54.901,68.101,0.500
'[00:00:08.449 01/01/2011]',9.000,43.901,40.901,55.701,69.201,0.500
'[00:00:08.450 01/01/2011]',9.800,44.301,41.101,56.401,70.101,0.500
'[00:00:08.451 01/01/2011]',10.600,44.501,41.201,56.901,70.801,0.500
'[00:00:08.452 01/01/2011]',11.000,44.401,41.101,57.101,71.001,0.500
'[00:00:08.453 01/01/2011]',10.800,44.301,41.001,57.101,70.901,0.500
'[00:00:08.454 01/01/2011]',9.900,44.101,40.801,56.901,70.601,0.500
'[00:00:08.455 01/01/2011]',8.600,44.001,40.501,56.501,70.301,0.500
'[00:00:08.456 01/01/2011]',7.300,43.801,40.101,56.001,70.101,0.500
'[00:00:08.457 01/01/2011]',6.400,43.601,39.601,55.501,70.201,0.500
'[00:00:08.458 01/01/2011]',5.900,43.001,39.301,55.001,70.701,0.500
'[00:00:08.459 01/01/2011]',5.600,42.401,39.301,54.901,71.501,0.500
'[00:00:08.460 01/01/2011]',5.200,41.701,39.601,55.001,72.601,0.500
'[00:00:08.461 01/01/2011]',4.500,41.301,40.001,55.301,73.501,0.500
'[00:00:08.462 01/01/2011]',3.700,41.201,40.401,55.601,74.101,0.500
'[00:00:08.463 01/01/2011]',3.000,41.201,40.601,55.601,74.101,0.500
'[00:00:08.464 01/01/2011]',3.000,41.101,40.401,55.401,73.601,0.500
'[00:00:08.465 01/01/2011]',3.700,40.901,40.001,55.101,73.001,0.500
'[00:00:08.466 01/01/2011]',4.800,40.401,39.701,54.901,72.701,0.500
'[00:00:08.467 01/01/2011]',5.600,40.001,39.601,55.101,72.901,0.500
'[00:00:08.468 01/01/2011]',5.600,39.801,39.701,55.701,73.501,0.500
'[00:00:08.469 01/01/2011]',4.500,40.101,40.101,56.401,74.601,0.500
'[00:00:08.470 01/01/2011]',2.900,40.801,40.501,57.001,75.601,0.500
'[00:00:08.471 01/01/2011]',1.300,41.701,40.901,57.201,76.501,0.500
'[00:00:08.472 01/01/2011]',0.300,42.401,41.201,57.101,77.201,0.500
'[00:00:08.473 01/01/2011]',0.100,42.601,41.501,56.901,77.601,0.500
'[00:00:08.474 01/01/2011]',0.400,42.301,41.701,56.801,78.001,0.500
'[00:00:08.475 01/01/2011]',0.700,41.601,41.901,57.101,78.301,0.500
'[00:00:08.476 01/01/2011]',0.600,40.901,41.901,57.601,78.401,0.500
'[00:00:08.477 01/01/2011]',0.300,40.101,41.901,57.901,78.301,0.500
'[00:00:08.478 01/01/2011]',-0.100,39.501,41.801,57.801,78.001,0.500
'[00:00:08.479 01/01/2011]',-0.400,38.901,41.801,57.101,77.701,0.500
'[00:00:08.480 01/01/2011]',-0.700,38.201,41.701,56.001,77.601,0.500
'[00:00:08.481 01/01/2011]',-1.000,37.501,41.701,55.001,77.701,0.500
'[00:00:08.482 01/01/2011]',-1.600,36.901,41.501,54.401,77.901,0.500
'[00:00:08.483 01/01/2011]',-2.500,36.401,41.101,54.301,78.201,0.500
'[00:00:08.484 01/01/2011]',-3.500,36.301,40.401,54.501,78.201,0.500
'[00:00:08.485 01/01/2011]',-4.400,36.401,39.601,54.701,78.101,0.500
'[00:00:08.486 01/01/2011]',-5.200,36.601,38.701,54.801,77.801,0.500
'[00:00:08.487 01/01/2011]',-5.600,36.801,38.101,54.701,77.601,0.500
'[00:00:08.488 01/01/2011]',-5.700,37.201,37.901,54.701,77.501,0.500
'[00:00:08.489 01/01/2011]',-5.800,37.701,38.001,54.801,77.601,0.500
'[00:00:08.490 01/01/2011]',-5.700,38.301,38.401,55.101,77.701,0.500
'[00:00:08.491 01/01/2011]',-5.800,38.901,38.801,55.301,77.801,0.500
'[00:00:08.492 01/01/2011]',-5.900,39.401,39.001,55.301,77.901,0.500
'[00:00:08.493 01/01/2011]',-6.100,39.601,39.101,55.101,77.801,0.500
'[00:00:08.494 01/01/2011]',-6.600,39.401,38.901,54.901,77.701,0.500
'[00:00:08.495 01/01/2011]',-7.300,39.001,38.801,54.701,77.601,0.500
'[00:00:08.496 01/01/2011]',-8.200,38.501,38.901,54.701,77.401,0.500
'[00:00:08.497 01/01/2011]',-9.000,38.201,39.001,54.901,77.101,0.500
'[00:00:08.498 01/01/2011]',-9.600,37.901,39.201,54.801,76.901,0.500
'[00:00:08.499 01/01/2011]',-9.900,37.601,39.401,54.601,76.501,0.500
'[00:00:08.500 01/01/2011]',-9.800,37.301,39.401,54.101,76.101,0.500
'[00:00:08.501 01/01/2011]',-9.600,36.901,39.401,53.701,75.601,0.500
'[00:00:08.502 01/01/2011]',-9.600,36.501,39.401,53.501,74.901,0.500
'[00:00:08.503 01/01/2011]',-9.800,36.301,39.501,53.501,74.101,0.500
'[00:00:08.504 01/01/2011]',-10.300,36.301,39.601,53.601,73.401,0.500
'[00:00:08.505 01/01/2011]',-10.800,36.301,39.901,53.601,72.901,0.500
'[00:00:08.506 01/01/2011]',-11.100,36.401,40.201,53.301,72.701,0.500
'[00:00:08.507 01/01/2011]',-10.900,36.601,40.701,52.901,72.801,0.500
'[00:00:08.508 01/01/2011]',-10.500,36.901,41.401,52.601,73.001,0.500
'[00:00:08.509 01/01/2011]',-10.200,37.601,42.101,52.601,73.201,0.500
'[00:00:08.510 01/01/2011]',-10.300,38.501,42.701,53.001,73.201,0.500
'[00:00:08.511 01/01/2011]',-10.800,39.601,43.101,53.601,72.901,0.500
'[00:00:08.512 01/01/2011]',-11.500,40.601,43.301,54.301,72.501,0.500
'[00:00:08.513 01/01/2011]',-12.200,41.301,43.301,54.801,71.901,0.500
'[00:00:08.514 01/01/2011]',-12.700,41.601,43.401,55.101,71.301,0.500
'[00:00:08.515 01/01/2011]',-13.200,41.501,43.601,55.101,70.701,0.500
'[00:00:08.516 01/01/2011]',-14.000,41.201,44.201,54.701,70.101,0.500
'[00:00:08.517 01/01/2011]',-15.200,40.801,44.801,54.101,69.501,0.500
'[00:00:08.518 01/01/2011]',-16.400,40.401,45.501,53.401,69.001,0.500
'[00:00:08.519 01/01/2011]',-17.300,40.101,46.001,52.901,68.601,0.500
'[00:00:08.520 01/01/2011]',-17.400,39.901,46.201,52.701,68.301,0.500
'[00:00:08.521 01/01/2011]',-16.500,39.801,46.101,52.901,67.901,0.500
'[00:00:08.522 01/01/2011]',-15.100,39.901,45.801,53.201,67.401,0.500
'[00:00:08.523 01/01/2011]',-13.800,40.101,45.601,53.501,66.901,0.500
'[00:00:08.524 01/01/2011]',-13.000,40.301,45.401,53.601,66.201,0.500
'[00:00:08.525 01/01/2011]',-12.700,40.601,45.601,53.401,65.701,0.500
'[00:00:08.526 01/01/2011]',-12.600,41.001,46.001,53.001,65.101,0.500
'[00:00:08.527 01/01/2011]',-12.500,41.601,46.601,52.801,64.501,0.500
'[00:00:08.528 01/01/2011]',-12.100,42.401,47.301,52.801,63.801,0.500
'[00:00:08.529 01/01/2011]',-11.700,43.301,47.801,53.001,62.901,0.500
'[00:00:08.530 01/01/2011]',-11.700,44.101,48.101,53.301,61.901,0.500
'[00:00:08.531 01/01/2011]',-12.400,44.601,48.101,53.401,60.901,0.500
'[00:00:08.532 01/01/2011]',-13.600,45.001,47.901,53.201,60.201,0.500
'[00:00:08.533 01/01/2011]',-15.000,45.101,47.901,52.801,59.801,0.500
'[00:00:08.534 01/01/2011]',-16.200,45.101,48.201,52.401,59.801,0.500
'[00:00:08.535 01/01/2011]',-16.900,45.101,48.701,52.401,59.701,0.500
'[00:00:08.536 01/01/2011]',-16.900,45.201,49.401,52.701,59.601,0.500
'[00:00:08.537 01/01/2011]',-16.300,45.401,50.101,53.401,59.201,0.500
'[00:00:08.538 01/01/2011]',-15.500,45.401,50.601,54.201,58.601,0.500
'[00:00:08.539 01/01/2011]',-14.600,45.401,50.901,54.701,58.001,0.500
'[00:00:08.540 01/01/2011]',-14.100,45.201,51.001,54.901,57.601,0.500
'[00:00:08.541 01/01/2011]',-14.100,44.901,50.901,54.601,57.501,0.500
'[00:00:08.542 01/01/2011]',-14.800,44.701,50.901,54.101,57.501,0.500
'[00:00:08.543 01/01/2011]',-15.800,44.701,50.801,53.601,57.401,0.500
'[00:00:08.544 01/01/2011]',-16.600,44.801,50.801,53.301,57.101,0.500
'[00:00:08.545 01/01/2011]',-16.700,45.101,50.801,53.301,56.501,0.500
'[00:00:08.546 01/01/2011]',-15.600,45.501,50.801,53.401,55.901,0.500
'[00:00:08.547 01/01/2011]',-13.700,46.101,50.801,53.701,55.301,0.500
'[00:00:08.548 01/01/2011]',-11.400,47.001,51.001,54.001,54.901,0.500
'[00:00:08.549 01/01/2011]',-10.000,48.001,51.101,54.301,54.501,0.500
'[00:00:08.550 01/01/2011]',-9.900,49.201,51.301,54.401,54.101,0.500
'[00:00:08.551 01/01/2011]',-11.400,50.201,51.401,54.401,53.601,0.500
'[00:00:08.552 01/01/2011]',-13.700,50.801,51.201,54.301,53.001,0.500
'[00:00:08.553 01/01/2011]',-15.700,50.901,50.701,54.101,52.401,0.500
'[00:00:08.554 01/01/2011]',-16.600,50.601,50.201,53.901,51.901,0.500
'[00:00:08.555 01/01/2011]',-16.100,50.101,49.901,53.701,51.501,0.500
'[00:00:08.556 01/01/2011]',-14.700,49.701,49.801,53.601,51.101,0.500
'[00:00:08.557 01/01/2011]',-13.400,49.701,50.001,53.501,50.701,0.500
'[00:00:08.558 01/01/2011]',-13.000,49.901,50.401,53.201,50.401,0.500
'[00:00:08.559 01/01/2011]',-13.800,50.301,50.701,52.801,50.201,0.500
'[00:00:08.560 01/01/2011]',-15.100,50.701,50.701,52.401,50.101,0.500
'[00:00:08.561 01/01/2011]',-16.000,50.801,50.501,52.001,50.101,0.500
'[00:00:08.562 01/01/2011]',-15.700,50.701,50.201,51.801,50.001,0.500
'[00:00:08.563 01/01/2011]',-14.200,50.501,50.001,51.801,49.801,0.500
'[00:00:08.564 01/01/2011]',-12.300,50.201,49.901,51.901,49.501,0.500
'[00:00:08.565 01/01/2011]',-10.700,50.001,50.001,52.101,49.201,0.500
'[00:00:08.566 01/01/2011]',-10.300,49.901,50.101,52.201,49.101,0.500
'[00:00:08.567 01/01/2011]',-10.900,49.901,50.301,52.301,49.201,0.500
'[00:00:08.568 01/01/2011]',-12.300,50.101,50.501,52.601,49.501,0.500
'[00:00:08.569 01/01/2011]',-13.700,50.301,50.601,53.001,49.901,0.500
'[00:00:08.570 01/01/2011]',-14.800,50.501,50.901,53.601,50.201,0.500
'[00:00:08.571 01/01/2011]',-15.300,50.801,51.101,54.001,50.201,0.500
'[00:00:08.572 01/01/2011]',-15.500,51.201,51.401,54.201,50.101,0.500
'[00:00:08.573 01/01/2011]',-15.400,51.601,51.501,54.201,49.901,0.500
'[00:00:08.574 01/01/2011]',-15.000,52.101,51.501,54.101,49.601,0.500
'[00:00:08.575 01/01/2011]',-14.500,52.501,51.301,54.101,49.401,0.500
'[00:00:08.576 01/01/2011]',-14.100,52.601,51.001,54.201,49.101,0.500
'[00:00:08.577 01/01/2011]',-13.800,52.301,50.601,54.401,49.001,0.500
'[00:00:08.578 01/01/2011]',-13.900,51.601,50.201,54.501,48.901,0.500
'[00:00:08.579 01/01/2011]',-14.000,50.801,49.901,54.401,48.901,0.500
'[00:00:08.580 01/01/2011]',-13.900,50.101,49.701,54.001,49.001,0.500
'[00:00:08.581 01/01/2011]',-13.400,49.901,49.801,53.501,49.201,0.500
'[00:00:08.582 01/01/2011]',-12.300,50.001,50.201,53.001,49.501,0.500
'[00:00:08.583 01/01/2011]',-11.200,50.201,50.601,52.801,49.701,0.500
'[00:00:08.584 01/01/2011]',-10.300,50.101,51.001,52.701,50.001,0.500
'[00:00:08.585 01/01/2011]',-10.000,49.801,51.001,52.701,50.201,0.500
'[00:00:08.586 01/01/2011]',-10.400,49.201,50.701,52.801,50.301,0.500
'[00:00:08.587 01/01/2011]',-10.900,48.801,50.101,52.901,50.301,0.500
'[00:00:08.588 01/01/2011]',-11.200,49.001,49.701,53.101,50.201,0.500
'[00:00:08.589 01/01/2011]',-10.900,49.801,49.801,53.601,50.101,0.500
'[00:00:08.590 01/01/2011]',-10.100,50.801,50.401,54.301,50.101,0.500
'[00:00:08.591 01/01/2011]',-8.900,51.801,51.501,55.001,50.301,0.500
'[00:00:08.592 01/01/2011]',-7.800,52.301,52.601,55.401,50.701,0.500
'[00:00:08.593 01/01/2011]',-6.800,52.501,53.401,55.601,51.101,0.500
'[00:00:08.594 01/01/2011]',-5.900,52.401,53.501,55.601,51.601,0.500
'[00:00:08.595 01/01/2011]',-4.900,52.401,53.001,55.401,51.901,0.500
'[00:00:08.596 01/01/2011]',-3.800,52.501,52.401,55.101,51.901,0.500
'[00:00:08.597 01/01/2011]',-2.700,52.601,51.801,55.001,51.701,0.500
'[00:00:08.598 01/01/2011]',-2.100,52.401,51.601,54.901,51.301,0.500
'[00:00:08.599 01/01/2011]',-2.300,51.801,51.601,54.701,50.901,0.500
'[00:00:08.600 01/01/2011]',-3.200,51.101,51.801,54.501,50.601,0.500
'[00:00:08.601 01/01/2011]',-4.400,50.301,51.901,54.201,50.501,0.500
'[00:00:08.602 01/01/2011]',-5.200,49.901,51.801,54.001,50.601,0.500
'[00:00:08.603 01/01/2011]',-5.200,49.901,51.601,53.901,51.001,0.500
'[00:00:08.604 01/01/2011]',-4.200,50.201,51.401,54.201,51.501,0.500
'[00:00:08.605 01/01/2011]',-2.800,50.601,51.501,54.601,52.001,0.500
'[00:00:08.606 01/01/2011]',-1.700,51.001,51.601,55.201,52.301,0.500
'[00:00:08.607 01/01/2011]',-1.500,51.301,51.801,55.801,52.401,0.500
'[00:00:08.608 01/01/2011]',-2.200,51.801,51.901,56.301,52.401,0.500
'[00:00:08.609 01/01/2011]',-3.000,52.401,51.901,56.701,52.301,0.500
'[00:00:08.610 01/01/2011]',-3.400,53.101,51.901,56.901,52.301,0.500
'[00:00:08.611 01/01/2011]',-2.800,53.701,51.901,56.901,52.401,0.500
'[00:00:08.612 01/01/2011]',-1.400,54.201,51.901,56.801,52.501,0.500
'[00:00:08.613 01/01/2011]',-0.100,54.401,51.801,56.501,52.501,0.500
'[00:00:08.614 01/01/2011]',0.500,54.301,51.601,56.201,52.201,0.500
'[00:00:08.615 01/01/2011]',0.000,54.001,51.201,55.901,51.601,0.500
'[00:00:08.616 01/01/2011]',-1.100,53.601,50.801,55.601,50.801,0.500
'[00:00:08.617 01/01/2011]',-2.400,53.401,50.401,55.401,50.001,0.500
'[00:00:08.618 01/01/2011]',-3.400,53.301,50.401,55.401,49.501,0.500
'[00:00:08.619 01/01/2011]',-3.900,53.501,50.701,55.501,49.301,0.500
'[00:00:08.620 01/01/2011]',-4.300,53.901,51.101,55.701,49.501,0.500
'[00:00:08.621 01/01/2011]',-4.800,54.301,51.501,56.001,49.901,0.500
'[00:00:08.622 01/01/2011]',-5.800,54.301,51.701,56.001,50.501,0.500
'[00:00:08.623 01/01/2011]',-7.000,53.901,51.801,55.801,51.001,0.500
'[00:00:08.624 01/01/2011]',-8.400,53.101,51.701,55.601,51.401,0.500
'[00:00:08.625 01/01/2011]',-9.800,52.301,51.701,55.401,51.701,0.500
'[00:00:08.626 01/01/2011]',-11.300,51.901,51.901,55.501,51.801,0.500
'[00:00:08.627 01/01/2011]',-13.000,52.201,52.201,56.001,51.801,0.500
'[00:00:08.628 01/01/2011]',-14.700,53.301,52.401,56.501,51.701,0.500
'[00:00:08.629 01/01/2011]',-16.100,55.001,52.301,57.001,51.601,0.500
'[00:00:08.630 01/01/2011]',-16.700,56.501,52.001,57.201,51.501,0.500
'[00:00:08.631 01/01/2011]',-16.500,57.501,51.501,57.001,51.401,0.500
'[00:00:08.632 01/01/2011]',-15.800,57.601,51.101,56.801,51.301,0.500
'[00:00:08.633 01/01/2011]',-15.400,57.101,51.001,56.701,51.201,0.500
'[00:00:08.634 01/01/2011]',-16.100,56.401,51.201,57.001,51.101,0.500
'[00:00:08.635 01/01/2011]',-18.000,55.901,51.701,57.601,51.101,0.500
'[00:00:08.636 01/01/2011]',-20.600,56.001,52.301,58.401,51.101,0.500
'[00:00:08.637 01/01/2011]',-23.200,56.401,52.901,59.101,51.301,0.500
'[00:00:08.638 01/01/2011]',-24.700,56.901,53.501,59.601,51.601,0.500
'[00:00:08.639 01/01/2011]',-24.700,57.101,54.101,59.901,52.201,0.500
'[00:00:08.640 01/01/2011]',-23.500,56.801,54.601,60.001,52.801,0.500
'[00:00:08.641 01/01/2011]',-21.600,56.201,55.001,60.101,53.501,0.500
'[00:00:08.642 01/01/2011]',-19.900,55.701,55.201,60.101,54.301,0.500
'[00:00:08.643 01/01/2011]',-18.800,55.501,55.101,60.001,54.801,0.500
'[00:00:08.644 01/01/2011]',-18.500,55.801,54.701,59.801,55.101,0.500
'[00:00:08.645 01/01/2011]',-19.000,56.301,54.101,59.501,55.101,0.500
'[00:00:08.646 01/01/2011]',-20.000,56.801,53.701,59.301,54.801,0.500
'[00:00:08.647 01/01/2011]',-21.400,57.101,53.401,59.101,54.301,0.500
'[00:00:08.648 01/01/2011]',-22.700,57.301,53.201,59.001,53.601,0.500
'[00:00:08.649 01/01/2011]',-23.500,57.501,53.201,59.001,53.201,0.500
'[00:00:08.650 01/01/2011]',-23.400,57.901,53.101,58.901,52.901,0.500
'[00:00:08.651 01/01/2011]',-22.400,58.501,53.101,58.701,52.701,0.500
'[00:00:08.652 01/01/2011]',-20.800,59.201,53.001,58.301,52.601,0.500
'[00:00:08.653 01/01/2011]',-19.200,59.701,52.801,58.001,52.501,0.500
'[00:00:08.654 01/01/2011]',-18.200,59.901,52.501,57.601,52.101,0.500
'[00:00:08.655 01/01/2011]',-18.400,59.901,52.101,57.401,51.801,0.500
'[00:00:08.656 01/01/2011]',-19.500,59.601,51.801,57.201,51.501,0.500
'[00:00:08.657 01/01/2011]',-21.100,59.301,51.601,57.101,51.401,0.500
'[00:00:08.658 01/01/2011]',-22.500,59.101,51.701,57.101,51.701,0.500
'[00:00:08.659 01/01/2011]',-23.500,58.901,52.001,57.101,52.201,0.500
'[00:00:08.660 01/01/2011]',-24.100,58.501,52.201,57.101,52.701,0.500
'[00:00:08.661 01/01/2011]',-24.300,58.101,52.301,57.101,53.201,0.500
'[00:00:08.662 01/01/2011]',-24.300,57.501,52.101,57.101,53.401,0.500
'[00:00:08.663 01/01/2011]',-23.900,57.101,51.801,57.101,53.501,0.500
'[00:00:08.664 01/01/2011]',-23.000,57.001,51.801,57.201,53.501,0.500
'[00:00:08.665 01/01/2011]',-21.700,57.001,52.201,57.301,53.701,0.500
'[00:00:08.666 01/01/2011]',-20.500,57.301,53.001,57.401,53.801,0.500
'[00:00:08.667 01/01/2011]',-20.000,57.501,53.901,57.601,53.901,0.500
'[00:00:08.668 01/01/2011]',-20.300,57.701,54.501,57.701,54.001,0.500
'[00:00:08.669 01/01/2011]',-21.400,57.901,54.701,57.801,54.101,0.500
'[00:00:08.670 01/01/2011]',-22.500,58.201,54.401,58.001,54.101,0.500
'[00:00:08.671 01/01/2011]',-22.900,58.801,54.001,58.301,54.201,0.500
'[00:00:08.672 01/01/2011]',-22.400,59.601,53.701,58.501,54.401,0.500
'[00:00:08.673 01/01/2011]',-21.400,60.301,53.901,58.501,54.601,0.500
'[00:00:08.674 01/01/2011]',-20.400,60.701,54.301,58.301,54.801,0.500
'[00:00:08.675 01/01/2011]',-20.100,60.701,54.701,57.801,54.801,0.500
'[00:00:08.676 01/01/2011]',-20.400,60.201,55.101,57.501,54.701,0.500
'[00:00:08.677 01/01/2011]',-20.900,59.701,55.201,57.501,54.601,0.500
'[00:00:08.678 01/01/2011]',-21.000,59.301,55.301,58.001,54.601,0.500
'[00:00:08.679 01/01/2011]',-20.300,59.301,55.601,58.801,54.801,0.500
'[00:00:08.680 01/01/2011]',-19.100,59.701,56.001,59.601,55.201,0.500
'[00:00:08.681 01/01/2011]',-18.000,60.201,56.501,60.001,55.601,0.500
'[00:00:08.682 01/01/2011]',-17.500,60.401,56.801,59.901,56.001,0.500
'[00:00:08.683 01/01/2011]',-17.700,60.201,56.701,59.601,56.201,0.500
'[00:00:08.684 01/01/2011]',-18.300,59.801,56.301,59.401,56.201,0.500
'[00:00:08.685 01/01/2011]',-18.800,59.301,55.901,59.701,56.301,0.500
'[00:00:08.686 01/01/2011]',-18.700,59.201,55.601,60.501,56.501,0.500
'[00:00:08.687 01/01/2011]',-18.200,59.401,55.401,61.501,56.701,0.500
'[00:00:08.688 01/01/2011]',-17.400,59.901,55.501,62.301,57.001,0.500
'[00:00:08.689 01/01/2011]',-16.600,60.501,55.501,62.601,57.301,0.500
'[00:00:08.690 01/01/2011]',-16.100,61.001,55.401,62.301,57.501,0.500
'[00:00:08.691 01/01/2011]',-15.800,61.401,55.201,61.701,57.601,0.500
'[00:00:08.692 01/01/2011]',-15.900,61.701,55.001,61.201,57.701,0.500
'[00:00:08.693 01/01/2011]',-16.200,62.201,55.001,61.001,57.701,0.500
'[00:00:08.694 01/01/2011]',-16.700,62.701,55.001,61.201,57.601,0.500
'[00:00:08.695 01/01/2011]',-17.200,63.101,55.101,61.801,57.401,0.500
'[00:00:08.696 01/01/2011]',-17.500,63.301,55.001,62.301,57.101,0.500
'[00:00:08.697 01/01/2011]',-17.400,63.101,54.801,62.601,56.701,0.500
'[00:00:08.698 01/01/2011]',-17.400,62.601,54.201,62.601,56.201,0.500
'[00:00:08.699 01/01/2011]',-17.800,61.901,53.301,62.201,55.601,0.500
'[00:00:08.700 01/01/2011]',-19.200,61.101,52.301,61.501,54.901,0.500
'[00:00:08.701 01/01/2011]',-21.600,60.401,51.301,60.501,54.201,0.500
'[00:00:08.702 01/01/2011]',-24.600,59.801,50.501,59.601,53.601,0.500
'[00:00:08.703 01/01/2011]',-26.800,59.301,50.301,59.001,53.401,0.500
'[00:00:08.704 01/01/2011]',-27.400,59.001,50.901,58.801,53.801,0.500
'[00:00:08.705 01/01/2011]',-25.900,59.001,52.101,59.201,54.701,0.500
'[00:00:08.706 01/01/2011]',-22.300,59.401,53.701,59.901,55.801,0.500
'[00:00:08.707 01/01/2011]',-17.400,60.001,55.201,60.901,56.701,0.500
'[00:00:08.708 01/01/2011]',-11.600,61.001,56.501,61.801,57.401,0.500
'[00:00:08.709 01/01/2011]',-4.700,62.001,57.601,62.601,57.901,0.500
'[00:00:08.710 01/01/2011]',3.500,63.201,58.801,63.501,58.801,0.500
'[00:00:08.711 01/01/2011]',13.200,64.401,60.501,64.701,60.401,0.500
'[00:00:08.712 01/01/2011]',24.100,65.601,62.801,66.401,62.901,0.500
'[00:00:08.713 01/01/2011]',34.801,66.701,65.401,68.501,65.701,0.500
'[00:00:08.714 01/01/2011]',43.901,67.601,67.601,70.401,68.201,0.500
'[00:00:08.715 01/01/2011]',50.501,68.201,69.101,71.901,69.901,0.500
'[00:00:08.716 01/01/2011]',54.401,68.601,69.901,72.901,70.901,0.500
'[00:00:08.717 01/01/2011]',56.501,68.701,70.201,73.601,71.701,0.500
'[00:00:08.718 01/01/2011]',57.801,68.901,70.701,74.401,72.801,0.500
'[00:00:08.719 01/01/2011]',59.201,69.201,71.701,75.501,74.601,0.500
'[00:00:08.720 01/01/2011]',60.601,69.601,73.201,77.001,76.801,0.500
'[00:00:08.721 01/01/2011]',61.501,70.201,74.701,78.301,78.901,0.500
'[00:00:08.722 01/01/2011]',61.001,70.601,75.801,79.101,80.301,0.500
'[00:00:08.723 01/01/2011]',58.701,70.601,76.201,79.101,80.801,0.500
'[00:00:08.724 01/01/2011]',55.001,70.301,76.101,78.201,80.601,0.500
'[00:00:08.725 01/01/2011]',50.901,69.701,75.601,77.101,80.101,0.500
'[00:00:08.726 01/01/2011]',47.501,69.101,75.201,76.001,79.601,0.500
'[00:00:08.727 01/01/2011]',45.201,68.801,74.901,75.401,79.201,0.500
'[00:00:08.728 01/01/2011]',43.701,69.001,74.701,75.301,78.701,0.500
'[00:00:08.729 01/01/2011]',41.801,69.601,74.101,75.301,77.701,0.500
'[00:00:08.730 01/01/2011]',38.501,70.401,72.901,75.101,76.001,0.500
'[00:00:08.731 01/01/2011]',32.801,71.001,70.801,74.301,73.501,0.500
'[00:00:08.732 01/01/2011]',24.700,71.101,68.001,72.901,70.401,0.500
'[00:00:08.733 01/01/2011]',14.200,70.601,64.701,71.001,67.201,0.500
'[00:00:08.734 01/01/2011]',2.200,69.701,61.301,69.001,64.201,0.500
'[00:00:08.735 01/01/2011]',-10.600,68.701,58.501,67.301,61.901,0.500
'[00:00:08.736 01/01/2011]',-22.900,68.001,56.501,66.101,60.501,0.500
'[00:00:08.737 01/01/2011]',-33.501,67.701,55.401,65.501,59.901,0.500
'[00:00:08.738 01/01/2011]',-41.001,67.901,55.201,65.401,60.001,0.500
'[00:00:08.739 01/01/2011]',-44.401,68.301,55.601,65.701,60.401,0.500
'[00:00:08.740 01/01/2011]',-43.601,68.701,56.301,66.301,61.101,0.500
'[00:00:08.741 01/01/2011]',-39.101,68.801,57.301,67.301,61.801,0.500
'[00:00:08.742 01/01/2011]',-32.600,68.701,58.501,68.401,62.601,0.500
'[00:00:08.743 01/01/2011]',-25.600,68.301,59.801,69.601,63.301,0.500
'[00:00:08.744 01/01/2011]',-19.500,67.701,61.001,70.601,63.901,0.500
'[00:00:08.745 01/01/2011]',-15.000,67.201,62.001,71.201,64.401,0.500
'[00:00:08.746 01/01/2011]',-12.200,66.901,62.501,71.401,64.701,0.500
'[00:00:08.747 01/01/2011]',-10.800,66.901,62.601,71.301,64.701,0.500
'[00:00:08.748 01/01/2011]',-10.400,67.201,62.401,71.301,64.601,0.500
'[00:00:08.749 01/01/2011]',-10.500,67.701,62.401,71.401,64.601,0.500
'[00:00:08.750 01/01/2011]',-11.100,68.401,62.501,71.801,64.801,0.500
'[00:00:08.751 01/01/2011]',-11.900,69.001,62.901,72.401,65.201,0.500
'[00:00:08.752 01/01/2011]',-12.600,69.501,63.401,72.901,65.801,0.500
'[00:00:08.753 01/01/2011]',-12.800,70.001,63.901,73.201,66.301,0.500
'[00:00:08.754 01/01/2011]',-12.200,70.501,64.001,73.401,66.601,0.500
'[00:00:08.755 01/01/2011]',-10.900,70.901,64.001,73.701,66.801,0.500
'[00:00:08.756 01/01/2011]',-9.300,71.301,63.901,74.101,67.001,0.500
'[00:00:08.757 01/01/2011]',-8.100,71.501,63.801,74.601,67.201,0.500
'[00:00:08.758 01/01/2011]',-7.900,71.501,63.701,74.901,67.501,0.500
'[00:00:08.759 01/01/2011]',-9.000,71.001,63.701,74.901,67.801,0.500
'[00:00:08.760 01/01/2011]',-10.700,70.401,63.601,74.401,67.901,0.500
'[00:00:08.761 01/01/2011]',-12.100,69.701,63.401,73.801,67.901,0.500
'[00:00:08.762 01/01/2011]',-12.300,69.101,63.201,73.101,67.701,0.500
'[00:00:08.763 01/01/2011]',-11.100,68.701,63.001,72.701,67.601,0.500
'[00:00:08.764 01/01/2011]',-9.000,68.401,62.901,72.501,67.601,0.500
'[00:00:08.765 01/01/2011]',-7.000,68.101,63.001,72.401,67.801,0.500
'[00:00:08.766 01/01/2011]',-5.900,67.901,63.001,72.301,68.101,0.500
'[00:00:08.767 01/01/2011]',-5.900,67.801,63.001,72.101,68.301,0.500
'[00:00:08.768 01/01/2011]',-6.600,67.901,63.001,71.901,68.301,0.500
'[00:00:08.769 01/01/2011]',-7.500,68.401,62.801,71.801,68.101,0.500
'[00:00:08.770 01/01/2011]',-8.000,69.101,62.801,72.001,67.901,0.500
'[00:00:08.771 01/01/2011]',-8.100,69.901,62.801,72.401,67.701,0.500
'[00:00:08.772 01/01/2011]',-8.100,70.601,63.001,73.001,67.901,0.500
'[00:00:08.773 01/01/2011]',-7.900,71.101,63.401,73.601,68.501,0.500
'[00:00:08.774 01/01/2011]',-7.300,71.501,63.801,74.101,69.301,0.500
'[00:00:08.775 01/01/2011]',-6.200,71.801,64.201,74.401,70.101,0.500
'[00:00:08.776 01/01/2011]',-4.300,72.001,64.601,74.501,70.701,0.500
'[00:00:08.777 01/01/2011]',-2.200,72.201,64.801,74.301,71.001,0.500
'[00:00:08.778 01/01/2011]',-0.500,72.101,64.801,74.101,70.901,0.500
'[00:00:08.779 01/01/2011]',0.100,71.801,64.701,73.801,70.701,0.500
'[00:00:08.780 01/01/2011]',-0.300,71.301,64.701,73.701,70.601,0.500
'[00:00:08.781 01/01/2011]',-1.300,70.901,64.901,73.701,70.701,0.500
'[00:00:08.782 01/01/2011]',-2.100,70.601,65.201,73.601,71.001,0.500
'[00:00:08.783 01/01/2011]',-2.100,70.601,65.701,73.401,71.201,0.500
'[00:00:08.784 01/01/2011]',-1.400,70.601,66.001,73.101,71.201,0.500
'[00:00:08.785 01/01/2011]',-0.400,70.601,65.901,72.701,71.001,0.500
'[00:00:08.786 01/01/2011]',0.300,70.401,65.601,72.601,70.501,0.500
'[00:00:08.787 01/01/2011]',0.300,70.101,65.201,72.901,70.301,0.500
'[00:00:08.788 01/01/2011]',-0.300,69.901,65.001,73.601,70.601,0.500
'[00:00:08.789 01/01/2011]',-0.800,70.201,65.101,74.401,71.301,0.500
'[00:00:08.790 01/01/2011]',-0.800,70.801,65.601,75.101,72.301,0.500
'[00:00:08.791 01/01/2011]',0.200,71.701,66.301,75.301,73.201,0.500
'[00:00:08.792 01/01/2011]',1.800,72.601,67.101,75.201,73.601,0.500
'[00:00:08.793 01/01/2011]',3.500,73.501,67.601,75.101,73.501,0.500
'[00:00:08.794 01/01/2011]',4.900,74.101,67.901,75.301,73.201,0.500
'[00:00:08.795 01/01/2011]',5.600,74.501,68.101,76.001,73.001,0.500
'[00:00:08.796 01/01/2011]',5.800,74.801,68.401,76.901,73.101,0.500
'[00:00:08.797 01/01/2011]',5.800,74.901,68.601,77.701,73.601,0.500
'[00:00:08.798 01/01/2011]',5.900,74.701,68.801,77.901,74.101,0.500
'[00:00:08.799 01/01/2011]',6.000,74.101,68.701,77.501,74.401,0.500
'[00:00:08.800 01/01/2011]',6.000,73.501,68.501,76.801,74.601,0.500
'[00:00:08.801 01/01/2011]',5.900,72.901,68.301,76.201,74.701,0.500
'[00:00:08.802 01/01/2011]',5.800,72.601,68.101,76.101,74.901,0.500
'[00:00:08.803 01/01/2011]',6.200,72.501,68.201,76.301,75.201,0.500
'[00:00:08.804 01/01/2011]',7.300,72.601,68.501,76.801,75.601,0.500
'[00:00:08.805 01/01/2011]',9.000,72.601,68.901,77.301,75.801,0.500
'[00:00:08.806 01/01/2011]',10.900,72.501,69.001,77.501,75.701,0.500
'[00:00:08.807 01/01/2011]',12.300,72.301,68.901,77.601,75.501,0.500
'[00:00:08.808 01/01/2011]',12.800,72.301,68.701,77.801,75.401,0.500
'[00:00:08.809 01/01/2011]',12.600,72.701,68.501,78.001,75.501,0.500
'[00:00:08.810 01/01/2011]',12.000,73.401,68.301,78.401,75.801,0.500
'[00:00:08.811 01/01/2011]',11.400,74.201,68.101,78.701,76.301,0.500
'[00:00:08.812 01/01/2011]',10.800,74.901,68.001,78.801,76.601,0.500
'[00:00:08.813 01/01/2011]',10.300,75.501,68.001,78.801,76.701,0.500
'[00:00:08.814 01/01/2011]',10.000,75.801,67.901,78.801,76.501,0.500
'[00:00:08.815 01/01/2011]',10.100,76.201,68.001,78.901,76.201,0.500
'[00:00:08.816 01/01/2011]',11.100,76.601,68.201,79.301,76.001,0.500
'[00:00:08.817 01/01/2011]',12.900,77.001,68.401,79.601,76.101,0.500
'[00:00:08.818 01/01/2011]',15.000,77.301,68.601,79.701,76.401,0.500
'[00:00:08.819 01/01/2011]',16.500,77.201,68.701,79.701,76.701,0.500
'[00:00:08.820 01/01/2011]',16.700,76.901,68.801,79.601,76.901,0.500
'[00:00:08.821 01/01/2011]',15.800,76.301,68.901,79.601,76.901,0.500
'[00:00:08.822 01/01/2011]',14.200,75.601,69.001,79.801,76.701,0.500
'[00:00:08.823 01/01/2011]',13.200,75.001,69.101,80.201,76.601,0.500
'[00:00:08.824 01/01/2011]',13.300,74.701,69.301,80.501,76.601,0.500
'[00:00:08.825 01/01/2011]',14.800,74.501,69.401,80.601,76.901,0.500
'[00:00:08.826 01/01/2011]',17.100,74.601,69.501,80.401,77.501,0.500
'[00:00:08.827 01/01/2011]',19.200,74.901,69.601,80.101,78.101,0.500
'[00:00:08.828 01/01/2011]',20.700,75.201,69.701,79.901,78.601,0.500
'[00:00:08.829 01/01/2011]',21.400,75.701,69.801,80.001,78.901,0.500
'[00:00:08.830 01/01/2011]',21.500,76.201,69.901,80.401,79.001,0.500
'[00:00:08.831 01/01/2011]',21.200,76.701,70.101,80.901,79.001,0.500
'[00:00:08.832 01/01/2011]',21.000,77.201,70.301,81.201,79.201,0.500
'[00:00:08.833 01/01/2011]',20.800,77.701,70.501,81.301,79.601,0.500
'[00:00:08.834 01/01/2011]',20.800,78.201,70.901,81.201,80.101,0.500
'[00:00:08.835 01/01/2011]',20.900,78.601,71.201,81.001,80.501,0.500
'[00:00:08.836 01/01/2011]',21.400,78.701,71.501,80.901,80.601,0.500
'[00:00:08.837 01/01/2011]',22.300,78.501,71.601,80.801,80.301,0.500
'[00:00:08.838 01/01/2011]',23.500,78.101,71.501,80.901,79.801,0.500
'[00:00:08.839 01/01/2011]',24.900,77.701,71.301,81.101,79.301,0.500
'[00:00:08.840 01/01/2011]',26.200,77.501,71.101,81.401,79.001,0.500
'[00:00:08.841 01/01/2011]',27.000,77.301,71.001,81.801,79.101,0.500
'[00:00:08.842 01/01/2011]',27.200,77.201,71.101,81.901,79.401,0.500
'[00:00:08.843 01/01/2011]',26.700,77.001,71.401,81.901,79.801,0.500
'[00:00:08.844 01/01/2011]',26.000,76.501,71.601,81.501,79.901,0.500
'[00:00:08.845 01/01/2011]',25.400,76.001,71.601,81.101,79.801,0.500
'[00:00:08.846 01/01/2011]',25.300,75.601,71.301,80.701,79.401,0.500
'[00:00:08.847 01/01/2011]',25.800,75.501,70.601,80.601,79.001,0.500
'[00:00:08.848 01/01/2011]',26.600,75.801,69.901,80.701,78.901,0.500
'[00:00:08.849 01/01/2011]',27.600,76.501,69.501,81.201,79.201,0.500
'[00:00:08.850 01/01/2011]',28.600,77.201,69.701,81.901,80.001,0.500
'[00:00:08.851 01/01/2011]',29.500,78.001,70.601,82.801,81.301,0.500
'[00:00:08.852 01/01/2011]',30.500,78.501,71.801,83.701,82.701,0.500
'[00:00:08.853 01/01/2011]',31.500,79.101,73.101,84.601,84.101,0.500
'[00:00:08.854 01/01/2011]',32.300,79.601,74.001,85.301,85.201,0.500
'[00:00:08.855 01/01/2011]',32.700,80.201,74.501,86.001,86.001,0.500
'[00:00:08.856 01/01/2011]',32.400,80.701,74.701,86.501,86.501,0.500
'[00:00:08.857 01/01/2011]',31.600,81.101,75.001,86.901,86.801,0.500
'[00:00:08.858 01/01/2011]',30.700,81.001,75.601,87.201,87.001,0.500
'[00:00:08.859 01/01/2011]',30.000,80.601,76.201,87.601,87.001,0.500
'[00:00:08.860 01/01/2011]',29.800,80.001,76.801,87.801,87.001,0.500
'[00:00:08.861 01/01/2011]',30.000,79.401,77.001,88.001,86.901,0.500
'[00:00:08.862 01/01/2011]',30.500,78.901,76.801,88.001,86.901,0.500
'[00:00:08.863 01/01/2011]',30.900,78.801,76.401,87.801,86.901,0.500
'[00:00:08.864 01/01/2011]',31.200,78.901,76.101,87.501,86.801,0.500
'[00:00:08.865 01/01/2011]',31.400,79.001,76.201,87.001,86.701,0.500
'[00:00:08.866 01/01/2011]',31.800,79.001,76.601,86.601,86.301,0.500
'[00:00:08.867 01/01/2011]',32.300,78.901,77.001,86.401,85.901,0.500
'[00:00:08.868 01/01/2011]',33.001,78.701,77.101,86.301,85.601,0.500
'[00:00:08.869 01/01/2011]',33.501,78.601,76.901,86.301,85.401,0.500
'[00:00:08.870 01/01/2011]',33.901,78.701,76.501,86.301,85.401,0.500
'[00:00:08.871 01/01/2011]',34.201,78.901,76.101,86.201,85.701,0.500
'[00:00:08.872 01/01/2011]',34.601,79.001,76.001,86.001,85.901,0.500
'[00:00:08.873 01/01/2011]',35.101,79.201,76.001,85.901,86.001,0.500
'[00:00:08.874 01/01/2011]',35.701,79.201,76.101,85.801,85.901,0.500
'[00:00:08.875 01/01/2011]',36.001,79.201,75.901,85.801,85.701,0.500
'[00:00:08.876 01/01/2011]',35.601,79.301,75.401,85.901,85.501,0.500
'[00:00:08.877 01/01/2011]',34.701,79.501,74.801,86.101,85.401,0.500
'[00:00:08.878 01/01/2011]',33.701,79.801,74.201,86.301,85.301,0.500
'[00:00:08.879 01/01/2011]',33.201,80.001,74.001,86.501,85.301,0.500
'[00:00:08.880 01/01/2011]',33.801,80.201,74.101,86.501,85.201,0.500
'[00:00:08.881 01/01/2011]',35.201,80.001,74.401,86.401,85.201,0.500
'[00:00:08.882 01/01/2011]',36.901,79.501,74.701,86.101,85.201,0.500
'[00:00:08.883 01/01/2011]',38.001,78.801,74.801,85.601,85.301,0.500
'[00:00:08.884 01/01/2011]',37.601,78.001,74.901,85.001,85.501,0.500
'[00:00:08.885 01/01/2011]',36.101,77.401,74.801,84.601,85.701,0.500
'[00:00:08.886 01/01/2011]',34.101,77.301,74.801,84.401,85.701,0.500
'[00:00:08.887 01/01/2011]',32.700,77.601,74.801,84.501,85.701,0.500
'[00:00:08.888 01/01/2011]',32.600,78.201,74.801,84.801,85.601,0.500
'[00:00:08.889 01/01/2011]',33.601,78.901,74.701,85.201,85.501,0.500
'[00:00:08.890 01/01/2011]',34.901,79.501,74.501,85.701,85.501,0.500
'[00:00:08.891 01/01/2011]',35.601,79.801,74.401,86.201,85.701,0.500
'[00:00:08.892 01/01/2011]',35.101,79.901,74.301,86.801,86.001,0.500
'[00:00:08.893 01/01/2011]',33.601,80.001,74.201,87.101,86.201,0.500
'[00:00:08.894 01/01/2011]',32.100,80.101,74.201,87.101,86.201,0.500
'[00:00:08.895 01/01/2011]',31.500,80.301,74.201,86.701,85.901,0.500
'[00:00:08.896 01/01/2011]',32.000,80.501,74.201,86.001,85.401,0.500
'[00:00:08.897 01/01/2011]',33.301,80.601,74.101,85.201,84.901,0.500
'[00:00:08.898 01/01/2011]',34.501,80.401,74.101,84.601,84.701,0.500
'[00:00:08.899 01/01/2011]',34.601,80.201,74.201,84.501,85.001,0.500
'[00:00:08.900 01/01/2011]',33.201,79.901,74.401,84.601,85.701,0.500
'[00:00:08.901 01/01/2011]',31.100,79.701,74.701,84.901,86.401,0.500
'[00:00:08.902 01/01/2011]',29.400,79.501,75.101,85.201,86.801,0.500
'[00:00:08.903 01/01/2011]',29.200,79.301,75.401,85.201,86.901,0.500
'[00:00:08.904 01/01/2011]',30.700,79.001,75.601,85.201,86.801,0.500
'[00:00:08.905 01/01/2011]',33.201,78.501,75.601,85.301,86.601,0.500
'[00:00:08.906 01/01/2011]',35.201,78.201,75.501,85.701,86.601,0.500
'[00:00:08.907 01/01/2011]',35.501,78.101,75.301,86.201,86.901,0.500
'[00:00:08.908 01/01/2011]',33.801,78.301,75.201,86.601,87.501,0.500
'[00:00:08.909 01/01/2011]',31.000,79.001,75.301,86.701,88.101,0.500
'[00:00:08.910 01/01/2011]',28.300,79.901,75.701,86.601,88.801,0.500
'[00:00:08.911 01/01/2011]',26.900,80.901,76.201,86.401,89.301,0.500
'[00:00:08.912 01/01/2011]',27.300,81.701,76.801,86.301,89.701,0.500
'[00:00:08.913 01/01/2011]',28.700,82.301,77.401,86.601,90.001,0.500
'[00:00:08.914 01/01/2011]',29.800,82.601,77.801,87.001,90.101,0.500
'[00:00:08.915 01/01/2011]',30.000,82.601,78.201,87.401,90.001,0.500
'[00:00:08.916 01/01/2011]',29.100,82.501,78.401,87.701,89.601,0.500
'[00:00:08.917 01/01/2011]',27.900,82.201,78.501,87.901,89.201,0.500
'[00:00:08.918 01/01/2011]',27.200,82.001,78.301,88.101,88.701,0.500
'[00:00:08.919 01/01/2011]',27.500,81.801,78.101,88.301,88.401,0.500
'[00:00:08.920 01/01/2011]',28.300,81.701,77.801,88.701,88.501,0.500
'[00:00:08.921 01/01/2011]',28.900,81.701,77.701,88.901,88.901,0.500
'[00:00:08.922 01/01/2011]',28.600,81.701,77.901,89.001,89.501,0.500
'[00:00:08.923 01/01/2011]',27.400,81.601,78.301,88.801,90.001,0.500
'[00:00:08.924 01/01/2011]',25.900,81.401,78.801,88.601,90.401,0.500
'[00:00:08.925 01/01/2011]',25.100,81.101,79.201,88.501,90.501,0.500
'[00:00:08.926 01/01/2011]',25.500,80.701,79.501,88.601,90.401,0.500
'[00:00:08.927 01/01/2011]',27.200,80.401,79.601,88.901,90.101,0.500
'[00:00:08.928 01/01/2011]',29.200,80.301,79.601,89.301,89.901,0.500
'[00:00:08.929 01/01/2011]',30.600,80.501,79.601,89.501,89.701,0.500
'[00:00:08.930 01/01/2011]',30.700,80.901,79.701,89.601,89.801,0.500
'[00:00:08.931 01/01/2011]',29.500,81.401,79.801,89.601,90.001,0.500
'[00:00:08.932 01/01/2011]',27.600,82.001,79.801,89.601,90.401,0.500
'[00:00:08.933 01/01/2011]',26.000,82.501,79.801,89.601,90.701,0.500
'[00:00:08.934 01/01/2011]',25.000,83.001,79.701,89.801,91.001,0.500
'[00:00:08.935 01/01/2011]',24.600,83.501,79.601,89.901,91.301,0.500
'[00:00:08.936 01/01/2011]',24.600,83.901,79.501,90.201,91.401,0.500
'[00:00:08.937 01/01/2011]',24.500,84.201,79.701,90.401,91.501,0.500
'[00:00:08.938 01/01/2011]',24.400,84.201,79.901,90.701,91.501,0.500
'[00:00:08.939 01/01/2011]',24.400,83.801,80.101,90.901,91.501,0.500
'[00:00:08.940 01/01/2011]',24.800,83.201,80.201,91.101,91.501,0.500
'[00:00:08.941 01/01/2011]',25.400,82.501,80.201,91.001,91.501,0.500
'[00:00:08.942 01/01/2011]',25.900,81.901,80.101,90.701,91.501,0.500
'[00:00:08.943 01/01/2011]',25.700,81.301,80.101,90.401,91.501,0.500
'[00:00:08.944 01/01/2011]',24.700,81.001,80.201,90.001,91.501,0.500
'[00:00:08.945 01/01/2011]',23.200,80.701,80.501,89.801,91.401,0.500
'[00:00:08.946 01/01/2011]',21.800,80.501,80.701,89.901,91.101,0.500
'[00:00:08.947 01/01/2011]',21.100,80.501,80.901,90.001,90.701,0.500
'[00:00:08.948 01/01/2011]',21.300,80.701,80.801,90.301,90.301,0.500
'[00:00:08.949 01/01/2011]',22.100,81.001,80.501,90.501,90.201,0.500
'[00:00:08.950 01/01/2011]',23.000,81.501,80.101,90.701,90.501,0.500
'[00:00:08.951 01/01/2011]',23.200,81.901,79.601,90.901,91.201,0.500
'[00:00:08.952 01/01/2011]',22.700,82.301,79.301,91.201,92.001,0.500
'[00:00:08.953 01/01/2011]',21.600,82.501,79.001,91.401,92.501,0.500
'[00:00:08.954 01/01/2011]',20.500,82.701,78.901,91.701,92.501,0.500
'[00:00:08.955 01/01/2011]',19.700,83.001,78.801,91.801,92.001,0.500
'[00:00:08.956 01/01/2011]',19.400,83.201,78.601,91.801,91.201,0.500
'[00:00:08.957 01/01/2011]',19.200,83.401,78.501,91.701,90.501,0.500
'[00:00:08.958 01/01/2011]',18.800,83.401,78.501,91.501,90.101,0.500
'[00:00:08.959 01/01/2011]',18.100,83.201,78.501,91.201,90.101,0.500
'[00:00:08.960 01/01/2011]',17.100,82.701,78.501,90.901,90.101,0.500
'[00:00:08.961 01/01/2011]',16.100,82.201,78.401,90.601,90.001,0.500
'[00:00:08.962 01/01/2011]',15.500,81.701,78.301,90.301,89.701,0.500
'[00:00:08.963 01/01/2011]',15.400,81.401,78.201,90.001,89.101,0.500
'[00:00:08.964 01/01/2011]',15.600,81.201,78.101,89.801,88.701,0.500
'[00:00:08.965 01/01/2011]',15.700,81.101,78.301,89.801,88.501,0.500
'[00:00:08.966 01/01/2011]',15.600,80.901,78.601,89.901,88.501,0.500
'[00:00:08.967 01/01/2011]',15.200,80.801,79.001,90.201,88.901,0.500
'[00:00:08.968 01/01/2011]',14.900,80.701,79.401,90.701,89.301,0.500
'[00:00:08.969 01/01/2011]',14.800,80.901,79.601,91.301,89.801,0.500
'[00:00:08.970 01/01/2011]',14.600,81.301,79.601,91.801,90.201,0.500
'[00:00:08.971 01/01/2011]',14.200,81.801,79.501,92.301,90.601,0.500
'[00:00:08.972 01/01/2011]',13.100,82.401,79.401,92.701,90.801,0.500
'[00:00:08.973 01/01/2011]',11.600,82.801,79.401,92.701,90.901,0.500
'[00:00:08.974 01/01/2011]',10.100,83.001,79.501,92.501,90.901,0.500
'[00:00:08.975 01/01/2011]',9.300,82.901,79.501,92.001,90.901,0.500
'[00:00:08.976 01/01/2011]',9.300,82.701,79.401,91.401,90.901,0.500
'[00:00:08.977 01/01/2011]',9.900,82.501,79.201,90.901,91.001,0.500
'[00:00:08.978 01/01/2011]',10.500,82.401,79.001,90.501,91.101,0.500
'[00:00:08.979 01/01/2011]',10.300,82.401,78.901,90.401,91.201,0.500
'[00:00:08.980 01/01/2011]',9.300,82.301,78.801,90.401,91.201,0.500
'[00:00:08.981 01/01/2011]',7.800,82.001,78.901,90.601,91.001,0.500
'[00:00:08.982 01/01/2011]',6.300,81.501,79.101,90.701,90.901,0.500
'[00:00:08.983 01/01/2011]',5.500,80.801,79.301,90.701,90.801,0.500
'[00:00:08.984 01/01/2011]',5.200,80.301,79.501,90.501,90.901,0.500
'[00:00:08.985 01/01/2011]',5.200,80.101,79.901,90.301,91.101,0.500
'[00:00:08.986 01/01/2011]',5.100,80.201,80.201,90.101,91.301,0.500
'[00:00:08.987 01/01/2011]',4.700,80.501,80.501,89.901,91.401,0.500
'[00:00:08.988 01/01/2011]',4.100,80.601,80.701,89.601,91.201,0.500
'[00:00:08.989 01/01/2011]',3.800,80.601,80.701,89.401,91.001,0.500
'[00:00:08.990 01/01/2011]',3.800,80.301,80.601,89.401,90.701,0.500
'[00:00:08.991 01/01/2011]',3.800,80.201,80.401,89.601,90.501,0.500
'[00:00:08.992 01/01/2011]',3.700,80.501,80.401,90.101,90.601,0.500
'[00:00:08.993 01/01/2011]',3.200,81.201,80.601,90.901,90.701,0.500
'[00:00:08.994 01/01/2011]',2.300,82.201,80.901,91.701,91.001,0.500
'[00:00:08.995 01/01/2011]',1.300,83.101,81.301,92.301,91.201,0.500
'[00:00:08.996 01/01/2011]',0.600,83.501,81.701,92.701,91.401,0.500
'[00:00:08.997 01/01/2011]',0.400,83.101,82.001,92.801,91.601,0.500
'[00:00:08.998 01/01/2011]',0.600,82.301,82.001,92.701,91.601,0.500
'[00:00:08.999 01/01/2011]',0.800,81.401,81.801,92.401,91.501,0.500
'[00:00:09.000 01/01/2011]',0.700,80.701,81.301,92.101,91.201,0.500
'[00:00:09.001 01/01/2011]',0.400,80.501,80.601,91.701,90.901,0.500
'[00:00:09.002 01/01/2011]',-0.100,80.601,80.101,91.501,90.701,0.500
'[00:00:09.003 01/01/2011]',-0.500,80.701,79.801,91.501,90.801,0.500
'[00:00:09.004 01/01/2011]',-0.900,80.601,79.901,91.701,91.301,0.500
'[00:00:09.005 01/01/2011]',-1.100,80.401,80.101,92.001,91.901,0.500
'[00:00:09.006 01/01/2011]',-1.300,80.201,80.301,92.301,92.501,0.500
'[00:00:09.007 01/01/2011]',-1.700,80.401,80.401,92.401,92.801,0.500
'[00:00:09.008 01/01/2011]',-2.300,81.001,80.301,92.401,92.601,0.500
'[00:00:09.009 01/01/2011]',-2.900,81.801,80.201,92.301,92.301,0.500
'[00:00:09.010 01/01/2011]',-3.300,82.701,80.101,92.301,92.101,0.500
'[00:00:09.011 01/01/2011]',-3.200,83.201,80.101,92.401,92.101,0.500
'[00:00:09.012 01/01/2011]',-2.600,83.401,80.201,92.601,92.501,0.500
'[00:00:09.013 01/01/2011]',-1.700,83.301,80.101,93.001,93.001,0.500
'[00:00:09.014 01/01/2011]',-0.900,83.201,79.901,93.501,93.301,0.500
'[00:00:09.015 01/01/2011]',-0.500,83.201,79.601,93.901,93.501,0.500
'[00:00:09.016 01/01/2011]',-0.800,83.401,79.401,94.301,93.501,0.500
'[00:00:09.017 01/01/2011]',-1.800,83.501,79.201,94.501,93.501,0.500
'[00:00:09.018 01/01/2011]',-3.100,83.301,79.201,94.601,93.701,0.500
'[00:00:09.019 01/01/2011]',-4.300,82.801,79.301,94.401,94.001,0.500
'[00:00:09.020 01/01/2011]',-5.000,82.101,79.301,94.101,94.301,0.500
'[00:00:09.021 01/01/2011]',-5.000,81.601,79.301,93.701,94.601,0.500
'[00:00:09.022 01/01/2011]',-4.300,81.401,79.201,93.301,94.701,0.500
'[00:00:09.023 01/01/2011]',-3.400,81.501,79.201,93.201,94.701,0.500
'[00:00:09.024 01/01/2011]',-2.700,81.601,79.101,93.201,94.701,0.500
'[00:00:09.025 01/01/2011]',-2.400,81.601,78.901,93.401,94.601,0.500
'[00:00:09.026 01/01/2011]',-2.600,81.401,78.601,93.401,94.401,0.500
'[00:00:09.027 01/01/2011]',-3.100,81.201,78.301,93.301,94.001,0.500
'[00:00:09.028 01/01/2011]',-3.500,81.301,78.101,93.001,93.601,0.500
'[00:00:09.029 01/01/2011]',-3.700,81.701,78.301,92.801,93.301,0.500
'[00:00:09.030 01/01/2011]',-3.700,82.401,78.701,92.801,93.501,0.500
'[00:00:09.031 01/01/2011]',-3.500,83.001,79.401,93.101,94.101,0.500
'[00:00:09.032 01/01/2011]',-3.400,83.401,80.001,93.601,94.801,0.500
'[00:00:09.033 01/01/2011]',-3.600,83.501,80.301,94.001,95.201,0.500
'[00:00:09.034 01/01/2011]',-3.900,83.301,80.201,94.101,95.101,0.500
'[00:00:09.035 01/01/2011]',-4.000,83.101,79.901,93.801,94.501,0.500
'[00:00:09.036 01/01/2011]',-3.800,82.901,79.601,93.001,93.701,0.500
'[00:00:09.037 01/01/2011]',-3.100,82.601,79.401,92.201,93.101,0.500
'[00:00:09.038 01/01/2011]',-2.100,82.301,79.301,91.601,92.801,0.500
'[00:00:09.039 01/01/2011]',-1.400,81.701,79.201,91.401,92.801,0.500
'[00:00:09.040 01/01/2011]',-1.200,81.201,78.901,91.501,92.901,0.500
'[00:00:09.041 01/01/2011]',-1.800,80.801,78.501,91.901,93.001,0.500
'[00:00:09.042 01/01/2011]',-2.900,80.701,78.101,92.201,92.901,0.500
'[00:00:09.043 01/01/2011]',-3.800,80.901,78.001,92.401,92.901,0.500
'[00:00:09.044 01/01/2011]',-4.400,81.401,78.301,92.501,92.901,0.500
'[00:00:09.045 01/01/2011]',-4.200,81.801,79.001,92.501,93.201,0.500
'[00:00:09.046 01/01/2011]',-3.700,81.901,79.601,92.601,93.601,0.500
'[00:00:09.047 01/01/2011]',-3.200,81.701,80.101,92.701,94.001,0.500
'[00:00:09.048 01/01/2011]',-3.100,81.301,80.301,92.801,94.101,0.500
'[00:00:09.049 01/01/2011]',-3.400,81.201,80.201,92.801,94.101,0.500
'[00:00:09.050 01/01/2011]',-3.900,81.401,80.101,92.701,93.901,0.500
'[00:00:09.051 01/01/2011]',-4.400,81.901,80.201,92.601,93.701,0.500
'[00:00:09.052 01/01/2011]',-4.600,82.601,80.501,92.501,93.601,0.500
'[00:00:09.053 01/01/2011]',-4.300,83.301,80.901,92.701,93.601,0.500
'[00:00:09.054 01/01/2011]',-3.600,83.601,81.301,93.201,93.601,0.500
'[00:00:09.055 01/01/2011]',-2.700,83.701,81.401,93.901,93.501,0.500
'[00:00:09.056 01/01/2011]',-1.800,83.701,81.201,94.301,93.401,0.500
'[00:00:09.057 01/01/2011]',-1.100,83.601,81.101,94.401,93.201,0.500
'[00:00:09.058 01/01/2011]',-0.700,83.601,81.201,94.201,93.001,0.500
'[00:00:09.059 01/01/2011]',-0.600,83.601,81.701,93.701,93.101,0.500
'[00:00:09.060 01/01/2011]',-0.800,83.601,82.401,93.401,93.501,0.500
'[00:00:09.061 01/01/2011]',-1.000,83.401,83.301,93.501,94.201,0.500
'[00:00:09.062 01/01/2011]',-1.100,83.201,84.101,93.901,94.901,0.500
'[00:00:09.063 01/01/2011]',-1.000,82.901,84.701,94.501,95.501,0.500
'[00:00:09.064 01/01/2011]',-0.400,82.701,84.901,94.801,95.801,0.500
'[00:00:09.065 01/01/2011]',0.800,82.501,84.901,94.701,95.901,0.500
'[00:00:09.066 01/01/2011]',2.600,82.401,84.701,94.201,95.801,0.500
'[00:00:09.067 01/01/2011]',4.800,82.201,84.501,93.701,95.701,0.500
'[00:00:09.068 01/01/2011]',7.100,81.901,84.501,93.501,95.801,0.500
'[00:00:09.069 01/01/2011]',8.900,81.601,84.601,93.601,96.201,0.500
'[00:00:09.070 01/01/2011]',9.700,81.501,84.801,94.001,96.601,0.500
'[00:00:09.071 01/01/2011]',9.400,81.501,84.901,94.401,96.801,0.500
'[00:00:09.072 01/01/2011]',8.200,81.601,84.801,94.701,96.701,0.500
'[00:00:09.073 01/01/2011]',7.100,81.701,84.601,94.801,96.201,0.500
'[00:00:09.074 01/01/2011]',6.800,81.701,84.401,94.701,95.501,0.500
'[00:00:09.075 01/01/2011]',7.700,81.501,84.301,94.701,95.001,0.500
'[00:00:09.076 01/01/2011]',9.800,81.201,84.501,94.901,94.701,0.500
'[00:00:09.077 01/01/2011]',12.300,81.101,85.101,95.201,94.701,0.500
'[00:00:09.078 01/01/2011]',14.400,81.201,86.201,95.501,94.601,0.500
'[00:00:09.079 01/01/2011]',15.300,81.601,87.801,95.501,94.301,0.500
'[00:00:09.080 01/01/2011]',15.000,82.201,89.901,95.401,93.501,0.500
'[00:00:09.081 01/01/2011]',14.000,82.701,92.301,95.201,92.301,0.500
'[00:00:09.082 01/01/2011]',13.100,83.201,95.001,95.101,90.901,0.500
'[00:00:09.083 01/01/2011]',12.800,83.701,97.801,95.401,89.701,0.500
'[00:00:09.084 01/01/2011]',13.300,84.301,100.702,95.901,88.801,0.500
'[00:00:09.085 01/01/2011]',14.400,85.101,103.302,96.701,88.301,0.500
'[00:00:09.086 01/01/2011]',15.300,86.201,105.702,97.401,88.201,0.500
'[00:00:09.087 01/01/2011]',15.600,87.301,107.702,98.101,88.401,0.500
'[00:00:09.088 01/01/2011]',15.000,88.401,109.402,98.902,89.101,0.500
'[00:00:09.089 01/01/2011]',13.900,89.301,110.902,99.902,90.301,0.500
'[00:00:09.090 01/01/2011]',12.800,90.101,112.402,101.202,92.001,0.500
'[00:00:09.091 01/01/2011]',12.000,90.801,114.002,102.802,94.201,0.500
'[00:00:09.092 01/01/2011]',11.600,91.701,115.802,104.602,96.901,0.500
'[00:00:09.093 01/01/2011]',11.100,92.501,117.702,106.402,100.002,0.500
'[00:00:09.094 01/01/2011]',10.200,93.201,119.602,107.902,103.402,0.500
'[00:00:09.095 01/01/2011]',8.600,93.301,121.102,109.302,107.102,0.500
'[00:00:09.096 01/01/2011]',6.400,92.701,121.902,110.702,111.202,0.500
'[00:00:09.097 01/01/2011]',4.000,91.501,121.902,112.102,115.802,0.500
'[00:00:09.098 01/01/2011]',1.700,90.001,121.002,113.702,121.102,0.500
'[00:00:09.099 01/01/2011]',-0.300,88.401,119.302,115.302,126.902,0.500
'[00:00:09.100 01/01/2011]',-2.100,87.101,117.202,116.802,132.902,0.500
'[00:00:09.101 01/01/2011]',-3.900,85.901,114.802,118.002,138.802,0.500
'[00:00:09.102 01/01/2011]',-5.600,84.501,112.302,119.002,144.402,0.500
'[00:00:09.103 01/01/2011]',-7.200,82.701,109.502,119.802,149.602,0.500
'[00:00:09.104 01/01/2011]',-8.500,80.201,106.302,120.302,154.702,0.500
'[00:00:09.105 01/01/2011]',-9.400,77.001,102.402,120.802,160.102,0.500
'[00:00:09.106 01/01/2011]',-10.000,73.401,97.801,121.202,166.203,0.500
'[00:00:09.107 01/01/2011]',-10.800,69.801,92.901,121.702,173.003,0.500
'[00:00:09.108 01/01/2011]',-11.700,66.401,88.101,122.202,180.403,0.500
'[00:00:09.109 01/01/2011]',-12.900,63.601,83.701,122.702,187.503,0.500
'[00:00:09.110 01/01/2011]',-14.000,61.501,79.901,123.002,193.903,0.500
'[00:00:09.111 01/01/2011]',-14.700,59.801,76.701,123.202,198.903,0.500
'[00:00:09.112 01/01/2011]',-15.000,58.401,73.701,123.002,202.203,0.500
'[00:00:09.113 01/01/2011]',-15.200,57.201,70.901,122.602,203.903,0.500
'[00:00:09.114 01/01/2011]',-15.600,56.101,68.301,121.702,204.203,0.500
'[00:00:09.115 01/01/2011]',-16.400,55.001,65.901,120.602,203.203,0.500
'[00:00:09.116 01/01/2011]',-17.600,54.101,63.901,118.902,201.003,0.500
'[00:00:09.117 01/01/2011]',-18.800,53.301,62.101,116.602,197.603,0.500
'[00:00:09.118 01/01/2011]',-19.700,52.601,60.401,113.602,192.903,0.500
'[00:00:09.119 01/01/2011]',-19.800,52.201,58.201,109.902,186.903,0.500
'[00:00:09.120 01/01/2011]',-19.100,51.701,55.401,105.902,179.903,0.500
'[00:00:09.121 01/01/2011]',-17.500,51.301,51.701,102.002,172.303,0.500
'[00:00:09.122 01/01/2011]',-15.200,50.701,47.501,98.502,164.803,0.500
'[00:00:09.123 01/01/2011]',-12.900,50.001,43.201,95.501,157.802,0.500
'[00:00:09.124 01/01/2011]',-10.800,49.301,39.101,93.001,151.802,0.500
'[00:00:09.125 01/01/2011]',-9.400,49.001,35.701,90.601,146.302,0.500
'[00:00:09.126 01/01/2011]',-8.700,49.201,32.901,88.101,140.902,0.500
'[00:00:09.127 01/01/2011]',-8.300,50.101,30.600,85.301,134.902,0.500
'[00:00:09.128 01/01/2011]',-7.600,51.601,28.600,82.301,128.002,0.500
'[00:00:09.129 01/01/2011]',-6.200,53.301,27.000,79.601,120.402,0.500
'[00:00:09.130 01/01/2011]',-3.900,55.001,25.900,77.101,112.802,0.500
'[00:00:09.131 01/01/2011]',-1.200,56.301,25.400,75.201,105.802,0.500
'[00:00:09.132 01/01/2011]',1.300,57.401,25.700,73.801,99.902,0.500
'[00:00:09.133 01/01/2011]',3.100,58.501,26.800,72.901,95.201,0.500
'[00:00:09.134 01/01/2011]',4.000,59.801,28.600,72.401,91.301,0.500
'[00:00:09.135 01/01/2011]',4.100,61.301,30.900,72.201,88.101,0.500
'[00:00:09.136 01/01/2011]',4.000,63.101,33.501,72.301,85.301,0.500
'[00:00:09.137 01/01/2011]',3.900,64.701,36.201,72.701,83.201,0.500
'[00:00:09.138 01/01/2011]',3.700,66.101,38.901,73.301,81.701,0.500
'[00:00:09.139 01/01/2011]',3.400,67.301,41.801,73.901,80.801,0.500
'[00:00:09.140 01/01/2011]',2.900,68.201,44.801,74.601,80.401,0.500
'[00:00:09.141 01/01/2011]',2.100,69.101,48.101,75.401,80.001,0.500
'[00:00:09.142 01/01/2011]',1.300,70.001,51.501,76.201,79.401,0.500
'[00:00:09.143 01/01/2011]',0.700,70.901,54.801,77.101,78.701,0.500
'[00:00:09.144 01/01/2011]',0.500,71.701,57.901,78.001,78.001,0.500
'[00:00:09.145 01/01/2011]',0.700,72.401,60.801,78.801,77.701,0.500
'[00:00:09.146 01/01/2011]',1.100,73.201,63.401,79.601,78.001,0.500
'[00:00:09.147 01/01/2011]',1.400,74.001,65.901,80.401,78.701,0.500
'[00:00:09.148 01/01/2011]',1.200,75.001,68.301,81.201,79.701,0.500
'[00:00:09.149 01/01/2011]',0.500,75.901,70.401,82.101,80.601,0.500
'[00:00:09.150 01/01/2011]',-0.700,76.501,72.001,82.901,81.401,0.500
'[00:00:09.151 01/01/2011]',-2.100,77.001,72.901,83.601,81.801,0.500
'[00:00:09.152 01/01/2011]',-3.100,77.301,73.301,84.201,81.901,0.500
'[00:00:09.153 01/01/2011]',-3.400,77.701,73.501,84.501,81.801,0.500
'[00:00:09.154 01/01/2011]',-3.100,78.301,73.601,84.901,81.701,0.500
'[00:00:09.155 01/01/2011]',-2.400,79.101,74.101,85.301,81.701,0.500
'[00:00:09.156 01/01/2011]',-2.100,79.801,74.801,85.901,81.801,0.500
'[00:00:09.157 01/01/2011]',-2.400,80.201,75.601,86.401,82.001,0.500
'[00:00:09.158 01/01/2011]',-3.200,80.401,76.201,86.601,82.101,0.500
'[00:00:09.159 01/01/2011]',-3.800,80.201,76.501,86.601,82.001,0.500
'[00:00:09.160 01/01/2011]',-3.900,80.001,76.401,86.201,81.501,0.500
'[00:00:09.161 01/01/2011]',-3.100,79.901,76.001,85.701,80.901,0.500
'[00:00:09.162 01/01/2011]',-1.800,79.701,75.601,85.201,80.401,0.500
'[00:00:09.163 01/01/2011]',-0.700,79.601,75.401,84.901,80.001,0.500
'[00:00:09.164 01/01/2011]',-0.300,79.401,75.301,84.601,79.801,0.500
'[00:00:09.165 01/01/2011]',-0.800,79.201,75.301,84.401,79.701,0.500
'[00:00:09.166 01/01/2011]',-1.700,79.101,75.401,84.101,79.501,0.500
'[00:00:09.167 01/01/2011]',-2.500,79.201,75.401,83.801,78.901,0.500
'[00:00:09.168 01/01/2011]',-2.800,79.601,75.201,83.601,78.001,0.500
'[00:00:09.169 01/01/2011]',-2.500,80.201,74.801,83.501,76.901,0.500
'[00:00:09.170 01/01/2011]',-1.600,80.701,74.101,83.501,75.901,0.500
'[00:00:09.171 01/01/2011]',-0.500,81.101,73.401,83.401,75.101,0.500
'[00:00:09.172 01/01/2011]',0.300,81.301,72.501,83.001,74.301,0.500
'[00:00:09.173 01/01/2011]',0.400,81.101,71.701,82.401,73.501,0.500
'[00:00:09.174 01/01/2011]',-0.500,80.801,70.901,81.401,72.501,0.500
'[00:00:09.175 01/01/2011]',-2.600,80.401,70.001,80.501,71.301,0.500
'[00:00:09.176 01/01/2011]',-5.600,80.101,69.101,79.901,70.101,0.500
'[00:00:09.177 01/01/2011]',-8.500,79.901,68.301,79.801,69.601,0.500
'[00:00:09.178 01/01/2011]',-10.100,79.901,67.901,80.401,69.801,0.500
'[00:00:09.179 01/01/2011]',-9.200,80.101,68.101,81.501,70.901,0.500
'[00:00:09.180 01/01/2011]',-5.400,80.501,69.001,82.901,72.501,0.500
'[00:00:09.181 01/01/2011]',0.900,81.001,70.501,84.101,73.901,0.500
'[00:00:09.182 01/01/2011]',8.500,81.401,72.101,85.001,74.801,0.500
'[00:00:09.183 01/01/2011]',16.400,81.801,73.601,85.601,75.001,0.500
'[00:00:09.184 01/01/2011]',23.900,82.201,74.801,86.101,75.001,0.500
'[00:00:09.185 01/01/2011]',31.400,82.601,76.001,86.801,75.301,0.500
'[00:00:09.186 01/01/2011]',39.401,83.101,77.301,87.701,76.401,0.500
'[00:00:09.187 01/01/2011]',48.301,83.601,78.901,88.901,78.201,0.500
'[00:00:09.188 01/01/2011]',57.501,84.101,80.701,90.101,80.301,0.500
'[00:00:09.189 01/01/2011]',66.001,84.501,82.401,91.101,82.201,0.500
'[00:00:09.190 01/01/2011]',72.601,84.701,83.801,91.901,83.701,0.500
'[00:00:09.191 01/01/2011]',76.701,85.101,85.001,92.601,84.901,0.500
'[00:00:09.192 01/01/2011]',78.901,85.801,86.101,93.501,86.401,0.500
'[00:00:09.193 01/01/2011]',80.201,86.801,87.301,94.601,88.501,0.500
'[00:00:09.194 01/01/2011]',81.601,87.801,88.701,95.801,91.101,0.500
'[00:00:09.195 01/01/2011]',83.201,88.701,90.001,97.001,93.701,0.500
'[00:00:09.196 01/01/2011]',84.201,89.201,91.001,97.801,95.701,0.500
'[00:00:09.197 01/01/2011]',84.101,89.301,91.501,98.301,96.901,0.500
'[00:00:09.198 01/01/2011]',82.401,89.001,91.301,98.602,97.301,0.500
'[00:00:09.199 01/01/2011]',79.701,88.801,90.901,98.802,97.201,0.500
'[00:00:09.200 01/01/2011]',77.001,88.701,90.301,99.102,97.101,0.500
'[00:00:09.201 01/01/2011]',74.701,88.801,89.701,99.202,97.001,0.500
'[00:00:09.202 01/01/2011]',73.001,88.901,89.001,98.902,96.701,0.500
'[00:00:09.203 01/01/2011]',71.101,88.701,87.801,98.101,95.601,0.500
'[00:00:09.204 01/01/2011]',68.301,87.901,86.101,96.701,93.701,0.500
'[00:00:09.205 01/01/2011]',63.801,86.601,83.601,94.601,90.701,0.500
'[00:00:09.206 01/01/2011]',57.201,85.101,80.601,92.201,87.001,0.500
'[00:00:09.207 01/01/2011]',48.401,83.701,77.201,89.601,83.001,0.500
'[00:00:09.208 01/01/2011]',37.401,82.901,73.801,87.301,79.301,0.500
'[00:00:09.209 01/01/2011]',24.500,82.901,70.701,85.301,76.001,0.500
'[00:00:09.210 01/01/2011]',10.600,83.401,68.201,84.001,73.501,0.500
'[00:00:09.211 01/01/2011]',-2.200,84.001,66.501,83.401,71.701,0.500
'[00:00:09.212 01/01/2011]',-11.900,84.401,65.601,83.401,70.601,0.500
'[00:00:09.213 01/01/2011]',-16.700,84.101,65.601,83.901,70.101,0.500
'[00:00:09.214 01/01/2011]',-16.200,83.401,66.001,84.401,70.001,0.500
'[00:00:09.215 01/01/2011]',-11.600,82.501,66.601,84.701,70.201,0.500
'[00:00:09.216 01/01/2011]',-4.900,81.801,67.201,84.701,70.501,0.500
'[00:00:09.217 01/01/2011]',1.800,81.301,67.601,84.301,70.901,0.500
'[00:00:09.218 01/01/2011]',7.100,81.101,67.801,83.901,71.201,0.500
'[00:00:09.219 01/01/2011]',11.000,81.101,67.801,83.601,71.501,0.500
'[00:00:09.220 01/01/2011]',13.800,81.201,67.701,83.501,71.601,0.500
'[00:00:09.221 01/01/2011]',16.000,81.401,67.601,83.501,71.601,0.500
'[00:00:09.222 01/01/2011]',17.600,81.601,67.501,83.401,71.501,0.500
'[00:00:09.223 01/01/2011]',18.700,81.901,67.401,83.101,71.401,0.500
'[00:00:09.224 01/01/2011]',19.000,82.001,67.301,82.701,71.301,0.500
'[00:00:09.225 01/01/2011]',18.900,81.901,67.201,82.301,71.301,0.500
'[00:00:09.226 01/01/2011]',18.700,81.501,67.001,81.901,71.301,0.500
'[00:00:09.227 01/01/2011]',18.800,80.801,66.701,81.701,71.401,0.500
'[00:00:09.228 01/01/2011]',19.200,80.301,66.401,81.601,71.401,0.500
'[00:00:09.229 01/01/2011]',19.800,80.101,66.101,81.401,71.301,0.500
'[00:00:09.230 01/01/2011]',20.300,80.401,65.601,81.101,71.101,0.500
'[00:00:09.231 01/01/2011]',20.600,80.901,65.101,80.601,70.901,0.500
'[00:00:09.232 01/01/2011]',20.800,81.301,64.401,80.101,70.701,0.500
'[00:00:09.233 01/01/2011]',21.200,81.301,63.801,79.801,70.501,0.500
'[00:00:09.234 01/01/2011]',21.900,80.801,63.401,79.801,70.401,0.500
'[00:00:09.235 01/01/2011]',22.700,80.101,63.301,80.001,70.401,0.500
'[00:00:09.236 01/01/2011]',23.500,79.501,63.401,80.201,70.501,0.500
'[00:00:09.237 01/01/2011]',23.900,79.301,63.601,80.201,70.601,0.500
'[00:00:09.238 01/01/2011]',23.700,79.501,63.701,79.901,70.801,0.500
'[00:00:09.239 01/01/2011]',23.000,79.701,63.701,79.401,70.901,0.500
'[00:00:09.240 01/01/2011]',22.000,79.901,63.601,78.801,70.901,0.500
'[00:00:09.241 01/01/2011]',21.100,79.801,63.501,78.301,70.901,0.500
'[00:00:09.242 01/01/2011]',20.900,79.401,63.501,78.101,70.901,0.500
'[00:00:09.243 01/01/2011]',21.700,78.901,63.601,78.201,70.901,0.500
'[00:00:09.244 01/01/2011]',23.300,78.301,63.701,78.401,70.801,0.500
'[00:00:09.245 01/01/2011]',25.100,77.901,63.801,78.601,70.701,0.500
'[00:00:09.246 01/01/2011]',26.100,77.501,63.901,78.901,70.501,0.500
'[00:00:09.247 01/01/2011]',25.800,77.301,63.901,79.001,70.201,0.500
'[00:00:09.248 01/01/2011]',24.200,77.101,63.901,79.101,70.001,0.500
'[00:00:09.249 01/01/2011]',22.500,77.101,63.901,79.201,69.901,0.500
'[00:00:09.250 01/01/2011]',21.900,77.101,63.901,79.301,69.901,0.500
'[00:00:09.251 01/01/2011]',23.100,77.101,63.601,79.201,70.201,0.500
'[00:00:09.252 01/01/2011]',26.000,77.101,63.301,79.001,70.401,0.500
'[00:00:09.253 01/01/2011]',29.200,76.901,62.801,78.501,70.701,0.500
'[00:00:09.254 01/01/2011]',31.100,76.601,62.501,78.101,70.801,0.500
'[00:00:09.255 01/01/2011]',30.700,76.401,62.501,77.901,70.901,0.500
'[00:00:09.256 01/01/2011]',28.500,76.201,62.901,77.901,70.801,0.500
'[00:00:09.257 01/01/2011]',26.200,76.301,63.601,78.201,70.701,0.500
'[00:00:09.258 01/01/2011]',25.200,76.501,64.301,78.601,70.701,0.500
'[00:00:09.259 01/01/2011]',26.300,76.701,64.701,79.001,70.801,0.500
'[00:00:09.260 01/01/2011]',28.900,76.701,64.801,79.101,71.101,0.500
'[00:00:09.261 01/01/2011]',31.500,76.501,64.601,78.901,71.501,0.500
'[00:00:09.262 01/01/2011]',32.901,76.301,64.301,78.601,71.901,0.500
'[00:00:09.263 01/01/2011]',32.700,76.001,64.001,78.301,72.101,0.500
'[00:00:09.264 01/01/2011]',31.600,75.801,63.901,78.201,71.901,0.500
'[00:00:09.265 01/01/2011]',30.500,75.601,63.801,78.201,71.201,0.500
'[00:00:09.266 01/01/2011]',30.200,75.301,63.701,78.201,70.401,0.500
'[00:00:09.267 01/01/2011]',30.600,74.801,63.501,78.201,69.601,0.500
'[00:00:09.268 01/01/2011]',31.100,74.301,63.301,77.901,69.101,0.500
'[00:00:09.269 01/01/2011]',31.300,73.701,63.001,77.401,68.801,0.500
'[00:00:09.270 01/01/2011]',31.100,73.201,62.801,76.701,68.701,0.500
'[00:00:09.271 01/01/2011]',31.000,72.901,62.601,76.001,68.501,0.500
'[00:00:09.272 01/01/2011]',31.300,72.801,62.401,75.401,68.201,0.500
'[00:00:09.273 01/01/2011]',32.200,72.901,62.301,75.001,67.901,0.500
'[00:00:09.274 01/01/2011]',33.101,73.101,62.301,75.101,67.801,0.500
'[00:00:09.275 01/01/2011]',33.601,73.401,62.401,75.301,68.001,0.500
'[00:00:09.276 01/01/2011]',33.601,73.501,62.501,75.601,68.501,0.500
'[00:00:09.277 01/01/2011]',33.501,73.501,62.601,75.701,69.001,0.500
'[00:00:09.278 01/01/2011]',33.901,73.201,62.301,75.401,69.001,0.500
'[00:00:09.279 01/01/2011]',34.901,72.801,61.701,74.901,68.601,0.500
'[00:00:09.280 01/01/2011]',36.301,72.301,60.901,74.301,67.801,0.500
'[00:00:09.281 01/01/2011]',37.401,71.901,60.101,73.901,67.001,0.500
'[00:00:09.282 01/01/2011]',37.701,71.501,59.601,73.801,66.501,0.500
'[00:00:09.283 01/01/2011]',37.201,71.201,59.501,73.701,66.601,0.500
'[00:00:09.284 01/01/2011]',36.301,70.701,59.601,73.501,66.901,0.500
'[00:00:09.285 01/01/2011]',35.701,70.001,59.601,73.101,67.201,0.500
'[00:00:09.286 01/01/2011]',35.801,69.101,59.301,72.401,67.001,0.500
'[00:00:09.287 01/01/2011]',36.501,68.301,58.701,71.701,66.401,0.500
'[00:00:09.288 01/01/2011]',37.401,67.801,57.901,71.201,65.601,0.500
'[00:00:09.289 01/01/2011]',38.201,67.801,57.201,71.001,64.801,0.500
'[00:00:09.290 01/01/2011]',38.701,68.201,56.701,71.201,64.401,0.500
'[00:00:09.291 01/01/2011]',39.001,68.601,56.301,71.501,64.301,0.500
'[00:00:09.292 01/01/2011]',39.401,68.701,56.201,71.601,64.401,0.500
'[00:00:09.293 01/01/2011]',39.801,68.401,56.001,71.601,64.501,0.500
'[00:00:09.294 01/01/2011]',40.301,67.801,55.801,71.301,64.601,0.500
'[00:00:09.295 01/01/2011]',40.701,67.101,55.501,70.901,64.501,0.500
'[00:00:09.296 01/01/2011]',40.901,66.701,55.201,70.401,64.301,0.500
'[00:00:09.297 01/01/2011]',41.101,66.601,54.901,69.801,64.001,0.500
'[00:00:09.298 01/01/2011]',41.301,66.701,54.501,69.201,63.701,0.500
'[00:00:09.299 01/01/2011]',41.501,66.801,54.101,68.501,63.601,0.500
'[00:00:09.300 01/01/2011]',41.901,66.501,53.701,68.001,63.501,0.500
'[00:00:09.301 01/01/2011]',42.301,65.701,53.301,67.701,63.601,0.500
'[00:00:09.302 01/01/2011]',42.901,64.801,53.001,67.601,63.701,0.500
'[00:00:09.303 01/01/2011]',43.501,63.801,53.001,67.701,63.901,0.500
'[00:00:09.304 01/01/2011]',44.201,63.201,53.001,67.801,64.101,0.500
'[00:00:09.305 01/01/2011]',44.601,62.701,53.101,67.901,64.201,0.500
'[00:00:09.306 01/01/2011]',44.801,62.501,53.101,67.901,64.401,0.500
'[00:00:09.307 01/01/2011]',44.601,62.201,53.101,67.801,64.701,0.500
'[00:00:09.308 01/01/2011]',44.301,61.901,52.901,67.701,65.101,0.500
'[00:00:09.309 01/01/2011]',44.301,61.501,52.501,67.601,65.501,0.500
'[00:00:09.310 01/01/2011]',44.601,61.101,51.901,67.601,65.701,0.500
'[00:00:09.311 01/01/2011]',45.301,60.801,51.301,67.501,65.501,0.500
'[00:00:09.312 01/01/2011]',46.201,60.701,50.801,67.501,65.101,0.500
'[00:00:09.313 01/01/2011]',46.901,60.701,50.401,67.401,64.601,0.500
'[00:00:09.314 01/01/2011]',47.401,60.801,50.301,67.401,64.301,0.500
'[00:00:09.315 01/01/2011]',47.501,60.701,50.301,67.301,64.301,0.500
'[00:00:09.316 01/01/2011]',47.401,60.401,50.401,67.201,64.601,0.500
'[00:00:09.317 01/01/2011]',47.101,60.101,50.501,67.101,65.001,0.500
'[00:00:09.318 01/01/2011]',46.801,59.601,50.501,67.001,65.401,0.500
'[00:00:09.319 01/01/2011]',46.701,59.301,50.301,66.801,65.701,0.500
'[00:00:09.320 01/01/2011]',47.001,59.201,50.001,66.701,65.801,0.500
'[00:00:09.321 01/01/2011]',47.801,59.201,49.501,66.601,66.001,0.500
'[00:00:09.322 01/01/2011]',48.901,59.201,48.801,66.501,66.101,0.500
'[00:00:09.323 01/01/2011]',50.201,58.901,48.201,66.401,66.201,0.500
'[00:00:09.324 01/01/2011]',51.001,58.301,47.701,66.201,66.101,0.500
'[00:00:09.325 01/01/2011]',51.301,57.401,47.501,66.001,66.001,0.500
'[00:00:09.326 01/01/2011]',51.001,56.601,47.601,65.801,65.901,0.500
'[00:00:09.327 01/01/2011]',50.401,56.101,47.901,65.601,66.201,0.500
'[00:00:09.328 01/01/2011]',49.801,56.001,48.301,65.501,67.001,0.500
'[00:00:09.329 01/01/2011]',49.801,56.301,48.601,65.401,68.001,0.500
'[00:00:09.330 01/01/2011]',50.101,56.601,48.701,65.401,69.101,0.500
'[00:00:09.331 01/01/2011]',50.701,56.701,48.501,65.401,69.801,0.500
'[00:00:09.332 01/01/2011]',51.001,56.501,48.301,65.301,70.101,0.500
'[00:00:09.333 01/01/2011]',51.001,56.001,48.001,65.201,69.801,0.500
'[00:00:09.334 01/01/2011]',50.801,55.601,47.801,65.001,69.501,0.500
'[00:00:09.335 01/01/2011]',50.501,55.201,47.501,64.801,69.301,0.500
'[00:00:09.336 01/01/2011]',50.601,55.001,47.201,64.601,69.501,0.500
'[00:00:09.337 01/01/2011]',51.001,54.801,46.701,64.501,69.801,0.500
'[00:00:09.338 01/01/2011]',51.401,54.701,46.101,64.401,70.001,0.500
'[00:00:09.339 01/01/2011]',51.601,54.301,45.501,64.301,70.101,0.500
'[00:00:09.340 01/01/2011]',51.701,53.901,44.901,64.101,69.901,0.500
'[00:00:09.341 01/01/2011]',51.601,53.401,44.301,63.901,69.701,0.500
'[00:00:09.342 01/01/2011]',51.601,52.801,43.801,63.601,69.801,0.500
'[00:00:09.343 01/01/2011]',52.001,52.201,43.301,63.401,70.301,0.500
'[00:00:09.344 01/01/2011]',52.601,51.701,42.801,63.201,70.901,0.500
'[00:00:09.345 01/01/2011]',53.201,51.101,42.401,62.901,71.401,0.500
'[00:00:09.346 01/01/2011]',53.701,50.501,42.001,62.401,71.501,0.500
'[00:00:09.347 01/01/2011]',53.901,49.901,41.701,62.001,71.301,0.500
'[00:00:09.348 01/01/2011]',54.001,49.401,41.401,61.501,71.001,0.500
'[00:00:09.349 01/01/2011]',54.101,48.901,41.201,61.301,70.801,0.500
'[00:00:09.350 01/01/2011]',54.301,48.601,41.001,61.501,70.901,0.500
'[00:00:09.351 01/01/2011]',54.301,48.301,40.901,62.001,71.201,0.500
'[00:00:09.352 01/01/2011]',54.201,48.201,40.901,62.601,71.701,0.500
'[00:00:09.353 01/01/2011]',53.901,48.101,41.001,63.201,72.001,0.500
'[00:00:09.354 01/01/2011]',53.601,48.001,41.101,63.601,72.101,0.500
'[00:00:09.355 01/01/2011]',53.201,47.901,41.001,63.701,72.201,0.500
'[00:00:09.356 01/01/2011]',53.101,47.701,40.801,63.601,72.201,0.500
'[00:00:09.357 01/01/2011]',53.201,47.401,40.401,63.501,72.401,0.500
'[00:00:09.358 01/01/2011]',53.301,47.201,40.101,63.301,72.601,0.500
'[00:00:09.359 01/01/2011]',53.301,47.101,39.901,63.301,72.801,0.500
'[00:00:09.360 01/01/2011]',53.101,47.101,39.901,63.201,72.901,0.500
'[00:00:09.361 01/01/2011]',52.701,47.201,39.901,63.101,73.101,0.500
'[00:00:09.362 01/01/2011]',52.201,47.301,39.801,63.001,73.401,0.500
'[00:00:09.363 01/01/2011]',51.701,47.301,39.501,62.801,73.901,0.500
'[00:00:09.364 01/01/2011]',51.301,47.101,39.201,62.601,74.701,0.500
'[00:00:09.365 01/01/2011]',50.801,46.601,38.901,62.201,75.401,0.500
'[00:00:09.366 01/01/2011]',50.301,45.901,39.001,61.801,76.001,0.500
'[00:00:09.367 01/01/2011]',49.701,45.201,39.301,61.201,76.201,0.500
'[00:00:09.368 01/01/2011]',49.101,44.701,39.801,60.601,76.101,0.500
'[00:00:09.369 01/01/2011]',48.701,44.501,40.201,60.101,75.701,0.500
'[00:00:09.370 01/01/2011]',48.601,44.401,40.201,59.801,75.201,0.500
'[00:00:09.371 01/01/2011]',48.901,44.201,39.801,59.601,74.901,0.500
'[00:00:09.372 01/01/2011]',49.501,43.901,38.901,59.501,74.701,0.500
'[00:00:09.373 01/01/2011]',50.101,43.501,38.001,59.501,74.701,0.500
'[00:00:09.374 01/01/2011]',50.401,43.101,37.401,59.601,74.901,0.500
'[00:00:09.375 01/01/2011]',50.301,43.001,37.101,59.801,75.401,0.500
'[00:00:09.376 01/01/2011]',49.701,43.101,37.101,60.101,76.101,0.500
'[00:00:09.377 01/01/2011]',48.801,43.301,37.401,60.501,76.901,0.500
'[00:00:09.378 01/01/2011]',47.801,43.301,37.601,61.001,77.701,0.500
'[00:00:09.379 01/01/2011]',47.001,43.101,37.701,61.401,78.301,0.500
'[00:00:09.380 01/01/2011]',46.501,42.601,37.601,61.601,78.501,0.500
'[00:00:09.381 01/01/2011]',46.001,41.901,37.401,61.601,78.401,0.500
'[00:00:09.382 01/01/2011]',45.301,41.201,37.201,61.301,78.001,0.500
'[00:00:09.383 01/01/2011]',44.301,40.701,37.101,60.701,77.601,0.500
'[00:00:09.384 01/01/2011]',43.201,40.301,37.001,59.901,77.301,0.500
'[00:00:09.385 01/01/2011]',42.101,40.001,37.001,59.001,77.101,0.500
'[00:00:09.386 01/01/2011]',41.501,39.801,37.001,58.201,77.001,0.500
'[00:00:09.387 01/01/2011]',41.201,39.501,36.801,57.601,76.701,0.500
'[00:00:09.388 01/01/2011]',41.301,39.301,36.601,57.201,76.101,0.500
'[00:00:09.389 01/01/2011]',41.401,39.101,36.301,57.001,75.501,0.500
'[00:00:09.390 01/01/2011]',41.301,38.801,36.001,56.801,74.801,0.500
'[00:00:09.391 01/01/2011]',41.201,38.601,35.601,56.701,74.201,0.500
'[00:00:09.392 01/01/2011]',40.901,38.301,35.301,56.601,74.001,0.500
'[00:00:09.393 01/01/2011]',40.701,38.201,35.201,56.601,73.901,0.500
'[00:00:09.394 01/01/2011]',40.601,38.201,35.201,56.801,74.001,0.500
'[00:00:09.395 01/01/2011]',40.301,38.401,35.301,57.001,73.801,0.500
'[00:00:09.396 01/01/2011]',39.601,38.701,35.401,57.001,73.301,0.500
'[00:00:09.397 01/01/2011]',38.601,38.701,35.201,56.801,72.401,0.500
'[00:00:09.398 01/01/2011]',37.501,38.601,34.801,56.201,71.501,0.500
'[00:00:09.399 01/01/2011]',36.601,38.301,34.301,55.501,70.701,0.500
'[00:00:09.400 01/01/2011]',36.401,37.801,33.801,54.701,70.301,0.500
'[00:00:09.401 01/01/2011]',36.901,37.301,33.701,54.001,70.301,0.500
'[00:00:09.402 01/01/2011]',37.901,37.001,33.901,53.601,70.601,0.500
'[00:00:09.403 01/01/2011]',38.901,36.801,34.501,53.401,70.901,0.500
'[00:00:09.404 01/01/2011]',39.301,36.801,35.101,53.401,71.001,0.500
'[00:00:09.405 01/01/2011]',39.101,36.801,35.501,53.401,70.801,0.500
'[00:00:09.406 01/01/2011]',38.201,36.901,35.401,53.301,70.301,0.500
'[00:00:09.407 01/01/2011]',36.901,37.001,35.101,53.001,69.701,0.500
'[00:00:09.408 01/01/2011]',35.501,37.101,34.701,52.601,69.001,0.500
'[00:00:09.409 01/01/2011]',34.101,37.301,34.501,52.201,68.201,0.500
'[00:00:09.410 01/01/2011]',32.700,37.501,34.701,51.801,67.301,0.500
'[00:00:09.411 01/01/2011]',31.300,37.901,35.201,51.501,66.301,0.500
'[00:00:09.412 01/01/2011]',30.000,38.501,35.801,51.601,65.301,0.500
'[00:00:09.413 01/01/2011]',29.400,39.201,36.301,51.901,64.401,0.500
'[00:00:09.414 01/01/2011]',29.400,39.901,36.701,52.301,63.701,0.500
'[00:00:09.415 01/01/2011]',30.000,40.401,37.001,52.701,63.301,0.500
'[00:00:09.416 01/01/2011]',30.500,40.501,37.101,52.901,63.101,0.500
'[00:00:09.417 01/01/2011]',30.300,40.501,37.201,52.901,62.801,0.500
'[00:00:09.418 01/01/2011]',29.100,40.601,37.401,52.701,62.501,0.500
'[00:00:09.419 01/01/2011]',27.000,40.901,37.601,52.401,61.901,0.500
'[00:00:09.420 01/01/2011]',24.900,41.501,37.801,52.001,61.101,0.500
'[00:00:09.421 01/01/2011]',23.400,42.201,37.901,51.701,60.301,0.500
'[00:00:09.422 01/01/2011]',22.800,42.601,38.101,51.401,59.701,0.500
'[00:00:09.423 01/01/2011]',22.400,42.601,38.401,51.101,59.201,0.500
'[00:00:09.424 01/01/2011]',21.400,42.401,38.801,50.901,59.001,0.500
'[00:00:09.425 01/01/2011]',19.100,42.101,39.201,50.701,58.901,0.500
'[00:00:09.426 01/01/2011]',16.000,42.101,39.801,50.601,58.601,0.500
'[00:00:09.427 01/01/2011]',13.200,42.401,40.301,50.601,58.101,0.500
'[00:00:09.428 01/01/2011]',11.800,42.801,40.701,50.601,57.401,0.500
'[00:00:09.429 01/01/2011]',12.400,43.001,40.901,50.601,56.401,0.500
'[00:00:09.430 01/01/2011]',14.100,43.001,41.001,50.501,55.401,0.500
'[00:00:09.431 01/01/2011]',15.300,42.901,41.101,50.401,54.601,0.500
'[00:00:09.432 01/01/2011]',14.800,42.901,41.201,50.401,54.101,0.500
'[00:00:09.433 01/01/2011]',12.500,43.201,41.401,50.401,53.801,0.500
'[00:00:09.434 01/01/2011]',9.500,43.801,41.701,50.501,53.601,0.500
'[00:00:09.435 01/01/2011]',7.400,44.401,41.801,50.601,53.301,0.500
'[00:00:09.436 01/01/2011]',7.100,44.701,41.801,50.701,52.701,0.500
'[00:00:09.437 01/01/2011]',8.200,44.601,41.501,50.601,51.801,0.500
'[00:00:09.438 01/01/2011]',9.200,44.301,41.201,50.401,50.801,0.500
'[00:00:09.439 01/01/2011]',8.500,44.101,41.001,50.301,49.901,0.500
'[00:00:09.440 01/01/2011]',5.900,44.001,41.101,50.301,49.301,0.500
'[00:00:09.441 01/01/2011]',2.400,44.201,41.401,50.301,49.001,0.500
'[00:00:09.442 01/01/2011]',-0.600,44.501,41.901,50.401,48.901,0.500
'[00:00:09.443 01/01/2011]',-2.000,44.701,42.501,50.301,48.801,0.500
'[00:00:09.444 01/01/2011]',-2.100,44.701,42.801,50.101,48.401,0.500
'[00:00:09.445 01/01/2011]',-1.900,44.601,43.001,49.701,47.701,0.500
'[00:00:09.446 01/01/2011]',-2.500,44.601,42.901,49.301,46.901,0.500
'[00:00:09.447 01/01/2011]',-4.100,44.701,42.701,48.901,46.201,0.500
'[00:00:09.448 01/01/2011]',-6.100,45.001,42.501,48.501,45.501,0.500
'[00:00:09.449 01/01/2011]',-7.400,45.201,42.301,48.201,45.001,0.500
'[00:00:09.450 01/01/2011]',-7.500,45.401,42.001,47.801,44.501,0.500
'[00:00:09.451 01/01/2011]',-7.000,45.501,41.801,47.401,43.901,0.500
'[00:00:09.452 01/01/2011]',-6.600,45.401,41.501,46.901,43.201,0.500
'[00:00:09.453 01/01/2011]',-7.400,45.301,41.301,46.301,42.201,0.500
'[00:00:09.454 01/01/2011]',-9.200,45.201,41.301,45.701,41.101,0.500
'[00:00:09.455 01/01/2011]',-11.500,45.201,41.401,45.301,40.101,0.500
'[00:00:09.456 01/01/2011]',-13.300,45.501,41.701,45.001,39.201,0.500
'[00:00:09.457 01/01/2011]',-14.100,45.901,41.901,44.901,38.401,0.500
'[00:00:09.458 01/01/2011]',-14.100,46.401,41.901,45.001,37.901,0.500
'[00:00:09.459 01/01/2011]',-13.800,46.901,41.501,45.201,37.601,0.500
'[00:00:09.460 01/01/2011]',-13.800,47.101,40.701,45.501,37.401,0.500
'[00:00:09.461 01/01/2011]',-14.300,47.101,39.801,45.801,37.201,0.500
'[00:00:09.462 01/01/2011]',-15.200,46.801,38.901,45.801,36.901,0.500
'[00:00:09.463 01/01/2011]',-16.200,46.501,38.201,45.501,36.301,0.500
'[00:00:09.464 01/01/2011]',-17.100,46.201,37.801,44.701,35.401,0.500
'[00:00:09.465 01/01/2011]',-17.800,45.901,37.301,43.701,34.201,0.500
'[00:00:09.466 01/01/2011]',-18.000,45.501,36.901,42.601,33.101,0.500
'[00:00:09.467 01/01/2011]',-17.600,45.001,36.301,41.701,32.200,0.500
'[00:00:09.468 01/01/2011]',-16.700,44.401,35.901,41.201,31.800,0.500
'[00:00:09.469 01/01/2011]',-15.700,43.901,35.701,41.001,31.800,0.500
'[00:00:09.470 01/01/2011]',-15.300,43.601,35.901,41.101,32.000,0.500
'[00:00:09.471 01/01/2011]',-15.700,43.501,36.201,41.201,32.200,0.500
'[00:00:09.472 01/01/2011]',-17.000,43.401,36.401,41.001,32.100,0.500
'[00:00:09.473 01/01/2011]',-18.500,43.201,36.101,40.601,31.600,0.500
'[00:00:09.474 01/01/2011]',-19.700,42.901,35.301,40.101,30.900,0.500
'[00:00:09.475 01/01/2011]',-20.100,42.601,34.201,39.801,30.100,0.500
'[00:00:09.476 01/01/2011]',-19.900,42.501,33.201,39.801,29.500,0.500
'[00:00:09.477 01/01/2011]',-19.500,42.601,32.500,39.901,29.000,0.500
'[00:00:09.478 01/01/2011]',-19.400,42.901,32.100,40.001,28.600,0.500
'[00:00:09.479 01/01/2011]',-19.900,43.001,31.900,39.801,28.100,0.500
'[00:00:09.480 01/01/2011]',-20.700,42.701,31.600,39.201,27.600,0.500
'[00:00:09.481 01/01/2011]',-21.400,42.201,31.000,38.201,27.000,0.500
'[00:00:09.482 01/01/2011]',-21.900,41.501,30.000,37.201,26.300,0.500
'[00:00:09.483 01/01/2011]',-22.000,40.901,29.000,36.301,25.700,0.500
'[00:00:09.484 01/01/2011]',-21.800,40.601,28.100,35.401,25.300,0.500
'[00:00:09.485 01/01/2011]',-21.600,40.301,27.500,34.701,25.100,0.500
'[00:00:09.486 01/01/2011]',-21.300,40.001,27.000,34.001,24.900,0.500
'[00:00:09.487 01/01/2011]',-21.100,39.401,26.700,33.401,24.800,0.500
'[00:00:09.488 01/01/2011]',-21.000,38.701,26.500,33.101,24.500,0.500
'[00:00:09.489 01/01/2011]',-21.100,38.101,26.100,33.101,24.100,0.500
'[00:00:09.490 01/01/2011]',-21.400,38.001,25.700,33.201,23.700,0.500
'[00:00:09.491 01/01/2011]',-21.900,38.301,25.100,33.301,23.300,0.500
'[00:00:09.492 01/01/2011]',-22.200,38.701,24.400,33.001,22.800,0.500
'[00:00:09.493 01/01/2011]',-22.300,38.801,23.600,32.300,22.200,0.500
'[00:00:09.494 01/01/2011]',-22.200,38.501,22.800,31.300,21.500,0.500
'[00:00:09.495 01/01/2011]',-21.900,37.701,22.200,30.400,20.500,0.500
'[00:00:09.496 01/01/2011]',-21.700,36.801,21.800,29.800,19.400,0.500
'[00:00:09.497 01/01/2011]',-21.500,36.001,21.500,29.500,18.300,0.500
'[00:00:09.498 01/01/2011]',-21.000,35.601,21.300,29.400,17.100,0.500
'[00:00:09.499 01/01/2011]',-20.200,35.601,20.900,29.100,15.900,0.500
'[00:00:09.500 01/01/2011]',-19.200,35.701,20.500,28.600,14.900,0.500
'[00:00:09.501 01/01/2011]',-18.300,35.601,20.100,27.800,14.100,0.500
'[00:00:09.502 01/01/2011]',-18.000,35.201,19.700,26.900,13.500,0.500
'[00:00:09.503 01/01/2011]',-18.400,34.501,19.400,26.200,13.200,0.500
'[00:00:09.504 01/01/2011]',-19.300,33.601,19.100,25.700,13.100,0.500
'[00:00:09.505 01/01/2011]',-20.200,32.901,18.900,25.500,13.200,0.500
'[00:00:09.506 01/01/2011]',-20.600,32.400,18.600,25.300,13.300,0.500
'[00:00:09.507 01/01/2011]',-20.600,32.100,18.200,25.200,13.300,0.500
'[00:00:09.508 01/01/2011]',-20.400,32.100,17.800,25.000,13.200,0.500
'[00:00:09.509 01/01/2011]',-20.300,32.000,17.500,24.900,13.100,0.500
'[00:00:09.510 01/01/2011]',-20.400,31.800,17.300,24.600,13.100,0.500
'[00:00:09.511 01/01/2011]',-20.600,31.400,17.100,24.100,13.000,0.500
'[00:00:09.512 01/01/2011]',-20.500,31.000,16.900,23.400,12.900,0.500
'[00:00:09.513 01/01/2011]',-20.000,30.700,16.600,22.600,12.500,0.500
'[00:00:09.514 01/01/2011]',-19.200,30.400,16.300,21.900,11.800,0.500
'[00:00:09.515 01/01/2011]',-18.500,30.300,15.900,21.300,10.900,0.500
'[00:00:09.516 01/01/2011]',-18.400,30.100,15.600,21.000,10.000,0.500
'[00:00:09.517 01/01/2011]',-19.100,29.700,15.200,20.800,9.300,0.500
'[00:00:09.518 01/01/2011]',-20.400,29.200,14.900,20.700,9.000,0.500
'[00:00:09.519 01/01/2011]',-21.700,28.600,14.700,20.400,8.900,0.500
'[00:00:09.520 01/01/2011]',-22.600,28.000,14.500,20.000,8.900,0.500
'[00:00:09.521 01/01/2011]',-22.700,27.600,14.300,19.500,8.700,0.500
'[00:00:09.522 01/01/2011]',-22.100,27.400,14.100,19.100,8.400,0.500
'[00:00:09.523 01/01/2011]',-21.300,27.100,13.700,18.700,7.900,0.500
'[00:00:09.524 01/01/2011]',-20.800,26.600,13.200,18.500,7.400,0.500
'[00:00:09.525 01/01/2011]',-21.100,25.800,12.400,18.300,7.000,0.500
'[00:00:09.526 01/01/2011]',-21.900,24.700,11.600,17.900,6.900,0.500
'[00:00:09.527 01/01/2011]',-23.000,23.600,10.700,17.300,6.900,0.500
'[00:00:09.528 01/01/2011]',-23.800,22.600,10.000,16.500,6.800,0.500
'[00:00:09.529 01/01/2011]',-24.000,22.100,9.500,15.600,6.400,0.500
'[00:00:09.530 01/01/2011]',-23.700,22.000,9.200,14.900,5.500,0.500
'[00:00:09.531 01/01/2011]',-23.100,22.100,9.100,14.400,4.200,0.500
'[00:00:09.532 01/01/2011]',-22.600,22.200,9.100,14.300,2.900,0.500
'[00:00:09.533 01/01/2011]',-22.500,22.100,9.000,14.400,1.800,0.500
'[00:00:09.534 01/01/2011]',-22.400,21.800,8.900,14.500,1.300,0.500
'[00:00:09.535 01/01/2011]',-22.200,21.500,8.700,14.400,1.300,0.500
'[00:00:09.536 01/01/2011]',-21.600,21.500,8.400,14.200,1.700,0.500
'[00:00:09.537 01/01/2011]',-20.500,21.600,8.100,13.900,2.100,0.500
'[00:00:09.538 01/01/2011]',-19.300,22.000,7.800,13.800,2.100,0.500
'[00:00:09.539 01/01/2011]',-18.200,22.200,7.500,13.700,1.700,0.500
'[00:00:09.540 01/01/2011]',-17.400,22.100,7.200,13.700,1.000,0.500
'[00:00:09.541 01/01/2011]',-17.000,21.600,6.800,13.500,0.300,0.500
'[00:00:09.542 01/01/2011]',-17.000,20.500,6.400,13.100,-0.200,0.500
'[00:00:09.543 01/01/2011]',-17.100,19.300,5.800,12.300,-0.400,0.500
'[00:00:09.544 01/01/2011]',-17.400,18.300,5.200,11.400,-0.400,0.500
'[00:00:09.545 01/01/2011]',-17.700,17.600,4.600,10.700,-0.300,0.500
'[00:00:09.546 01/01/2011]',-18.200,17.200,4.100,10.300,-0.200,0.500
'[00:00:09.547 01/01/2011]',-18.700,17.100,3.800,10.100,-0.300,0.500
'[00:00:09.548 01/01/2011]',-19.100,17.000,3.700,9.900,-0.600,0.500
'[00:00:09.549 01/01/2011]',-19.200,16.600,3.400,9.300,-1.100,0.500
'[00:00:09.550 01/01/2011]',-19.000,15.900,3.100,8.400,-1.700,0.500
'[00:00:09.551 01/01/2011]',-18.400,15.100,2.700,7.500,-2.200,0.500
'[00:00:09.552 01/01/2011]',-17.500,14.300,2.300,6.800,-2.600,0.500
'[00:00:09.553 01/01/2011]',-16.400,13.900,2.100,6.700,-2.700,0.500
'[00:00:09.554 01/01/2011]',-15.300,13.800,2.100,7.200,-2.600,0.500
'[00:00:09.555 01/01/2011]',-14.600,13.900,2.100,7.800,-2.500,0.500
'[00:00:09.556 01/01/2011]',-14.300,14.000,1.900,8.200,-2.800,0.500
'[00:00:09.557 01/01/2011]',-14.400,13.900,1.300,8.100,-3.500,0.500
'[00:00:09.558 01/01/2011]',-14.500,13.500,0.400,7.500,-4.700,0.500
'[00:00:09.559 01/01/2011]',-14.400,12.800,-0.600,6.600,-6.000,0.500
'[00:00:09.560 01/01/2011]',-14.200,11.900,-1.500,5.600,-7.200,0.500
'[00:00:09.561 01/01/2011]',-13.800,11.000,-2.100,4.600,-8.000,0.500
'[00:00:09.562 01/01/2011]',-13.600,10.300,-2.500,3.500,-8.400,0.500
'[00:00:09.563 01/01/2011]',-13.900,9.800,-2.900,2.500,-8.900,0.500
'[00:00:09.564 01/01/2011]',-14.600,9.500,-3.300,1.300,-9.400,0.500
'[00:00:09.565 01/01/2011]',-15.700,9.300,-4.000,0.200,-10.200,0.500
'[00:00:09.566 01/01/2011]',-16.600,9.000,-5.000,-0.700,-11.000,0.500
'[00:00:09.567 01/01/2011]',-17.300,8.600,-6.100,-1.400,-11.700,0.500
'[00:00:09.568 01/01/2011]',-17.800,7.900,-7.300,-2.000,-12.300,0.500
'[00:00:09.569 01/01/2011]',-18.300,7.000,-8.200,-2.500,-12.900,0.500
'[00:00:09.570 01/01/2011]',-19.100,6.200,-8.900,-3.200,-13.400,0.500
'[00:00:09.571 01/01/2011]',-20.200,5.400,-9.200,-4.000,-14.100,0.500
'[00:00:09.572 01/01/2011]',-21.700,4.800,-9.200,-4.900,-14.900,0.500
'[00:00:09.573 01/01/2011]',-23.000,4.300,-9.300,-5.700,-15.800,0.500
'[00:00:09.574 01/01/2011]',-24.100,3.800,-9.700,-6.300,-16.500,0.500
'[00:00:09.575 01/01/2011]',-24.600,3.300,-10.400,-6.700,-17.300,0.500
'[00:00:09.576 01/01/2011]',-24.800,2.800,-11.400,-7.000,-18.100,0.500
'[00:00:09.577 01/01/2011]',-24.800,2.600,-12.500,-7.400,-18.900,0.500
'[00:00:09.578 01/01/2011]',-24.800,2.500,-13.400,-8.000,-19.800,0.500
'[00:00:09.579 01/01/2011]',-25.000,2.500,-13.900,-8.900,-20.500,0.500
'[00:00:09.580 01/01/2011]',-25.500,2.300,-14.200,-9.900,-20.900,0.500
'[00:00:09.581 01/01/2011]',-26.100,1.700,-14.200,-11.000,-21.200,0.500
'[00:00:09.582 01/01/2011]',-26.700,0.900,-14.400,-11.800,-21.300,0.500
'[00:00:09.583 01/01/2011]',-27.100,0.100,-14.800,-12.300,-21.500,0.500
'[00:00:09.584 01/01/2011]',-27.000,-0.600,-15.600,-12.500,-22.000,0.500
'[00:00:09.585 01/01/2011]',-26.500,-1.200,-16.500,-12.500,-22.700,0.500
'[00:00:09.586 01/01/2011]',-25.900,-1.700,-17.400,-12.700,-23.500,0.500
'[00:00:09.587 01/01/2011]',-25.600,-2.400,-18.200,-13.200,-24.500,0.500
'[00:00:09.588 01/01/2011]',-25.600,-3.500,-18.800,-14.200,-25.300,0.500
'[00:00:09.589 01/01/2011]',-26.100,-4.800,-19.300,-15.600,-25.900,0.500
'[00:00:09.590 01/01/2011]',-26.800,-6.200,-19.700,-16.900,-26.300,0.500
'[00:00:09.591 01/01/2011]',-27.300,-7.100,-20.100,-17.900,-26.500,0.500
'[00:00:09.592 01/01/2011]',-27.500,-7.600,-20.800,-18.500,-26.500,0.500
'[00:00:09.593 01/01/2011]',-27.200,-7.600,-21.600,-18.600,-26.700,0.500
'[00:00:09.594 01/01/2011]',-26.700,-7.500,-22.500,-18.700,-27.100,0.500
'[00:00:09.595 01/01/2011]',-26.400,-7.500,-23.400,-18.900,-27.900,0.500
'[00:00:09.596 01/01/2011]',-26.400,-7.800,-24.100,-19.400,-28.900,0.500
'[00:00:09.597 01/01/2011]',-26.600,-8.300,-24.700,-20.100,-30.000,0.500
'[00:00:09.598 01/01/2011]',-26.800,-8.800,-25.200,-20.700,-31.000,0.500
'[00:00:09.599 01/01/2011]',-26.500,-9.300,-25.500,-21.200,-31.800,0.500
'[00:00:09.600 01/01/2011]',-26.000,-9.600,-25.800,-21.500,-32.400,0.500
'[00:00:09.601 01/01/2011]',-25.300,-9.900,-26.000,-21.900,-32.901,0.500
'[00:00:09.602 01/01/2011]',-24.800,-10.200,-26.300,-22.500,-33.401,0.500
'[00:00:09.603 01/01/2011]',-24.900,-10.600,-26.700,-23.200,-33.701,0.500
'[00:00:09.604 01/01/2011]',-25.200,-10.900,-27.100,-23.900,-33.801,0.500
'[00:00:09.605 01/01/2011]',-25.400,-11.200,-27.500,-24.200,-33.801,0.500
'[00:00:09.606 01/01/2011]',-25.000,-11.600,-28.100,-24.200,-33.801,0.500
'[00:00:09.607 01/01/2011]',-23.900,-12.200,-28.700,-24.100,-34.101,0.500
'[00:00:09.608 01/01/2011]',-22.300,-13.200,-29.400,-24.200,-34.801,0.500
'[00:00:09.609 01/01/2011]',-20.900,-14.500,-30.000,-24.700,-35.701,0.500
'[00:00:09.610 01/01/2011]',-20.400,-15.800,-30.500,-25.600,-36.801,0.500
'[00:00:09.611 01/01/2011]',-20.900,-16.800,-31.000,-26.700,-37.801,0.500
'[00:00:09.612 01/01/2011]',-22.100,-17.400,-31.400,-27.500,-38.401,0.500
'[00:00:09.613 01/01/2011]',-23.400,-17.500,-31.700,-28.000,-38.701,0.500
'[00:00:09.614 01/01/2011]',-23.900,-17.300,-32.000,-28.200,-38.801,0.500
'[00:00:09.615 01/01/2011]',-23.300,-17.100,-32.100,-28.400,-38.901,0.500
'[00:00:09.616 01/01/2011]',-21.700,-17.200,-32.200,-28.800,-39.001,0.500
'[00:00:09.617 01/01/2011]',-19.900,-17.600,-32.400,-29.500,-39.401,0.500
'[00:00:09.618 01/01/2011]',-18.500,-18.200,-32.700,-30.300,-39.901,0.500
'[00:00:09.619 01/01/2011]',-18.000,-18.700,-33.201,-31.000,-40.601,0.500
'[00:00:09.620 01/01/2011]',-18.300,-19.300,-33.901,-31.400,-41.401,0.500
'[00:00:09.621 01/01/2011]',-19.000,-19.800,-34.701,-31.600,-42.301,0.500
'[00:00:09.622 01/01/2011]',-19.500,-20.400,-35.401,-31.900,-43.001,0.500
'[00:00:09.623 01/01/2011]',-19.300,-21.200,-36.001,-32.400,-43.701,0.500
'[00:00:09.624 01/01/2011]',-18.600,-22.300,-36.701,-33.401,-44.101,0.500
'[00:00:09.625 01/01/2011]',-17.600,-23.400,-37.401,-34.501,-44.501,0.500
'[00:00:09.626 01/01/2011]',-16.900,-24.500,-38.401,-35.601,-44.901,0.500
'[00:00:09.627 01/01/2011]',-16.600,-25.300,-39.301,-36.501,-45.501,0.500
'[00:00:09.628 01/01/2011]',-16.700,-25.700,-40.101,-37.101,-46.201,0.500
'[00:00:09.629 01/01/2011]',-16.700,-26.000,-40.501,-37.601,-47.001,0.500
'[00:00:09.630 01/01/2011]',-16.200,-26.400,-40.601,-38.201,-47.801,0.500
'[00:00:09.631 01/01/2011]',-15.300,-27.000,-40.601,-38.901,-48.501,0.500
'[00:00:09.632 01/01/2011]',-14.200,-27.800,-40.801,-39.601,-49.001,0.500
'[00:00:09.633 01/01/2011]',-13.500,-28.700,-41.501,-40.301,-49.501,0.500
'[00:00:09.634 01/01/2011]',-13.600,-29.300,-42.501,-40.901,-49.901,0.500
'[00:00:09.635 01/01/2011]',-14.400,-29.500,-43.601,-41.301,-50.401,0.500
'[00:00:09.636 01/01/2011]',-15.400,-29.200,-44.601,-41.701,-51.101,0.500
'[00:00:09.637 01/01/2011]',-16.000,-28.900,-45.301,-42.201,-52.001,0.500
'[00:00:09.638 01/01/2011]',-15.700,-28.800,-45.801,-42.901,-53.001,0.500
'[00:00:09.639 01/01/2011]',-14.500,-29.300,-46.301,-43.701,-54.001,0.500
'[00:00:09.640 01/01/2011]',-13.000,-30.300,-47.101,-44.701,-54.701,0.500
'[00:00:09.641 01/01/2011]',-11.900,-31.600,-48.101,-45.701,-55.101,0.500
'[00:00:09.642 01/01/2011]',-11.700,-32.901,-49.201,-46.601,-55.301,0.500
'[00:00:09.643 01/01/2011]',-12.100,-33.801,-50.101,-47.501,-55.601,0.500
'[00:00:09.644 01/01/2011]',-12.800,-34.401,-50.801,-48.401,-56.201,0.500
'[00:00:09.645 01/01/2011]',-13.200,-34.901,-51.301,-49.401,-57.201,0.500
'[00:00:09.646 01/01/2011]',-13.100,-35.601,-51.901,-50.601,-58.701,0.500
'[00:00:09.647 01/01/2011]',-12.800,-36.501,-52.801,-51.901,-60.301,0.500
'[00:00:09.648 01/01/2011]',-12.700,-37.701,-54.201,-53.301,-62.001,0.500
'[00:00:09.649 01/01/2011]',-13.300,-38.901,-55.801,-54.701,-63.401,0.500
'[00:00:09.650 01/01/2011]',-14.500,-40.001,-57.301,-55.801,-64.501,0.500
'[00:00:09.651 01/01/2011]',-15.800,-40.801,-58.401,-56.501,-65.301,0.500
'[00:00:09.652 01/01/2011]',-16.400,-41.401,-58.701,-56.701,-65.901,0.500
'[00:00:09.653 01/01/2011]',-15.600,-41.801,-58.301,-56.501,-66.201,0.500
'[00:00:09.654 01/01/2011]',-13.100,-42.101,-57.401,-56.101,-66.201,0.500
'[00:00:09.655 01/01/2011]',-8.700,-42.001,-56.301,-55.501,-65.901,0.500
'[00:00:09.656 01/01/2011]',-2.500,-41.701,-55.401,-55.001,-65.601,0.500
'[00:00:09.657 01/01/2011]',5.200,-41.001,-54.801,-54.501,-65.101,0.500
'[00:00:09.658 01/01/2011]',14.400,-40.401,-54.301,-53.901,-64.601,0.500
'[00:00:09.659 01/01/2011]',24.400,-40.101,-53.401,-53.201,-63.801,0.500
'[00:00:09.660 01/01/2011]',34.601,-40.201,-52.201,-52.501,-62.601,0.500
'[00:00:09.661 01/01/2011]',44.201,-40.801,-50.601,-51.801,-61.201,0.500
'[00:00:09.662 01/01/2011]',52.401,-41.701,-49.001,-51.301,-59.601,0.500
'[00:00:09.663 01/01/2011]',58.801,-42.401,-47.901,-51.201,-58.201,0.500
'[00:00:09.664 01/01/2011]',63.401,-42.601,-47.301,-51.201,-57.201,0.500
'[00:00:09.665 01/01/2011]',66.601,-42.301,-47.101,-51.101,-56.501,0.500
'[00:00:09.666 01/01/2011]',68.901,-41.801,-46.901,-50.601,-55.801,0.500
'[00:00:09.667 01/01/2011]',70.601,-41.301,-46.301,-49.801,-54.601,0.500
'[00:00:09.668 01/01/2011]',71.901,-41.301,-45.101,-48.701,-53.001,0.500
'[00:00:09.669 01/01/2011]',72.501,-41.701,-43.801,-47.901,-50.901,0.500
'[00:00:09.670 01/01/2011]',72.301,-42.301,-42.601,-47.601,-49.101,0.500
'[00:00:09.671 01/01/2011]',71.201,-43.001,-42.101,-47.901,-48.101,0.500
'[00:00:09.672 01/01/2011]',69.501,-43.501,-42.301,-48.701,-48.101,0.500
'[00:00:09.673 01/01/2011]',67.601,-43.701,-43.001,-49.801,-49.101,0.500
'[00:00:09.674 01/01/2011]',65.901,-43.901,-43.901,-50.801,-50.701,0.500
'[00:00:09.675 01/01/2011]',64.301,-44.001,-44.901,-51.701,-52.501,0.500
'[00:00:09.676 01/01/2011]',62.801,-44.201,-46.101,-52.601,-54.401,0.500
'[00:00:09.677 01/01/2011]',60.701,-44.501,-47.601,-53.801,-56.601,0.500
'[00:00:09.678 01/01/2011]',57.401,-44.801,-49.701,-55.501,-59.401,0.500
'[00:00:09.679 01/01/2011]',52.101,-45.101,-52.601,-57.701,-62.901,0.500
'[00:00:09.680 01/01/2011]',44.701,-45.701,-56.101,-60.401,-67.001,0.500
'[00:00:09.681 01/01/2011]',35.001,-46.801,-60.001,-63.101,-71.101,0.500
'[00:00:09.682 01/01/2011]',23.500,-48.301,-63.801,-65.601,-74.801,0.500
'[00:00:09.683 01/01/2011]',11.200,-50.101,-67.101,-67.601,-77.701,0.500
'[00:00:09.684 01/01/2011]',-0.500,-51.901,-69.701,-68.901,-79.501,0.500
'[00:00:09.685 01/01/2011]',-10.000,-53.201,-71.201,-69.401,-80.401,0.500
'[00:00:09.686 01/01/2011]',-16.100,-53.901,-71.601,-69.301,-80.701,0.500
'[00:00:09.687 01/01/2011]',-18.000,-54.201,-71.101,-68.801,-80.601,0.500
'[00:00:09.688 01/01/2011]',-16.000,-54.201,-70.101,-68.201,-80.301,0.500
'[00:00:09.689 01/01/2011]',-11.200,-54.201,-68.801,-67.801,-80.001,0.500
'[00:00:09.690 01/01/2011]',-4.800,-54.501,-67.801,-67.801,-79.701,0.500
'[00:00:09.691 01/01/2011]',1.800,-54.901,-67.201,-68.201,-79.601,0.500
'[00:00:09.692 01/01/2011]',7.900,-55.401,-67.201,-69.001,-79.901,0.500
'[00:00:09.693 01/01/2011]',12.900,-55.901,-67.801,-69.901,-80.401,0.500
'[00:00:09.694 01/01/2011]',16.500,-56.201,-68.501,-70.801,-81.101,0.500
'[00:00:09.695 01/01/2011]',18.900,-56.301,-69.301,-71.301,-81.901,0.500
'[00:00:09.696 01/01/2011]',19.900,-56.301,-69.701,-71.701,-82.601,0.500
'[00:00:09.697 01/01/2011]',19.800,-56.301,-69.801,-71.901,-83.101,0.500
'[00:00:09.698 01/01/2011]',19.300,-56.301,-69.601,-72.201,-83.301,0.500
'[00:00:09.699 01/01/2011]',18.900,-56.401,-69.401,-72.801,-83.301,0.500
'[00:00:09.700 01/01/2011]',19.100,-56.801,-69.201,-73.601,-83.401,0.500
'[00:00:09.701 01/01/2011]',20.200,-57.201,-69.401,-74.401,-83.601,0.500
'[00:00:09.702 01/01/2011]',21.900,-57.801,-69.801,-75.001,-84.101,0.500
'[00:00:09.703 01/01/2011]',23.500,-58.301,-70.401,-75.201,-84.601,0.500
'[00:00:09.704 01/01/2011]',24.400,-58.801,-71.101,-75.201,-85.101,0.500
'[00:00:09.705 01/01/2011]',24.300,-59.401,-71.601,-75.101,-85.501,0.500
'[00:00:09.706 01/01/2011]',23.300,-60.101,-72.001,-75.301,-85.801,0.500
'[00:00:09.707 01/01/2011]',22.000,-60.901,-72.301,-75.701,-86.101,0.500
'[00:00:09.708 01/01/2011]',21.100,-61.701,-72.301,-76.301,-86.401,0.500
'[00:00:09.709 01/01/2011]',21.000,-62.301,-72.201,-76.801,-86.801,0.500
'[00:00:09.710 01/01/2011]',22.100,-62.701,-72.001,-76.801,-87.201,0.500
'[00:00:09.711 01/01/2011]',23.900,-62.901,-71.801,-76.501,-87.401,0.500
'[00:00:09.712 01/01/2011]',25.500,-63.101,-71.701,-76.301,-87.401,0.500
'[00:00:09.713 01/01/2011]',26.400,-63.501,-71.901,-76.501,-87.301,0.500
'[00:00:09.714 01/01/2011]',26.100,-64.101,-72.501,-77.301,-87.301,0.500
'[00:00:09.715 01/01/2011]',24.900,-64.801,-73.301,-78.601,-87.701,0.500
'[00:00:09.716 01/01/2011]',23.400,-65.301,-74.301,-80.001,-88.401,0.500
'[00:00:09.717 01/01/2011]',22.500,-65.401,-75.001,-81.001,-89.301,0.500
'[00:00:09.718 01/01/2011]',22.500,-65.201,-75.201,-81.401,-90.301,0.500
'[00:00:09.719 01/01/2011]',23.400,-65.001,-75.101,-81.301,-91.001,0.500
'[00:00:09.720 01/01/2011]',24.700,-64.901,-74.801,-81.201,-91.301,0.500
'[00:00:09.721 01/01/2011]',25.900,-65.301,-74.501,-81.401,-91.401,0.500
'[00:00:09.722 01/01/2011]',26.700,-66.001,-74.501,-82.001,-91.401,0.500
'[00:00:09.723 01/01/2011]',26.900,-66.701,-74.701,-82.701,-91.501,0.500
'[00:00:09.724 01/01/2011]',26.800,-67.301,-75.101,-83.301,-91.801,0.500
'[00:00:09.725 01/01/2011]',26.400,-67.701,-75.501,-83.601,-92.101,0.500
'[00:00:09.726 01/01/2011]',26.100,-67.901,-75.701,-83.601,-92.301,0.500
'[00:00:09.727 01/01/2011]',25.800,-68.201,-75.801,-83.601,-92.401,0.500
'[00:00:09.728 01/01/2011]',25.600,-68.501,-75.901,-83.501,-92.201,0.500
'[00:00:09.729 01/01/2011]',25.500,-68.901,-76.001,-83.601,-92.001,0.500
'[00:00:09.730 01/01/2011]',25.300,-69.301,-76.201,-83.601,-91.901,0.500
'[00:00:09.731 01/01/2011]',25.000,-69.701,-76.501,-83.601,-92.001,0.500
'[00:00:09.732 01/01/2011]',24.600,-70.001,-76.701,-83.501,-92.301,0.500
'[00:00:09.733 01/01/2011]',24.400,-70.301,-77.001,-83.501,-92.701,0.500
'[00:00:09.734 01/01/2011]',24.600,-70.601,-77.201,-83.701,-93.101,0.500
'[00:00:09.735 01/01/2011]',25.300,-70.901,-77.301,-84.001,-93.301,0.500
'[00:00:09.736 01/01/2011]',26.200,-70.901,-77.401,-84.401,-93.301,0.500
'[00:00:09.737 01/01/2011]',26.800,-70.601,-77.501,-84.701,-93.201,0.500
'[00:00:09.738 01/01/2011]',26.500,-70.101,-77.301,-84.901,-93.101,0.500
'[00:00:09.739 01/01/2011]',25.200,-69.701,-77.101,-84.801,-93.201,0.500
'[00:00:09.740 01/01/2011]',23.400,-69.501,-76.901,-84.701,-93.301,0.500
'[00:00:09.741 01/01/2011]',21.800,-69.801,-76.701,-84.601,-93.501,0.500
'[00:00:09.742 01/01/2011]',21.000,-70.601,-76.601,-84.501,-93.401,0.500
'[00:00:09.743 01/01/2011]',21.000,-71.401,-76.701,-84.401,-93.201,0.500
'[00:00:09.744 01/01/2011]',21.500,-72.001,-76.801,-84.501,-92.901,0.500
'[00:00:09.745 01/01/2011]',22.000,-72.201,-76.901,-84.701,-92.701,0.500
'[00:00:09.746 01/01/2011]',22.100,-72.301,-77.101,-85.101,-92.801,0.500
'[00:00:09.747 01/01/2011]',21.900,-72.401,-77.501,-85.801,-93.101,0.500
'[00:00:09.748 01/01/2011]',21.500,-73.001,-77.901,-86.701,-93.401,0.500
'[00:00:09.749 01/01/2011]',21.100,-74.101,-78.201,-87.501,-93.601,0.500
'[00:00:09.750 01/01/2011]',20.700,-75.201,-78.501,-88.101,-93.701,0.500
'[00:00:09.751 01/01/2011]',20.100,-76.001,-78.501,-88.301,-93.601,0.500
'[00:00:09.752 01/01/2011]',19.400,-76.001,-78.501,-88.201,-93.801,0.500
'[00:00:09.753 01/01/2011]',18.800,-75.301,-78.401,-87.801,-94.201,0.500
'[00:00:09.754 01/01/2011]',18.600,-74.201,-78.501,-87.301,-95.001,0.500
'[00:00:09.755 01/01/2011]',19.000,-73.301,-78.601,-86.801,-95.801,0.500
'[00:00:09.756 01/01/2011]',19.900,-72.801,-78.701,-86.501,-96.401,0.500
'[00:00:09.757 01/01/2011]',20.700,-72.801,-78.701,-86.501,-96.601,0.500
'[00:00:09.758 01/01/2011]',21.100,-73.301,-78.601,-87.001,-96.401,0.500
'[00:00:09.759 01/01/2011]',20.600,-73.801,-78.601,-87.601,-95.901,0.500
'[00:00:09.760 01/01/2011]',19.400,-74.301,-78.801,-88.401,-95.501,0.500
'[00:00:09.761 01/01/2011]',18.200,-74.701,-79.001,-88.901,-95.301,0.500
'[00:00:09.762 01/01/2011]',17.300,-75.001,-79.301,-89.101,-95.301,0.500
'[00:00:09.763 01/01/2011]',17.400,-75.301,-79.501,-89.001,-95.401,0.500
'[00:00:09.764 01/01/2011]',18.300,-75.601,-79.701,-88.801,-95.701,0.500
'[00:00:09.765 01/01/2011]',19.700,-75.801,-79.801,-88.901,-96.201,0.500
'[00:00:09.766 01/01/2011]',21.100,-76.101,-80.001,-89.501,-96.701,0.500
'[00:00:09.767 01/01/2011]',22.000,-76.501,-80.401,-90.401,-97.401,0.500
'[00:00:09.768 01/01/2011]',22.300,-77.101,-80.801,-91.301,-97.901,0.500
'[00:00:09.769 01/01/2011]',22.200,-78.101,-81.001,-92.001,-98.301,0.500
'[00:00:09.770 01/01/2011]',21.800,-79.301,-81.101,-92.401,-98.402,0.500
'[00:00:09.771 01/01/2011]',21.400,-80.201,-81.101,-92.501,-98.301,0.500
'[00:00:09.772 01/01/2011]',21.000,-80.701,-81.001,-92.701,-98.301,0.500
'[00:00:09.773 01/01/2011]',20.600,-80.601,-80.901,-93.201,-98.502,0.500
'[00:00:09.774 01/01/2011]',20.100,-79.901,-81.101,-93.901,-98.902,0.500
'[00:00:09.775 01/01/2011]',19.600,-79.001,-81.401,-94.601,-99.302,0.500
'[00:00:09.776 01/01/2011]',19.200,-78.301,-81.701,-95.201,-99.402,0.500
'[00:00:09.777 01/01/2011]',19.200,-78.001,-82.001,-95.601,-99.502,0.500
'[00:00:09.778 01/01/2011]',19.600,-78.201,-82.301,-95.701,-99.502,0.500
'[00:00:09.779 01/01/2011]',20.800,-78.801,-82.501,-96.001,-99.702,0.500
'[00:00:09.780 01/01/2011]',22.500,-79.701,-82.901,-96.301,-100.202,0.500
'[00:00:09.781 01/01/2011]',24.600,-80.501,-83.301,-96.701,-101.002,0.500
'[00:00:09.782 01/01/2011]',26.300,-81.301,-83.701,-97.101,-101.902,0.500
'[00:00:09.783 01/01/2011]',27.200,-81.801,-84.201,-97.401,-102.602,0.500
'[00:00:09.784 01/01/2011]',27.000,-82.101,-84.801,-97.701,-103.002,0.500
'[00:00:09.785 01/01/2011]',25.700,-82.301,-85.401,-97.901,-103.302,0.500
'[00:00:09.786 01/01/2011]',24.100,-82.701,-86.101,-98.301,-103.502,0.500
'[00:00:09.787 01/01/2011]',22.800,-83.201,-86.701,-98.902,-103.902,0.500
'[00:00:09.788 01/01/2011]',22.400,-83.901,-87.101,-99.402,-104.302,0.500
'[00:00:09.789 01/01/2011]',23.100,-84.701,-87.401,-99.802,-104.802,0.500
'[00:00:09.790 01/01/2011]',24.300,-85.301,-87.601,-100.102,-105.202,0.500
'[00:00:09.791 01/01/2011]',25.100,-85.801,-87.801,-100.302,-105.502,0.500
'[00:00:09.792 01/01/2011]',24.900,-86.001,-88.101,-100.602,-105.802,0.500
'[00:00:09.793 01/01/2011]',23.500,-86.201,-88.501,-101.202,-106.102,0.500
'[00:00:09.794 01/01/2011]',21.300,-86.301,-89.101,-101.802,-106.402,0.500
'[00:00:09.795 01/01/2011]',19.200,-86.401,-89.601,-102.502,-106.702,0.500
'[00:00:09.796 01/01/2011]',17.800,-86.401,-89.901,-102.802,-106.902,0.500
'[00:00:09.797 01/01/2011]',17.400,-86.001,-90.101,-102.802,-107.002,0.500
'[00:00:09.798 01/01/2011]',17.800,-85.501,-90.101,-102.502,-107.102,0.500
'[00:00:09.799 01/01/2011]',18.400,-85.001,-90.101,-102.202,-107.302,0.500
'[00:00:09.800 01/01/2011]',18.900,-84.801,-90.301,-102.202,-107.802,0.500
'[00:00:09.801 01/01/2011]',19.100,-84.901,-90.801,-102.502,-108.702,0.500
'[00:00:09.802 01/01/2011]',18.900,-85.401,-91.501,-103.002,-109.602,0.500
'[00:00:09.803 01/01/2011]',18.500,-86.001,-92.301,-103.602,-110.302,0.500
'[00:00:09.804 01/01/2011]',18.100,-86.701,-92.901,-104.202,-110.602,0.500
'[00:00:09.805 01/01/2011]',17.700,-87.201,-93.101,-104.702,-110.502,0.500
'[00:00:09.806 01/01/2011]',17.200,-87.601,-92.901,-105.302,-110.202,0.500
'[00:00:09.807 01/01/2011]',16.700,-88.201,-92.601,-106.102,-110.102,0.500
'[00:00:09.808 01/01/2011]',16.600,-88.801,-92.301,-106.902,-110.302,0.500
'[00:00:09.809 01/01/2011]',16.800,-89.501,-92.301,-107.602,-110.802,0.500
'[00:00:09.810 01/01/2011]',17.400,-90.101,-92.601,-108.002,-111.202,0.500
'[00:00:09.811 01/01/2011]',18.100,-90.601,-93.001,-108.102,-111.402,0.500
'[00:00:09.812 01/01/2011]',18.400,-90.801,-93.301,-108.002,-111.402,0.500
'[00:00:09.813 01/01/2011]',17.900,-91.001,-93.601,-107.902,-111.302,0.500
'[00:00:09.814 01/01/2011]',16.600,-91.101,-93.701,-107.902,-111.502,0.500
'[00:00:09.815 01/01/2011]',15.000,-91.301,-93.801,-108.102,-111.802,0.500
'[00:00:09.816 01/01/2011]',13.600,-91.501,-94.001,-108.402,-112.302,0.500
'[00:00:09.817 01/01/2011]',12.900,-91.401,-94.101,-108.602,-112.602,0.500
'[00:00:09.818 01/01/2011]',13.000,-91.101,-94.201,-108.702,-112.602,0.500
'[00:00:09.819 01/01/2011]',13.900,-90.801,-94.101,-108.702,-112.302,0.500
'[00:00:09.820 01/01/2011]',14.800,-90.601,-93.801,-108.602,-112.002,0.500
'[00:00:09.821 01/01/2011]',15.500,-90.801,-93.601,-108.702,-112.102,0.500
'[00:00:09.822 01/01/2011]',15.600,-91.301,-93.601,-109.002,-112.502,0.500
'[00:00:09.823 01/01/2011]',15.100,-92.101,-93.901,-109.402,-113.402,0.500
'[00:00:09.824 01/01/2011]',14.400,-92.701,-94.301,-109.802,-114.302,0.500
'[00:00:09.825 01/01/2011]',13.900,-93.101,-94.801,-110.102,-114.902,0.500
'[00:00:09.826 01/01/2011]',13.800,-93.201,-95.001,-110.202,-115.102,0.500
'[00:00:09.827 01/01/2011]',14.200,-93.301,-95.201,-110.302,-115.102,0.500
'[00:00:09.828 01/01/2011]',14.600,-93.601,-95.301,-110.502,-115.302,0.500
'[00:00:09.829 01/01/2011]',14.700,-94.201,-95.501,-110.802,-115.802,0.500
'[00:00:09.830 01/01/2011]',14.100,-95.101,-96.001,-111.402,-116.602,0.500
'[00:00:09.831 01/01/2011]',13.200,-95.901,-96.601,-112.202,-117.402,0.500
'[00:00:09.832 01/01/2011]',12.500,-96.301,-97.101,-112.902,-118.002,0.500
'[00:00:09.833 01/01/2011]',12.700,-96.401,-97.501,-113.502,-118.302,0.500
'[00:00:09.834 01/01/2011]',14.000,-96.301,-97.801,-113.702,-118.402,0.500
'[00:00:09.835 01/01/2011]',16.200,-96.301,-97.901,-113.602,-118.402,0.500
'[00:00:09.836 01/01/2011]',18.200,-96.401,-98.101,-113.502,-118.702,0.500
'[00:00:09.837 01/01/2011]',19.200,-96.701,-98.201,-113.302,-119.202,0.500
'[00:00:09.838 01/01/2011]',18.800,-97.001,-98.402,-113.402,-119.802,0.500
'[00:00:09.839 01/01/2011]',17.300,-96.901,-98.702,-113.702,-120.402,0.500
'[00:00:09.840 01/01/2011]',15.600,-96.601,-99.102,-114.002,-120.702,0.500
'[00:00:09.841 01/01/2011]',14.400,-96.101,-99.502,-114.302,-120.802,0.500
'[00:00:09.842 01/01/2011]',14.300,-95.801,-99.802,-114.502,-120.702,0.500
'[00:00:09.843 01/01/2011]',15.100,-95.901,-100.102,-114.602,-120.802,0.500
'[00:00:09.844 01/01/2011]',16.100,-96.501,-100.202,-114.902,-121.202,0.500
'[00:00:09.845 01/01/2011]',16.700,-97.401,-100.202,-115.402,-121.902,0.500
'[00:00:09.846 01/01/2011]',16.800,-98.301,-100.202,-116.102,-122.902,0.500
'[00:00:09.847 01/01/2011]',16.500,-99.302,-100.402,-117.002,-123.802,0.500
'[00:00:09.848 01/01/2011]',16.000,-100.102,-100.702,-117.802,-124.402,0.500
'[00:00:09.849 01/01/2011]',15.700,-101.002,-101.102,-118.302,-124.702,0.500
'[00:00:09.850 01/01/2011]',15.500,-101.802,-101.502,-118.502,-124.602,0.500
'[00:00:09.851 01/01/2011]',15.100,-102.302,-101.802,-118.402,-124.402,0.500
'[00:00:09.852 01/01/2011]',14.500,-102.502,-101.802,-118.202,-124.302,0.500
'[00:00:09.853 01/01/2011]',13.800,-102.302,-101.702,-118.102,-124.402,0.500
'[00:00:09.854 01/01/2011]',13.000,-101.802,-101.702,-118.102,-124.702,0.500
'[00:00:09.855 01/01/2011]',12.500,-101.302,-101.902,-118.302,-125.102,0.500
'[00:00:09.856 01/01/2011]',12.400,-101.202,-102.302,-118.602,-125.502,0.500
'[00:00:09.857 01/01/2011]',12.600,-101.502,-102.802,-118.902,-125.802,0.500
'[00:00:09.858 01/01/2011]',13.100,-101.902,-103.302,-119.202,-126.002,0.500
'[00:00:09.859 01/01/2011]',13.500,-102.302,-103.602,-119.302,-126.402,0.500
'[00:00:09.860 01/01/2011]',13.700,-102.302,-103.802,-119.302,-126.802,0.500
'[00:00:09.861 01/01/2011]',13.800,-102.102,-104.002,-119.102,-127.202,0.500
'[00:00:09.862 01/01/2011]',13.700,-101.902,-104.302,-119.002,-127.502,0.500
'[00:00:09.863 01/01/2011]',13.700,-102.002,-104.602,-119.102,-127.602,0.500
'[00:00:09.864 01/01/2011]',13.700,-102.402,-105.002,-119.502,-127.702,0.500
'[00:00:09.865 01/01/2011]',13.800,-103.102,-105.202,-120.202,-127.702,0.500
'[00:00:09.866 01/01/2011]',13.800,-103.802,-105.302,-121.002,-127.902,0.500
'[00:00:09.867 01/01/2011]',13.700,-104.402,-105.402,-121.702,-128.202,0.500
'[00:00:09.868 01/01/2011]',13.200,-104.702,-105.502,-122.302,-128.502,0.500
'[00:00:09.869 01/01/2011]',12.600,-105.102,-105.702,-122.802,-128.702,0.500
'[00:00:09.870 01/01/2011]',12.100,-105.602,-106.002,-123.102,-128.802,0.500
'[00:00:09.871 01/01/2011]',11.900,-106.202,-106.402,-123.502,-128.802,0.500
'[00:00:09.872 01/01/2011]',11.900,-107.002,-106.702,-124.002,-128.902,0.500
'[00:00:09.873 01/01/2011]',12.000,-107.502,-107.002,-124.402,-129.102,0.500
'[00:00:09.874 01/01/2011]',11.800,-107.802,-107.002,-124.802,-129.502,0.500
'[00:00:09.875 01/01/2011]',11.200,-107.802,-106.902,-125.002,-130.102,0.500
'[00:00:09.876 01/01/2011]',10.300,-107.802,-106.902,-125.102,-130.802,0.500
'[00:00:09.877 01/01/2011]',9.400,-107.902,-107.002,-125.002,-131.702,0.500
'[00:00:09.878 01/01/2011]',9.000,-108.202,-107.602,-124.902,-132.602,0.500
'[00:00:09.879 01/01/2011]',9.000,-108.602,-108.502,-124.802,-133.402,0.500
'[00:00:09.880 01/01/2011]',9.000,-109.102,-109.702,-124.902,-134.102,0.500
'[00:00:09.881 01/01/2011]',8.200,-109.502,-110.802,-125.102,-134.302,0.500
'[00:00:09.882 01/01/2011]',6.100,-109.702,-111.502,-125.202,-134.202,0.500
'[00:00:09.883 01/01/2011]',2.900,-109.602,-111.802,-125.402,-133.602,0.500
'[00:00:09.884 01/01/2011]',-0.600,-109.402,-111.702,-125.502,-133.002,0.500
'[00:00:09.885 01/01/2011]',-3.200,-109.202,-111.502,-125.702,-132.402,0.500
'[00:00:09.886 01/01/2011]',-4.300,-109.302,-111.402,-126.202,-132.302,0.500
'[00:00:09.887 01/01/2011]',-3.900,-109.802,-111.602,-127.102,-132.502,0.500
'[00:00:09.888 01/01/2011]',-3.000,-110.602,-111.802,-128.102,-133.002,0.500
'[00:00:09.889 01/01/2011]',-2.500,-111.602,-112.002,-129.102,-133.502,0.500
'[00:00:09.890 01/01/2011]',-3.300,-112.602,-112.002,-129.702,-133.902,0.500
'[00:00:09.891 01/01/2011]',-5.000,-113.202,-111.902,-129.902,-134.102,0.500
'[00:00:09.892 01/01/2011]',-6.900,-113.402,-112.002,-129.602,-134.202,0.500
'[00:00:09.893 01/01/2011]',-8.100,-113.202,-112.402,-129.102,-134.202,0.500
'[00:00:09.894 01/01/2011]',-8.400,-112.902,-113.002,-128.602,-134.202,0.500
'[00:00:09.895 01/01/2011]',-8.300,-112.502,-113.702,-128.402,-134.302,0.500
'[00:00:09.896 01/01/2011]',-8.500,-112.302,-114.202,-128.602,-134.402,0.500
'[00:00:09.897 01/01/2011]',-9.500,-112.202,-114.302,-128.902,-134.302,0.500
'[00:00:09.898 01/01/2011]',-11.200,-112.102,-114.002,-129.102,-134.202,0.500
'[00:00:09.899 01/01/2011]',-13.300,-111.902,-113.502,-129.202,-134.002,0.500
'[00:00:09.900 01/01/2011]',-15.400,-111.702,-113.102,-129.202,-133.702,0.500
'[00:00:09.901 01/01/2011]',-17.100,-111.402,-112.802,-129.202,-133.502,0.500
'[00:00:09.902 01/01/2011]',-18.500,-111.302,-112.702,-129.302,-133.302,0.500
'[00:00:09.903 01/01/2011]',-19.500,-111.502,-112.602,-129.602,-133.102,0.500
'[00:00:09.904 01/01/2011]',-20.200,-111.702,-112.602,-130.002,-133.102,0.500
'[00:00:09.905 01/01/2011]',-20.800,-111.802,-112.602,-130.302,-133.102,0.500
'[00:00:09.906 01/01/2011]',-21.400,-111.802,-112.402,-130.502,-133.202,0.500
'[00:00:09.907 01/01/2011]',-22.400,-111.602,-112.102,-130.502,-133.302,0.500
'[00:00:09.908 01/01/2011]',-23.900,-111.702,-111.802,-130.502,-133.302,0.500
'[00:00:09.909 01/01/2011]',-26.000,-112.102,-111.502,-130.402,-133.202,0.500
'[00:00:09.910 01/01/2011]',-28.000,-112.702,-111.302,-130.402,-133.002,0.500
'[00:00:09.911 01/01/2011]',-29.600,-113.302,-111.102,-130.402,-132.702,0.500
'[00:00:09.912 01/01/2011]',-30.600,-113.602,-111.002,-130.502,-132.402,0.500
'[00:00:09.913 01/01/2011]',-31.300,-113.302,-110.802,-130.502,-132.302,0.500
'[00:00:09.914 01/01/2011]',-32.100,-112.702,-110.302,-130.602,-132.402,0.500
'[00:00:09.915 01/01/2011]',-33.301,-112.202,-109.802,-130.702,-132.602,0.500
'[00:00:09.916 01/01/2011]',-34.701,-112.102,-109.202,-130.902,-132.702,0.500
'[00:00:09.917 01/01/2011]',-35.901,-112.302,-108.902,-131.002,-132.802,0.500
'[00:00:09.918 01/01/2011]',-36.301,-112.602,-108.902,-130.902,-132.702,0.500
'[00:00:09.919 01/01/2011]',-36.101,-112.502,-109.102,-130.502,-132.402,0.500
'[00:00:09.920 01/01/2011]',-35.801,-111.802,-109.502,-129.802,-132.302,0.500
'[00:00:09.921 01/01/2011]',-36.101,-110.602,-109.602,-129.302,-132.302,0.500
'[00:00:09.922 01/01/2011]',-37.301,-109.502,-109.602,-129.002,-132.702,0.500
'[00:00:09.923 01/01/2011]',-39.001,-108.902,-109.402,-129.202,-133.302,0.500
'[00:00:09.924 01/01/2011]',-40.401,-108.902,-109.002,-129.802,-134.002,0.500
'[00:00:09.925 01/01/2011]',-40.901,-109.402,-108.602,-130.502,-134.402,0.500
'[00:00:09.926 01/01/2011]',-40.701,-109.902,-108.202,-130.902,-134.502,0.500
'[00:00:09.927 01/01/2011]',-40.301,-110.402,-107.702,-131.102,-134.502,0.500
'[00:00:09.928 01/01/2011]',-40.801,-110.602,-107.302,-131.002,-134.402,0.500
'[00:00:09.929 01/01/2011]',-42.401,-110.802,-107.102,-131.002,-134.502,0.500
'[00:00:09.930 01/01/2011]',-44.901,-111.102,-107.102,-131.302,-134.702,0.500
'[00:00:09.931 01/01/2011]',-47.501,-111.402,-107.202,-131.802,-135.002,0.500
'[00:00:09.932 01/01/2011]',-49.301,-111.802,-107.402,-132.602,-135.102,0.500
'[00:00:09.933 01/01/2011]',-49.901,-112.102,-107.602,-133.202,-134.802,0.500
'[00:00:09.934 01/01/2011]',-49.401,-112.202,-107.602,-133.402,-134.302,0.500
'[00:00:09.935 01/01/2011]',-48.501,-112.002,-107.602,-133.202,-133.702,0.500
'[00:00:09.936 01/01/2011]',-47.601,-111.702,-107.502,-132.502,-133.202,0.500
'[00:00:09.937 01/01/2011]',-47.101,-111.202,-107.602,-131.702,-132.902,0.500
'[00:00:09.938 01/01/2011]',-47.101,-110.602,-107.702,-130.802,-132.802,0.500
'[00:00:09.939 01/01/2011]',-47.501,-109.902,-107.802,-130.202,-132.702,0.500
'[00:00:09.940 01/01/2011]',-47.901,-109.202,-107.802,-129.802,-132.602,0.500
'[00:00:09.941 01/01/2011]',-48.401,-108.502,-107.602,-129.802,-132.502,0.500
'[00:00:09.942 01/01/2011]',-49.201,-107.802,-107.302,-129.802,-132.402,0.500
'[00:00:09.943 01/01/2011]',-50.101,-107.102,-107.002,-129.902,-132.502,0.500
'[00:00:09.944 01/01/2011]',-51.201,-106.502,-106.702,-129.902,-132.802,0.500
'[00:00:09.945 01/01/2011]',-52.101,-106.002,-106.102,-129.902,-133.502,0.500
'[00:00:09.946 01/01/2011]',-52.701,-105.602,-105.202,-130.102,-134.302,0.500
'[00:00:09.947 01/01/2011]',-52.801,-105.402,-103.802,-130.602,-135.302,0.500
'[00:00:09.948 01/01/2011]',-52.501,-105.102,-102.102,-131.402,-136.402,0.500
'[00:00:09.949 01/01/2011]',-51.901,-104.802,-100.102,-132.202,-137.702,0.500
'[00:00:09.950 01/01/2011]',-51.401,-104.202,-98.001,-132.602,-139.302,0.500
'[00:00:09.951 01/01/2011]',-51.001,-103.302,-95.601,-132.402,-141.002,0.500
'[00:00:09.952 01/01/2011]',-50.901,-102.202,-93.101,-131.602,-142.502,0.500
'[00:00:09.953 01/01/2011]',-51.301,-101.102,-90.401,-130.602,-143.602,0.500
'[00:00:09.954 01/01/2011]',-52.201,-100.102,-87.701,-129.702,-143.902,0.500
'[00:00:09.955 01/01/2011]',-53.301,-99.402,-85.201,-128.902,-143.402,0.500
'[00:00:09.956 01/01/2011]',-54.501,-98.802,-83.201,-128.302,-142.202,0.500
'[00:00:09.957 01/01/2011]',-55.401,-98.201,-81.601,-127.402,-140.402,0.500
'[00:00:09.958 01/01/2011]',-55.901,-97.501,-80.501,-126.002,-138.202,0.500
'[00:00:09.959 01/01/2011]',-56.201,-96.801,-79.401,-124.102,-135.602,0.500
'[00:00:09.960 01/01/2011]',-56.701,-96.001,-78.201,-121.802,-132.602,0.500
'[00:00:09.961 01/01/2011]',-57.501,-95.401,-76.701,-119.502,-129.002,0.500
'[00:00:09.962 01/01/2011]',-58.601,-95.201,-75.001,-117.302,-124.802,0.500
'[00:00:09.963 01/01/2011]',-59.501,-95.401,-73.201,-115.302,-120.002,0.500
'[00:00:09.964 01/01/2011]',-59.801,-96.001,-71.701,-113.502,-114.602,0.500
'[00:00:09.965 01/01/2011]',-59.401,-97.101,-70.801,-111.702,-108.902,0.500
'[00:00:09.966 01/01/2011]',-58.701,-98.602,-70.601,-110.002,-102.902,0.500
'[00:00:09.967 01/01/2011]',-58.201,-100.402,-71.201,-108.602,-96.801,0.500
'[00:00:09.968 01/01/2011]',-58.401,-102.502,-72.501,-107.402,-90.501,0.500
'[00:00:09.969 01/01/2011]',-59.201,-104.702,-74.301,-106.502,-84.401,0.500
'[00:00:09.970 01/01/2011]',-60.201,-106.902,-76.501,-105.702,-78.201,0.500
'[00:00:09.971 01/01/2011]',-61.001,-109.202,-79.001,-105.002,-72.001,0.500
'[00:00:09.972 01/01/2011]',-61.701,-111.702,-81.701,-104.202,-65.601,0.500
'[00:00:09.973 01/01/2011]',-62.501,-114.502,-84.901,-103.302,-58.901,0.500
'[00:00:09.974 01/01/2011]',-63.801,-117.602,-88.501,-102.302,-52.101,0.500
'[00:00:09.975 01/01/2011]',-65.501,-120.702,-92.201,-101.502,-45.301,0.500
'[00:00:09.976 01/01/2011]',-67.101,-123.602,-96.001,-100.702,-38.701,0.500
'[00:00:09.977 01/01/2011]',-68.101,-126.102,-99.702,-100.302,-32.600,0.500
'[00:00:09.978 01/01/2011]',-68.101,-128.102,-103.202,-100.402,-27.300,0.500
'[00:00:09.979 01/01/2011]',-67.401,-130.002,-106.502,-100.802,-23.000,0.500
'[00:00:09.980 01/01/2011]',-66.701,-131.802,-109.702,-101.702,-19.800,0.500
'[00:00:09.981 01/01/2011]',-66.501,-133.702,-112.702,-102.702,-17.900,0.500
'[00:00:09.982 01/01/2011]',-66.901,-135.402,-115.102,-103.802,-17.300,0.500
'[00:00:09.983 01/01/2011]',-67.701,-136.702,-117.102,-104.802,-18.200,0.500
'[00:00:09.984 01/01/2011]',-68.301,-137.302,-118.702,-106.102,-20.600,0.500
'[00:00:09.985 01/01/2011]',-68.401,-137.602,-120.602,-107.902,-24.600,0.500
'[00:00:09.986 01/01/2011]',-67.801,-137.902,-123.302,-110.602,-29.900,0.500
'[00:00:09.987 01/01/2011]',-66.801,-138.602,-126.802,-114.102,-36.301,0.500
'[00:00:09.988 01/01/2011]',-65.301,-139.802,-131.202,-118.202,-43.401,0.500
'[00:00:09.989 01/01/2011]',-63.401,-141.302,-135.802,-122.402,-50.501,0.500
'[00:00:09.990 01/01/2011]',-60.901,-142.702,-140.102,-126.102,-57.101,0.500
'[00:00:09.991 01/01/2011]',-58.401,-143.502,-143.602,-129.102,-62.901,0.500
'[00:00:09.992 01/01/2011]',-56.301,-143.802,-146.502,-131.602,-68.001,0.500
'[00:00:09.993 01/01/2011]',-55.101,-143.902,-149.102,-133.902,-73.101,0.500
'[00:00:09.994 01/01/2011]',-54.701,-143.802,-151.702,-136.302,-78.601,0.500
'[00:00:09.995 01/01/2011]',-54.601,-143.802,-154.302,-139.202,-85.201,0.500
'[00:00:09.996 01/01/2011]',-53.701,-143.602,-156.802,-142.202,-92.601,0.500
'[00:00:09.997 01/01/2011]',-51.601,-142.802,-158.502,-145.002,-100.402,0.500
'[00:00:09.998 01/01/2011]',-48.501,-141.102,-159.102,-147.202,-108.002,0.500
'[00:00:09.999 01/01/2011]',-45.301,-138.802,-158.502,-148.602,-114.602,0.500
